Timestamp,Quantity_MW
2025010100,0.0
2025010100,0.0
2025010100,0.0
2025010100,0.0
2025010200,0.0
2025010200,0.0
2025010200,0.0
2025010200,0.0
2025010300,0.0
2025010300,0.0
2025010300,0.0
2025010300,0.0
2025010400,0.0
2025010400,0.0
2025010400,0.0
2025010400,0.0
2025010500,0.0
2025010500,0.0
2025010500,0.0
2025010500,0.0
2025010600,0.0
2025010600,0.0
2025010600,0.0
2025010600,0.0
2025010700,0.0
2025010700,0.0
2025010700,0.0
2025010700,0.0
2025010800,0.0
2025010800,0.0
2025010800,0.0
2025010800,0.0
2025010900,0.0
2025010900,0.0
2025010900,0.0
2025010900,0.0
2025011000,0.0
2025011000,0.0
2025011000,0.0
2025011000,0.0
2025011100,0.0
2025011100,0.0
2025011100,0.0
2025011100,0.0
2025011200,0.0
2025011200,0.0
2025011200,0.0
2025011200,0.0
2025011300,0.0
2025011300,0.0
2025011300,0.0
2025011300,0.0
2025011400,0.0
2025011400,0.0
2025011400,0.0
2025011400,0.0
2025011500,0.0
2025011500,0.0
2025011500,0.0
2025011500,0.0
2025011600,0.0
2025011600,0.0
2025011600,0.0
2025011600,0.0
2025011700,0.0
2025011700,0.0
2025011700,0.0
2025011700,0.0
2025011800,0.0
2025011800,0.0
2025011800,0.0
2025011800,0.0
2025011900,0.0
2025011900,0.0
2025011900,0.0
2025011900,0.0
2025012000,0.0
2025012000,0.0
2025012000,0.0
2025012000,0.0
2025012100,0.0
2025012100,0.0
2025012100,0.0
2025012100,0.0
2025012200,0.0
2025012200,0.0
2025012200,0.0
2025012200,0.0
2025012300,0.0
2025012300,0.0
2025012300,0.0
2025012300,0.0
2025012400,0.0
2025012400,0.0
2025012400,0.0
2025012400,0.0
2025012500,0.0
2025012500,0.0
2025012500,0.0
2025012500,0.0
2025012600,0.0
2025012600,0.0
2025012600,0.0
2025012600,0.0
2025012700,0.0
2025012700,0.0
2025012700,0.0
2025012700,0.0
2025012800,0.0
2025012800,0.0
2025012800,0.0
2025012800,0.0
2025012900,0.0
2025012900,0.0
2025012900,0.0
2025012900,0.0
2025012901,0.7
2025012901,0.7
2025012901,0.7
2025012901,0.7
2025012902,8.95
2025012902,8.95
2025012902,8.95
2025012902,8.95
2025012903,17.54
2025012903,17.54
2025012903,17.54
2025012903,17.54
2025012904,11.2
2025012904,11.2
2025012904,11.2
2025012904,11.2
2025012905,4.95
2025012905,4.95
2025012905,4.95
2025012905,4.95
2025012906,3.98
2025012906,3.98
2025012906,3.98
2025012906,3.98
2025012907,0.58
2025012907,0.58
2025012907,0.58
2025012907,0.58
2025012908,0.05
2025012908,0.05
2025012908,0.05
2025012908,0.05
2025012909,0.0
2025012909,0.0
2025012909,0.0
2025012909,0.0
2025013000,0.0
2025013000,0.0
2025013000,0.0
2025013000,0.0
2025013001,0.85
2025013001,0.85
2025013001,0.85
2025013001,0.85
2025013002,12.36
2025013002,12.36
2025013002,12.36
2025013002,12.36
2025013003,31.01
2025013003,31.01
2025013003,31.01
2025013003,31.01
2025013004,30.33
2025013004,30.33
2025013004,30.33
2025013004,30.33
2025013005,9.63
2025013005,9.63
2025013005,9.63
2025013005,9.63
2025013006,18.21
2025013006,18.21
2025013006,18.21
2025013006,18.21
2025013007,14.29
2025013007,14.29
2025013007,14.29
2025013007,14.29
2025013008,7.74
2025013008,7.74
2025013008,7.74
2025013008,7.74
2025013009,1.96
2025013009,1.96
2025013009,1.96
2025013009,1.96
2025013010,0.0
2025013010,0.0
2025013010,0.0
2025013010,0.0
2025013100,0.0
2025013100,0.0
2025013100,0.0
2025013100,0.0
2025013101,0.04
2025013101,0.04
2025013101,0.04
2025013101,0.04
2025013102,4.27
2025013102,4.27
2025013102,4.27
2025013102,4.27
2025013103,8.45
2025013103,8.45
2025013103,8.45
2025013103,8.45
2025013104,17.51
2025013104,17.51
2025013104,17.51
2025013104,17.51
2025013105,29.14
2025013105,29.14
2025013105,29.14
2025013105,29.14
2025013106,19.67
2025013106,19.67
2025013106,19.67
2025013106,19.67
2025013107,19.8
2025013107,19.8
2025013107,19.8
2025013107,19.8
2025013108,11.78
2025013108,11.78
2025013108,11.78
2025013108,11.78
2025013109,0.84
2025013109,0.84
2025013109,0.84
2025013109,0.84
2025013110,0.0
2025013110,0.0
2025013110,0.0
2025013110,0.0
2025020100,0.0
2025020100,0.0
2025020100,0.0
2025020100,0.0
2025020101,1.02
2025020101,1.02
2025020101,1.02
2025020101,1.02
2025020102,10.51
2025020102,10.51
2025020102,10.51
2025020102,10.51
2025020103,20.81
2025020103,20.81
2025020103,20.81
2025020103,20.81
2025020104,25.14
2025020104,25.14
2025020104,25.14
2025020104,25.14
2025020105,20.11
2025020105,20.11
2025020105,20.11
2025020105,20.11
2025020106,42.63
2025020106,42.63
2025020106,42.63
2025020106,42.63
2025020107,37.13
2025020107,37.13
2025020107,37.13
2025020107,37.13
2025020108,22.89
2025020108,22.89
2025020108,22.89
2025020108,22.89
2025020109,4.14
2025020109,4.14
2025020109,4.14
2025020109,4.14
2025020110,0.0
2025020110,0.0
2025020110,0.0
2025020110,0.0
2025020200,0.0
2025020200,0.0
2025020200,0.0
2025020200,0.0
2025020201,0.93
2025020201,0.93
2025020201,0.93
2025020201,0.93
2025020202,0.87
2025020202,0.87
2025020202,0.87
2025020202,0.87
2025020203,4.47
2025020203,4.47
2025020203,4.47
2025020203,4.47
2025020204,5.66
2025020204,5.66
2025020204,5.66
2025020204,5.66
2025020205,2.47
2025020205,2.47
2025020205,2.47
2025020205,2.47
2025020206,0.19
2025020206,0.19
2025020206,0.19
2025020206,0.19
2025020207,0.0
2025020207,0.0
2025020207,0.0
2025020207,0.0
2025020300,0.0
2025020300,0.0
2025020300,0.0
2025020300,0.0
2025020301,1.47
2025020301,1.47
2025020301,1.47
2025020301,1.47
2025020302,7.72
2025020302,7.72
2025020302,7.72
2025020302,7.72
2025020303,17.45
2025020303,17.45
2025020303,17.45
2025020303,17.45
2025020304,10.85
2025020304,10.85
2025020304,10.85
2025020304,10.85
2025020305,5.7
2025020305,5.7
2025020305,5.7
2025020305,5.7
2025020306,4.75
2025020306,4.75
2025020306,4.75
2025020306,4.75
2025020307,2.04
2025020307,2.04
2025020307,2.04
2025020307,2.04
2025020308,0.18
2025020308,0.18
2025020308,0.18
2025020308,0.18
2025020309,0.0
2025020309,0.0
2025020309,0.0
2025020309,0.0
2025020400,0.0
2025020400,0.0
2025020400,0.0
2025020400,0.0
2025020401,0.3
2025020401,0.3
2025020401,0.3
2025020401,0.3
2025020402,3.47
2025020402,3.47
2025020402,3.47
2025020402,3.47
2025020403,4.76
2025020403,4.76
2025020403,4.76
2025020403,4.76
2025020404,5.35
2025020404,5.35
2025020404,5.35
2025020404,5.35
2025020405,4.76
2025020405,4.76
2025020405,4.76
2025020405,4.76
2025020406,5.53
2025020406,5.53
2025020406,5.53
2025020406,5.53
2025020407,2.54
2025020407,2.54
2025020407,2.54
2025020407,2.54
2025020408,0.87
2025020408,0.87
2025020408,0.87
2025020408,0.87
2025020409,0.0
2025020409,0.0
2025020409,0.0
2025020409,0.0
2025020500,0.0
2025020500,0.0
2025020500,0.0
2025020500,0.0
2025020501,1.41
2025020501,1.41
2025020501,1.41
2025020501,1.41
2025020502,12.32
2025020502,12.32
2025020502,12.32
2025020502,12.32
2025020503,23.61
2025020503,23.61
2025020503,23.61
2025020503,23.61
2025020504,31.36
2025020504,31.36
2025020504,31.36
2025020504,31.36
2025020505,17.49
2025020505,17.49
2025020505,17.49
2025020505,17.49
2025020506,27.18
2025020506,27.18
2025020506,27.18
2025020506,27.18
2025020507,11.66
2025020507,11.66
2025020507,11.66
2025020507,11.66
2025020508,11.32
2025020508,11.32
2025020508,11.32
2025020508,11.32
2025020509,6.13
2025020509,6.13
2025020509,6.13
2025020509,6.13
2025020510,0.0
2025020510,0.0
2025020510,0.0
2025020510,0.0
2025020600,0.0
2025020600,0.0
2025020600,0.0
2025020600,0.0
2025020601,2.98
2025020601,2.98
2025020601,2.98
2025020601,2.98
2025020602,20.07
2025020602,20.07
2025020602,20.07
2025020602,20.07
2025020603,36.59
2025020603,36.59
2025020603,36.59
2025020603,36.59
2025020604,53.55
2025020604,53.55
2025020604,53.55
2025020604,53.55
2025020605,63.31
2025020605,63.31
2025020605,63.31
2025020605,63.31
2025020606,59.13
2025020606,59.13
2025020606,59.13
2025020606,59.13
2025020607,42.77
2025020607,42.77
2025020607,42.77
2025020607,42.77
2025020608,26.86
2025020608,26.86
2025020608,26.86
2025020608,26.86
2025020609,7.47
2025020609,7.47
2025020609,7.47
2025020609,7.47
2025020610,0.0
2025020610,0.0
2025020610,0.0
2025020610,0.0
2025020700,0.0
2025020700,0.0
2025020700,0.0
2025020700,0.0
2025020701,0.1
2025020701,0.1
2025020701,0.1
2025020701,0.1
2025020702,4.19
2025020702,4.19
2025020702,4.19
2025020702,4.19
2025020703,12.68
2025020703,12.68
2025020703,12.68
2025020703,12.68
2025020704,11.07
2025020704,11.07
2025020704,11.07
2025020704,11.07
2025020705,10.48
2025020705,10.48
2025020705,10.48
2025020705,10.48
2025020706,9.33
2025020706,9.33
2025020706,9.33
2025020706,9.33
2025020707,6.34
2025020707,6.34
2025020707,6.34
2025020707,6.34
2025020708,8.74
2025020708,8.74
2025020708,8.74
2025020708,8.74
2025020709,2.83
2025020709,2.83
2025020709,2.83
2025020709,2.83
2025020710,0.0
2025020710,0.0
2025020710,0.0
2025020710,0.0
2025020800,0.0
2025020800,0.0
2025020800,0.0
2025020800,0.0
2025020801,1.49
2025020801,1.49
2025020801,1.49
2025020801,1.49
2025020802,8.45
2025020802,8.45
2025020802,8.45
2025020802,8.45
2025020803,12.47
2025020803,12.47
2025020803,12.47
2025020803,12.47
2025020804,13.43
2025020804,13.43
2025020804,13.43
2025020804,13.43
2025020805,16.19
2025020805,16.19
2025020805,16.19
2025020805,16.19
2025020806,16.21
2025020806,16.21
2025020806,16.21
2025020806,16.21
2025020807,15.32
2025020807,15.32
2025020807,15.32
2025020807,15.32
2025020808,9.51
2025020808,9.51
2025020808,9.51
2025020808,9.51
2025020809,1.38
2025020809,1.38
2025020809,1.38
2025020809,1.38
2025020810,0.0
2025020810,0.0
2025020810,0.0
2025020810,0.0
2025020900,0.0
2025020900,0.0
2025020900,0.0
2025020900,0.0
2025020901,0.11
2025020901,0.11
2025020901,0.11
2025020901,0.11
2025020902,4.3
2025020902,4.3
2025020902,4.3
2025020902,4.3
2025020903,9.68
2025020903,9.68
2025020903,9.68
2025020903,9.68
2025020904,9.92
2025020904,9.92
2025020904,9.92
2025020904,9.92
2025020905,9.06
2025020905,9.06
2025020905,9.06
2025020905,9.06
2025020906,8.8
2025020906,8.8
2025020906,8.8
2025020906,8.8
2025020907,6.31
2025020907,6.31
2025020907,6.31
2025020907,6.31
2025020908,7.66
2025020908,7.66
2025020908,7.66
2025020908,7.66
2025020909,1.41
2025020909,1.41
2025020909,1.41
2025020909,1.41
2025020910,0.0
2025020910,0.0
2025020910,0.0
2025020910,0.0
2025021000,0.0
2025021000,0.0
2025021000,0.0
2025021000,0.0
2025021001,0.62
2025021001,0.62
2025021001,0.62
2025021001,0.62
2025021002,3.99
2025021002,3.99
2025021002,3.99
2025021002,3.99
2025021003,2.42
2025021003,2.42
2025021003,2.42
2025021003,2.42
2025021004,0.0
2025021004,0.0
2025021004,0.0
2025021004,0.0
2025021005,11.16
2025021005,11.16
2025021005,11.16
2025021005,11.16
2025021006,9.5
2025021006,9.5
2025021006,9.5
2025021006,9.5
2025021007,5.67
2025021007,5.67
2025021007,5.67
2025021007,5.67
2025021008,1.4
2025021008,1.4
2025021008,1.4
2025021008,1.4
2025021009,0.0
2025021009,0.0
2025021009,0.0
2025021009,0.0
2025021100,0.0
2025021100,0.0
2025021100,0.0
2025021100,0.0
2025021101,4.44
2025021101,4.44
2025021101,4.44
2025021101,4.44
2025021102,21.04
2025021102,21.04
2025021102,21.04
2025021102,21.04
2025021103,45.31
2025021103,45.31
2025021103,45.31
2025021103,45.31
2025021104,66.91
2025021104,66.91
2025021104,66.91
2025021104,66.91
2025021105,72.98
2025021105,72.98
2025021105,72.98
2025021105,72.98
2025021106,69.53
2025021106,69.53
2025021106,69.53
2025021106,69.53
2025021107,54.47
2025021107,54.47
2025021107,54.47
2025021107,54.47
2025021108,25.81
2025021108,25.81
2025021108,25.81
2025021108,25.81
2025021109,9.62
2025021109,9.62
2025021109,9.62
2025021109,9.62
2025021110,0.87
2025021110,0.87
2025021110,0.87
2025021110,0.87
2025021111,0.0
2025021111,0.0
2025021111,0.0
2025021111,0.0
2025021200,0.0
2025021200,0.0
2025021200,0.0
2025021200,0.0
2025021201,4.73
2025021201,4.73
2025021201,4.73
2025021201,4.73
2025021202,17.14
2025021202,17.14
2025021202,17.14
2025021202,17.14
2025021203,24.41
2025021203,24.41
2025021203,24.41
2025021203,24.41
2025021204,55.3
2025021204,55.3
2025021204,55.3
2025021204,55.3
2025021205,48.85
2025021205,48.85
2025021205,48.85
2025021205,48.85
2025021206,47.72
2025021206,47.72
2025021206,47.72
2025021206,47.72
2025021207,56.61
2025021207,56.61
2025021207,56.61
2025021207,56.61
2025021208,30.53
2025021208,30.53
2025021208,30.53
2025021208,30.53
2025021209,10.45
2025021209,10.45
2025021209,10.45
2025021209,10.45
2025021210,0.33
2025021210,0.33
2025021210,0.33
2025021210,0.33
2025021211,0.0
2025021211,0.0
2025021211,0.0
2025021211,0.0
2025021300,0.0
2025021300,0.0
2025021300,0.0
2025021300,0.0
2025021301,1.83
2025021301,1.83
2025021301,1.83
2025021301,1.83
2025021302,3.7
2025021302,3.7
2025021302,3.7
2025021302,3.7
2025021303,6.93
2025021303,6.93
2025021303,6.93
2025021303,6.93
2025021304,12.84
2025021304,12.84
2025021304,12.84
2025021304,12.84
2025021305,14.41
2025021305,14.41
2025021305,14.41
2025021305,14.41
2025021306,8.29
2025021306,8.29
2025021306,8.29
2025021306,8.29
2025021307,7.0
2025021307,7.0
2025021307,7.0
2025021307,7.0
2025021308,12.23
2025021308,12.23
2025021308,12.23
2025021308,12.23
2025021309,9.16
2025021309,9.16
2025021309,9.16
2025021309,9.16
2025021310,0.41
2025021310,0.41
2025021310,0.41
2025021310,0.41
2025021311,0.0
2025021311,0.0
2025021311,0.0
2025021311,0.0
2025021400,0.0
2025021400,0.0
2025021400,0.0
2025021400,0.0
2025021401,1.2
2025021401,1.2
2025021401,1.2
2025021401,1.2
2025021402,5.92
2025021402,5.92
2025021402,5.92
2025021402,5.92
2025021403,12.73
2025021403,12.73
2025021403,12.73
2025021403,12.73
2025021404,17.98
2025021404,17.98
2025021404,17.98
2025021404,17.98
2025021405,20.85
2025021405,20.85
2025021405,20.85
2025021405,20.85
2025021406,19.52
2025021406,19.52
2025021406,19.52
2025021406,19.52
2025021407,15.96
2025021407,15.96
2025021407,15.96
2025021407,15.96
2025021408,8.26
2025021408,8.26
2025021408,8.26
2025021408,8.26
2025021409,1.74
2025021409,1.74
2025021409,1.74
2025021409,1.74
2025021410,0.0
2025021410,0.0
2025021410,0.0
2025021410,0.0
2025021500,0.0
2025021500,0.0
2025021500,0.0
2025021500,0.0
2025021501,9.92
2025021501,9.92
2025021501,9.92
2025021501,9.92
2025021502,25.86
2025021502,25.86
2025021502,25.86
2025021502,25.86
2025021503,46.2
2025021503,46.2
2025021503,46.2
2025021503,46.2
2025021504,59.98
2025021504,59.98
2025021504,59.98
2025021504,59.98
2025021505,46.76
2025021505,46.76
2025021505,46.76
2025021505,46.76
2025021506,33.14
2025021506,33.14
2025021506,33.14
2025021506,33.14
2025021507,23.91
2025021507,23.91
2025021507,23.91
2025021507,23.91
2025021508,8.14
2025021508,8.14
2025021508,8.14
2025021508,8.14
2025021509,5.1
2025021509,5.1
2025021509,5.1
2025021509,5.1
2025021510,0.0
2025021510,0.0
2025021510,0.0
2025021510,0.0
2025021600,0.0
2025021600,0.0
2025021600,0.0
2025021600,0.0
2025021601,0.06
2025021601,0.06
2025021601,0.06
2025021601,0.06
2025021602,8.84
2025021602,8.84
2025021602,8.84
2025021602,8.84
2025021603,30.7
2025021603,30.7
2025021603,30.7
2025021603,30.7
2025021604,59.39
2025021604,59.39
2025021604,59.39
2025021604,59.39
2025021605,75.84
2025021605,75.84
2025021605,75.84
2025021605,75.84
2025021606,81.76
2025021606,81.76
2025021606,81.76
2025021606,81.76
2025021607,78.85
2025021607,78.85
2025021607,78.85
2025021607,78.85
2025021608,67.31
2025021608,67.31
2025021608,67.31
2025021608,67.31
2025021609,41.6
2025021609,41.6
2025021609,41.6
2025021609,41.6
2025021610,15.98
2025021610,15.98
2025021610,15.98
2025021610,15.98
2025021611,0.99
2025021611,0.99
2025021611,0.99
2025021611,0.99
2025021612,0.0
2025021612,0.0
2025021612,0.0
2025021612,0.0
2025021700,0.0
2025021700,0.0
2025021700,0.0
2025021700,0.0
2025021701,0.16
2025021701,0.16
2025021701,0.16
2025021701,0.16
2025021702,10.26
2025021702,10.26
2025021702,10.26
2025021702,10.26
2025021703,32.58
2025021703,32.58
2025021703,32.58
2025021703,32.58
2025021704,60.51
2025021704,60.51
2025021704,60.51
2025021704,60.51
2025021705,75.16
2025021705,75.16
2025021705,75.16
2025021705,75.16
2025021706,80.52
2025021706,80.52
2025021706,80.52
2025021706,80.52
2025021707,77.74
2025021707,77.74
2025021707,77.74
2025021707,77.74
2025021708,67.24
2025021708,67.24
2025021708,67.24
2025021708,67.24
2025021709,43.41
2025021709,43.41
2025021709,43.41
2025021709,43.41
2025021710,16.65
2025021710,16.65
2025021710,16.65
2025021710,16.65
2025021711,1.27
2025021711,1.27
2025021711,1.27
2025021711,1.27
2025021712,0.0
2025021712,0.0
2025021712,0.0
2025021712,0.0
2025021800,0.0
2025021800,0.0
2025021800,0.0
2025021800,0.0
2025021801,0.24
2025021801,0.24
2025021801,0.24
2025021801,0.24
2025021802,10.45
2025021802,10.45
2025021802,10.45
2025021802,10.45
2025021803,33.44
2025021803,33.44
2025021803,33.44
2025021803,33.44
2025021804,60.62
2025021804,60.62
2025021804,60.62
2025021804,60.62
2025021805,74.58
2025021805,74.58
2025021805,74.58
2025021805,74.58
2025021806,77.9
2025021806,77.9
2025021806,77.9
2025021806,77.9
2025021807,76.16
2025021807,76.16
2025021807,76.16
2025021807,76.16
2025021808,64.96
2025021808,64.96
2025021808,64.96
2025021808,64.96
2025021809,44.4
2025021809,44.4
2025021809,44.4
2025021809,44.4
2025021810,17.01
2025021810,17.01
2025021810,17.01
2025021810,17.01
2025021811,1.38
2025021811,1.38
2025021811,1.38
2025021811,1.38
2025021812,0.0
2025021812,0.0
2025021812,0.0
2025021812,0.0
2025021900,0.0
2025021900,0.0
2025021900,0.0
2025021900,0.0
2025021901,0.21
2025021901,0.21
2025021901,0.21
2025021901,0.21
2025021902,9.91
2025021902,9.91
2025021902,9.91
2025021902,9.91
2025021903,34.22
2025021903,34.22
2025021903,34.22
2025021903,34.22
2025021904,63.19
2025021904,63.19
2025021904,63.19
2025021904,63.19
2025021905,75.78
2025021905,75.78
2025021905,75.78
2025021905,75.78
2025021906,81.78
2025021906,81.78
2025021906,81.78
2025021906,81.78
2025021907,81.81
2025021907,81.81
2025021907,81.81
2025021907,81.81
2025021908,70.84
2025021908,70.84
2025021908,70.84
2025021908,70.84
2025021909,48.75
2025021909,48.75
2025021909,48.75
2025021909,48.75
2025021910,18.19
2025021910,18.19
2025021910,18.19
2025021910,18.19
2025021911,1.06
2025021911,1.06
2025021911,1.06
2025021911,1.06
2025021912,0.0
2025021912,0.0
2025021912,0.0
2025021912,0.0
2025022000,0.0
2025022000,0.0
2025022000,0.0
2025022000,0.0
2025022001,0.45
2025022001,0.45
2025022001,0.45
2025022001,0.45
2025022002,15.52
2025022002,15.52
2025022002,15.52
2025022002,15.52
2025022003,35.85
2025022003,35.85
2025022003,35.85
2025022003,35.85
2025022004,55.27
2025022004,55.27
2025022004,55.27
2025022004,55.27
2025022005,61.0
2025022005,61.0
2025022005,61.0
2025022005,61.0
2025022006,64.02
2025022006,64.02
2025022006,64.02
2025022006,64.02
2025022007,29.92
2025022007,29.92
2025022007,29.92
2025022007,29.92
2025022008,20.33
2025022008,20.33
2025022008,20.33
2025022008,20.33
2025022009,9.65
2025022009,9.65
2025022009,9.65
2025022009,9.65
2025022010,5.71
2025022010,5.71
2025022010,5.71
2025022010,5.71
2025022011,0.08
2025022011,0.08
2025022011,0.08
2025022011,0.08
2025022012,0.0
2025022012,0.0
2025022012,0.0
2025022012,0.0
2025022100,0.0
2025022100,0.0
2025022100,0.0
2025022100,0.0
2025022101,0.87
2025022101,0.87
2025022101,0.87
2025022101,0.87
2025022102,4.85
2025022102,4.85
2025022102,4.85
2025022102,4.85
2025022103,8.18
2025022103,8.18
2025022103,8.18
2025022103,8.18
2025022104,10.95
2025022104,10.95
2025022104,10.95
2025022104,10.95
2025022105,7.95
2025022105,7.95
2025022105,7.95
2025022105,7.95
2025022106,10.02
2025022106,10.02
2025022106,10.02
2025022106,10.02
2025022107,10.11
2025022107,10.11
2025022107,10.11
2025022107,10.11
2025022108,7.65
2025022108,7.65
2025022108,7.65
2025022108,7.65
2025022109,4.92
2025022109,4.92
2025022109,4.92
2025022109,4.92
2025022110,1.21
2025022110,1.21
2025022110,1.21
2025022110,1.21
2025022111,0.0
2025022111,0.0
2025022111,0.0
2025022111,0.0
2025022200,0.0
2025022200,0.0
2025022200,0.0
2025022200,0.0
2025022201,0.17
2025022201,0.17
2025022201,0.17
2025022201,0.17
2025022202,7.67
2025022202,7.67
2025022202,7.67
2025022202,7.67
2025022203,18.41
2025022203,18.41
2025022203,18.41
2025022203,18.41
2025022204,32.78
2025022204,32.78
2025022204,32.78
2025022204,32.78
2025022205,31.23
2025022205,31.23
2025022205,31.23
2025022205,31.23
2025022206,20.24
2025022206,20.24
2025022206,20.24
2025022206,20.24
2025022207,22.59
2025022207,22.59
2025022207,22.59
2025022207,22.59
2025022208,10.61
2025022208,10.61
2025022208,10.61
2025022208,10.61
2025022209,3.0
2025022209,3.0
2025022209,3.0
2025022209,3.0
2025022210,0.85
2025022210,0.85
2025022210,0.85
2025022210,0.85
2025022211,0.0
2025022211,0.0
2025022211,0.0
2025022211,0.0
2025022300,0.0
2025022300,0.0
2025022300,0.0
2025022300,0.0
2025022301,0.1
2025022301,0.1
2025022301,0.1
2025022301,0.1
2025022302,4.38
2025022302,4.38
2025022302,4.38
2025022302,4.38
2025022303,13.26
2025022303,13.26
2025022303,13.26
2025022303,13.26
2025022304,22.73
2025022304,22.73
2025022304,22.73
2025022304,22.73
2025022305,54.89
2025022305,54.89
2025022305,54.89
2025022305,54.89
2025022306,34.77
2025022306,34.77
2025022306,34.77
2025022306,34.77
2025022307,20.65
2025022307,20.65
2025022307,20.65
2025022307,20.65
2025022308,12.41
2025022308,12.41
2025022308,12.41
2025022308,12.41
2025022309,6.25
2025022309,6.25
2025022309,6.25
2025022309,6.25
2025022310,2.19
2025022310,2.19
2025022310,2.19
2025022310,2.19
2025022311,0.0
2025022311,0.0
2025022311,0.0
2025022311,0.0
2025022400,0.0
2025022400,0.0
2025022400,0.0
2025022400,0.0
2025022401,1.91
2025022401,1.91
2025022401,1.91
2025022401,1.91
2025022402,3.83
2025022402,3.83
2025022402,3.83
2025022402,3.83
2025022403,7.64
2025022403,7.64
2025022403,7.64
2025022403,7.64
2025022404,7.17
2025022404,7.17
2025022404,7.17
2025022404,7.17
2025022405,8.88
2025022405,8.88
2025022405,8.88
2025022405,8.88
2025022406,7.42
2025022406,7.42
2025022406,7.42
2025022406,7.42
2025022407,4.73
2025022407,4.73
2025022407,4.73
2025022407,4.73
2025022408,2.72
2025022408,2.72
2025022408,2.72
2025022408,2.72
2025022409,0.38
2025022409,0.38
2025022409,0.38
2025022409,0.38
2025022410,0.0
2025022410,0.0
2025022410,0.0
2025022410,0.0
2025022500,0.0
2025022500,0.0
2025022500,0.0
2025022500,0.0
2025022501,2.68
2025022501,2.68
2025022501,2.68
2025022501,2.68
2025022502,7.97
2025022502,7.97
2025022502,7.97
2025022502,7.97
2025022503,13.62
2025022503,13.62
2025022503,13.62
2025022503,13.62
2025022504,14.52
2025022504,14.52
2025022504,14.52
2025022504,14.52
2025022505,12.69
2025022505,12.69
2025022505,12.69
2025022505,12.69
2025022506,13.45
2025022506,13.45
2025022506,13.45
2025022506,13.45
2025022507,10.03
2025022507,10.03
2025022507,10.03
2025022507,10.03
2025022508,3.72
2025022508,3.72
2025022508,3.72
2025022508,3.72
2025022509,2.37
2025022509,2.37
2025022509,2.37
2025022509,2.37
2025022510,0.54
2025022510,0.54
2025022510,0.54
2025022510,0.54
2025022511,0.0
2025022511,0.0
2025022511,0.0
2025022511,0.0
2025022600,0.0
2025022600,0.0
2025022600,0.0
2025022600,0.0
2025022601,0.23
2025022601,0.23
2025022601,0.23
2025022601,0.23
2025022602,5.1
2025022602,5.1
2025022602,5.1
2025022602,5.1
2025022603,7.79
2025022603,7.79
2025022603,7.79
2025022603,7.79
2025022604,18.2
2025022604,18.2
2025022604,18.2
2025022604,18.2
2025022605,36.98
2025022605,36.98
2025022605,36.98
2025022605,36.98
2025022606,40.41
2025022606,40.41
2025022606,40.41
2025022606,40.41
2025022607,50.73
2025022607,50.73
2025022607,50.73
2025022607,50.73
2025022608,30.7
2025022608,30.7
2025022608,30.7
2025022608,30.7
2025022609,37.83
2025022609,37.83
2025022609,37.83
2025022609,37.83
2025022610,18.95
2025022610,18.95
2025022610,18.95
2025022610,18.95
2025022611,1.72
2025022611,1.72
2025022611,1.72
2025022611,1.72
2025022612,0.0
2025022612,0.0
2025022612,0.0
2025022612,0.0
2025022700,0.0
2025022700,0.0
2025022700,0.0
2025022700,0.0
2025022701,0.31
2025022701,0.31
2025022701,0.31
2025022701,0.31
2025022702,6.44
2025022702,6.44
2025022702,6.44
2025022702,6.44
2025022703,15.95
2025022703,15.95
2025022703,15.95
2025022703,15.95
2025022704,25.72
2025022704,25.72
2025022704,25.72
2025022704,25.72
2025022705,30.43
2025022705,30.43
2025022705,30.43
2025022705,30.43
2025022706,31.66
2025022706,31.66
2025022706,31.66
2025022706,31.66
2025022707,20.12
2025022707,20.12
2025022707,20.12
2025022707,20.12
2025022708,13.73
2025022708,13.73
2025022708,13.73
2025022708,13.73
2025022709,13.86
2025022709,13.86
2025022709,13.86
2025022709,13.86
2025022710,4.92
2025022710,4.92
2025022710,4.92
2025022710,4.92
2025022711,1.11
2025022711,1.11
2025022711,1.11
2025022711,1.11
2025022712,0.0
2025022712,0.0
2025022712,0.0
2025022712,0.0
2025022800,0.0
2025022800,0.0
2025022800,0.0
2025022800,0.0
2025022801,4.25
2025022801,4.25
2025022801,4.25
2025022801,4.25
2025022802,13.81
2025022802,13.81
2025022802,13.81
2025022802,13.81
2025022803,20.87
2025022803,20.87
2025022803,20.87
2025022803,20.87
2025022804,56.95
2025022804,56.95
2025022804,56.95
2025022804,56.95
2025022805,87.03
2025022805,87.03
2025022805,87.03
2025022805,87.03
2025022806,83.65
2025022806,83.65
2025022806,83.65
2025022806,83.65
2025022807,72.59
2025022807,72.59
2025022807,72.59
2025022807,72.59
2025022808,47.43
2025022808,47.43
2025022808,47.43
2025022808,47.43
2025022809,28.97
2025022809,28.97
2025022809,28.97
2025022809,28.97
2025022810,4.71
2025022810,4.71
2025022810,4.71
2025022810,4.71
2025022811,0.0
2025022811,0.0
2025022811,0.0
2025022811,0.0
2025030100,0.0
2025030100,0.0
2025030100,0.0
2025030100,0.0
2025030101,0.97
2025030101,0.97
2025030101,0.97
2025030101,0.97
2025030102,6.14
2025030102,6.14
2025030102,6.14
2025030102,6.14
2025030103,16.33
2025030103,16.33
2025030103,16.33
2025030103,16.33
2025030104,23.97
2025030104,23.97
2025030104,23.97
2025030104,23.97
2025030105,38.75
2025030105,38.75
2025030105,38.75
2025030105,38.75
2025030106,57.15
2025030106,57.15
2025030106,57.15
2025030106,57.15
2025030107,72.82
2025030107,72.82
2025030107,72.82
2025030107,72.82
2025030108,50.11
2025030108,50.11
2025030108,50.11
2025030108,50.11
2025030109,44.64
2025030109,44.64
2025030109,44.64
2025030109,44.64
2025030110,18.06
2025030110,18.06
2025030110,18.06
2025030110,18.06
2025030111,2.11
2025030111,2.11
2025030111,2.11
2025030111,2.11
2025030112,0.0
2025030112,0.0
2025030112,0.0
2025030112,0.0
2025030200,0.0
2025030200,0.0
2025030200,0.0
2025030200,0.0
2025030201,0.39
2025030201,0.39
2025030201,0.39
2025030201,0.39
2025030202,8.14
2025030202,8.14
2025030202,8.14
2025030202,8.14
2025030203,33.92
2025030203,33.92
2025030203,33.92
2025030203,33.92
2025030204,66.0
2025030204,66.0
2025030204,66.0
2025030204,66.0
2025030205,76.94
2025030205,76.94
2025030205,76.94
2025030205,76.94
2025030206,64.97
2025030206,64.97
2025030206,64.97
2025030206,64.97
2025030207,50.5
2025030207,50.5
2025030207,50.5
2025030207,50.5
2025030208,17.42
2025030208,17.42
2025030208,17.42
2025030208,17.42
2025030209,16.58
2025030209,16.58
2025030209,16.58
2025030209,16.58
2025030210,9.01
2025030210,9.01
2025030210,9.01
2025030210,9.01
2025030211,2.81
2025030211,2.81
2025030211,2.81
2025030211,2.81
2025030212,0.0
2025030212,0.0
2025030212,0.0
2025030212,0.0
2025030300,0.0
2025030300,0.0
2025030300,0.0
2025030300,0.0
2025030301,0.38
2025030301,0.38
2025030301,0.38
2025030301,0.38
2025030302,12.51
2025030302,12.51
2025030302,12.51
2025030302,12.51
2025030303,16.64
2025030303,16.64
2025030303,16.64
2025030303,16.64
2025030304,32.07
2025030304,32.07
2025030304,32.07
2025030304,32.07
2025030305,34.31
2025030305,34.31
2025030305,34.31
2025030305,34.31
2025030306,0.57
2025030306,0.57
2025030306,0.57
2025030306,0.57
2025030307,0.0
2025030307,0.0
2025030307,0.0
2025030307,0.0
2025030308,41.82
2025030308,41.82
2025030308,41.82
2025030308,41.82
2025030309,21.47
2025030309,21.47
2025030309,21.47
2025030309,21.47
2025030310,4.61
2025030310,4.61
2025030310,4.61
2025030310,4.61
2025030311,0.95
2025030311,0.95
2025030311,0.95
2025030311,0.95
2025030312,0.0
2025030312,0.0
2025030312,0.0
2025030312,0.0
2025030400,0.0
2025030400,0.0
2025030400,0.0
2025030400,0.0
2025030401,0.88
2025030401,0.88
2025030401,0.88
2025030401,0.88
2025030402,7.37
2025030402,7.37
2025030402,7.37
2025030402,7.37
2025030403,17.58
2025030403,17.58
2025030403,17.58
2025030403,17.58
2025030404,24.37
2025030404,24.37
2025030404,24.37
2025030404,24.37
2025030405,48.08
2025030405,48.08
2025030405,48.08
2025030405,48.08
2025030406,19.13
2025030406,19.13
2025030406,19.13
2025030406,19.13
2025030407,20.86
2025030407,20.86
2025030407,20.86
2025030407,20.86
2025030408,57.88
2025030408,57.88
2025030408,57.88
2025030408,57.88
2025030409,38.27
2025030409,38.27
2025030409,38.27
2025030409,38.27
2025030410,14.12
2025030410,14.12
2025030410,14.12
2025030410,14.12
2025030411,4.16
2025030411,4.16
2025030411,4.16
2025030411,4.16
2025030412,0.0
2025030412,0.0
2025030412,0.0
2025030412,0.0
2025030500,0.0
2025030500,0.0
2025030500,0.0
2025030500,0.0
2025030501,1.97
2025030501,1.97
2025030501,1.97
2025030501,1.97
2025030502,10.97
2025030502,10.97
2025030502,10.97
2025030502,10.97
2025030503,24.3
2025030503,24.3
2025030503,24.3
2025030503,24.3
2025030504,0.39
2025030504,0.39
2025030504,0.39
2025030504,0.39
2025030505,0.0
2025030505,0.0
2025030505,0.0
2025030505,0.0
2025030506,53.54
2025030506,53.54
2025030506,53.54
2025030506,53.54
2025030507,30.28
2025030507,30.28
2025030507,30.28
2025030507,30.28
2025030508,9.59
2025030508,9.59
2025030508,9.59
2025030508,9.59
2025030509,0.03
2025030509,0.03
2025030509,0.03
2025030509,0.03
2025030510,0.0
2025030510,0.0
2025030510,0.0
2025030510,0.0
2025030600,0.0
2025030600,0.0
2025030600,0.0
2025030600,0.0
2025030601,4.05
2025030601,4.05
2025030601,4.05
2025030601,4.05
2025030602,24.36
2025030602,24.36
2025030602,24.36
2025030602,24.36
2025030603,51.76
2025030603,51.76
2025030603,51.76
2025030603,51.76
2025030604,72.05
2025030604,72.05
2025030604,72.05
2025030604,72.05
2025030605,84.18
2025030605,84.18
2025030605,84.18
2025030605,84.18
2025030606,5.65
2025030606,5.65
2025030606,5.65
2025030606,5.65
2025030607,0.0
2025030607,0.0
2025030607,0.0
2025030607,0.0
2025030608,72.04
2025030608,72.04
2025030608,72.04
2025030608,72.04
2025030609,55.04
2025030609,55.04
2025030609,55.04
2025030609,55.04
2025030610,30.25
2025030610,30.25
2025030610,30.25
2025030610,30.25
2025030611,7.31
2025030611,7.31
2025030611,7.31
2025030611,7.31
2025030612,0.0
2025030612,0.0
2025030612,0.0
2025030612,0.0
2025030700,0.0
2025030700,0.0
2025030700,0.0
2025030700,0.0
2025030701,0.1
2025030701,0.1
2025030701,0.1
2025030701,0.1
2025030702,7.06
2025030702,7.06
2025030702,7.06
2025030702,7.06
2025030703,24.91
2025030703,24.91
2025030703,24.91
2025030703,24.91
2025030704,22.76
2025030704,22.76
2025030704,22.76
2025030704,22.76
2025030705,58.49
2025030705,58.49
2025030705,58.49
2025030705,58.49
2025030706,84.65
2025030706,84.65
2025030706,84.65
2025030706,84.65
2025030707,72.18
2025030707,72.18
2025030707,72.18
2025030707,72.18
2025030708,66.31
2025030708,66.31
2025030708,66.31
2025030708,66.31
2025030709,73.25
2025030709,73.25
2025030709,73.25
2025030709,73.25
2025030710,55.64
2025030710,55.64
2025030710,55.64
2025030710,55.64
2025030711,30.19
2025030711,30.19
2025030711,30.19
2025030711,30.19
2025030712,7.91
2025030712,7.91
2025030712,7.91
2025030712,7.91
2025030713,0.0
2025030713,0.0
2025030713,0.0
2025030713,0.0
2025030800,0.0
2025030800,0.0
2025030800,0.0
2025030800,0.0
2025030801,7.76
2025030801,7.76
2025030801,7.76
2025030801,7.76
2025030802,29.93
2025030802,29.93
2025030802,29.93
2025030802,29.93
2025030803,55.38
2025030803,55.38
2025030803,55.38
2025030803,55.38
2025030804,71.25
2025030804,71.25
2025030804,71.25
2025030804,71.25
2025030805,82.49
2025030805,82.49
2025030805,82.49
2025030805,82.49
2025030806,5.4
2025030806,5.4
2025030806,5.4
2025030806,5.4
2025030807,0.0
2025030807,0.0
2025030807,0.0
2025030807,0.0
2025030808,53.18
2025030808,53.18
2025030808,53.18
2025030808,53.18
2025030809,30.95
2025030809,30.95
2025030809,30.95
2025030809,30.95
2025030810,8.28
2025030810,8.28
2025030810,8.28
2025030810,8.28
2025030811,0.08
2025030811,0.08
2025030811,0.08
2025030811,0.08
2025030812,0.0
2025030812,0.0
2025030812,0.0
2025030812,0.0
2025030900,0.0
2025030900,0.0
2025030900,0.0
2025030900,0.0
2025030901,5.04
2025030901,5.04
2025030901,5.04
2025030901,5.04
2025030902,27.0
2025030902,27.0
2025030902,27.0
2025030902,27.0
2025030903,55.1
2025030903,55.1
2025030903,55.1
2025030903,55.1
2025030904,69.53
2025030904,69.53
2025030904,69.53
2025030904,69.53
2025030905,5.25
2025030905,5.25
2025030905,5.25
2025030905,5.25
2025030906,0.0
2025030906,0.0
2025030906,0.0
2025030906,0.0
2025030907,55.49
2025030907,55.49
2025030907,55.49
2025030907,55.49
2025030908,32.2
2025030908,32.2
2025030908,32.2
2025030908,32.2
2025030909,7.96
2025030909,7.96
2025030909,7.96
2025030909,7.96
2025030910,0.14
2025030910,0.14
2025030910,0.14
2025030910,0.14
2025030911,0.0
2025030911,0.0
2025030911,0.0
2025030911,0.0
2025031000,0.0
2025031000,0.0
2025031000,0.0
2025031000,0.0
2025031001,5.88
2025031001,5.88
2025031001,5.88
2025031001,5.88
2025031002,25.09
2025031002,25.09
2025031002,25.09
2025031002,25.09
2025031003,49.41
2025031003,49.41
2025031003,49.41
2025031003,49.41
2025031004,69.98
2025031004,69.98
2025031004,69.98
2025031004,69.98
2025031005,82.43
2025031005,82.43
2025031005,82.43
2025031005,82.43
2025031006,87.23
2025031006,87.23
2025031006,87.23
2025031006,87.23
2025031007,83.79
2025031007,83.79
2025031007,83.79
2025031007,83.79
2025031008,73.1
2025031008,73.1
2025031008,73.1
2025031008,73.1
2025031009,54.56
2025031009,54.56
2025031009,54.56
2025031009,54.56
2025031010,26.35
2025031010,26.35
2025031010,26.35
2025031010,26.35
2025031011,6.68
2025031011,6.68
2025031011,6.68
2025031011,6.68
2025031012,0.04
2025031012,0.04
2025031012,0.04
2025031012,0.04
2025031013,0.0
2025031013,0.0
2025031013,0.0
2025031013,0.0
2025031100,0.0
2025031100,0.0
2025031100,0.0
2025031100,0.0
2025031101,2.86
2025031101,2.86
2025031101,2.86
2025031101,2.86
2025031102,7.4
2025031102,7.4
2025031102,7.4
2025031102,7.4
2025031103,9.05
2025031103,9.05
2025031103,9.05
2025031103,9.05
2025031104,10.96
2025031104,10.96
2025031104,10.96
2025031104,10.96
2025031105,13.12
2025031105,13.12
2025031105,13.12
2025031105,13.12
2025031106,13.99
2025031106,13.99
2025031106,13.99
2025031106,13.99
2025031107,11.5
2025031107,11.5
2025031107,11.5
2025031107,11.5
2025031108,10.57
2025031108,10.57
2025031108,10.57
2025031108,10.57
2025031109,6.19
2025031109,6.19
2025031109,6.19
2025031109,6.19
2025031110,3.84
2025031110,3.84
2025031110,3.84
2025031110,3.84
2025031111,0.3
2025031111,0.3
2025031111,0.3
2025031111,0.3
2025031112,0.0
2025031112,0.0
2025031112,0.0
2025031112,0.0
2025031200,0.0
2025031200,0.0
2025031200,0.0
2025031200,0.0
2025031201,3.5
2025031201,3.5
2025031201,3.5
2025031201,3.5
2025031202,11.81
2025031202,11.81
2025031202,11.81
2025031202,11.81
2025031203,25.55
2025031203,25.55
2025031203,25.55
2025031203,25.55
2025031204,40.2
2025031204,40.2
2025031204,40.2
2025031204,40.2
2025031205,29.38
2025031205,29.38
2025031205,29.38
2025031205,29.38
2025031206,27.68
2025031206,27.68
2025031206,27.68
2025031206,27.68
2025031207,47.02
2025031207,47.02
2025031207,47.02
2025031207,47.02
2025031208,44.65
2025031208,44.65
2025031208,44.65
2025031208,44.65
2025031209,23.44
2025031209,23.44
2025031209,23.44
2025031209,23.44
2025031210,14.81
2025031210,14.81
2025031210,14.81
2025031210,14.81
2025031211,2.31
2025031211,2.31
2025031211,2.31
2025031211,2.31
2025031212,0.0
2025031212,0.0
2025031212,0.0
2025031212,0.0
2025031300,0.0
2025031300,0.0
2025031300,0.0
2025031300,0.0
2025031301,9.51
2025031301,9.51
2025031301,9.51
2025031301,9.51
2025031302,17.24
2025031302,17.24
2025031302,17.24
2025031302,17.24
2025031303,30.02
2025031303,30.02
2025031303,30.02
2025031303,30.02
2025031304,45.22
2025031304,45.22
2025031304,45.22
2025031304,45.22
2025031305,43.32
2025031305,43.32
2025031305,43.32
2025031305,43.32
2025031306,31.21
2025031306,31.21
2025031306,31.21
2025031306,31.21
2025031307,30.94
2025031307,30.94
2025031307,30.94
2025031307,30.94
2025031308,16.66
2025031308,16.66
2025031308,16.66
2025031308,16.66
2025031309,29.15
2025031309,29.15
2025031309,29.15
2025031309,29.15
2025031310,15.17
2025031310,15.17
2025031310,15.17
2025031310,15.17
2025031311,2.0
2025031311,2.0
2025031311,2.0
2025031311,2.0
2025031312,0.0
2025031312,0.0
2025031312,0.0
2025031312,0.0
2025031400,0.0
2025031400,0.0
2025031400,0.0
2025031400,0.0
2025031401,0.02
2025031401,0.02
2025031401,0.02
2025031401,0.02
2025031402,3.61
2025031402,3.61
2025031402,3.61
2025031402,3.61
2025031403,41.84
2025031403,41.84
2025031403,41.84
2025031403,41.84
2025031404,46.31
2025031404,46.31
2025031404,46.31
2025031404,46.31
2025031405,77.83
2025031405,77.83
2025031405,77.83
2025031405,77.83
2025031406,107.79
2025031406,107.79
2025031406,107.79
2025031406,107.79
2025031407,108.57
2025031407,108.57
2025031407,108.57
2025031407,108.57
2025031408,80.23
2025031408,80.23
2025031408,80.23
2025031408,80.23
2025031409,77.77
2025031409,77.77
2025031409,77.77
2025031409,77.77
2025031410,58.18
2025031410,58.18
2025031410,58.18
2025031410,58.18
2025031411,34.25
2025031411,34.25
2025031411,34.25
2025031411,34.25
2025031412,10.18
2025031412,10.18
2025031412,10.18
2025031412,10.18
2025031413,0.57
2025031413,0.57
2025031413,0.57
2025031413,0.57
2025031414,0.0
2025031414,0.0
2025031414,0.0
2025031414,0.0
2025031500,0.0
2025031500,0.0
2025031500,0.0
2025031500,0.0
2025031501,0.29
2025031501,0.29
2025031501,0.29
2025031501,0.29
2025031502,12.88
2025031502,12.88
2025031502,12.88
2025031502,12.88
2025031503,39.11
2025031503,39.11
2025031503,39.11
2025031503,39.11
2025031504,68.19
2025031504,68.19
2025031504,68.19
2025031504,68.19
2025031505,92.07
2025031505,92.07
2025031505,92.07
2025031505,92.07
2025031506,107.39
2025031506,107.39
2025031506,107.39
2025031506,107.39
2025031507,113.96
2025031507,113.96
2025031507,113.96
2025031507,113.96
2025031508,110.38
2025031508,110.38
2025031508,110.38
2025031508,110.38
2025031509,91.78
2025031509,91.78
2025031509,91.78
2025031509,91.78
2025031510,76.9
2025031510,76.9
2025031510,76.9
2025031510,76.9
2025031511,32.64
2025031511,32.64
2025031511,32.64
2025031511,32.64
2025031512,13.1
2025031512,13.1
2025031512,13.1
2025031512,13.1
2025031513,0.58
2025031513,0.58
2025031513,0.58
2025031513,0.58
2025031514,0.0
2025031514,0.0
2025031514,0.0
2025031514,0.0
2025031600,0.0
2025031600,0.0
2025031600,0.0
2025031600,0.0
2025031601,0.08
2025031601,0.08
2025031601,0.08
2025031601,0.08
2025031602,4.37
2025031602,4.37
2025031602,4.37
2025031602,4.37
2025031603,9.83
2025031603,9.83
2025031603,9.83
2025031603,9.83
2025031604,18.97
2025031604,18.97
2025031604,18.97
2025031604,18.97
2025031605,37.66
2025031605,37.66
2025031605,37.66
2025031605,37.66
2025031606,72.86
2025031606,72.86
2025031606,72.86
2025031606,72.86
2025031607,0.52
2025031607,0.52
2025031607,0.52
2025031607,0.52
2025031608,0.0
2025031608,0.0
2025031608,0.0
2025031608,0.0
2025031609,55.55
2025031609,55.55
2025031609,55.55
2025031609,55.55
2025031610,54.23
2025031610,54.23
2025031610,54.23
2025031610,54.23
2025031611,31.73
2025031611,31.73
2025031611,31.73
2025031611,31.73
2025031612,14.18
2025031612,14.18
2025031612,14.18
2025031612,14.18
2025031613,0.79
2025031613,0.79
2025031613,0.79
2025031613,0.79
2025031614,0.0
2025031614,0.0
2025031614,0.0
2025031614,0.0
2025031700,0.0
2025031700,0.0
2025031700,0.0
2025031700,0.0
2025031701,0.75
2025031701,0.75
2025031701,0.75
2025031701,0.75
2025031702,15.44
2025031702,15.44
2025031702,15.44
2025031702,15.44
2025031703,41.95
2025031703,41.95
2025031703,41.95
2025031703,41.95
2025031704,72.1
2025031704,72.1
2025031704,72.1
2025031704,72.1
2025031705,94.58
2025031705,94.58
2025031705,94.58
2025031705,94.58
2025031706,107.11
2025031706,107.11
2025031706,107.11
2025031706,107.11
2025031707,112.11
2025031707,112.11
2025031707,112.11
2025031707,112.11
2025031708,108.65
2025031708,108.65
2025031708,108.65
2025031708,108.65
2025031709,98.56
2025031709,98.56
2025031709,98.56
2025031709,98.56
2025031710,76.52
2025031710,76.52
2025031710,76.52
2025031710,76.52
2025031711,47.3
2025031711,47.3
2025031711,47.3
2025031711,47.3
2025031712,17.37
2025031712,17.37
2025031712,17.37
2025031712,17.37
2025031713,1.36
2025031713,1.36
2025031713,1.36
2025031713,1.36
2025031714,0.0
2025031714,0.0
2025031714,0.0
2025031714,0.0
2025031800,0.0
2025031800,0.0
2025031800,0.0
2025031800,0.0
2025031801,0.37
2025031801,0.37
2025031801,0.37
2025031801,0.37
2025031802,12.35
2025031802,12.35
2025031802,12.35
2025031802,12.35
2025031803,40.71
2025031803,40.71
2025031803,40.71
2025031803,40.71
2025031804,42.44
2025031804,42.44
2025031804,42.44
2025031804,42.44
2025031805,77.88
2025031805,77.88
2025031805,77.88
2025031805,77.88
2025031806,6.24
2025031806,6.24
2025031806,6.24
2025031806,6.24
2025031807,0.0
2025031807,0.0
2025031807,0.0
2025031807,0.0
2025031808,92.0
2025031808,92.0
2025031808,92.0
2025031808,92.0
2025031809,29.15
2025031809,29.15
2025031809,29.15
2025031809,29.15
2025031810,12.34
2025031810,12.34
2025031810,12.34
2025031810,12.34
2025031811,5.18
2025031811,5.18
2025031811,5.18
2025031811,5.18
2025031812,0.14
2025031812,0.14
2025031812,0.14
2025031812,0.14
2025031813,0.0
2025031813,0.0
2025031813,0.0
2025031813,0.0
2025031900,0.0
2025031900,0.0
2025031900,0.0
2025031900,0.0
2025031901,0.77
2025031901,0.77
2025031901,0.77
2025031901,0.77
2025031902,16.15
2025031902,16.15
2025031902,16.15
2025031902,16.15
2025031903,48.88
2025031903,48.88
2025031903,48.88
2025031903,48.88
2025031904,81.25
2025031904,81.25
2025031904,81.25
2025031904,81.25
2025031905,104.52
2025031905,104.52
2025031905,104.52
2025031905,104.52
2025031906,6.7
2025031906,6.7
2025031906,6.7
2025031906,6.7
2025031907,0.0
2025031907,0.0
2025031907,0.0
2025031907,0.0
2025031908,82.25
2025031908,82.25
2025031908,82.25
2025031908,82.25
2025031909,55.27
2025031909,55.27
2025031909,55.27
2025031909,55.27
2025031910,20.04
2025031910,20.04
2025031910,20.04
2025031910,20.04
2025031911,1.22
2025031911,1.22
2025031911,1.22
2025031911,1.22
2025031912,0.0
2025031912,0.0
2025031912,0.0
2025031912,0.0
2025032000,0.0
2025032000,0.0
2025032000,0.0
2025032000,0.0
2025032001,1.46
2025032001,1.46
2025032001,1.46
2025032001,1.46
2025032002,15.81
2025032002,15.81
2025032002,15.81
2025032002,15.81
2025032003,20.03
2025032003,20.03
2025032003,20.03
2025032003,20.03
2025032004,42.09
2025032004,42.09
2025032004,42.09
2025032004,42.09
2025032005,76.44
2025032005,76.44
2025032005,76.44
2025032005,76.44
2025032006,105.54
2025032006,105.54
2025032006,105.54
2025032006,105.54
2025032007,6.72
2025032007,6.72
2025032007,6.72
2025032007,6.72
2025032008,0.0
2025032008,0.0
2025032008,0.0
2025032008,0.0
2025032009,96.09
2025032009,96.09
2025032009,96.09
2025032009,96.09
2025032010,79.29
2025032010,79.29
2025032010,79.29
2025032010,79.29
2025032011,50.02
2025032011,50.02
2025032011,50.02
2025032011,50.02
2025032012,17.39
2025032012,17.39
2025032012,17.39
2025032012,17.39
2025032013,1.25
2025032013,1.25
2025032013,1.25
2025032013,1.25
2025032014,0.0
2025032014,0.0
2025032014,0.0
2025032014,0.0
2025032100,0.0
2025032100,0.0
2025032100,0.0
2025032100,0.0
2025032101,1.09
2025032101,1.09
2025032101,1.09
2025032101,1.09
2025032102,16.1
2025032102,16.1
2025032102,16.1
2025032102,16.1
2025032103,47.37
2025032103,47.37
2025032103,47.37
2025032103,47.37
2025032104,80.35
2025032104,80.35
2025032104,80.35
2025032104,80.35
2025032105,105.15
2025032105,105.15
2025032105,105.15
2025032105,105.15
2025032106,119.77
2025032106,119.77
2025032106,119.77
2025032106,119.77
2025032107,7.34
2025032107,7.34
2025032107,7.34
2025032107,7.34
2025032108,0.0
2025032108,0.0
2025032108,0.0
2025032108,0.0
2025032109,99.55
2025032109,99.55
2025032109,99.55
2025032109,99.55
2025032110,80.87
2025032110,80.87
2025032110,80.87
2025032110,80.87
2025032111,50.74
2025032111,50.74
2025032111,50.74
2025032111,50.74
2025032112,18.56
2025032112,18.56
2025032112,18.56
2025032112,18.56
2025032113,1.9
2025032113,1.9
2025032113,1.9
2025032113,1.9
2025032114,0.0
2025032114,0.0
2025032114,0.0
2025032114,0.0
2025032200,0.0
2025032200,0.0
2025032200,0.0
2025032200,0.0
2025032201,1.15
2025032201,1.15
2025032201,1.15
2025032201,1.15
2025032202,17.0
2025032202,17.0
2025032202,17.0
2025032202,17.0
2025032203,49.99
2025032203,49.99
2025032203,49.99
2025032203,49.99
2025032204,1.66
2025032204,1.66
2025032204,1.66
2025032204,1.66
2025032205,0.0
2025032205,0.0
2025032205,0.0
2025032205,0.0
2025032206,20.6
2025032206,20.6
2025032206,20.6
2025032206,20.6
2025032207,1.76
2025032207,1.76
2025032207,1.76
2025032207,1.76
2025032208,0.0
2025032208,0.0
2025032208,0.0
2025032208,0.0
2025032300,0.0
2025032300,0.0
2025032300,0.0
2025032300,0.0
2025032301,9.06
2025032301,9.06
2025032301,9.06
2025032301,9.06
2025032302,4.46
2025032302,4.46
2025032302,4.46
2025032302,4.46
2025032303,0.51
2025032303,0.51
2025032303,0.51
2025032303,0.51
2025032304,0.0
2025032304,0.0
2025032304,0.0
2025032304,0.0
2025032400,0.0
2025032400,0.0
2025032400,0.0
2025032400,0.0
2025032401,1.39
2025032401,1.39
2025032401,1.39
2025032401,1.39
2025032402,15.36
2025032402,15.36
2025032402,15.36
2025032402,15.36
2025032403,46.35
2025032403,46.35
2025032403,46.35
2025032403,46.35
2025032404,76.48
2025032404,76.48
2025032404,76.48
2025032404,76.48
2025032405,99.25
2025032405,99.25
2025032405,99.25
2025032405,99.25
2025032406,108.24
2025032406,108.24
2025032406,108.24
2025032406,108.24
2025032407,111.73
2025032407,111.73
2025032407,111.73
2025032407,111.73
2025032408,107.53
2025032408,107.53
2025032408,107.53
2025032408,107.53
2025032409,91.68
2025032409,91.68
2025032409,91.68
2025032409,91.68
2025032410,73.34
2025032410,73.34
2025032410,73.34
2025032410,73.34
2025032411,45.37
2025032411,45.37
2025032411,45.37
2025032411,45.37
2025032412,18.58
2025032412,18.58
2025032412,18.58
2025032412,18.58
2025032413,2.05
2025032413,2.05
2025032413,2.05
2025032413,2.05
2025032414,0.0
2025032414,0.0
2025032414,0.0
2025032414,0.0
2025032500,0.0
2025032500,0.0
2025032500,0.0
2025032500,0.0
2025032501,0.48
2025032501,0.48
2025032501,0.48
2025032501,0.48
2025032502,8.12
2025032502,8.12
2025032502,8.12
2025032502,8.12
2025032503,20.81
2025032503,20.81
2025032503,20.81
2025032503,20.81
2025032504,17.63
2025032504,17.63
2025032504,17.63
2025032504,17.63
2025032505,30.52
2025032505,30.52
2025032505,30.52
2025032505,30.52
2025032506,42.93
2025032506,42.93
2025032506,42.93
2025032506,42.93
2025032507,54.87
2025032507,54.87
2025032507,54.87
2025032507,54.87
2025032508,36.24
2025032508,36.24
2025032508,36.24
2025032508,36.24
2025032509,19.45
2025032509,19.45
2025032509,19.45
2025032509,19.45
2025032510,10.25
2025032510,10.25
2025032510,10.25
2025032510,10.25
2025032511,10.7
2025032511,10.7
2025032511,10.7
2025032511,10.7
2025032512,4.05
2025032512,4.05
2025032512,4.05
2025032512,4.05
2025032513,0.52
2025032513,0.52
2025032513,0.52
2025032513,0.52
2025032514,0.0
2025032514,0.0
2025032514,0.0
2025032514,0.0
2025032600,0.0
2025032600,0.0
2025032600,0.0
2025032600,0.0
2025032601,1.25
2025032601,1.25
2025032601,1.25
2025032601,1.25
2025032602,8.28
2025032602,8.28
2025032602,8.28
2025032602,8.28
2025032603,35.01
2025032603,35.01
2025032603,35.01
2025032603,35.01
2025032604,60.25
2025032604,60.25
2025032604,60.25
2025032604,60.25
2025032605,77.53
2025032605,77.53
2025032605,77.53
2025032605,77.53
2025032606,87.92
2025032606,87.92
2025032606,87.92
2025032606,87.92
2025032607,97.38
2025032607,97.38
2025032607,97.38
2025032607,97.38
2025032608,111.63
2025032608,111.63
2025032608,111.63
2025032608,111.63
2025032609,103.92
2025032609,103.92
2025032609,103.92
2025032609,103.92
2025032610,82.81
2025032610,82.81
2025032610,82.81
2025032610,82.81
2025032611,47.16
2025032611,47.16
2025032611,47.16
2025032611,47.16
2025032612,15.74
2025032612,15.74
2025032612,15.74
2025032612,15.74
2025032613,2.36
2025032613,2.36
2025032613,2.36
2025032613,2.36
2025032614,0.0
2025032614,0.0
2025032614,0.0
2025032614,0.0
2025032700,0.0
2025032700,0.0
2025032700,0.0
2025032700,0.0
2025032701,0.6
2025032701,0.6
2025032701,0.6
2025032701,0.6
2025032702,8.48
2025032702,8.48
2025032702,8.48
2025032702,8.48
2025032703,13.14
2025032703,13.14
2025032703,13.14
2025032703,13.14
2025032704,16.03
2025032704,16.03
2025032704,16.03
2025032704,16.03
2025032705,30.04
2025032705,30.04
2025032705,30.04
2025032705,30.04
2025032706,47.85
2025032706,47.85
2025032706,47.85
2025032706,47.85
2025032707,96.64
2025032707,96.64
2025032707,96.64
2025032707,96.64
2025032708,85.39
2025032708,85.39
2025032708,85.39
2025032708,85.39
2025032709,90.89
2025032709,90.89
2025032709,90.89
2025032709,90.89
2025032710,53.49
2025032710,53.49
2025032710,53.49
2025032710,53.49
2025032711,27.03
2025032711,27.03
2025032711,27.03
2025032711,27.03
2025032712,13.15
2025032712,13.15
2025032712,13.15
2025032712,13.15
2025032713,1.61
2025032713,1.61
2025032713,1.61
2025032713,1.61
2025032714,0.0
2025032714,0.0
2025032714,0.0
2025032714,0.0
2025032800,0.0
2025032800,0.0
2025032800,0.0
2025032800,0.0
2025032801,2.53
2025032801,2.53
2025032801,2.53
2025032801,2.53
2025032802,19.97
2025032802,19.97
2025032802,19.97
2025032802,19.97
2025032803,48.9
2025032803,48.9
2025032803,48.9
2025032803,48.9
2025032804,78.21
2025032804,78.21
2025032804,78.21
2025032804,78.21
2025032805,69.04
2025032805,69.04
2025032805,69.04
2025032805,69.04
2025032806,4.41
2025032806,4.41
2025032806,4.41
2025032806,4.41
2025032807,0.0
2025032807,0.0
2025032807,0.0
2025032807,0.0
2025032808,12.82
2025032808,12.82
2025032808,12.82
2025032808,12.82
2025032809,9.74
2025032809,9.74
2025032809,9.74
2025032809,9.74
2025032810,7.01
2025032810,7.01
2025032810,7.01
2025032810,7.01
2025032811,2.07
2025032811,2.07
2025032811,2.07
2025032811,2.07
2025032812,0.03
2025032812,0.03
2025032812,0.03
2025032812,0.03
2025032813,0.0
2025032813,0.0
2025032813,0.0
2025032813,0.0
2025032901,0.0
2025032901,0.0
2025032901,0.0
2025032901,0.0
2025032902,3.84
2025032902,3.84
2025032902,3.84
2025032902,3.84
2025032903,24.14
2025032903,24.14
2025032903,24.14
2025032903,24.14
2025032904,53.57
2025032904,53.57
2025032904,53.57
2025032904,53.57
2025032905,79.6
2025032905,79.6
2025032905,79.6
2025032905,79.6
2025032906,72.43
2025032906,72.43
2025032906,72.43
2025032906,72.43
2025032907,90.18
2025032907,90.18
2025032907,90.18
2025032907,90.18
2025032908,84.31
2025032908,84.31
2025032908,84.31
2025032908,84.31
2025032909,92.99
2025032909,92.99
2025032909,92.99
2025032909,92.99
2025032910,71.87
2025032910,71.87
2025032910,71.87
2025032910,71.87
2025032911,63.09
2025032911,63.09
2025032911,63.09
2025032911,63.09
2025032912,52.6
2025032912,52.6
2025032912,52.6
2025032912,52.6
2025032913,22.17
2025032913,22.17
2025032913,22.17
2025032913,22.17
2025032914,2.95
2025032914,2.95
2025032914,2.95
2025032914,2.95
2025032915,0.0
2025032915,0.0
2025032915,0.0
2025032915,0.0
2025033000,0.0
2025033000,0.0
2025033000,0.0
2025033000,0.0
2025033001,9.01
2025033001,9.01
2025033001,9.01
2025033001,9.01
2025033002,1.28
2025033002,1.28
2025033002,1.28
2025033002,1.28
2025033003,0.0
2025033003,0.0
2025033003,0.0
2025033003,0.0
2025033100,0.0
2025033100,0.0
2025033100,0.0
2025033100,0.0
2025033101,3.26
2025033101,3.26
2025033101,3.26
2025033101,3.26
2025033102,25.17
2025033102,25.17
2025033102,25.17
2025033102,25.17
2025033103,59.34
2025033103,59.34
2025033103,59.34
2025033103,59.34
2025033104,88.54
2025033104,88.54
2025033104,88.54
2025033104,88.54
2025033105,108.11
2025033105,108.11
2025033105,108.11
2025033105,108.11
2025033106,118.36
2025033106,118.36
2025033106,118.36
2025033106,118.36
2025033107,123.96
2025033107,123.96
2025033107,123.96
2025033107,123.96
2025033108,98.38
2025033108,98.38
2025033108,98.38
2025033108,98.38
2025033109,85.01
2025033109,85.01
2025033109,85.01
2025033109,85.01
2025033110,59.16
2025033110,59.16
2025033110,59.16
2025033110,59.16
2025033111,59.05
2025033111,59.05
2025033111,59.05
2025033111,59.05
2025033112,26.46
2025033112,26.46
2025033112,26.46
2025033112,26.46
2025033113,3.43
2025033113,3.43
2025033113,3.43
2025033113,3.43
2025033114,0.0
2025033114,0.0
2025033114,0.0
2025033114,0.0
2025040100,0.0
2025040100,0.0
2025040100,0.0
2025040100,0.0
2025040101,4.9
2025040101,4.9
2025040101,4.9
2025040101,4.9
2025040102,27.06
2025040102,27.06
2025040102,27.06
2025040102,27.06
2025040103,33.37
2025040103,33.37
2025040103,33.37
2025040103,33.37
2025040104,61.37
2025040104,61.37
2025040104,61.37
2025040104,61.37
2025040105,107.29
2025040105,107.29
2025040105,107.29
2025040105,107.29
2025040106,118.68
2025040106,118.68
2025040106,118.68
2025040106,118.68
2025040107,121.52
2025040107,121.52
2025040107,121.52
2025040107,121.52
2025040108,117.13
2025040108,117.13
2025040108,117.13
2025040108,117.13
2025040109,105.44
2025040109,105.44
2025040109,105.44
2025040109,105.44
2025040110,85.16
2025040110,85.16
2025040110,85.16
2025040110,85.16
2025040111,57.36
2025040111,57.36
2025040111,57.36
2025040111,57.36
2025040112,25.42
2025040112,25.42
2025040112,25.42
2025040112,25.42
2025040113,3.57
2025040113,3.57
2025040113,3.57
2025040113,3.57
2025040114,0.0
2025040114,0.0
2025040114,0.0
2025040114,0.0
2025040200,0.0
2025040200,0.0
2025040200,0.0
2025040200,0.0
2025040201,4.94
2025040201,4.94
2025040201,4.94
2025040201,4.94
2025040202,26.26
2025040202,26.26
2025040202,26.26
2025040202,26.26
2025040203,59.15
2025040203,59.15
2025040203,59.15
2025040203,59.15
2025040204,86.33
2025040204,86.33
2025040204,86.33
2025040204,86.33
2025040205,11.74
2025040205,11.74
2025040205,11.74
2025040205,11.74
2025040206,7.31
2025040206,7.31
2025040206,7.31
2025040206,7.31
2025040207,8.14
2025040207,8.14
2025040207,8.14
2025040207,8.14
2025040208,7.93
2025040208,7.93
2025040208,7.93
2025040208,7.93
2025040209,12.44
2025040209,12.44
2025040209,12.44
2025040209,12.44
2025040210,5.2
2025040210,5.2
2025040210,5.2
2025040210,5.2
2025040211,53.78
2025040211,53.78
2025040211,53.78
2025040211,53.78
2025040212,25.54
2025040212,25.54
2025040212,25.54
2025040212,25.54
2025040213,3.64
2025040213,3.64
2025040213,3.64
2025040213,3.64
2025040214,0.0
2025040214,0.0
2025040214,0.0
2025040214,0.0
2025040300,0.0
2025040300,0.0
2025040300,0.0
2025040300,0.0
2025040301,0.01
2025040301,0.01
2025040301,0.01
2025040301,0.01
2025040302,5.71
2025040302,5.71
2025040302,5.71
2025040302,5.71
2025040303,27.59
2025040303,27.59
2025040303,27.59
2025040303,27.59
2025040304,60.43
2025040304,60.43
2025040304,60.43
2025040304,60.43
2025040305,85.99
2025040305,85.99
2025040305,85.99
2025040305,85.99
2025040306,12.03
2025040306,12.03
2025040306,12.03
2025040306,12.03
2025040307,7.25
2025040307,7.25
2025040307,7.25
2025040307,7.25
2025040308,7.52
2025040308,7.52
2025040308,7.52
2025040308,7.52
2025040309,7.27
2025040309,7.27
2025040309,7.27
2025040309,7.27
2025040310,6.17
2025040310,6.17
2025040310,6.17
2025040310,6.17
2025040311,79.68
2025040311,79.68
2025040311,79.68
2025040311,79.68
2025040312,55.96
2025040312,55.96
2025040312,55.96
2025040312,55.96
2025040313,25.43
2025040313,25.43
2025040313,25.43
2025040313,25.43
2025040314,4.4
2025040314,4.4
2025040314,4.4
2025040314,4.4
2025040315,0.0
2025040315,0.0
2025040315,0.0
2025040315,0.0
2025040400,0.0
2025040400,0.0
2025040400,0.0
2025040400,0.0
2025040401,5.25
2025040401,5.25
2025040401,5.25
2025040401,5.25
2025040402,28.15
2025040402,28.15
2025040402,28.15
2025040402,28.15
2025040403,61.8
2025040403,61.8
2025040403,61.8
2025040403,61.8
2025040404,91.79
2025040404,91.79
2025040404,91.79
2025040404,91.79
2025040405,116.17
2025040405,116.17
2025040405,116.17
2025040405,116.17
2025040406,7.25
2025040406,7.25
2025040406,7.25
2025040406,7.25
2025040407,0.0
2025040407,0.0
2025040407,0.0
2025040407,0.0
2025040408,83.96
2025040408,83.96
2025040408,83.96
2025040408,83.96
2025040409,55.39
2025040409,55.39
2025040409,55.39
2025040409,55.39
2025040410,28.19
2025040410,28.19
2025040410,28.19
2025040410,28.19
2025040411,4.94
2025040411,4.94
2025040411,4.94
2025040411,4.94
2025040412,0.0
2025040412,0.0
2025040412,0.0
2025040412,0.0
2025040500,0.0
2025040500,0.0
2025040500,0.0
2025040500,0.0
2025040501,0.36
2025040501,0.36
2025040501,0.36
2025040501,0.36
2025040502,6.42
2025040502,6.42
2025040502,6.42
2025040502,6.42
2025040503,18.02
2025040503,18.02
2025040503,18.02
2025040503,18.02
2025040504,67.01
2025040504,67.01
2025040504,67.01
2025040504,67.01
2025040505,5.61
2025040505,5.61
2025040505,5.61
2025040505,5.61
2025040506,0.0
2025040506,0.0
2025040506,0.0
2025040506,0.0
2025040507,29.53
2025040507,29.53
2025040507,29.53
2025040507,29.53
2025040508,5.09
2025040508,5.09
2025040508,5.09
2025040508,5.09
2025040509,0.0
2025040509,0.0
2025040509,0.0
2025040509,0.0
2025040600,0.0
2025040600,0.0
2025040600,0.0
2025040600,0.0
2025040601,0.09
2025040601,0.09
2025040601,0.09
2025040601,0.09
2025040602,8.12
2025040602,8.12
2025040602,8.12
2025040602,8.12
2025040603,33.89
2025040603,33.89
2025040603,33.89
2025040603,33.89
2025040604,1.06
2025040604,1.06
2025040604,1.06
2025040604,1.06
2025040605,0.0
2025040605,0.0
2025040605,0.0
2025040605,0.0
2025040606,29.46
2025040606,29.46
2025040606,29.46
2025040606,29.46
2025040607,5.37
2025040607,5.37
2025040607,5.37
2025040607,5.37
2025040608,0.0
2025040608,0.0
2025040608,0.0
2025040608,0.0
2025040700,0.0
2025040700,0.0
2025040700,0.0
2025040700,0.0
2025040701,3.11
2025040701,3.11
2025040701,3.11
2025040701,3.11
2025040702,12.78
2025040702,12.78
2025040702,12.78
2025040702,12.78
2025040703,25.1
2025040703,25.1
2025040703,25.1
2025040703,25.1
2025040704,33.51
2025040704,33.51
2025040704,33.51
2025040704,33.51
2025040705,52.43
2025040705,52.43
2025040705,52.43
2025040705,52.43
2025040706,93.46
2025040706,93.46
2025040706,93.46
2025040706,93.46
2025040707,85.46
2025040707,85.46
2025040707,85.46
2025040707,85.46
2025040708,63.23
2025040708,63.23
2025040708,63.23
2025040708,63.23
2025040709,111.19
2025040709,111.19
2025040709,111.19
2025040709,111.19
2025040710,93.62
2025040710,93.62
2025040710,93.62
2025040710,93.62
2025040711,64.11
2025040711,64.11
2025040711,64.11
2025040711,64.11
2025040712,28.95
2025040712,28.95
2025040712,28.95
2025040712,28.95
2025040713,5.79
2025040713,5.79
2025040713,5.79
2025040713,5.79
2025040714,0.07
2025040714,0.07
2025040714,0.07
2025040714,0.07
2025040715,0.0
2025040715,0.0
2025040715,0.0
2025040715,0.0
2025040800,0.0
2025040900,0.0
2025040905,1.285
2025040906,7.59
2025040907,17.3
2025040908,42.9525
2025040909,86.775
2025040910,111.275
2025040911,112.325
2025040912,105.4575
2025040913,111.2625
2025040914,92.03
2025040915,57.9
2025040916,31.6275
2025040917,7.695
2025040918,0.185
2025040919,0.0
2025041000,0.0
2025041005,1.0
2025041005,2.44
2025041005,3.61
2025041005,5.17
2025041006,7.03
2025041006,10.04
2025041006,13.14
2025041006,16.79
2025041007,20.42
2025041007,26.05
2025041007,37.25
2025041007,50.37
2025041008,60.21
2025041008,68.95
2025041008,79.18
2025041008,80.53
2025041009,69.99
2025041009,46.78
2025041009,36.42
2025041009,45.94
2025041010,51.62
2025041010,46.95
2025041010,70.6
2025041010,98.31
2025041011,101.26
2025041011,106.99
2025041011,131.29
2025041011,133.86
2025041012,31.69
2025041012,0.0
2025041014,91.95
2025041014,101.39
2025041014,95.14
2025041014,87.44
2025041015,79.8
2025041015,71.57
2025041015,63.1
2025041015,54.33
2025041016,44.01
2025041016,27.18
2025041016,10.4
2025041016,4.01
2025041017,2.51
2025041017,1.45
2025041017,0.01
2025041017,0.0
2025041100,0.0
2025041104,0.29
2025041105,2.19
2025041105,4.11
2025041105,5.52
2025041105,5.22
2025041106,2.95
2025041106,4.07
2025041106,5.68
2025041106,9.14
2025041107,11.87
2025041107,14.12
2025041107,19.35
2025041107,16.77
2025041108,16.08
2025041108,15.61
2025041108,15.58
2025041108,17.67
2025041109,0.81
2025041109,0.0
2025041112,22.02
2025041112,36.47
2025041112,0.0
2025041115,16.32
2025041115,11.63
2025041115,15.51
2025041115,9.45
2025041116,7.96
2025041116,6.56
2025041116,5.04
2025041116,5.81
2025041117,4.42
2025041117,3.45
2025041117,1.86
2025041117,0.0
2025041200,0.0
2025041205,1.45
2025041205,2.41
2025041205,3.65
2025041206,4.86
2025041206,5.87
2025041206,8.45
2025041206,11.2
2025041207,16.19
2025041207,15.17
2025041207,20.17
2025041207,22.08
2025041208,23.86
2025041208,24.8
2025041208,27.26
2025041208,29.97
2025041209,2.04
2025041209,0.0
2025041215,68.52
2025041215,70.78
2025041215,62.87
2025041215,54.37
2025041216,45.6
2025041216,36.78
2025041216,28.12
2025041216,20.13
2025041217,13.24
2025041217,7.85
2025041217,4.49
2025041217,2.65
2025041218,0.94
2025041218,0.0
2025041300,0.0
2025041304,0.53
2025041304,1.94
2025041305,3.7
2025041305,6.24
2025041305,10.63
2025041305,18.89
2025041306,30.25
2025041306,43.8
2025041306,37.02
2025041306,32.41
2025041307,59.04
2025041307,51.04
2025041307,54.33
2025041307,44.95
2025041308,1.81
2025041308,0.0
2025041315,30.52
2025041315,22.28
2025041315,21.38
2025041315,12.33
2025041316,8.8
2025041316,11.48
2025041316,8.75
2025041316,7.35
2025041317,5.04
2025041317,6.21
2025041317,5.38
2025041317,2.57
2025041318,0.97
2025041318,0.0
2025041400,0.0
2025041404,0.93
2025041405,2.82
2025041405,5.29
2025041405,8.16
2025041405,5.83
2025041406,7.48
2025041406,10.32
2025041406,2.5
2025041406,4.23
2025041407,5.37
2025041407,3.08
2025041407,1.22
2025041407,4.15
2025041408,5.37
2025041408,6.07
2025041408,14.28
2025041408,28.88
2025041409,71.28
2025041409,44.38
2025041409,23.51
2025041409,12.92
2025041410,6.14
2025041410,8.77
2025041410,10.58
2025041410,10.51
2025041411,17.94
2025041411,31.4
2025041411,46.77
2025041411,114.22
2025041412,90.26
2025041412,98.21
2025041412,58.44
2025041412,100.56
2025041413,131.57
2025041413,68.63
2025041413,114.35
2025041413,108.63
2025041414,63.83
2025041414,63.67
2025041414,93.17
2025041414,100.57
2025041415,86.02
2025041415,72.06
2025041415,66.03
2025041415,49.43
2025041416,34.39
2025041416,36.88
2025041416,29.17
2025041416,21.52
2025041417,15.7
2025041417,8.89
2025041417,4.97
2025041417,2.94
2025041418,1.51
2025041418,0.0
2025041500,0.0
2025041504,1.44
2025041504,3.76
2025041505,6.42
2025041505,9.21
2025041505,12.58
2025041505,13.31
2025041506,19.07
2025041506,31.82
2025041506,41.86
2025041506,47.41
2025041507,57.3
2025041507,67.23
2025041507,58.72
2025041507,84.57
2025041508,86.32
2025041508,76.27
2025041508,92.77
2025041508,115.44
2025041509,109.42
2025041509,68.97
2025041509,83.18
2025041509,88.38
2025041510,30.99
2025041510,0.0
2025041513,99.14
2025041513,116.72
2025041513,112.74
2025041513,107.51
2025041514,102.58
2025041514,96.6
2025041514,89.31
2025041514,83.08
2025041515,75.22
2025041515,66.94
2025041515,57.27
2025041515,44.37
2025041516,39.99
2025041516,31.07
2025041516,26.07
2025041516,18.16
2025041517,14.55
2025041517,10.7
2025041517,6.53
2025041517,3.81
2025041518,1.83
2025041518,0.0
2025041600,0.0
2025041605,1.28
2025041605,3.67
2025041605,2.8
2025041605,9.08
2025041606,14.72
2025041606,15.38
2025041606,18.25
2025041606,13.32
2025041607,16.71
2025041607,19.31
2025041607,19.33
2025041607,24.68
2025041608,35.27
2025041608,34.77
2025041608,36.14
2025041608,43.43
2025041609,47.64
2025041609,48.57
2025041609,85.12
2025041609,96.86
2025041610,120.53
2025041610,128.07
2025041610,127.8
2025041610,125.25
2025041611,119.68
2025041611,102.3
2025041611,110.58
2025041611,135.31
2025041612,107.62
2025041612,122.7
2025041612,119.53
2025041612,122.18
2025041613,121.55
2025041613,113.77
2025041613,111.78
2025041613,107.57
2025041614,101.47
2025041614,93.97
2025041614,87.59
2025041614,83.52
2025041615,72.13
2025041615,47.5
2025041615,60.21
2025041615,45.09
2025041616,25.09
2025041616,21.27
2025041616,21.8
2025041616,14.74
2025041617,6.15
2025041617,5.94
2025041617,4.64
2025041617,3.25
2025041618,1.49
2025041618,0.0
2025041700,0.0
2025041705,0.81
2025041705,1.07
2025041706,1.41
2025041706,4.68
2025041706,6.71
2025041706,3.9
2025041707,6.54
2025041707,5.99
2025041707,6.57
2025041707,25.41
2025041708,9.35
2025041708,1.94
2025041708,5.45
2025041708,6.56
2025041709,8.26
2025041709,10.45
2025041709,12.09
2025041709,6.74
2025041710,12.23
2025041710,12.82
2025041710,18.98
2025041710,16.04
2025041711,12.93
2025041711,11.71
2025041711,16.64
2025041711,14.47
2025041712,18.73
2025041712,15.01
2025041712,12.45
2025041712,16.0
2025041713,8.77
2025041713,9.48
2025041713,7.31
2025041713,3.78
2025041714,2.92
2025041714,3.6
2025041714,3.2
2025041714,6.51
2025041715,3.69
2025041715,6.35
2025041715,8.92
2025041715,5.79
2025041716,6.57
2025041716,3.98
2025041716,1.94
2025041716,1.08
2025041717,0.17
2025041717,0.0
2025041800,0.0
2025041805,0.41
2025041805,3.1
2025041805,3.79
2025041806,4.23
2025041806,5.03
2025041806,4.49
2025041806,9.71
2025041807,14.83
2025041807,11.88
2025041807,12.96
2025041807,23.69
2025041808,19.14
2025041808,10.62
2025041808,14.9
2025041808,19.01
2025041809,17.57
2025041809,15.82
2025041809,11.65
2025041809,15.49
2025041810,26.56
2025041810,53.37
2025041810,32.31
2025041810,24.82
2025041811,18.51
2025041811,10.49
2025041811,18.03
2025041811,23.47
2025041812,40.83
2025041812,37.23
2025041812,38.5
2025041812,37.52
2025041813,43.84
2025041813,33.42
2025041813,46.12
2025041813,57.76
2025041814,52.36
2025041814,42.37
2025041814,41.31
2025041814,36.68
2025041815,39.31
2025041815,27.6
2025041815,20.38
2025041815,23.91
2025041816,25.41
2025041816,24.07
2025041816,18.46
2025041816,14.82
2025041817,13.22
2025041817,10.03
2025041817,7.15
2025041817,5.12
2025041818,3.68
2025041818,1.9
2025041818,0.48
2025041818,0.0
2025041900,0.0
2025041904,0.97
2025041905,3.11
2025041905,6.07
2025041905,7.82
2025041905,8.58
2025041906,10.81
2025041906,14.76
2025041906,16.88
2025041906,24.61
2025041907,23.78
2025041907,21.13
2025041907,22.73
2025041907,22.54
2025041908,23.72
2025041908,20.51
2025041908,15.13
2025041908,14.22
2025041909,16.31
2025041909,16.23
2025041909,16.64
2025041909,16.96
2025041910,0.41
2025041910,0.0
2025041915,12.43
2025041915,10.15
2025041915,7.26
2025041915,4.74
2025041916,2.5
2025041916,1.5
2025041916,0.95
2025041916,0.0
2025041917,0.01
2025041917,1.03
2025041917,0.34
2025041918,0.05
2025041918,0.0
2025042000,0.0
2025042005,0.59
2025042005,2.12
2025042005,3.03
2025042005,3.52
2025042006,3.99
2025042006,4.37
2025042006,4.48
2025042006,4.44
2025042007,7.73
2025042007,10.42
2025042007,10.79
2025042007,12.1
2025042008,0.56
2025042008,0.0
2025042015,8.35
2025042015,9.72
2025042015,8.18
2025042015,6.59
2025042016,4.52
2025042016,3.78
2025042016,3.7
2025042016,3.18
2025042017,2.2
2025042017,1.95
2025042017,1.49
2025042017,0.62
2025042018,0.0
2025042100,0.0
2025042104,0.19
2025042104,1.93
2025042105,4.13
2025042105,5.3
2025042105,4.76
2025042105,4.08
2025042106,5.44
2025042106,7.73
2025042106,11.4
2025042106,11.32
2025042107,18.33
2025042107,19.36
2025042107,14.25
2025042107,17.25
2025042108,15.86
2025042108,9.55
2025042108,9.41
2025042108,12.85
2025042109,14.15
2025042109,15.68
2025042109,20.03
2025042109,28.92
2025042110,17.57
2025042110,16.56
2025042110,13.54
2025042110,11.12
2025042111,17.24
2025042111,21.56
2025042111,10.13
2025042111,9.33
2025042112,16.36
2025042112,23.36
2025042112,21.34
2025042112,14.8
2025042113,31.05
2025042113,33.99
2025042113,21.43
2025042113,20.17
2025042114,17.77
2025042114,22.5
2025042114,25.27
2025042114,33.12
2025042115,20.68
2025042115,24.66
2025042115,14.79
2025042115,8.84
2025042116,7.03
2025042116,8.29
2025042116,4.4
2025042116,5.13
2025042117,9.36
2025042117,11.44
2025042117,6.89
2025042117,4.26
2025042118,1.73
2025042118,0.45
2025042118,0.0
2025042200,0.0
2025042204,0.27
2025042204,2.0
2025042205,1.92
2025042205,2.81
2025042205,4.35
2025042205,7.85
2025042206,14.85
2025042206,17.6
2025042206,30.52
2025042206,30.09
2025042207,51.52
2025042207,28.42
2025042207,9.91
2025042207,18.39
2025042208,26.83
2025042208,47.34
2025042208,71.14
2025042208,83.45
2025042209,60.81
2025042209,70.88
2025042209,77.0
2025042209,46.74
2025042210,46.6
2025042210,29.01
2025042210,24.35
2025042210,44.46
2025042211,48.87
2025042211,25.83
2025042211,41.22
2025042211,39.58
2025042212,24.78
2025042212,24.05
2025042212,32.17
2025042212,41.77
2025042213,77.43
2025042213,50.07
2025042213,37.88
2025042213,37.3
2025042214,30.24
2025042214,75.59
2025042214,56.24
2025042214,33.01
2025042215,51.0
2025042215,48.34
2025042215,56.84
2025042215,26.2
2025042216,19.97
2025042216,14.21
2025042216,7.05
2025042216,9.14
2025042217,20.62
2025042217,11.66
2025042217,8.58
2025042217,5.96
2025042218,3.02
2025042218,1.57
2025042218,0.07
2025042218,0.0
2025042300,0.0
2025042304,1.18
2025042304,2.53
2025042305,3.83
2025042305,4.35
2025042305,8.43
2025042305,12.23
2025042306,14.57
2025042306,20.6
2025042306,36.38
2025042306,34.64
2025042307,29.92
2025042307,32.1
2025042307,37.99
2025042307,60.45
2025042308,52.06
2025042308,43.94
2025042308,60.22
2025042308,81.09
2025042309,49.58
2025042309,27.45
2025042309,24.75
2025042309,18.69
2025042310,23.77
2025042310,24.99
2025042310,25.83
2025042310,28.68
2025042311,41.9
2025042311,42.38
2025042311,37.23
2025042311,29.47
2025042312,36.29
2025042312,40.74
2025042312,61.9
2025042312,76.52
2025042313,63.37
2025042313,52.01
2025042313,45.29
2025042313,37.76
2025042314,47.17
2025042314,48.44
2025042314,41.37
2025042314,35.5
2025042315,35.01
2025042315,40.79
2025042315,52.86
2025042315,41.23
2025042316,30.07
2025042316,26.02
2025042316,26.77
2025042316,25.64
2025042317,20.85
2025042317,13.98
2025042317,7.3
2025042317,4.73
2025042318,3.02
2025042318,1.51
2025042318,0.0
2025042400,0.0
2025042404,0.21
2025042404,1.66
2025042404,2.89
2025042404,4.39
2025042405,5.73
2025042405,8.14
2025042405,10.24
2025042405,11.03
2025042406,10.91
2025042406,10.51
2025042406,10.44
2025042406,12.5
2025042407,15.21
2025042407,20.47
2025042407,21.79
2025042407,26.29
2025042408,31.63
2025042408,35.7
2025042408,38.4
2025042408,37.27
2025042409,48.06
2025042409,59.37
2025042409,86.47
2025042409,117.66
2025042410,122.24
2025042410,123.3
2025042410,120.85
2025042410,101.7
2025042411,74.22
2025042411,74.7
2025042411,67.32
2025042411,112.47
2025042412,63.52
2025042412,62.96
2025042412,121.81
2025042412,40.97
2025042413,87.35
2025042413,124.21
2025042413,54.38
2025042413,94.21
2025042414,50.11
2025042414,81.23
2025042414,34.93
2025042414,47.02
2025042415,56.8
2025042415,57.79
2025042415,27.33
2025042415,52.86
2025042416,48.58
2025042416,18.68
2025042416,41.91
2025042416,25.75
2025042417,20.26
2025042417,18.98
2025042417,10.8
2025042417,5.18
2025042418,3.21
2025042418,1.82
2025042418,0.18
2025042418,0.0
2025042500,0.0
2025042504,0.01
2025042504,1.56
2025042504,3.42
2025042504,6.02
2025042505,9.05
2025042505,13.11
2025042505,17.74
2025042505,23.15
2025042506,28.34
2025042506,33.87
2025042506,42.02
2025042506,58.22
2025042507,70.7
2025042507,78.96
2025042507,87.69
2025042507,94.95
2025042508,101.44
2025042508,107.37
2025042508,112.92
2025042508,118.01
2025042509,122.85
2025042509,127.11
2025042509,130.36
2025042509,133.21
2025042510,135.82
2025042510,137.82
2025042510,138.98
2025042510,140.59
2025042511,140.93
2025042511,140.7
2025042511,130.06
2025042511,130.99
2025042512,134.36
2025042512,139.6
2025042512,136.22
2025042512,133.73
2025042513,131.0
2025042513,127.41
2025042513,122.72
2025042513,117.33
2025042514,113.05
2025042514,107.73
2025042514,100.62
2025042514,94.95
2025042515,88.16
2025042515,80.62
2025042515,72.5
2025042515,64.04
2025042516,55.04
2025042516,46.32
2025042516,37.03
2025042516,27.83
2025042517,19.31
2025042517,13.02
2025042517,7.93
2025042517,4.92
2025042518,3.25
2025042518,1.95
2025042518,0.39
2025042518,0.0
2025042600,0.0
2025042604,0.55
2025042604,1.98
2025042604,3.28
2025042604,5.11
2025042605,8.52
2025042605,12.32
2025042605,18.89
2025042605,26.44
2025042606,35.27
2025042606,44.39
2025042606,53.83
2025042606,62.82
2025042607,71.01
2025042607,77.3
2025042607,85.32
2025042607,91.83
2025042608,100.24
2025042608,106.72
2025042608,111.5
2025042608,117.06
2025042609,29.02
2025042609,0.0
2025042615,58.6
2025042615,32.88
2025042615,40.96
2025042615,62.47
2025042616,54.23
2025042616,45.03
2025042616,36.31
2025042616,27.82
2025042617,19.9
2025042617,13.08
2025042617,8.11
2025042617,5.0
2025042618,2.72
2025042618,1.78
2025042618,0.31
2025042618,0.0
2025042700,0.0
2025042704,0.48
2025042704,1.9
2025042704,3.27
2025042704,5.0
2025042705,8.17
2025042705,13.14
2025042705,19.82
2025042705,27.68
2025042800,0.0
2025042804,0.81
2025042804,2.66
2025042804,4.83
2025042804,7.93
2025042805,10.95
2025042805,16.29
2025042805,22.15
2025042805,24.06
2025042806,39.08
2025042806,47.1
2025042806,50.9
2025042806,47.68
2025042807,66.32
2025042807,79.18
2025042807,79.78
2025042807,91.23
2025042808,98.95
2025042808,103.6
2025042808,112.01
2025042808,114.58
2025042809,28.1
2025042809,0.0
2025042814,59.62
2025042814,49.46
2025042814,54.22
2025042814,32.6
2025042815,34.01
2025042815,64.42
2025042815,55.46
2025042815,63.44
2025042816,63.48
2025042816,49.76
2025042816,35.86
2025042816,23.54
2025042817,14.57
2025042817,12.65
2025042817,12.61
2025042817,11.11
2025042818,5.39
2025042818,2.3
2025042818,0.53
2025042818,0.0
2025042900,0.0
2025042904,0.02
2025042904,1.4
2025042904,1.64
2025042905,2.45
2025042905,4.06
2025042905,4.94
2025042905,8.97
2025042906,9.74
2025042906,12.56
2025042906,16.84
2025042906,16.35
2025042907,19.08
2025042907,24.44
2025042907,27.51
2025042907,24.98
2025042908,25.8
2025042908,33.98
2025042908,60.96
2025042908,76.76
2025042909,21.93
2025042909,0.0
2025042914,90.77
2025042914,103.33
2025042914,96.23
2025042914,93.41
2025042915,79.64
2025042915,76.56
2025042915,72.03
2025042915,63.06
2025042916,52.84
2025042916,42.58
2025042916,34.58
2025042916,29.72
2025042917,20.06
2025042917,14.82
2025042917,10.11
2025042917,5.86
2025042918,3.94
2025042918,2.47
2025042918,0.76
2025042918,0.0
2025043000,0.0
2025043004,0.91
2025043004,1.63
2025043004,3.73
2025043005,7.2
2025043005,10.81
2025043005,13.91
2025043005,18.96
2025043006,27.65
2025043006,32.03
2025043006,35.71
2025043006,50.17
2025043007,49.63
2025043007,61.22
2025043007,67.27
2025043007,69.29
2025043008,94.98
2025043008,90.37
2025043008,101.31
2025043008,97.58
2025043009,26.53
2025043009,0.0
2025043014,90.03
2025043014,104.25
2025043014,97.52
2025043014,90.39
2025043015,82.08
2025043015,73.47
2025043015,53.28
2025043015,43.75
2025043016,51.56
2025043016,42.22
2025043016,33.35
2025043016,24.85
2025043017,21.48
2025043017,16.57
2025043017,9.74
2025043017,5.52
2025043018,4.83
2025043018,3.71
2025043018,1.93
2025043018,0.05
2025043019,0.0
2025050100,0.0
2025050104,1.43
2025050104,3.43
2025050104,5.69
2025050104,8.35
2025050105,12.42
2025050105,13.81
2025050105,16.49
2025050105,19.14
2025050106,31.1
2025050106,37.9
2025050106,39.87
2025050106,39.48
2025050107,2.64
2025050107,0.0
2025050109,10.43
2025050109,101.79
2025050109,0.0
2025050115,73.57
2025050115,78.79
2025050115,71.27
2025050115,63.23
2025050116,54.83
2025050116,46.45
2025050116,32.71
2025050116,25.2
2025050117,24.41
2025050117,13.57
2025050117,8.98
2025050117,5.38
2025050118,3.49
2025050118,2.29
2025050118,1.75
2025050118,0.08
2025050119,0.0
2025050200,0.0
2025050204,1.05
2025050204,3.65
2025050204,11.36
2025050204,14.02
2025050205,9.82
2025050205,2.01
2025050205,0.57
2025050205,4.76
2025050206,10.13
2025050206,5.94
2025050206,4.36
2025050206,5.03
2025050207,4.93
2025050207,15.87
2025050207,31.95
2025050207,18.84
2025050208,0.84
2025050208,0.0
2025050215,78.75
2025050215,83.87
2025050215,77.27
2025050215,68.93
2025050216,60.18
2025050216,49.45
2025050216,38.93
2025050216,31.83
2025050217,22.69
2025050217,14.03
2025050217,10.46
2025050217,6.69
2025050218,4.91
2025050218,3.03
2025050218,2.2
2025050218,0.05
2025050219,0.0
2025050300,0.0
2025050304,1.37
2025050304,2.06
2025050304,4.24
2025050304,8.21
2025050305,10.19
2025050305,15.91
2025050305,17.55
2025050305,29.9
2025050306,11.11
2025050306,13.99
2025050306,28.21
2025050306,35.14
2025050307,27.37
2025050307,25.6
2025050307,33.05
2025050307,27.82
2025050308,2.14
2025050308,0.0
2025050315,9.0
2025050315,10.22
2025050315,14.21
2025050315,22.84
2025050316,60.89
2025050316,45.85
2025050316,17.3
2025050316,33.71
2025050317,20.1
2025050317,16.35
2025050317,3.22
2025050317,1.36
2025050318,5.61
2025050318,2.26
2025050318,1.95
2025050318,0.76
2025050319,0.0
2025050400,0.0
2025050404,0.54
2025050404,1.03
2025050404,4.27
2025050404,7.89
2025050405,9.07
2025050405,8.59
2025050405,7.55
2025050405,9.38
2025050406,26.34
2025050406,49.0
2025050406,56.53
2025050406,66.23
2025050407,20.03
2025050407,0.0
2025050415,40.07
2025050415,48.98
2025050415,53.96
2025050415,49.23
2025050416,40.79
2025050416,35.43
2025050416,32.44
2025050416,25.52
2025050417,31.25
2025050417,13.87
2025050417,10.19
2025050417,8.87
2025050418,5.96
2025050418,3.34
2025050418,1.67
2025050418,0.29
2025050419,0.0
2025050500,0.0
2025050503,0.84
2025050504,2.13
2025050504,3.52
2025050504,5.09
2025050504,7.54
2025050505,11.08
2025050505,17.17
2025050505,24.84
2025050505,33.54
2025050506,42.82
2025050506,52.2
2025050506,61.48
2025050506,70.57
2025050507,79.03
2025050507,87.19
2025050507,94.97
2025050507,101.97
2025050508,109.04
2025050508,110.0
2025050508,120.84
2025050508,126.37
2025050509,129.27
2025050509,132.86
2025050509,136.31
2025050509,140.95
2025050510,140.85
2025050510,140.83
2025050510,130.78
2025050510,125.48
2025050511,140.84
2025050511,115.47
2025050511,140.83
2025050511,140.71
2025050512,124.0
2025050512,140.23
2025050512,140.73
2025050512,123.24
2025050513,140.7
2025050513,140.39
2025050513,132.02
2025050513,96.43
2025050514,119.65
2025050514,114.43
2025050514,107.5
2025050514,100.48
2025050515,94.11
2025050515,88.08
2025050515,69.82
2025050515,67.22
2025050516,60.84
2025050516,51.57
2025050516,42.62
2025050516,33.15
2025050517,24.74
2025050517,17.37
2025050517,11.54
2025050517,7.29
2025050518,4.6
2025050518,3.3
2025050518,2.28
2025050518,0.25
2025050519,0.0
2025050519,2.5
2025050519,0.0
2025050600,0.0
2025050603,1.19
2025050604,2.34
2025050604,4.19
2025050604,5.65
2025050604,8.26
2025050605,11.98
2025050605,17.36
2025050605,24.12
2025050605,32.29
2025050606,40.97
2025050606,50.04
2025050606,59.26
2025050606,68.3
2025050607,77.12
2025050607,85.28
2025050607,92.29
2025050607,101.39
2025050608,107.4
2025050608,113.05
2025050608,119.18
2025050608,122.06
2025050609,125.25
2025050609,128.44
2025050609,124.63
2025050609,135.44
2025050610,114.69
2025050610,109.99
2025050610,130.77
2025050610,136.12
2025050611,126.42
2025050611,130.65
2025050611,105.41
2025050611,114.19
2025050612,88.46
2025050612,77.66
2025050612,116.01
2025050612,89.11
2025050613,114.88
2025050613,56.59
2025050613,125.29
2025050613,63.27
2025050614,62.72
2025050614,111.27
2025050614,68.93
2025050614,58.76
2025050615,92.72
2025050615,80.96
2025050615,68.84
2025050615,40.91
2025050616,49.03
2025050616,46.92
2025050616,40.29
2025050616,30.13
2025050617,24.92
2025050617,20.55
2025050617,14.89
2025050617,10.01
2025050618,6.27
2025050618,3.95
2025050618,1.98
2025050618,0.08
2025050619,0.0
2025050700,0.0
2025050703,1.21
2025050704,2.38
2025050704,3.81
2025050704,5.62
2025050704,8.3
2025050705,12.29
2025050705,18.23
2025050705,24.9
2025050705,32.88
2025050706,41.96
2025050706,51.58
2025050706,60.92
2025050706,69.8
2025050707,79.11
2025050707,88.64
2025050707,87.14
2025050707,99.3
2025050708,106.37
2025050708,112.09
2025050708,117.27
2025050708,122.15
2025050709,126.57
2025050709,131.14
2025050709,133.27
2025050709,128.24
2025050710,132.3
2025050710,118.11
2025050710,87.94
2025050710,136.01
2025050711,140.86
2025050711,140.63
2025050711,140.85
2025050711,140.8
2025050712,140.86
2025050712,137.45
2025050712,109.53
2025050712,127.84
2025050713,131.63
2025050713,111.02
2025050713,112.0
2025050713,57.39
2025050714,121.81
2025050714,118.52
2025050714,59.35
2025050714,95.68
2025050715,81.0
2025050715,79.06
2025050715,76.58
2025050715,67.94
2025050716,58.84
2025050716,50.86
2025050716,41.78
2025050716,32.75
2025050717,25.21
2025050717,17.97
2025050717,9.86
2025050717,6.38
2025050718,3.97
2025050718,2.98
2025050718,2.62
2025050718,2.14
2025050719,0.23
2025050719,0.0
2025050800,0.0
2025050803,0.02
2025050803,1.22
2025050804,2.47
2025050804,4.05
2025050804,6.62
2025050804,10.51
2025050805,13.39
2025050805,18.98
2025050805,25.82
2025050805,33.82
2025050806,42.5
2025050806,49.93
2025050806,44.08
2025050806,57.16
2025050807,37.03
2025050900,0.0
2025050903,0.01
2025050903,1.39
2025050904,3.24
2025050904,5.38
2025050904,7.77
2025050904,10.69
2025050905,13.23
2025050905,20.02
2025050905,31.14
2025050905,38.75
2025050906,36.76
2025050906,46.17
2025050906,55.36
2025050906,61.08
2025050907,58.03
2025050907,62.98
2025050907,80.2
2025050907,97.71
2025050908,104.67
2025050908,85.28
2025050908,88.97
2025050908,114.66
2025050909,27.02
2025050909,0.0
2025050914,56.11
2025050914,64.46
2025050914,74.94
2025050914,90.52
2025050915,64.29
2025050915,59.74
2025050915,65.23
2025050915,57.39
2025050916,35.16
2025050916,30.56
2025050916,27.51
2025050916,19.67
2025050917,15.39
2025050917,12.18
2025050917,10.63
2025050917,10.49
2025050918,6.38
2025050918,4.32
2025050918,3.03
2025050918,0.88
2025050919,0.0
2025051000,0.0
2025051003,0.01
2025051003,1.4
2025051004,3.36
2025051004,6.51
2025051004,8.46
2025051004,9.16
2025051005,14.02
2025051005,17.6
2025051005,24.87
2025051005,33.94
2025051006,34.51
2025051006,42.56
2025051006,56.35
2025051006,67.07
2025051007,73.14
2025051007,76.07
2025051007,83.55
2025051007,89.84
2025051008,105.07
2025051008,95.11
2025051008,108.84
2025051008,90.86
2025051009,79.76
2025051009,88.12
2025051009,91.05
2025051009,81.33
2025051010,109.72
2025051010,140.12
2025051010,140.84
2025051011,26.37
2025051011,0.0
2025051015,78.14
2025051015,84.17
2025051015,77.04
2025051015,69.03
2025051016,59.89
2025051016,50.46
2025051016,42.21
2025051016,33.77
2025051017,25.67
2025051017,18.75
2025051017,12.98
2025051017,8.44
2025051018,5.66
2025051018,4.2
2025051018,2.8
2025051018,1.72
2025051019,0.12
2025051019,0.0
2025051100,0.0
2025051103,0.14
2025051103,1.56
2025051104,3.04
2025051104,4.81
2025051104,6.73
2025051104,9.71
2025051105,13.82
2025051105,19.09
2025051105,22.4
2025051105,29.44
2025051106,36.85
2025051106,46.67
2025051106,53.63
2025051106,53.2
2025051107,55.62
2025051107,61.38
2025051107,60.98
2025051107,85.84
2025051108,97.18
2025051108,105.73
2025051108,112.45
2025051108,111.09
2025051109,120.18
2025051109,126.82
2025051109,130.77
2025051109,134.03
2025051110,30.27
2025051110,0.0
2025051116,52.5
2025051116,49.73
2025051116,42.38
2025051116,34.22
2025051117,26.23
2025051117,18.9
2025051117,12.65
2025051117,8.09
2025051118,5.48
2025051118,4.0
2025051118,2.71
2025051118,1.71
2025051119,0.08
2025051119,0.0
2025051200,0.0
2025051203,0.13
2025051203,1.57
2025051204,2.6
2025051204,3.81
2025051204,5.65
2025051204,8.8
2025051205,13.01
2025051205,19.66
2025051205,27.53
2025051205,35.9
2025051206,44.89
2025051206,54.0
2025051206,62.87
2025051206,71.46
2025051207,79.97
2025051207,87.75
2025051207,94.17
2025051207,97.61
2025051208,104.84
2025051208,111.73
2025051208,118.54
2025051208,123.08
2025051209,127.96
2025051209,132.67
2025051209,136.3
2025051209,138.9
2025051210,140.93
2025051210,140.77
2025051210,140.82
2025051210,140.78
2025051211,140.84
2025051211,140.86
2025051212,140.66
2025051212,133.23
2025051212,140.22
2025051212,137.64
2025051213,133.71
2025051213,130.54
2025051213,126.09
2025051213,121.18
2025051214,116.27
2025051214,111.14
2025051214,105.14
2025051214,98.76
2025051215,90.91
2025051215,84.19
2025051215,76.51
2025051215,68.23
2025051216,59.97
2025051216,51.49
2025051216,43.06
2025051216,34.61
2025051217,26.6
2025051217,19.25
2025051217,13.15
2025051217,8.59
2025051218,5.76
2025051218,4.21
2025051218,2.88
2025051218,1.81
2025051219,0.29
2025051219,0.0
2025051300,0.0
2025051303,0.74
2025051303,1.92
2025051304,3.08
2025051304,4.46
2025051304,6.24
2025051304,9.61
2025051305,14.41
2025051305,20.5
2025051305,27.71
2025051305,35.76
2025051306,44.31
2025051306,53.18
2025051306,61.88
2025051306,69.98
2025051400,0.0
2025051403,0.39
2025051403,2.03
2025051404,2.97
2025051404,4.72
2025051404,6.49
2025051404,4.47
2025051405,6.58
2025051405,12.7
2025051405,23.86
2025051405,25.95
2025051406,24.9
2025051406,32.42
2025051406,66.75
2025051406,75.83
2025051407,79.57
2025051407,86.92
2025051407,93.43
2025051407,100.44
2025051408,25.98
2025051408,0.0
2025051415,50.33
2025051415,45.87
2025051415,37.33
2025051415,32.96
2025051416,31.17
2025051416,31.45
2025051416,29.4
2025051416,26.13
2025051417,19.35
2025051417,15.24
2025051417,13.67
2025051417,9.82
2025051418,7.34
2025051418,4.96
2025051418,3.38
2025051418,2.15
2025051419,0.48
2025051419,0.0
2025051500,0.0
2025051503,1.09
2025051503,2.15
2025051504,3.44
2025051504,4.88
2025051504,6.86
2025051504,10.36
2025051505,15.01
2025051505,21.45
2025051505,29.27
2025051505,37.92
2025051506,47.0
2025051506,56.18
2025051506,64.96
2025051506,73.59
2025051507,82.07
2025051507,89.99
2025051507,97.42
2025051507,104.44
2025051508,110.92
2025051508,116.96
2025051508,122.77
2025051508,127.72
2025051509,31.33
2025051509,0.0
2025051515,78.62
2025051515,87.85
2025051515,80.15
2025051515,71.87
2025051516,63.91
2025051516,55.15
2025051516,46.47
2025051516,37.73
2025051517,29.05
2025051517,21.29
2025051517,14.83
2025051517,9.81
2025051518,6.5
2025051518,4.83
2025051518,3.46
2025051518,2.17
2025051519,0.9
2025051519,0.0
2025051600,0.0
2025051603,0.35
2025051603,1.57
2025051604,2.65
2025051604,3.91
2025051604,5.17
2025051604,6.87
2025051605,6.47
2025051605,13.35
2025051605,21.07
2025051605,30.75
2025051606,36.7
2025051606,46.6
2025051606,60.4
2025051606,72.37
2025051607,80.54
2025051607,88.24
2025051607,95.55
2025051607,102.76
2025051608,109.4
2025051608,115.32
2025051608,120.75
2025051608,126.4
2025051609,30.63
2025051609,0.0
2025051614,98.73
2025051614,115.02
2025051614,109.01
2025051614,100.25
2025051615,84.18
2025051615,81.92
2025051615,76.99
2025051615,68.59
2025051616,45.9
2025051616,48.85
2025051616,45.65
2025051616,37.38
2025051617,28.46
2025051617,19.22
2025051617,13.37
2025051617,9.95
2025051618,6.57
2025051618,4.67
2025051618,3.35
2025051618,2.17
2025051619,1.07
2025051619,0.0
2025051700,0.0
2025051703,1.19
2025051703,2.67
2025051704,4.22
2025051704,5.51
2025051704,7.48
2025051704,10.85
2025051705,15.66
2025051705,21.93
2025051705,29.28
2025051705,37.25
2025051706,45.55
2025051706,54.05
2025051706,62.51
2025051706,70.79
2025051707,20.82
2025051707,0.0
2025051715,50.61
2025051715,84.3
2025051715,76.25
2025051715,51.63
2025051716,46.74
2025051716,29.26
2025051716,30.17
2025051716,29.18
2025051717,29.67
2025051717,21.86
2025051717,14.07
2025051717,6.76
2025051718,6.98
2025051718,5.08
2025051718,3.66
2025051718,2.36
2025051719,1.23
2025051719,0.0
2025051800,0.0
2025051803,1.15
2025051804,2.01
2025051804,4.54
2025051804,4.08
2025051804,6.45
2025051805,11.07
2025051805,12.12
2025051805,29.56
2025051805,54.35
2025051806,50.65
2025051806,55.0
2025051806,66.3
2025051806,67.99
2025051807,46.79
2025051807,87.14
2025051807,94.11
2025051807,100.11
2025051808,25.65
2025051808,0.0
2025051815,32.24
2025051815,85.59
2025051815,59.54
2025051815,75.43
2025051816,64.1
2025051816,55.58
2025051816,36.6
2025051816,36.72
2025051817,16.74
2025051817,11.94
2025051817,16.76
2025051817,15.07
2025051818,9.32
2025051818,6.29
2025051818,5.09
2025051818,2.89
2025051819,0.95
2025051819,0.0
2025051900,0.0
2025051903,0.17
2025051903,1.82
2025051903,3.72
2025051904,5.78
2025051904,8.85
2025051904,11.52
2025051904,14.66
2025051905,17.07
2025051905,19.27
2025051905,22.22
2025051905,27.19
2025051906,32.99
2025051906,38.54
2025051906,38.92
2025051906,44.52
2025051907,42.66
2025051907,50.99
2025051907,70.73
2025051907,80.8
2025051908,74.23
2025051908,65.54
2025051908,70.43
2025051908,82.51
2025051909,101.86
2025051909,112.24
2025051909,93.58
2025051909,123.1
2025051910,136.74
2025051910,140.94
2025051910,140.79
2025051910,140.8
2025051911,140.83
2025051911,140.8
2025051912,140.81
2025051912,140.61
2025051912,138.33
2025051912,135.78
2025051913,133.07
2025051913,129.09
2025051913,124.81
2025051913,120.34
2025051914,115.49
2025051914,110.71
2025051914,104.91
2025051914,98.15
2025051915,91.64
2025051915,84.62
2025051915,77.65
2025051915,70.04
2025051916,62.42
2025051916,54.16
2025051916,45.93
2025051916,37.65
2025051917,29.25
2025051917,21.68
2025051917,15.55
2025051917,10.54
2025051918,7.11
2025051918,5.11
2025051918,3.73
2025051918,2.46
2025051919,1.47
2025051919,0.04
2025051919,0.0
2025052000,0.0
2025052003,0.24
2025052003,1.48
2025052003,2.51
2025052004,3.77
2025052004,6.13
2025052004,9.12
2025052004,11.38
2025052005,15.81
2025052005,22.22
2025052005,31.54
2025052005,39.74
2025052006,48.47
2025052006,57.32
2025052006,65.85
2025052006,74.19
2025052007,82.16
2025052007,89.75
2025052007,96.49
2025052007,103.13
2025052008,109.44
2025052008,115.12
2025052008,120.14
2025052008,124.37
2025052009,128.1
2025052009,128.42
2025052009,84.18
2025052009,138.16
2025052010,31.29
2025052010,0.0
2025052013,108.54
2025052013,134.56
2025052013,130.77
2025052013,126.28
2025052014,120.58
2025052014,115.11
2025052014,108.89
2025052014,101.89
2025052015,92.51
2025052015,83.41
2025052015,55.02
2025052015,36.62
2025052016,24.68
2025052016,18.41
2025052016,13.48
2025052016,10.65
2025052017,8.44
2025052017,5.72
2025052017,4.39
2025052017,3.24
2025052018,2.42
2025052018,1.87
2025052018,0.49
2025052018,0.0
2025052100,0.0
2025052103,0.83
2025052103,2.42
2025052104,4.46
2025052104,7.17
2025052104,8.54
2025052104,10.23
2025052105,15.49
2025052105,17.18
2025052105,22.44
2025052105,24.8
2025052106,31.97
2025052106,32.99
2025052106,40.12
2025052106,54.03
2025052107,41.57
2025052107,46.28
2025052107,86.17
2025052107,82.28
2025052108,93.57
2025052108,83.96
2025052108,95.15
2025052108,65.42
2025052109,21.44
2025052109,0.0
2025052114,94.72
2025052114,114.13
2025052114,101.76
2025052114,104.88
2025052115,95.32
2025052115,88.83
2025052115,80.13
2025052115,61.14
2025052116,60.9
2025052116,32.82
2025052116,34.14
2025052116,40.28
2025052117,28.69
2025052117,26.49
2025052117,18.47
2025052117,14.86
2025052118,9.11
2025052118,8.08
2025052118,5.44
2025052118,4.03
2025052119,1.77
2025052119,0.68
2025052119,0.0
2025052200,0.0
2025052203,1.54
2025052204,3.13
2025052204,5.6
2025052204,12.92
2025052204,21.85
2025052205,31.38
2025052205,36.24
2025052205,20.44
2025052205,24.68
2025052206,34.82
2025052206,38.4
2025052206,77.11
2025052206,15.66
2025052207,44.74
2025052207,70.24
2025052207,72.05
2025052207,77.17
2025052208,0.83
2025052208,0.0
2025052216,23.51
2025052216,24.25
2025052216,20.5
2025052216,22.24
2025052217,11.86
2025052217,26.13
2025052217,28.23
2025052217,15.94
2025052218,10.23
2025052218,10.08
2025052218,8.35
2025052218,5.3
2025052219,4.37
2025052219,2.44
2025052219,0.35
2025052219,0.0
2025052300,0.0
2025052303,0.88
2025052303,2.03
2025052303,3.22
2025052304,4.58
2025052304,6.11
2025052304,8.28
2025052304,11.52
2025052305,17.16
2025052305,24.23
2025052305,32.45
2025052305,41.1
2025052306,50.27
2025052306,59.63
2025052306,64.52
2025052306,68.91
2025052307,81.66
2025052307,77.95
2025052307,72.1
2025052307,98.73
2025052308,81.87
2025052308,108.58
2025052308,119.31
2025052308,102.81
2025052309,104.32
2025052309,66.36
2025052309,105.34
2025052309,115.38
2025052310,128.61
2025052310,70.56
2025052310,109.16
2025052310,65.31
2025052311,54.37
2025052311,65.36
2025052311,78.2
2025052311,115.91
2025052312,53.28
2025052312,94.63
2025052312,81.88
2025052312,79.27
2025052313,60.42
2025052313,43.26
2025052313,76.4
2025052313,75.52
2025052314,56.06
2025052314,47.53
2025052314,42.3
2025052314,39.18
2025052315,35.53
2025052315,37.15
2025052315,46.06
2025052315,38.45
2025052316,47.24
2025052316,46.63
2025052316,42.15
2025052316,32.61
2025052317,20.03
2025052317,8.68
2025052317,8.06
2025052317,12.59
2025052318,7.72
2025052318,2.68
2025052318,2.52
2025052318,0.98
2025052319,0.0
2025052400,0.0
2025052403,0.07
2025052403,2.23
2025052404,5.5
2025052404,7.15
2025052404,11.37
2025052404,14.39
2025052405,17.89
2025052405,19.25
2025052405,22.23
2025052405,30.68
2025052406,39.02
2025052406,58.97
2025052406,64.76
2025052406,48.96
2025052407,26.71
2025052407,63.4
2025052407,35.93
2025052407,58.93
2025052408,18.01
2025052408,0.0
2025052415,18.07
2025052415,19.34
2025052415,28.25
2025052415,26.75
2025052416,23.04
2025052416,22.19
2025052416,13.91
2025052416,9.8
2025052417,9.34
2025052417,8.24
2025052417,4.85
2025052417,3.24
2025052418,1.69
2025052418,3.86
2025052418,2.31
2025052418,1.48
2025052419,0.35
2025052419,0.0
2025052500,0.0
2025052503,0.32
2025052503,0.48
2025052504,0.0
2025052516,8.15
2025052516,18.76
2025052516,10.73
2025052516,8.25
2025052517,11.36
2025052517,12.73
2025052517,11.13
2025052517,13.01
2025052518,12.32
2025052518,8.58
2025052518,6.2
2025052518,4.49
2025052519,2.36
2025052519,0.97
2025052519,0.0
2025052600,0.0
2025052603,0.02
2025052603,1.42
2025052603,2.71
2025052603,4.84
2025052604,4.65
2025052604,9.46
2025052604,14.16
2025052604,16.77
2025052605,28.75
2025052605,21.4
2025052605,8.68
2025052605,12.58
2025052606,14.46
2025052606,25.33
2025052606,43.65
2025052606,66.02
2025052607,57.6
2025052607,45.86
2025052607,41.09
2025052607,86.59
2025052608,75.48
2025052608,80.78
2025052608,79.9
2025052608,101.25
2025052609,23.49
2025052609,0.0
2025052615,57.56
2025052615,68.28
2025052615,61.86
2025052615,47.9
2025052616,34.86
2025052616,24.27
2025052616,21.53
2025052616,15.58
2025052617,15.17
2025052617,15.48
2025052617,16.82
2025052617,18.37
2025052618,6.2
2025052618,4.68
2025052618,2.29
2025052618,2.58
2025052619,2.05
2025052619,0.58
2025052619,0.0
2025052700,0.0
2025052703,0.11
2025052703,0.47
2025052703,1.32
2025052704,0.4
2025052704,0.87
2025052704,2.05
2025052704,2.09
2025052705,2.06
2025052705,1.77
2025052705,2.59
2025052705,5.23
2025052706,5.05
2025052706,4.43
2025052706,6.71
2025052706,4.61
2025052707,10.59
2025052707,13.84
2025052707,8.4
2025052707,11.36
2025052708,15.52
2025052708,14.42
2025052708,9.75
2025052708,14.06
2025052709,16.29
2025052709,22.38
2025052709,30.6
2025052709,29.58
2025052710,1.88
2025052710,0.0
2025052713,36.69
2025052713,63.13
2025052713,5.96
2025052713,0.0
2025052800,0.0
2025052812,0.01
2025052813,0.0
2025052900,0.0
2025053000,0.0
2025053007,3.84
2025053007,31.32
2025053007,25.35
2025053008,25.78
2025053008,23.94
2025053008,23.59
2025053008,23.75
2025053009,1.28
2025053009,0.0
2025053015,24.97
2025053015,21.41
2025053015,11.96
2025053015,24.15
2025053016,26.46
2025053016,15.62
2025053016,16.74
2025053016,20.14
2025053017,16.77
2025053017,11.88
2025053017,8.42
2025053017,11.32
2025053018,5.57
2025053018,5.4
2025053018,4.49
2025053018,3.68
2025053019,2.86
2025053019,2.63
2025053019,2.24
2025053019,0.01
2025053020,0.0
2025053100,0.0
2025053103,0.21
2025053103,1.83
2025053103,3.15
2025053103,4.36
2025053104,5.61
2025053104,7.26
2025053104,8.97
2025053104,10.86
2025053105,12.23
2025053105,14.97
2025053105,16.01
2025053105,19.37
2025053106,22.88
2025053106,34.12
2025053106,32.72
2025053106,29.26
2025053107,2.57
2025053107,0.0
2025053115,58.67
2025053115,66.68
2025053115,61.17
2025053115,58.14
2025053116,54.67
2025053116,44.95
2025053116,37.94
2025053116,36.53
2025053117,29.06
2025053117,24.71
2025053117,20.07
2025053117,18.2
2025053118,14.07
2025053118,10.52
2025053118,8.36
2025053118,6.05
2025053119,3.37
2025053119,2.21
2025053119,0.39
2025053119,0.0
2025060100,0.0
2025060103,0.01
2025060103,0.07
2025060103,2.5
2025060103,3.96
2025060104,3.78
2025060104,2.05
2025060104,2.71
2025060104,8.18
2025060105,8.84
2025060105,6.6
2025060105,10.63
2025060105,18.96
2025060106,37.94
2025060106,51.81
2025060106,47.5
2025060106,50.47
2025060107,7.03
2025060107,0.0
2025060116,11.38
2025060116,33.18
2025060116,33.56
2025060116,26.41
2025060117,20.4
2025060117,25.04
2025060117,29.63
2025060117,21.92
2025060118,13.83
2025060118,9.54
2025060118,7.87
2025060118,5.13
2025060119,4.03
2025060119,2.99
2025060119,1.45
2025060119,0.0
2025060200,0.0
2025060203,1.54
2025060203,2.76
2025060203,4.12
2025060203,5.19
2025060204,8.61
2025060204,9.86
2025060204,11.43
2025060204,12.68
2025060205,20.86
2025060205,23.2
2025060205,31.01
2025060205,32.04
2025060206,32.18
2025060206,44.55
2025060206,58.08
2025060206,67.0
2025060207,77.42
2025060207,81.31
2025060207,86.0
2025060207,92.8
2025060208,110.19
2025060208,116.23
2025060208,89.79
2025060208,111.97
2025060209,129.15
2025060209,84.73
2025060209,42.73
2025060209,106.57
2025060210,94.08
2025060210,100.86
2025060210,113.0
2025060210,74.81
2025060211,90.04
2025060211,69.27
2025060211,88.5
2025060211,121.42
2025060212,138.31
2025060212,129.75
2025060212,92.98
2025060212,45.58
2025060213,17.78
2025060213,41.08
2025060213,100.3
2025060213,56.57
2025060214,97.65
2025060214,88.0
2025060214,116.33
2025060214,103.56
2025060215,102.56
2025060215,92.65
2025060215,89.61
2025060215,75.33
2025060216,69.87
2025060216,61.73
2025060216,47.58
2025060216,41.42
2025060217,36.8
2025060217,27.13
2025060217,21.48
2025060217,15.98
2025060218,11.33
2025060218,8.65
2025060218,6.58
2025060218,5.12
2025060219,3.81
2025060219,2.75
2025060219,1.8
2025060219,0.04
2025060220,0.0
2025060300,0.0
2025060302,0.24
2025060303,1.78
2025060303,2.66
2025060303,3.72
2025060303,4.97
2025060304,6.41
2025060304,7.97
2025060304,10.87
2025060304,15.18
2025060305,20.71
2025060305,27.69
2025060305,35.12
2025060305,42.62
2025060306,51.22
2025060306,60.09
2025060306,68.41
2025060306,75.96
2025060307,78.92
2025060307,90.99
2025060307,95.48
2025060307,78.11
2025060308,10.64
2025060308,0.0
2025060315,46.62
2025060315,44.15
2025060315,51.97
2025060315,37.11
2025060316,43.31
2025060316,33.2
2025060316,22.3
2025060316,10.47
2025060317,15.81
2025060317,12.79
2025060317,14.62
2025060317,11.56
2025060318,10.62
2025060318,8.46
2025060318,4.95
2025060318,2.97
2025060319,3.79
2025060319,2.67
2025060319,1.4
2025060319,0.0
2025060400,0.0
2025060403,0.42
2025060403,2.15
2025060403,3.25
2025060403,2.23
2025060404,3.76
2025060404,4.72
2025060404,6.14
2025060404,7.3
2025060405,4.72
2025060405,9.37
2025060405,17.91
2025060405,24.93
2025060406,25.16
2025060406,36.74
2025060406,50.39
2025060406,44.54
2025060407,42.72
2025060407,38.96
2025060407,34.02
2025060407,58.94
2025060408,40.42
2025060408,40.52
2025060408,84.05
2025060408,63.01
2025060409,41.58
2025060409,74.69
2025060409,52.95
2025060409,53.89
2025060410,78.78
2025060410,46.58
2025060410,36.9
2025060410,35.9
2025060411,58.97
2025060411,74.89
2025060411,49.09
2025060411,63.06
2025060412,110.64
2025060412,116.05
2025060412,120.79
2025060412,105.59
2025060413,93.74
2025060413,77.07
2025060413,107.61
2025060413,113.51
2025060414,103.91
2025060414,114.75
2025060414,111.41
2025060414,83.68
2025060415,66.33
2025060415,54.11
2025060415,62.86
2025060415,62.57
2025060416,61.85
2025060416,50.68
2025060416,39.15
2025060416,38.48
2025060417,19.92
2025060417,23.45
2025060417,20.16
2025060417,18.25
2025060418,15.61
2025060418,12.34
2025060418,9.94
2025060418,7.58
2025060419,5.52
2025060419,3.83
2025060419,2.38
2025060419,0.49
2025060420,0.0
2025060500,0.0
2025060503,1.28
2025060503,2.6
2025060503,4.05
2025060503,6.57
2025060504,8.57
2025060504,4.32
2025060504,2.42
2025060504,3.78
2025060505,2.06
2025060505,2.05
2025060505,8.41
2025060505,15.81
2025060506,29.95
2025060506,45.58
2025060506,52.44
2025060506,54.91
2025060507,71.22
2025060507,75.47
2025060507,44.03
2025060507,41.36
2025060508,52.61
2025060508,39.74
2025060508,46.61
2025060508,23.19
2025060509,56.49
2025060509,127.02
2025060509,73.26
2025060509,83.91
2025060510,132.07
2025060510,113.57
2025060510,72.2
2025060510,101.53
2025060511,92.23
2025060511,37.99
2025060511,16.55
2025060511,20.77
2025060512,36.63
2025060512,44.91
2025060512,56.49
2025060512,53.05
2025060513,56.0
2025060513,58.88
2025060513,54.3
2025060513,50.43
2025060514,57.16
2025060514,49.06
2025060514,45.04
2025060514,36.14
2025060515,29.22
2025060515,33.82
2025060515,35.58
2025060515,31.21
2025060516,31.91
2025060516,25.4
2025060516,19.2
2025060516,15.75
2025060517,11.38
2025060517,8.32
2025060517,7.73
2025060517,4.44
2025060518,1.78
2025060518,1.5
2025060518,1.44
2025060518,2.31
2025060519,1.55
2025060519,0.12
2025060519,0.94
2025060519,0.0
2025060600,0.0
2025060603,0.04
2025060603,1.69
2025060604,1.35
2025060604,1.89
2025060604,1.38
2025060604,3.58
2025060605,2.9
2025060605,2.24
2025060605,0.96
2025060605,1.12
2025060606,2.57
2025060606,20.0
2025060606,29.17
2025060606,39.12
2025060607,33.93
2025060607,25.1
2025060607,18.78
2025060607,26.99
2025060608,42.99
2025060608,38.35
2025060608,38.64
2025060608,27.39
2025060609,42.0
2025060609,29.44
2025060609,39.42
2025060609,69.93
2025060610,23.33
2025060610,0.0
2025060616,39.3
2025060616,55.15
2025060616,54.34
2025060616,17.49
2025060617,19.23
2025060617,12.52
2025060617,7.78
2025060617,7.86
2025060618,5.41
2025060618,4.06
2025060618,3.17
2025060618,3.78
2025060619,4.47
2025060619,3.19
2025060619,1.97
2025060619,0.43
2025060620,0.0
2025060700,0.0
2025060702,0.73
2025060703,1.97
2025060703,3.38
2025060703,3.77
2025060703,5.66
2025060704,7.41
2025060704,10.44
2025060704,11.99
2025060704,14.79
2025060705,18.16
2025060705,23.69
2025060705,32.57
2025060705,40.87
2025060706,51.88
2025060706,59.68
2025060706,51.8
2025060706,51.53
2025060707,35.54
2025060707,36.18
2025060707,67.86
2025060707,67.62
2025060708,66.35
2025060708,95.19
2025060708,68.13
2025060708,94.3
2025060709,67.82
2025060709,101.08
2025060709,99.05
2025060709,113.07
2025060710,26.63
2025060710,0.0
2025060715,30.64
2025060715,28.38
2025060715,20.14
2025060715,14.2
2025060716,15.36
2025060716,17.53
2025060716,15.12
2025060716,20.74
2025060717,18.81
2025060717,13.49
2025060717,17.02
2025060717,16.7
2025060718,12.64
2025060718,7.94
2025060718,5.57
2025060718,4.64
2025060719,3.9
2025060719,2.7
2025060719,1.31
2025060719,0.0
2025060800,0.0
2025060803,0.96
2025060803,2.06
2025060803,2.68
2025060803,4.32
2025060804,6.73
2025060804,9.88
2025060804,12.25
2025060804,15.04
2025060805,17.3
2025060805,21.68
2025060805,22.55
2025060805,24.36
2025060806,1.59
2025060806,0.0
2025060817,30.86
2025060817,29.57
2025060817,19.17
2025060817,17.7
2025060818,15.97
2025060818,10.18
2025060818,7.85
2025060818,5.9
2025060819,4.32
2025060819,2.91
2025060819,1.87
2025060819,0.06
2025060820,0.0
2025060900,0.0
2025060902,0.73
2025060903,2.14
2025060903,3.67
2025060903,5.75
2025060903,8.25
2025060904,10.69
2025060904,13.64
2025060904,15.7
2025060904,17.59
2025060905,19.73
2025060905,23.9
2025060905,27.61
2025060905,33.66
2025060906,41.54
2025060906,52.09
2025060906,57.53
2025060906,51.48
2025060907,6.0
2025060907,0.0
2025060916,6.86
2025060916,32.07
2025060916,38.26
2025060916,32.11
2025060917,28.23
2025060917,24.59
2025060917,17.47
2025060917,16.38
2025060918,12.49
2025060918,6.43
2025060918,5.71
2025060918,5.03
2025060919,3.45
2025060919,2.15
2025060919,0.64
2025060919,0.0
2025061000,0.0
2025061003,1.32
2025061004,1.1
2025061004,2.86
2025061004,1.74
2025061004,0.54
2025061005,1.87
2025061005,2.75
2025061005,2.07
2025061005,2.64
2025061006,6.0
2025061006,12.52
2025061006,12.74
2025061006,11.53
2025061007,13.69
2025061007,25.47
2025061007,24.84
2025061007,39.31
2025061100,0.0
2025061103,1.63
2025061103,2.71
2025061103,4.22
2025061103,5.77
2025061104,8.2
2025061104,9.93
2025061104,11.36
2025061104,17.34
2025061105,20.31
2025061105,20.37
2025061105,34.2
2025061105,34.79
2025061106,32.3
2025061106,40.11
2025061106,43.39
2025061106,66.68
2025061107,49.52
2025061107,60.2
2025061107,69.16
2025061107,78.49
2025061108,98.41
2025061108,118.65
2025061108,120.92
2025061108,126.55
2025061109,30.27
2025061109,0.0
2025061115,82.38
2025061115,87.33
2025061115,84.64
2025061115,71.91
2025061116,69.55
2025061116,62.48
2025061116,54.1
2025061116,45.78
2025061117,38.13
2025061117,30.69
2025061117,23.5
2025061117,17.46
2025061118,12.4
2025061118,9.02
2025061118,7.26
2025061118,5.88
2025061119,4.57
2025061119,3.41
2025061119,2.5
2025061119,1.19
2025061120,0.0
2025061200,0.0
2025061202,0.44
2025061203,2.02
2025061203,2.69
2025061203,3.84
2025061203,5.48
2025061204,7.23
2025061204,8.94
2025061204,11.67
2025061204,15.74
2025061205,20.98
2025061205,27.03
2025061205,34.1
2025061205,41.96
2025061206,50.36
2025061206,58.76
2025061206,66.71
2025061206,74.66
2025061207,82.21
2025061207,89.7
2025061207,96.22
2025061207,102.57
2025061208,30.4
2025061208,0.0
2025061213,99.6
2025061213,134.51
2025061213,131.33
2025061213,127.37
2025061214,31.75
2025061214,0.0
2025061215,81.47
2025061215,92.63
2025061215,85.7
2025061215,78.39
2025061216,70.46
2025061216,62.3
2025061216,54.32
2025061216,46.04
2025061217,37.93
2025061217,30.0
2025061217,22.71
2025061217,16.5
2025061218,11.71
2025061218,8.5
2025061218,6.75
2025061218,5.5
2025061219,4.29
2025061219,3.28
2025061219,2.49
2025061219,1.43
2025061220,0.0
2025061300,0.0
2025061302,0.76
2025061303,2.02
2025061303,2.88
2025061303,4.0
2025061303,5.35
2025061304,6.91
2025061304,8.57
2025061304,11.35
2025061304,15.29
2025061305,20.5
2025061305,27.09
2025061305,34.44
2025061305,42.22
2025061306,50.06
2025061306,58.25
2025061306,62.34
2025061306,69.1
2025061307,78.18
2025061307,83.06
2025061307,92.19
2025061307,101.41
2025061308,108.53
2025061308,114.56
2025061308,120.43
2025061308,125.18
2025061309,32.01
2025061309,0.0
2025061315,80.34
2025061315,89.54
2025061315,83.37
2025061315,76.05
2025061316,68.2
2025061316,60.19
2025061316,52.17
2025061316,44.36
2025061317,36.76
2025061317,29.49
2025061317,22.78
2025061317,17.34
2025061318,12.93
2025061318,9.6
2025061318,7.79
2025061318,6.45
2025061319,5.13
2025061319,3.91
2025061319,2.78
2025061319,1.56
2025061320,0.0
2025061400,0.0
2025061402,0.74
2025061403,1.98
2025061403,2.78
2025061403,3.84
2025061403,5.26
2025061404,6.94
2025061404,9.28
2025061404,13.68
2025061404,21.01
2025061405,29.5
2025061405,36.67
2025061405,33.47
2025061405,36.84
2025061406,42.8
2025061406,43.48
2025061406,62.83
2025061406,53.31
2025061407,4.22
2025061407,0.0
2025061415,51.8
2025061415,88.72
2025061415,79.62
2025061415,75.87
2025061416,62.24
2025061416,57.86
2025061416,49.64
2025061416,41.87
2025061417,34.67
2025061417,25.9
2025061417,13.69
2025061417,9.09
2025061418,7.6
2025061418,5.11
2025061418,4.9
2025061418,3.55
2025061419,3.06
2025061419,2.58
2025061419,2.18
2025061419,0.69
2025061420,0.0
2025061500,0.0
2025061503,0.48
2025061503,2.11
2025061503,2.7
2025061503,1.9
2025061504,2.78
2025061504,5.86
2025061504,8.66
2025061504,10.37
2025061505,16.54
2025061505,25.55
2025061505,38.52
2025061505,43.14
2025061506,44.91
2025061506,26.99
2025061506,39.87
2025061506,59.54
2025061507,44.52
2025061507,27.88
2025061507,35.77
2025061507,42.33
2025061508,21.45
2025061508,0.0
2025061515,74.02
2025061515,61.2
2025061515,47.86
2025061515,48.8
2025061516,44.35
2025061516,43.16
2025061516,39.76
2025061516,49.28
2025061517,43.25
2025061517,42.04
2025061517,25.24
2025061517,18.62
2025061518,12.54
2025061518,10.45
2025061518,7.95
2025061518,5.88
2025061519,4.05
2025061519,2.88
2025061519,2.41
2025061519,0.77
2025061520,0.0
2025061600,0.0
2025061602,0.87
2025061603,2.12
2025061603,2.67
2025061603,3.35
2025061603,4.16
2025061604,6.64
2025061604,9.58
2025061604,14.97
2025061604,19.09
2025061605,19.87
2025061605,27.34
2025061605,24.49
2025061605,37.3
2025061606,41.97
2025061606,51.13
2025061606,54.56
2025061606,67.92
2025061607,76.29
2025061607,78.85
2025061607,64.96
2025061607,68.24
2025061608,83.62
2025061608,59.75
2025061608,81.65
2025061608,97.81
2025061609,73.43
2025061609,109.39
2025061609,84.52
2025061609,86.73
2025061610,24.94
2025061610,0.0
2025061614,90.9
2025061614,86.85
2025061614,89.43
2025061614,74.22
2025061615,35.84
2025061615,31.66
2025061615,48.57
2025061615,69.98
2025061616,42.62
2025061616,55.59
2025061616,47.03
2025061616,27.61
2025061617,20.86
2025061617,32.39
2025061617,14.43
2025061617,8.59
2025061618,5.43
2025061618,3.9
2025061618,2.85
2025061618,2.31
2025061619,2.76
2025061619,2.42
2025061619,0.32
2025061619,0.0
2025061700,0.0
2025061702,0.39
2025061703,2.04
2025061703,3.53
2025061703,5.23
2025061703,5.89
2025061704,8.2
2025061704,10.36
2025061704,11.37
2025061704,12.24
2025061705,19.41
2025061705,29.28
2025061705,32.57
2025061705,36.35
2025061706,45.07
2025061706,50.8
2025061706,65.0
2025061706,74.46
2025061707,71.77
2025061707,81.42
2025061707,88.57
2025061707,95.97
2025061708,104.82
2025061708,112.27
2025061708,113.95
2025061708,114.53
2025061709,30.7
2025061709,0.0
2025061714,77.66
2025061714,85.35
2025061714,113.9
2025061714,94.46
2025061715,101.91
2025061715,86.22
2025061715,84.18
2025061715,75.32
2025061716,64.35
2025061716,60.04
2025061716,52.58
2025061716,44.43
2025061717,36.57
2025061717,29.43
2025061717,23.34
2025061717,18.08
2025061718,13.71
2025061718,10.71
2025061718,7.76
2025061718,6.53
2025061719,3.67
2025061719,2.6
2025061719,2.1
2025061719,0.08
2025061720,0.0
2025061800,0.0
2025061803,0.03
2025061803,0.19
2025061803,0.69
2025061804,2.19
2025061804,2.38
2025061804,3.78
2025061804,5.07
2025061805,8.27
2025061805,14.46
2025061805,17.58
2025061805,19.39
2025061806,19.31
2025061806,15.79
2025061806,20.47
2025061806,21.21
2025061807,34.56
2025061807,32.68
2025061807,44.11
2025061807,25.77
2025061808,22.73
2025061808,35.35
2025061808,67.68
2025061808,72.27
2025061809,41.54
2025061809,2.98
2025061809,15.75
2025061809,1.98
2025061810,0.0
2025061810,1.6
2025061810,79.18
2025061811,0.51
2025061811,0.0
2025061814,35.07
2025061814,40.02
2025061814,39.99
2025061814,39.97
2025061815,94.16
2025061815,95.22
2025061815,88.22
2025061815,77.42
2025061816,66.35
2025061816,51.79
2025061816,41.35
2025061816,50.35
2025061817,43.58
2025061817,30.2
2025061817,23.32
2025061817,18.07
2025061818,12.74
2025061818,9.45
2025061818,8.09
2025061818,5.52
2025061819,5.98
2025061819,3.94
2025061819,2.42
2025061819,0.97
2025061820,0.0
2025061900,0.0
2025061902,0.43
2025061903,1.9
2025061903,3.13
2025061903,4.62
2025061903,5.06
2025061904,8.78
2025061904,11.82
2025061904,16.72
2025061904,18.58
2025061905,14.21
2025061905,27.99
2025061905,45.5
2025061905,19.92
2025061906,50.12
2025061906,35.64
2025061906,35.79
2025061906,67.53
2025061907,22.86
2025061907,0.0
2025061911,17.67
2025061911,19.01
2025061911,4.16
2025061911,18.06
2025061912,1.44
2025061912,0.0
2025061915,51.07
2025061915,90.07
2025061915,80.73
2025061915,55.41
2025061916,43.01
2025061916,31.27
2025061916,29.05
2025061916,41.26
2025061917,10.31
2025061917,0.0
2025061917,2.88
2025061917,13.45
2025061918,5.68
2025061918,10.51
2025061918,8.79
2025061918,6.63
2025061919,5.06
2025061919,4.51
2025061919,3.32
2025061919,2.37
2025061920,0.73
2025061920,0.0
2025062000,0.0
2025062002,0.47
2025062003,2.08
2025062003,2.94
2025062003,4.11
2025062003,4.84
2025062004,0.71
2025062004,1.58
2025062004,12.11
2025062004,16.49
2025062005,21.76
2025062005,27.99
2025062005,34.94
2025062005,42.64
2025062006,48.93
2025062006,57.44
2025062006,66.25
2025062006,72.65
2025062007,74.18
2025062007,89.37
2025062007,90.08
2025062007,103.47
2025062008,100.99
2025062008,98.94
2025062008,99.46
2025062008,124.04
2025062009,129.18
2025062009,131.23
2025062009,127.79
2025062009,133.34
2025062010,35.44
2025062010,1.87
2025062010,0.0
2025062014,96.03
2025062014,113.41
2025062014,108.68
2025062014,101.61
2025062015,96.36
2025062015,90.88
2025062015,85.24
2025062015,77.89
2025062016,70.44
2025062016,62.15
2025062016,53.6
2025062016,46.34
2025062017,36.85
2025062017,26.76
2025062017,20.5
2025062017,17.95
2025062018,15.74
2025062018,12.54
2025062018,10.15
2025062018,8.01
2025062019,5.71
2025062019,4.07
2025062019,2.87
2025062019,1.74
2025062020,0.0
2025062100,0.0
2025062103,0.91
2025062103,2.52
2025062103,4.39
2025062103,4.9
2025062104,4.8
2025062104,5.87
2025062104,9.35
2025062104,11.58
2025062105,12.14
2025062105,18.34
2025062105,28.16
2025062105,21.72
2025062106,40.1
2025062106,56.36
2025062106,64.6
2025062106,71.81
2025062107,30.82
2025062107,18.28
2025062107,2.86
2025062107,17.48
2025062108,20.05
2025062108,20.02
2025062108,18.38
2025062108,1.83
2025062109,0.0
2025062115,79.24
2025062115,86.73
2025062115,80.02
2025062115,72.69
2025062116,67.16
2025062116,62.17
2025062116,53.33
2025062116,45.84
2025062117,37.87
2025062117,30.81
2025062117,23.27
2025062117,18.04
2025062118,13.13
2025062118,9.44
2025062118,6.42
2025062118,5.21
2025062119,4.63
2025062119,3.9
2025062119,2.84
2025062119,0.76
2025062120,0.0
2025062200,0.0
2025062202,1.66
2025062203,2.85
2025062203,4.18
2025062203,5.44
2025062203,6.06
2025062204,10.53
2025062204,11.98
2025062204,7.82
2025062204,12.16
2025062205,21.79
2025062205,27.63
2025062205,34.39
2025062205,38.98
2025062206,6.04
2025062206,0.0
2025062217,0.84
2025062218,2.91
2025062218,4.15
2025062218,4.87
2025062218,5.68
2025062219,7.4
2025062219,4.2
2025062219,2.86
2025062219,2.33
2025062220,0.84
2025062220,0.0
2025062300,0.0
2025062303,1.0
2025062303,1.77
2025062303,2.32
2025062303,0.98
2025062304,2.19
2025062304,4.89
2025062304,5.98
2025062304,6.59
2025062305,7.76
2025062305,13.62
2025062305,13.07
2025062305,7.48
2025062306,19.44
2025062306,24.72
2025062306,34.0
2025062306,57.29
2025062307,55.65
2025062307,44.67
2025062307,43.2
2025062307,32.59
2025062308,21.34
2025062308,2.8
2025062308,14.31
2025062308,2.78
2025062309,15.52
2025062309,1.83
2025062309,0.0
2025062317,2.7
2025062317,21.43
2025062317,7.65
2025062317,17.73
2025062318,4.45
2025062318,7.96
2025062318,7.92
2025062318,2.8
2025062319,1.16
2025062319,2.81
2025062319,2.24
2025062319,1.17
2025062320,0.02
2025062320,0.0
2025062400,0.0
2025062405,8.47
2025062405,22.77
2025062405,20.32
2025062406,26.05
2025062406,25.88
2025062406,32.55
2025062406,38.82
2025062407,3.81
2025062407,0.0
2025062408,0.62
2025062409,11.97
2025062409,47.74
2025062409,9.95
2025062409,0.0
2025062410,3.34
2025062410,61.89
2025062410,9.28
2025062411,24.74
2025062411,27.09
2025062411,30.76
2025062411,5.66
2025062412,5.42
2025062412,21.84
2025062412,17.94
2025062412,19.19
2025062413,9.49
2025062413,15.41
2025062413,24.12
2025062413,22.67
2025062414,21.25
2025062414,21.77
2025062414,3.4
2025062414,13.92
2025062415,23.52
2025062415,10.07
2025062415,17.81
2025062415,17.7
2025062416,21.28
2025062416,14.22
2025062416,12.37
2025062416,13.04
2025062417,6.32
2025062417,4.55
2025062417,4.25
2025062417,5.67
2025062418,4.66
2025062418,4.13
2025062418,3.69
2025062418,5.61
2025062419,6.1
2025062419,0.0
2025062419,0.02
2025062420,0.0
2025062500,0.0
2025062504,3.67
2025062505,10.66
2025062505,17.8
2025062505,20.65
2025062505,22.56
2025062506,34.7
2025062506,38.84
2025062506,48.25
2025062506,41.6
2025062507,64.21
2025062507,65.05
2025062507,74.04
2025062507,91.23
2025062508,42.69
2025062508,78.5
2025062508,28.14
2025062508,45.82
2025062509,119.52
2025062509,119.33
2025062509,89.08
2025062509,104.74
2025062510,22.72
2025062510,0.0
2025062512,1.42
2025062512,17.0
2025062512,2.76
2025062512,2.48
2025062513,34.91
2025062513,40.03
2025062513,40.02
2025062514,85.57
2025062514,66.27
2025062514,89.27
2025062514,84.65
2025062515,71.75
2025062515,81.88
2025062515,87.59
2025062515,81.26
2025062516,73.52
2025062516,64.68
2025062516,53.27
2025062516,46.27
2025062517,39.73
2025062517,32.03
2025062517,27.29
2025062517,17.31
2025062518,13.61
2025062518,9.5
2025062518,7.64
2025062518,6.02
2025062519,4.67
2025062519,3.42
2025062519,2.1
2025062519,1.1
2025062520,0.39
2025062520,0.0
2025062600,0.0
2025062602,0.17
2025062602,0.9
2025062603,2.44
2025062603,4.19
2025062603,5.6
2025062603,6.21
2025062604,1.86
2025062604,13.32
2025062604,18.5
2025062604,21.05
2025062605,22.39
2025062605,25.37
2025062605,28.52
2025062605,40.95
2025062606,43.35
2025062606,41.7
2025062606,39.87
2025062606,51.79
2025062607,90.75
2025062607,99.74
2025062607,94.49
2025062607,82.57
2025062608,68.14
2025062608,69.92
2025062608,72.35
2025062608,88.54
2025062609,80.09
2025062609,86.21
2025062609,64.53
2025062609,67.5
2025062610,61.74
2025062610,55.67
2025062610,62.99
2025062610,41.65
2025062611,26.84
2025062611,32.83
2025062611,37.3
2025062611,23.75
2025062612,23.23
2025062612,18.39
2025062612,28.08
2025062612,8.15
2025062613,5.41
2025062613,1.84
2025062613,17.32
2025062613,12.93
2025062614,17.06
2025062614,3.73
2025062614,10.02
2025062614,8.94
2025062615,10.92
2025062615,11.22
2025062615,17.38
2025062615,20.18
2025062616,22.57
2025062616,18.05
2025062616,16.94
2025062616,14.96
2025062617,11.08
2025062617,9.23
2025062617,5.32
2025062617,2.4
2025062618,2.37
2025062618,2.42
2025062618,2.06
2025062618,1.94
2025062619,2.2
2025062619,2.05
2025062619,0.86
2025062619,0.0
2025062700,0.0
2025062703,0.2
2025062703,1.8
2025062703,2.84
2025062703,3.98
2025062704,6.97
2025062704,8.98
2025062704,12.49
2025062704,16.34
2025062705,23.33
2025062705,23.54
2025062705,21.3
2025062705,24.28
2025062706,23.93
2025062706,27.88
2025062706,14.12
2025062706,11.52
2025062707,17.23
2025062707,20.15
2025062707,19.55
2025062707,10.69
2025062708,26.02
2025062708,28.21
2025062708,28.16
2025062709,28.22
2025062709,28.2
2025062709,28.16
2025062709,28.21
2025062710,28.16
2025062710,28.21
2025062712,28.2
2025062712,28.19
2025062713,28.2
2025062713,28.22
2025062713,28.19
2025062714,17.24
2025062714,16.1
2025062714,16.16
2025062714,16.1
2025062715,3.95
2025062715,2.75
2025062715,2.74
2025062716,54.62
2025062716,61.17
2025062716,51.57
2025062716,45.24
2025062717,35.01
2025062717,27.56
2025062717,26.75
2025062717,17.21
2025062718,10.46
2025062718,12.71
2025062718,8.44
2025062718,6.4
2025062719,4.2
2025062719,2.92
2025062719,2.18
2025062719,0.19
2025062720,0.0
2025062800,0.0
2025062803,0.18
2025062803,1.88
2025062803,0.37
2025062803,0.0
2025062804,2.39
2025062805,12.2
2025062805,16.49
2025062805,23.17
2025062805,30.2
2025062806,30.15
2025062806,33.31
2025062806,38.21
2025062806,52.19
2025062807,62.16
2025062807,81.17
2025062807,83.41
2025062807,45.23
2025062808,5.12
2025062808,0.0
2025062815,3.37
2025062815,6.87
2025062815,6.48
2025062815,6.01
2025062816,4.72
2025062816,12.07
2025062816,7.6
2025062816,7.44
2025062817,6.79
2025062817,9.73
2025062817,7.3
2025062817,8.44
2025062818,9.03
2025062818,10.57
2025062818,5.14
2025062818,0.67
2025062819,0.0
2025062819,0.05
2025062819,1.54
2025062819,0.21
2025062820,0.0
2025062900,0.0
2025062904,5.74
2025062905,18.38
2025062905,25.02
2025062905,32.58
2025062905,40.24
2025062906,48.41
2025062906,56.73
2025062906,65.14
2025062906,72.95
2025062907,23.65
2025062907,0.0
2025062917,0.72
2025062917,15.5
2025062917,2.05
2025062918,13.27
2025062918,11.8
2025062918,10.33
2025062918,8.48
2025062919,6.96
2025062919,4.95
2025062919,3.37
2025062919,2.21
2025062920,0.17
2025062920,0.0
2025063000,0.0
2025063002,0.26
2025063003,1.86
2025063003,2.5
2025063003,3.43
2025063003,4.53
2025063004,5.85
2025063004,7.16
2025063004,9.84
2025063004,14.03
2025063005,19.23
2025063005,25.59
2025063005,32.86
2025063005,40.73
2025063006,48.57
2025063006,54.47
2025063006,64.85
2025063006,72.61
2025063007,79.02
2025063007,86.22
2025063007,90.7
2025063007,98.09
2025063008,106.26
2025063008,111.66
2025063008,117.16
2025063008,121.69
2025063009,125.56
2025063009,129.33
2025063009,132.26
2025063009,135.25
2025063010,137.63
2025063010,139.45
2025063010,140.78
2025063010,140.88
2025063011,140.84
2025063011,140.71
2025063011,139.39
2025063011,140.8
2025063012,140.39
2025063012,139.09
2025063012,136.57
2025063012,134.59
2025063013,131.93
2025063013,128.96
2025063013,125.26
2025063013,121.29
2025063014,117.15
2025063014,112.69
2025063014,107.56
2025063014,102.06
2025063015,96.16
2025063015,90.11
2025063015,83.42
2025063015,76.43
2025063016,69.28
2025063016,61.79
2025063016,54.13
2025063016,46.4
2025063017,38.64
2025063017,31.09
2025063017,23.99
2025063017,17.76
2025063018,12.69
2025063018,9.01
2025063018,6.83
2025063018,5.54
2025063019,4.31
2025063019,3.26
2025063019,2.51
2025063019,1.85
2025063020,0.12
2025063020,0.0
2025070100,0.0
2025070102,0.35
2025070103,1.67
2025070103,2.27
2025070103,3.1
2025070103,4.13
2025070104,5.36
2025070104,6.65
2025070104,9.3
2025070104,13.14
2025070105,18.09
2025070105,24.52
2025070105,31.95
2025070105,40.03
2025070106,48.19
2025070106,56.25
2025070106,64.18
2025070106,71.93
2025070107,79.3
2025070107,86.17
2025070107,92.76
2025070107,98.87
2025070108,104.64
2025070108,110.74
2025070108,115.05
2025070108,119.09
2025070109,123.1
2025070109,126.71
2025070109,129.15
2025070109,131.53
2025070110,133.69
2025070110,135.35
2025070110,136.75
2025070110,137.81
2025070111,138.32
2025070111,138.51
2025070111,138.73
2025070111,138.64
2025070112,137.83
2025070112,136.32
2025070112,134.73
2025070112,132.03
2025070113,129.03
2025070113,125.73
2025070113,122.55
2025070113,119.02
2025070114,114.67
2025070114,109.65
2025070114,104.57
2025070114,99.48
2025070115,93.25
2025070115,87.38
2025070115,81.17
2025070115,74.57
2025070116,67.66
2025070116,60.4
2025070116,52.85
2025070116,45.29
2025070117,37.7
2025070117,30.39
2025070117,23.47
2025070117,17.24
2025070118,12.17
2025070118,8.52
2025070118,6.37
2025070118,5.22
2025070119,3.97
2025070119,3.05
2025070119,2.19
2025070119,0.73
2025070120,0.0
2025070200,0.0
2025070203,1.16
2025070203,3.06
2025070203,4.97
2025070203,4.47
2025070204,0.51
2025070204,0.0
2025070204,1.11
2025070204,13.75
2025070205,15.59
2025070205,21.96
2025070205,31.94
2025070205,44.02
2025070206,40.87
2025070206,61.34
2025070206,34.69
2025070206,22.84
2025070207,25.49
2025070207,50.34
2025070207,94.72
2025070207,87.16
2025070208,43.66
2025070208,54.14
2025070208,82.05
2025070208,60.09
2025070209,49.95
2025070209,88.38
2025070209,75.72
2025070209,45.99
2025070210,49.75
2025070210,42.59
2025070210,29.8
2025070210,54.27
2025070211,48.16
2025070211,40.58
2025070211,38.86
2025070211,51.44
2025070212,63.15
2025070212,115.79
2025070212,119.26
2025070212,98.28
2025070213,91.82
2025070213,93.16
2025070213,79.02
2025070213,107.44
2025070214,110.25
2025070214,107.27
2025070214,79.4
2025070214,54.46
2025070215,13.74
2025070215,41.84
2025070215,48.09
2025070215,22.56
2025070216,14.94
2025070216,11.15
2025070216,19.11
2025070216,26.65
2025070217,10.73
2025070217,14.97
2025070217,4.53
2025070217,8.15
2025070218,4.44
2025070218,5.35
2025070218,2.78
2025070218,1.99
2025070219,0.0
2025070219,0.19
2025070219,0.3
2025070220,0.0
2025070300,0.0
2025070305,3.2
2025070305,30.01
2025070305,13.1
2025070306,47.47
2025070306,58.91
2025070306,69.23
2025070306,43.7
2025070307,3.07
2025070307,0.0
2025070312,5.13
2025070313,126.76
2025070313,122.56
2025070313,2.73
2025070313,0.0
2025070314,98.46
2025070314,100.77
2025070314,88.2
2025070314,112.11
2025070315,79.92
2025070315,67.18
2025070315,60.64
2025070315,81.82
2025070316,80.37
2025070316,60.67
2025070316,46.33
2025070316,29.43
2025070317,23.56
2025070317,28.7
2025070317,18.85
2025070317,21.65
2025070318,14.92
2025070318,12.42
2025070318,9.5
2025070318,7.2
2025070319,5.29
2025070319,4.0
2025070319,2.86
2025070319,1.84
2025070320,0.02
2025070320,0.0
2025070400,0.0
2025070402,0.12
2025070403,1.64
2025070403,1.95
2025070403,2.63
2025070403,4.2
2025070404,6.2
2025070404,8.44
2025070404,9.57
2025070404,9.12
2025070405,15.67
2025070405,23.96
2025070405,31.04
2025070405,41.16
2025070406,27.35
2025070406,49.9
2025070406,61.44
2025070406,74.1
2025070407,79.75
2025070407,55.11
2025070407,81.85
2025070407,97.22
2025070408,84.62
2025070408,90.53
2025070408,66.2
2025070408,61.71
2025070409,50.49
2025070409,42.96
2025070409,48.04
2025070409,70.82
2025070410,34.08
2025070410,0.0
2025070414,0.66
2025070414,0.58
2025070414,0.56
2025070415,2.37
2025070415,28.11
2025070415,5.68
2025070415,27.94
2025070416,39.46
2025070416,31.45
2025070416,20.11
2025070416,18.89
2025070417,18.09
2025070417,22.92
2025070417,15.76
2025070417,9.7
2025070418,12.99
2025070418,10.81
2025070418,5.67
2025070418,5.73
2025070419,5.37
2025070419,2.88
2025070419,1.81
2025070419,0.12
2025070420,0.0
2025070500,0.0
2025070503,0.9
2025070504,1.78
2025070504,1.87
2025070504,2.38
2025070504,3.36
2025070505,5.35
2025070505,9.86
2025070505,10.82
2025070505,7.97
2025070506,4.44
2025070506,7.34
2025070506,9.32
2025070506,7.9
2025070507,2.08
2025070507,1.79
2025070507,10.27
2025070507,3.04
2025070508,0.0
2025070514,1.14
2025070515,16.92
2025070515,14.36
2025070515,2.74
2025070515,13.09
2025070516,16.56
2025070516,15.08
2025070516,6.95
2025070516,14.38
2025070517,3.8
2025070517,9.5
2025070517,2.58
2025070517,0.0
2025070518,0.93
2025070518,4.24
2025070518,3.45
2025070519,2.23
2025070519,2.3
2025070519,1.77
2025070519,0.0
2025070600,0.0
2025070603,1.55
2025070603,1.87
2025070604,2.84
2025070604,4.73
2025070604,8.45
2025070605,11.18
2025070605,6.48
2025070605,15.21
2025070605,28.36
2025070606,29.6
2025070606,28.12
2025070606,27.48
2025070606,46.17
2025070607,50.64
2025070607,47.62
2025070607,45.28
2025070607,56.58
2025070608,48.29
2025070608,46.04
2025070608,43.7
2025070608,52.15
2025070609,62.21
2025070609,59.96
2025070609,70.83
2025070609,80.82
2025070610,63.59
2025070610,57.0
2025070610,59.13
2025070610,72.28
2025070611,88.15
2025070611,88.3
2025070611,91.17
2025070611,94.26
2025070612,90.34
2025070612,94.96
2025070612,98.37
2025070612,102.81
2025070613,88.25
2025070613,108.14
2025070613,89.51
2025070613,62.66
2025070614,59.31
2025070614,61.23
2025070614,56.74
2025070614,33.14
2025070615,48.33
2025070615,58.58
2025070615,67.28
2025070615,51.15
2025070616,37.27
2025070616,39.8
2025070616,32.61
2025070616,30.21
2025070617,23.1
2025070700,0.0
2025070703,0.01
2025070703,1.19
2025070703,2.11
2025070703,3.7
2025070704,6.36
2025070704,8.09
2025070704,11.55
2025070704,17.13
2025070705,15.04
2025070705,19.28
2025070705,15.44
2025070705,15.03
2025070706,20.43
2025070706,42.16
2025070706,40.73
2025070706,65.68
2025070707,68.94
2025070707,31.65
2025070707,45.85
2025070707,55.15
2025070708,20.2
2025070708,44.7
2025070708,64.32
2025070708,108.37
2025070709,58.36
2025070709,22.0
2025070709,48.01
2025070709,80.55
2025070710,83.29
2025070710,135.37
2025070710,103.73
2025070710,95.6
2025070711,86.12
2025070711,86.64
2025070711,68.56
2025070711,67.48
2025070712,110.48
2025070712,112.29
2025070712,113.07
2025070712,80.05
2025070713,91.93
2025070713,97.93
2025070713,48.74
2025070713,42.04
2025070714,82.96
2025070714,87.38
2025070714,86.32
2025070714,65.98
2025070715,44.82
2025070715,43.91
2025070715,42.16
2025070715,48.69
2025070716,41.94
2025070716,32.61
2025070716,27.76
2025070716,28.05
2025070717,26.11
2025070717,16.42
2025070717,11.95
2025070717,9.44
2025070718,10.27
2025070718,6.78
2025070718,3.48
2025070718,4.25
2025070719,2.64
2025070719,1.89
2025070719,0.82
2025070719,0.0
2025070800,0.0
2025070803,0.41
2025070803,2.11
2025070803,2.61
2025070804,0.19
2025070804,1.02
2025070804,8.49
2025070804,11.39
2025070805,7.53
2025070805,12.65
2025070805,17.27
2025070805,17.77
2025070806,20.47
2025070806,31.88
2025070806,32.26
2025070806,35.4
2025070807,44.15
2025070807,30.94
2025070807,34.28
2025070807,76.24
2025070808,89.89
2025070808,78.08
2025070808,101.88
2025070808,104.97
2025070809,96.65
2025070809,82.66
2025070809,110.03
2025070809,83.47
2025070810,78.71
2025070810,140.73
2025070810,94.72
2025070810,27.96
2025070811,61.97
2025070811,122.9
2025070811,38.55
2025070811,108.92
2025070812,32.57
2025070812,15.81
2025070812,21.48
2025070812,35.5
2025070813,51.91
2025070813,28.42
2025070813,50.38
2025070813,104.77
2025070814,88.36
2025070814,70.84
2025070814,46.6
2025070814,103.82
2025070815,27.85
2025070815,39.9
2025070815,38.01
2025070815,33.46
2025070816,44.98
2025070816,14.33
2025070816,17.1
2025070816,13.66
2025070817,18.62
2025070817,14.05
2025070817,10.71
2025070817,18.45
2025070818,9.96
2025070818,7.67
2025070818,6.56
2025070818,7.07
2025070819,3.28
2025070819,2.68
2025070819,1.93
2025070819,0.36
2025070820,0.0
2025070900,0.0
2025070903,0.05
2025070903,1.51
2025070903,2.2
2025070903,2.99
2025070904,4.77
2025070904,6.54
2025070904,6.57
2025070904,7.53
2025070905,8.22
2025070905,9.64
2025070905,10.6
2025070905,13.25
2025070906,9.28
2025070906,0.0
2025070906,2.72
2025070906,5.77
2025070907,9.45
2025070907,29.72
2025070907,30.58
2025070907,23.06
2025070908,36.24
2025070908,46.58
2025070908,47.2
2025070908,50.24
2025070909,67.98
2025070909,76.17
2025070909,58.34
2025070909,77.21
2025070910,64.84
2025070910,49.54
2025070910,67.04
2025070910,71.98
2025070911,63.46
2025070911,53.11
2025070911,61.71
2025070911,56.8
2025070912,61.54
2025070912,63.43
2025070912,60.67
2025070912,29.05
2025070913,43.01
2025070913,76.26
2025070913,46.53
2025070913,37.48
2025070914,44.07
2025070914,45.42
2025070914,40.26
2025070914,42.91
2025070915,43.35
2025070915,32.92
2025070915,35.83
2025070915,32.62
2025070916,38.2
2025070916,25.02
2025070916,15.6
2025070916,24.23
2025070917,35.52
2025070917,33.55
2025070917,23.78
2025070917,19.77
2025070918,16.57
2025070918,11.4
2025070918,7.57
2025070918,5.31
2025070919,4.7
2025070919,3.46
2025070919,2.19
2025070919,0.43
2025070920,0.0
2025071000,0.0
2025071003,0.61
2025071003,1.9
2025071003,2.81
2025071003,3.77
2025071004,5.81
2025071004,9.14
2025071004,16.62
2025071004,19.87
2025071005,18.28
2025071005,22.7
2025071005,36.87
2025071005,28.38
2025071006,20.62
2025071006,25.9
2025071006,35.24
2025071006,46.97
2025071007,31.42
2025071007,27.42
2025071007,29.9
2025071007,43.55
2025071008,41.82
2025071008,40.85
2025071008,54.15
2025071008,60.21
2025071009,60.49
2025071009,59.72
2025071009,78.94
2025071009,72.81
2025071010,29.38
2025071010,42.3
2025071010,63.87
2025071010,73.61
2025071011,80.08
2025071011,111.12
2025071011,104.94
2025071011,91.36
2025071012,76.75
2025071012,70.25
2025071012,63.97
2025071012,63.83
2025071013,78.99
2025071013,118.51
2025071013,128.2
2025071013,114.56
2025071014,121.28
2025071014,120.93
2025071014,110.28
2025071014,93.88
2025071015,84.26
2025071015,94.44
2025071015,82.17
2025071015,56.99
2025071016,63.91
2025071016,63.68
2025071016,46.63
2025071016,45.17
2025071017,39.05
2025071017,31.23
2025071017,24.9
2025071017,17.62
2025071018,12.12
2025071018,8.75
2025071018,6.68
2025071018,4.51
2025071019,3.7
2025071019,2.38
2025071019,1.9
2025071019,0.31
2025071020,0.0
2025071100,0.0
2025071103,1.13
2025071103,2.1
2025071103,2.8
2025071104,4.6
2025071104,6.13
2025071104,7.97
2025071104,12.32
2025071105,15.27
2025071105,16.07
2025071105,18.35
2025071105,22.31
2025071106,20.11
2025071106,23.77
2025071106,31.18
2025071106,32.52
2025071107,47.41
2025071107,50.28
2025071107,59.74
2025071107,87.64
2025071108,100.65
2025071108,95.31
2025071108,106.89
2025071108,116.75
2025071109,119.98
2025071109,127.66
2025071109,129.33
2025071109,134.3
2025071110,137.97
2025071110,134.1
2025071110,131.65
2025071110,138.85
2025071111,140.5
2025071111,136.47
2025071111,140.57
2025071111,136.08
2025071112,129.04
2025071112,140.6
2025071112,139.79
2025071112,131.48
2025071113,131.66
2025071113,129.66
2025071113,117.88
2025071113,119.77
2025071114,115.34
2025071114,110.06
2025071114,107.97
2025071114,101.68
2025071115,96.56
2025071115,90.95
2025071115,86.24
2025071115,81.83
2025071116,63.01
2025071116,58.53
2025071116,58.56
2025071116,49.39
2025071117,37.64
2025071117,31.86
2025071117,25.23
2025071117,20.13
2025071118,18.51
2025071118,16.14
2025071118,14.25
2025071118,10.66
2025071119,7.7
2025071119,5.12
2025071119,3.39
2025071119,2.55
2025071120,1.58
2025071120,0.0
2025071200,0.0
2025071203,0.18
2025071203,1.49
2025071203,1.9
2025071203,2.81
2025071204,5.59
2025071204,7.86
2025071204,9.01
2025071204,18.43
2025071205,19.89
2025071205,23.1
2025071205,32.42
2025071205,41.57
2025071206,43.18
2025071206,52.34
2025071206,61.81
2025071206,63.78
2025071207,74.17
2025071207,81.68
2025071207,53.03
2025071207,46.65
2025071208,49.74
2025071208,70.37
2025071208,82.39
2025071208,39.38
2025071209,64.86
2025071209,47.58
2025071209,52.47
2025071209,53.3
2025071210,26.38
2025071210,17.38
2025071210,1.61
2025071210,0.0
2025071212,1.04
2025071212,17.42
2025071212,19.99
2025071213,18.45
2025071213,1.85
2025071213,0.0
2025071214,47.02
2025071214,64.69
2025071214,80.02
2025071214,85.72
2025071215,67.76
2025071215,45.22
2025071215,33.38
2025071215,13.46
2025071216,10.35
2025071216,22.76
2025071216,30.99
2025071216,35.52
2025071217,25.65
2025071217,23.76
2025071217,15.44
2025071217,15.58
2025071218,14.22
2025071218,10.83
2025071218,8.49
2025071218,11.26
2025071219,7.07
2025071219,4.14
2025071219,1.35
2025071219,0.0
2025071300,0.0
2025071303,1.18
2025071303,1.85
2025071303,2.52
2025071304,3.82
2025071304,6.15
2025071304,8.38
2025071304,11.01
2025071305,19.19
2025071305,22.7
2025071305,31.49
2025071305,40.22
2025071306,45.03
2025071306,41.61
2025071306,39.44
2025071306,46.84
2025071307,51.61
2025071307,29.57
2025071307,29.51
2025071307,26.55
2025071308,24.29
2025071308,23.23
2025071308,19.87
2025071308,26.0
2025071309,20.64
2025071309,20.02
2025071309,19.12
2025071309,19.9
2025071310,2.33
2025071310,0.0
2025071314,25.69
2025071314,69.64
2025071314,83.28
2025071314,96.44
2025071315,50.76
2025071315,31.91
2025071315,41.94
2025071315,33.69
2025071316,28.98
2025071316,30.35
2025071316,40.72
2025071316,20.84
2025071317,35.77
2025071317,18.81
2025071317,14.83
2025071317,14.75
2025071318,9.95
2025071318,5.27
2025071318,5.99
2025071318,6.06
2025071319,6.77
2025071319,4.2
2025071319,2.17
2025071319,0.12
2025071320,0.0
2025071400,0.0
2025071403,1.32
2025071403,2.58
2025071403,3.15
2025071404,0.21
2025071404,1.19
2025071404,11.67
2025071404,15.72
2025071405,16.72
2025071405,22.37
2025071405,25.85
2025071405,18.76
2025071406,32.65
2025071406,53.77
2025071406,69.82
2025071406,61.83
2025071407,49.48
2025071407,40.55
2025071407,42.33
2025071407,67.5
2025071408,51.69
2025071408,37.77
2025071408,33.22
2025071408,86.83
2025071409,95.32
2025071409,110.16
2025071409,131.82
2025071409,120.7
2025071410,68.75
2025071410,52.24
2025071410,58.32
2025071410,54.36
2025071411,46.66
2025071411,68.35
2025071411,67.1
2025071411,44.61
2025071412,30.09
2025071412,28.41
2025071412,41.06
2025071412,29.45
2025071413,33.85
2025071413,38.88
2025071413,27.96
2025071413,23.69
2025071414,8.61
2025071414,6.19
2025071414,7.59
2025071414,8.34
2025071415,8.68
2025071415,11.05
2025071415,13.02
2025071415,13.62
2025071416,14.58
2025071416,16.91
2025071416,19.17
2025071416,24.47
2025071417,24.78
2025071417,20.51
2025071417,16.1
2025071417,12.15
2025071418,10.24
2025071418,7.8
2025071418,5.87
2025071418,4.33
2025071419,3.82
2025071419,2.51
2025071419,1.7
2025071419,0.1
2025071420,0.0
2025071500,0.0
2025071503,0.97
2025071503,2.13
2025071503,3.53
2025071503,5.84
2025071504,7.58
2025071504,8.32
2025071504,7.31
2025071504,9.04
2025071505,13.62
2025071505,18.43
2025071505,13.83
2025071505,18.28
2025071506,24.39
2025071506,22.74
2025071506,20.72
2025071506,25.63
2025071507,20.72
2025071507,13.06
2025071507,19.94
2025071507,12.92
2025071508,6.93
2025071508,15.04
2025071508,12.14
2025071508,13.05
2025071509,15.34
2025071509,23.14
2025071509,36.93
2025071509,37.86
2025071510,57.8
2025071510,39.11
2025071510,31.93
2025071510,21.02
2025071511,40.71
2025071511,42.2
2025071511,38.55
2025071511,30.99
2025071512,24.18
2025071512,28.33
2025071512,36.15
2025071512,32.4
2025071513,16.9
2025071513,17.06
2025071513,17.54
2025071513,20.09
2025071514,20.21
2025071514,17.51
2025071514,13.82
2025071514,13.1
2025071515,8.09
2025071515,9.4
2025071515,13.22
2025071515,13.96
2025071516,14.42
2025071516,13.64
2025071516,13.78
2025071516,10.61
2025071517,10.35
2025071517,11.07
2025071517,10.5
2025071517,9.69
2025071518,6.92
2025071518,4.04
2025071518,3.49
2025071518,2.8
2025071519,2.32
2025071519,1.64
2025071519,0.08
2025071519,0.0
2025071600,0.0
2025071603,0.23
2025071603,1.27
2025071603,1.94
2025071604,2.07
2025071604,2.04
2025071604,3.29
2025071604,4.78
2025071605,4.17
2025071605,5.0
2025071605,5.99
2025071605,7.29
2025071606,10.49
2025071606,15.78
2025071606,17.8
2025071606,16.47
2025071607,17.5
2025071607,19.62
2025071607,16.16
2025071607,15.42
2025071608,16.86
2025071608,22.49
2025071608,35.65
2025071608,46.97
2025071609,30.82
2025071609,48.21
2025071609,60.56
2025071609,47.41
2025071610,43.98
2025071610,43.5
2025071610,49.49
2025071610,61.21
2025071611,71.94
2025071611,78.49
2025071611,66.4
2025071611,64.94
2025071612,66.09
2025071612,55.99
2025071612,86.6
2025071612,113.1
2025071613,118.9
2025071613,103.78
2025071613,82.35
2025071613,70.35
2025071614,114.29
2025071614,113.12
2025071614,100.99
2025071614,82.24
2025071615,80.52
2025071615,53.23
2025071615,44.12
2025071615,56.82
2025071616,41.68
2025071616,52.94
2025071616,37.38
2025071616,23.95
2025071617,20.61
2025071617,20.35
2025071617,20.15
2025071617,17.36
2025071618,10.92
2025071618,8.2
2025071618,7.64
2025071618,5.0
2025071619,3.09
2025071619,2.5
2025071619,1.41
2025071619,0.0
2025071700,0.0
2025071703,0.18
2025071703,1.72
2025071703,2.3
2025071704,2.94
2025071704,6.43
2025071704,8.3
2025071704,11.39
2025071705,20.87
2025071705,16.76
2025071705,16.82
2025071705,22.88
2025071706,42.34
2025071706,47.01
2025071706,44.29
2025071706,46.87
2025071707,43.76
2025071707,34.67
2025071707,40.09
2025071707,79.56
2025071708,77.0
2025071708,54.28
2025071708,62.91
2025071708,105.61
2025071709,74.61
2025071709,104.51
2025071709,113.14
2025071709,127.55
2025071710,121.46
2025071710,84.65
2025071710,118.8
2025071710,112.05
2025071711,80.45
2025071711,45.58
2025071711,82.61
2025071711,115.97
2025071712,32.97
2025071712,38.41
2025071712,86.1
2025071712,123.83
2025071713,42.63
2025071713,35.44
2025071713,31.6
2025071713,29.57
2025071714,14.41
2025071714,18.3
2025071714,15.8
2025071714,17.47
2025071715,25.28
2025071715,20.94
2025071715,25.96
2025071715,71.91
2025071716,23.0
2025071716,10.24
2025071716,15.2
2025071716,28.74
2025071717,23.64
2025071717,15.84
2025071717,6.61
2025071717,4.66
2025071718,4.58
2025071718,6.58
2025071718,10.72
2025071718,10.04
2025071719,5.09
2025071719,3.5
2025071719,2.5
2025071719,1.62
2025071720,0.04
2025071720,0.0
2025071800,0.0
2025071803,1.2
2025071803,2.25
2025071803,3.26
2025071804,4.5
2025071804,5.99
2025071804,7.81
2025071804,10.84
2025071805,15.63
2025071805,17.22
2025071805,18.96
2025071805,20.82
2025071806,21.88
2025071806,21.89
2025071806,23.64
2025071806,25.37
2025071807,28.84
2025071807,29.68
2025071807,30.12
2025071807,34.0
2025071808,40.09
2025071808,50.42
2025071808,53.88
2025071808,55.51
2025071809,76.01
2025071809,100.55
2025071809,109.55
2025071809,116.33
2025071810,124.38
2025071810,129.3
2025071810,132.61
2025071810,134.2
2025071811,134.97
2025071811,136.03
2025071811,135.8
2025071811,135.31
2025071812,134.4
2025071812,132.81
2025071812,131.67
2025071812,129.75
2025071813,127.16
2025071813,124.06
2025071813,120.7
2025071813,116.54
2025071814,112.4
2025071814,107.4
2025071814,103.45
2025071814,96.82
2025071815,99.16
2025071815,83.79
2025071815,47.22
2025071815,81.04
2025071816,81.0
2025071816,70.72
2025071816,46.74
2025071816,66.96
2025071817,55.82
2025071817,45.22
2025071817,31.21
2025071817,24.14
2025071818,18.01
2025071818,13.64
2025071818,10.21
2025071818,6.91
2025071819,4.14
2025071819,2.63
2025071819,1.37
2025071819,0.0
2025071900,0.0
2025071903,1.09
2025071903,2.09
2025071904,3.15
2025071904,4.31
2025071904,6.29
2025071904,9.06
2025071905,11.51
2025071905,14.12
2025071905,14.89
2025071905,16.55
2025071906,21.41
2025071906,25.51
2025071906,28.74
2025071906,36.38
2025071907,46.09
2025071907,68.17
2025071907,81.66
2025071907,88.52
2025071908,94.37
2025071908,99.59
2025071908,104.22
2025071908,109.01
2025071909,19.4
2025071909,0.0
2025071913,105.08
2025071913,132.95
2025071913,129.53
2025071913,113.11
2025071914,117.1
2025071914,110.49
2025071914,104.84
2025071914,94.32
2025071915,90.8
2025071915,86.07
2025071915,80.16
2025071915,71.0
2025071916,61.45
2025071916,52.26
2025071916,50.04
2025071916,40.13
2025071917,31.95
2025071917,28.57
2025071917,20.21
2025071917,14.15
2025071918,10.39
2025071918,8.03
2025071918,6.78
2025071918,5.44
2025071919,3.86
2025071919,2.43
2025071919,0.61
2025071919,0.0
2025072000,0.0
2025072003,0.74
2025072003,2.07
2025072003,3.25
2025072003,4.84
2025072004,7.43
2025072004,10.44
2025072004,12.54
2025072004,17.19
2025072005,18.61
2025072005,22.41
2025072005,30.34
2025072005,28.9
2025072006,39.79
2025072006,50.55
2025072006,33.23
2025072006,34.0
2025072007,48.75
2025072007,37.38
2025072007,63.36
2025072007,84.45
2025072008,96.82
2025072008,104.01
2025072008,109.73
2025072008,109.51
2025072009,20.27
2025072009,1.06
2025072009,1.13
2025072010,0.06
2025072010,0.0
2025072013,81.29
2025072013,73.61
2025072013,33.76
2025072013,21.84
2025072014,15.69
2025072014,17.53
2025072014,12.36
2025072014,10.47
2025072015,14.32
2025072015,23.21
2025072015,30.1
2025072015,31.57
2025072016,34.72
2025072016,23.9
2025072016,22.91
2025072016,18.12
2025072017,15.44
2025072017,16.18
2025072017,11.27
2025072017,7.53
2025072018,6.83
2025072018,6.01
2025072018,5.93
2025072018,5.0
2025072019,4.14
2025072019,3.46
2025072019,0.37
2025072019,0.0
2025072100,0.0
2025072103,1.09
2025072103,1.87
2025072104,2.17
2025072104,3.46
2025072104,5.11
2025072104,5.52
2025072105,5.88
2025072105,7.19
2025072105,3.17
2025072105,0.0
2025072110,0.02
2025072110,0.19
2025072111,48.05
2025072111,40.86
2025072111,42.36
2025072111,31.3
2025072112,20.36
2025072112,25.5
2025072112,39.58
2025072112,39.4
2025072113,37.73
2025072113,28.18
2025072113,25.57
2025072113,26.49
2025072114,28.53
2025072114,28.58
2025072114,28.2
2025072114,28.42
2025072115,31.3
2025072115,29.33
2025072115,24.41
2025072115,20.74
2025072116,20.32
2025072116,20.94
2025072116,21.71
2025072116,19.3
2025072117,18.59
2025072117,16.53
2025072117,15.44
2025072117,12.73
2025072118,6.55
2025072118,4.26
2025072118,4.61
2025072200,0.0
2025072203,0.49
2025072204,1.75
2025072204,2.15
2025072204,2.67
2025072204,4.41
2025072205,4.27
2025072205,4.0
2025072205,4.93
2025072205,5.7
2025072206,6.88
2025072206,8.38
2025072206,4.68
2025072206,5.41
2025072207,9.06
2025072207,12.7
2025072207,11.02
2025072207,12.42
2025072208,15.14
2025072208,20.13
2025072208,23.02
2025072208,20.26
2025072209,20.58
2025072209,15.75
2025072209,24.65
2025072209,19.34
2025072210,23.11
2025072210,28.05
2025072210,25.86
2025072210,31.42
2025072211,19.02
2025072211,19.11
2025072211,17.66
2025072211,23.54
2025072212,25.36
2025072212,35.42
2025072212,37.04
2025072212,8.05
2025072213,27.55
2025072213,22.51
2025072213,5.01
2025072213,0.0
2025072214,2.33
2025072214,9.96
2025072214,5.48
2025072215,9.67
2025072215,6.79
2025072215,9.06
2025072215,12.33
2025072216,19.28
2025072216,15.88
2025072216,7.46
2025072216,5.84
2025072217,6.31
2025072217,4.49
2025072217,2.36
2025072217,4.27
2025072218,3.61
2025072218,5.02
2025072218,2.42
2025072218,0.13
2025072219,0.0
2025072300,0.0
2025072303,0.34
2025072303,1.85
2025072303,3.03
2025072304,3.42
2025072304,4.31
2025072304,5.81
2025072304,7.64
2025072305,10.01
2025072305,16.15
2025072305,14.91
2025072305,17.65
2025072306,19.5
2025072306,21.46
2025072306,27.06
2025072306,28.21
2025072307,25.16
2025072307,18.52
2025072307,32.46
2025072307,67.44
2025072308,48.67
2025072308,57.6
2025072308,43.65
2025072308,33.83
2025072309,41.26
2025072309,50.95
2025072309,35.37
2025072309,30.48
2025072310,32.97
2025072310,43.32
2025072310,62.28
2025072310,83.47
2025072311,59.24
2025072311,70.57
2025072311,49.04
2025072311,52.76
2025072312,64.81
2025072312,64.71
2025072312,84.09
2025072312,63.94
2025072313,62.36
2025072313,50.05
2025072313,51.67
2025072313,65.32
2025072314,54.2
2025072314,82.78
2025072314,30.59
2025072314,35.75
2025072315,60.94
2025072315,73.69
2025072315,48.56
2025072315,37.35
2025072316,32.29
2025072316,38.95
2025072316,28.57
2025072316,21.35
2025072317,15.09
2025072317,11.32
2025072317,9.8
2025072317,9.1
2025072318,9.66
2025072318,7.58
2025072318,7.68
2025072318,5.53
2025072319,2.69
2025072319,1.76
2025072319,0.13
2025072319,0.0
2025072400,0.0
2025072403,1.47
2025072403,2.98
2025072404,4.65
2025072404,4.85
2025072404,6.53
2025072404,8.77
2025072405,12.02
2025072405,17.36
2025072405,19.36
2025072405,25.2
2025072406,35.64
2025072406,31.43
2025072406,43.1
2025072406,63.65
2025072407,56.91
2025072407,72.14
2025072407,72.42
2025072407,77.15
2025072408,42.29
2025072408,46.15
2025072408,48.76
2025072408,43.24
2025072409,84.94
2025072409,106.59
2025072409,123.9
2025072409,132.48
2025072410,96.4
2025072410,110.3
2025072410,121.16
2025072410,122.83
2025072411,113.82
2025072411,81.44
2025072411,113.74
2025072411,88.02
2025072412,71.63
2025072412,50.97
2025072412,125.3
2025072412,23.09
2025072413,12.48
2025072413,20.72
2025072413,24.87
2025072413,19.89
2025072414,19.19
2025072414,17.23
2025072414,13.06
2025072414,11.04
2025072415,10.34
2025072415,11.07
2025072415,14.02
2025072415,17.98
2025072416,21.62
2025072416,24.27
2025072416,22.46
2025072416,21.42
2025072417,20.42
2025072417,18.98
2025072417,18.79
2025072417,18.75
2025072418,18.85
2025072418,12.75
2025072418,8.62
2025072418,6.34
2025072419,4.47
2025072419,2.9
2025072419,1.51
2025072419,0.0
2025072500,0.0
2025072503,0.46
2025072504,2.1
2025072504,2.54
2025072504,3.24
2025072504,3.41
2025072505,4.2
2025072505,7.07
2025072505,9.28
2025072505,8.55
2025072506,7.6
2025072506,11.33
2025072506,11.83
2025072506,13.61
2025072507,15.05
2025072507,16.77
2025072507,17.52
2025072507,17.41
2025072508,23.06
2025072508,19.48
2025072508,23.67
2025072508,29.46
2025072509,31.02
2025072509,35.57
2025072509,32.33
2025072509,32.68
2025072510,44.75
2025072510,26.74
2025072510,37.28
2025072510,55.93
2025072511,51.91
2025072511,59.53
2025072511,55.01
2025072511,47.07
2025072512,42.14
2025072512,48.89
2025072512,48.6
2025072512,42.72
2025072513,44.86
2025072513,44.15
2025072513,32.85
2025072513,36.16
2025072514,35.43
2025072514,45.03
2025072514,32.09
2025072514,30.02
2025072515,45.5
2025072515,46.24
2025072515,27.33
2025072515,25.91
2025072516,23.61
2025072516,15.05
2025072516,12.56
2025072516,16.36
2025072517,10.91
2025072517,13.13
2025072517,10.88
2025072517,3.6
2025072518,3.8
2025072518,4.98
2025072518,4.75
2025072518,2.26
2025072519,2.06
2025072519,1.31
2025072519,0.0
2025072600,0.0
2025072603,0.41
2025072603,1.98
2025072604,3.53
2025072604,4.43
2025072604,5.73
2025072604,6.31
2025072605,6.94
2025072605,7.71
2025072605,7.52
2025072605,8.03
2025072606,17.97
2025072606,22.68
2025072606,27.88
2025072606,34.57
2025072607,41.53
2025072607,44.63
2025072607,59.54
2025072607,52.57
2025072608,29.88
2025072608,31.35
2025072608,23.71
2025072608,18.7
2025072609,24.16
2025072609,39.61
2025072609,44.38
2025072609,58.1
2025072610,107.09
2025072610,107.64
2025072610,80.57
2025072610,81.05
2025072611,80.81
2025072611,25.39
2025072611,58.38
2025072611,73.06
2025072612,91.87
2025072612,84.88
2025072612,64.78
2025072612,63.14
2025072613,51.03
2025072613,82.97
2025072613,84.06
2025072613,86.25
2025072614,62.97
2025072614,94.8
2025072614,89.25
2025072614,105.31
2025072615,67.78
2025072615,58.28
2025072615,45.23
2025072615,64.87
2025072616,62.0
2025072616,22.62
2025072616,29.73
2025072616,40.68
2025072617,29.7
2025072617,21.74
2025072617,17.16
2025072617,14.03
2025072618,10.43
2025072618,5.58
2025072618,4.22
2025072618,2.93
2025072619,1.45
2025072619,0.0
2025072700,0.0
2025072703,0.54
2025072703,2.45
2025072704,3.54
2025072704,5.45
2025072704,8.74
2025072704,11.9
2025072705,12.54
2025072705,16.29
2025072705,34.38
2025072705,49.03
2025072706,35.75
2025072706,33.69
2025072706,34.92
2025072706,27.56
2025072707,17.72
2025072707,22.75
2025072707,34.18
2025072707,59.37
2025072708,51.32
2025072708,79.56
2025072708,83.49
2025072708,87.96
2025072709,55.09
2025072709,64.74
2025072709,77.62
2025072709,68.97
2025072710,106.74
2025072710,85.64
2025072710,130.57
2025072710,110.75
2025072711,25.94
2025072711,0.0
2025072713,103.94
2025072713,86.59
2025072713,75.18
2025072713,81.11
2025072714,111.68
2025072714,95.9
2025072714,86.4
2025072714,96.69
2025072715,86.45
2025072715,85.3
2025072715,85.96
2025072715,66.37
2025072716,58.71
2025072716,50.84
2025072716,41.24
2025072716,39.89
2025072717,37.22
2025072717,22.82
2025072717,20.95
2025072717,24.51
2025072718,19.06
2025072718,15.47
2025072718,10.84
2025072718,6.86
2025072719,4.15
2025072719,1.92
2025072719,0.0
2025072800,0.0
2025072803,0.63
2025072803,1.74
2025072804,2.18
2025072804,3.16
2025072804,7.81
2025072804,7.71
2025072805,7.86
2025072805,13.4
2025072805,11.81
2025072805,13.3
2025072806,37.48
2025072806,38.94
2025072806,41.67
2025072806,53.2
2025072807,48.93
2025072807,47.6
2025072807,46.22
2025072807,70.75
2025072808,77.37
2025072808,97.18
2025072808,80.4
2025072808,95.65
2025072809,107.02
2025072809,100.03
2025072809,124.65
2025072809,102.33
2025072810,130.56
2025072810,112.38
2025072810,110.06
2025072810,106.76
2025072811,130.75
2025072811,119.77
2025072811,127.72
2025072811,110.33
2025072812,26.47
2025072812,80.41
2025072812,72.75
2025072812,40.35
2025072813,75.46
2025072813,123.26
2025072813,125.03
2025072813,109.32
2025072814,30.11
2025072814,86.42
2025072814,102.04
2025072814,100.54
2025072815,94.19
2025072815,85.84
2025072815,79.39
2025072815,63.55
2025072816,64.36
2025072816,50.35
2025072816,52.88
2025072816,37.25
2025072817,30.68
2025072817,28.63
2025072817,13.34
2025072817,12.33
2025072818,8.73
2025072818,7.67
2025072818,4.1
2025072818,3.64
2025072819,2.46
2025072819,1.07
2025072819,0.0
2025072900,0.0
2025072903,1.88
2025072904,2.9
2025072904,3.24
2025072904,5.84
2025072904,7.84
2025072905,13.1
2025072905,16.06
2025072905,22.28
2025072905,29.28
2025072906,36.92
2025072906,44.39
2025072906,50.96
2025072906,51.11
2025072907,57.36
2025072907,76.3
2025072907,61.01
2025072907,48.22
2025072908,75.38
2025072908,77.27
2025072908,87.5
2025072908,107.39
2025072909,99.96
2025072909,71.11
2025072909,81.43
2025072909,114.85
2025072910,97.18
2025072910,62.3
2025072910,96.4
2025072910,125.31
2025072911,11.48
2025072911,0.0
2025072912,1.83
2025072912,0.0
2025072914,5.1
2025072914,50.02
2025072915,4.99
2025072915,4.16
2025072915,48.25
2025072915,58.9
2025072916,51.41
2025072916,44.09
2025072916,25.12
2025072916,14.84
2025072917,17.57
2025072917,12.11
2025072917,10.97
2025072917,8.56
2025072918,3.02
2025072918,4.36
2025072918,4.16
2025072918,3.03
2025072919,1.65
2025072919,0.0
2025073000,0.0
2025073003,1.44
2025073003,1.15
2025073003,2.7
2025073004,2.98
2025073004,1.91
2025073004,0.34
2025073004,2.57
2025073005,5.57
2025073005,6.49
2025073005,6.76
2025073005,9.98
2025073006,10.83
2025073006,19.44
2025073006,13.71
2025073006,9.08
2025073007,14.24
2025073007,25.49
2025073007,31.33
2025073007,22.41
2025073008,31.78
2025073008,20.1
2025073008,26.27
2025073008,8.64
2025073009,12.77
2025073009,14.11
2025073009,16.42
2025073009,24.56
2025073010,26.25
2025073010,30.33
2025073010,55.15
2025073010,35.51
2025073011,39.05
2025073011,49.85
2025073011,49.35
2025073011,44.65
2025073012,71.41
2025073012,84.21
2025073012,30.25
2025073012,109.2
2025073013,42.76
2025073013,80.98
2025073013,125.76
2025073013,59.63
2025073014,33.18
2025073014,25.98
2025073014,19.11
2025073014,13.94
2025073015,8.32
2025073015,7.17
2025073015,9.83
2025073015,10.98
2025073016,12.92
2025073016,15.64
2025073016,19.56
2025073016,19.31
2025073017,18.74
2025073017,16.97
2025073017,20.95
2025073017,10.81
2025073018,10.32
2025073018,6.56
2025073018,5.47
2025073018,3.76
2025073019,2.48
2025073019,0.8
2025073019,0.0
2025073100,0.0
2025073103,0.49
2025073103,2.1
2025073104,2.6
2025073104,2.54
2025073104,2.01
2025073104,2.66
2025073105,6.76
2025073105,7.25
2025073105,8.95
2025073105,14.6
2025073106,20.78
2025073106,22.76
2025073106,26.55
2025073106,25.09
2025073107,36.32
2025073107,51.48
2025073107,36.15
2025073107,53.25
2025073108,43.28
2025073108,33.34
2025073108,33.92
2025073108,39.42
2025073109,70.32
2025073109,46.51
2025073109,89.86
2025073109,110.69
2025073110,116.77
2025073110,99.78
2025073110,58.35
2025073110,42.41
2025073111,56.26
2025073111,59.12
2025073111,61.42
2025073111,63.98
2025073112,64.08
2025073112,56.09
2025073112,64.22
2025073112,42.97
2025073113,35.23
2025073113,39.33
2025073113,74.61
2025073113,66.23
2025073114,59.91
2025073114,83.47
2025073114,63.22
2025073114,39.0
2025073115,42.29
2025073115,78.26
2025073115,71.48
2025073115,85.27
2025073116,57.54
2025073116,51.64
2025073116,42.65
2025073116,40.77
2025073117,16.16
2025073117,26.55
2025073117,25.42
2025073117,18.31
2025073118,11.06
2025073118,8.19
2025073118,5.63
2025073118,3.36
2025073119,1.87
2025073119,0.04
2025073119,0.0
2025080100,0.0
2025080103,0.08
2025080103,1.75
2025080104,2.86
2025080104,4.04
2025080104,5.94
2025080104,8.1
2025080105,10.05
2025080105,11.31
2025080105,9.14
2025080105,9.78
2025080106,26.69
2025080106,49.61
2025080106,14.33
2025080106,7.53
2025080107,7.38
2025080107,11.81
2025080107,16.01
2025080107,15.51
2025080108,16.5
2025080108,21.16
2025080108,26.73
2025080108,54.5
2025080109,86.42
2025080109,79.61
2025080109,78.32
2025080109,72.83
2025080110,101.25
2025080110,128.07
2025080110,140.71
2025080110,138.26
2025080111,135.12
2025080111,140.63
2025080111,133.0
2025080111,87.05
2025080112,95.11
2025080112,60.44
2025080112,31.63
2025080112,19.18
2025080113,8.47
2025080113,5.77
2025080113,7.14
2025080113,7.6
2025080114,7.13
2025080114,7.68
2025080114,11.04
2025080114,15.42
2025080115,17.24
2025080115,18.86
2025080115,21.32
2025080115,21.6
2025080116,18.65
2025080116,17.24
2025080116,14.9
2025080116,14.23
2025080117,15.62
2025080117,14.03
2025080117,11.25
2025080117,9.81
2025080118,7.9
2025080118,5.1
2025080118,3.21
2025080118,2.38
2025080119,0.85
2025080119,0.0
2025080200,0.0
2025080203,1.28
2025080204,2.38
2025080204,3.13
2025080204,4.79
2025080204,5.32
2025080205,7.8
2025080205,9.76
2025080205,10.51
2025080205,18.23
2025080206,23.45
2025080206,33.66
2025080206,38.41
2025080206,44.18
2025080207,35.65
2025080207,70.33
2025080207,83.19
2025080207,83.0
2025080208,72.91
2025080208,102.15
2025080208,88.52
2025080208,91.65
2025080209,126.23
2025080209,102.38
2025080209,96.79
2025080209,114.14
2025080210,116.9
2025080210,97.25
2025080210,91.58
2025080210,102.91
2025080211,19.67
2025080211,0.0
2025080214,53.68
2025080214,65.36
2025080214,76.55
2025080214,42.35
2025080215,30.89
2025080215,32.52
2025080215,19.65
2025080215,12.32
2025080216,16.18
2025080216,6.7
2025080216,10.01
2025080216,18.18
2025080217,15.94
2025080217,12.93
2025080217,10.71
2025080217,8.6
2025080218,4.98
2025080218,3.0
2025080218,1.77
2025080218,0.0
2025080300,0.0
2025080304,1.28
2025080304,2.42
2025080304,4.49
2025080304,4.21
2025080305,3.3
2025080305,3.2
2025080305,7.38
2025080305,8.01
2025080306,11.06
2025080306,12.41
2025080306,1.27
2025080306,0.0
2025080314,1.73
2025080314,17.25
2025080314,4.12
2025080314,13.32
2025080315,19.52
2025080315,23.37
2025080315,20.49
2025080315,18.02
2025080316,12.0
2025080316,10.62
2025080316,4.45
2025080316,4.3
2025080317,3.15
2025080317,10.62
2025080317,12.56
2025080317,7.29
2025080318,4.43
2025080318,4.29
2025080318,3.49
2025080318,2.48
2025080319,0.91
2025080319,0.0
2025080400,0.0
2025080403,0.02
2025080404,1.92
2025080404,3.03
2025080404,4.95
2025080404,7.46
2025080405,11.64
2025080405,16.15
2025080405,17.36
2025080405,25.97
2025080406,36.93
2025080406,45.59
2025080406,32.89
2025080406,36.83
2025080407,34.55
2025080407,74.11
2025080407,56.09
2025080407,67.93
2025080408,58.52
2025080408,61.67
2025080408,58.21
2025080408,104.79
2025080409,114.47
2025080409,81.07
2025080409,83.21
2025080409,100.3
2025080410,28.35
2025080410,2.48
2025080410,1.87
2025080410,13.51
2025080411,3.04
2025080411,1.15
2025080411,1.07
2025080411,0.85
2025080412,0.0
2025080413,1.07
2025080413,15.95
2025080414,1.8
2025080414,0.0
2025080416,0.96
2025080416,7.74
2025080416,8.34
2025080416,2.11
2025080417,2.7
2025080417,3.44
2025080417,2.14
2025080417,1.96
2025080418,2.36
2025080418,1.91
2025080418,0.28
2025080418,0.0
2025080500,0.0
2025080506,5.08
2025080506,41.34
2025080506,7.1
2025080506,0.0
2025080517,3.44
2025080518,10.19
2025080518,4.53
2025080518,4.71
2025080518,2.21
2025080519,0.35
2025080519,0.0
2025080600,0.0
2025080603,0.99
2025080604,3.09
2025080604,4.37
2025080604,6.84
2025080604,8.18
2025080605,11.81
2025080605,20.28
2025080605,16.25
2025080605,24.31
2025080606,34.18
2025080606,43.02
2025080606,53.38
2025080606,57.83
2025080607,34.71
2025080607,4.59
2025080607,0.19
2025080607,10.76
2025080608,3.29
2025080608,6.9
2025080608,0.0
2025080610,0.83
2025080610,0.0
2025080611,26.14
2025080611,51.32
2025080611,38.83
2025080611,56.25
2025080612,24.37
2025080612,0.0
2025080615,4.54
2025080615,42.09
2025080615,66.04
2025080615,56.63
2025080616,38.19
2025080616,45.29
2025080616,34.14
2025080616,29.05
2025080617,25.5
2025080617,21.29
2025080617,12.24
2025080617,2.83
2025080618,0.39
2025080618,6.74
2025080618,5.88
2025080618,0.67
2025080619,0.23
2025080619,0.0
2025080700,0.0
2025080704,0.27
2025080704,0.37
2025080704,2.25
2025080704,3.5
2025080705,4.16
2025080705,6.01
2025080705,10.38
2025080705,11.13
2025080706,12.59
2025080706,11.17
2025080706,10.46
2025080706,14.15
2025080707,20.58
2025080707,23.66
2025080707,21.68
2025080707,17.42
2025080708,20.45
2025080708,31.65
2025080708,41.82
2025080708,63.86
2025080709,55.96
2025080709,13.96
2025080709,0.0
2025080711,90.63
2025080711,89.1
2025080711,61.08
2025080711,87.82
2025080712,12.07
2025080712,3.28
2025080712,3.33
2025080713,1.96
2025080713,1.88
2025080713,1.85
2025080713,2.48
2025080714,19.35
2025080714,47.5
2025080714,46.38
2025080714,57.34
2025080715,43.97
2025080715,34.39
2025080715,40.59
2025080715,32.42
2025080716,24.5
2025080716,13.92
2025080716,19.8
2025080716,21.72
2025080717,17.52
2025080717,13.46
2025080717,11.33
2025080717,3.7
2025080718,8.15
2025080718,8.74
2025080718,4.33
2025080718,2.28
2025080719,0.52
2025080719,0.0
2025080800,0.0
2025080803,0.75
2025080804,2.1
2025080804,3.11
2025080804,4.6
2025080804,8.53
2025080805,14.43
2025080805,10.58
2025080805,19.68
2025080805,29.36
2025080806,26.88
2025080806,9.59
2025080806,3.78
2025080806,7.16
2025080807,17.45
2025080807,40.47
2025080807,25.13
2025080807,28.78
2025080808,44.35
2025080808,49.66
2025080808,64.24
2025080808,82.22
2025080809,84.68
2025080809,73.84
2025080809,88.68
2025080809,95.43
2025080810,79.58
2025080810,75.77
2025080810,60.82
2025080810,72.82
2025080811,86.92
2025080811,86.58
2025080811,86.97
2025080811,86.98
2025080812,86.97
2025080812,86.71
2025080812,86.87
2025080812,82.13
2025080813,83.05
2025080813,86.53
2025080813,87.0
2025080813,86.94
2025080814,117.44
2025080814,116.36
2025080814,108.05
2025080814,73.59
2025080815,71.21
2025080815,78.85
2025080815,73.4
2025080815,64.2
2025080816,56.46
2025080816,47.28
2025080816,38.81
2025080816,28.58
2025080817,28.21
2025080817,22.88
2025080817,18.85
2025080817,9.31
2025080818,6.69
2025080818,4.82
2025080818,3.51
2025080818,2.23
2025080819,0.16
2025080819,0.0
2025080900,0.0
2025080903,0.49
2025080904,2.05
2025080904,3.08
2025080904,4.41
2025080904,6.02
2025080905,8.85
2025080905,12.98
2025080905,18.57
2025080905,25.37
2025080906,33.12
2025080906,41.12
2025080906,49.6
2025080906,57.62
2025080907,65.16
2025080907,69.74
2025080907,69.03
2025080907,81.8
2025080908,26.02
2025080908,19.99
2025080908,20.02
2025080909,0.98
2025080909,0.0
2025080916,24.69
2025080916,43.57
2025080916,39.96
2025080916,29.4
2025080917,9.95
2025080917,14.49
2025080917,9.62
2025080917,7.56
2025080918,8.5
2025080918,6.25
2025080918,3.31
2025080918,1.47
2025080919,0.03
2025080919,0.0
2025081000,0.0
2025081003,0.45
2025081004,1.98
2025081004,2.96
2025081004,4.55
2025081004,2.46
2025081005,8.62
2025081005,12.7
2025081005,16.63
2025081005,24.55
2025081006,32.09
2025081006,40.92
2025081006,49.31
2025081006,58.87
2025081007,10.4
2025081007,0.62
2025081007,0.0
2025081015,79.69
2025081015,59.81
2025081015,54.73
2025081015,48.6
2025081016,49.05
2025081016,36.91
2025081016,47.89
2025081016,38.94
2025081017,24.11
2025081017,11.81
2025081017,10.86
2025081017,9.37
2025081018,6.48
2025081018,4.18
2025081018,2.57
2025081018,1.8
2025081019,0.04
2025081019,0.0
2025081100,0.0
2025081104,1.12
2025081104,2.06
2025081104,4.73
2025081104,9.48
2025081105,13.46
2025081105,13.93
2025081105,13.83
2025081105,18.26
2025081106,21.63
2025081106,27.47
2025081106,43.22
2025081106,41.18
2025081107,9.61
2025081107,3.42
2025081107,14.12
2025081107,14.15
2025081108,40.03
2025081108,10.31
2025081108,24.72
2025081108,28.14
2025081109,32.18
2025081109,34.23
2025081109,33.86
2025081109,39.44
2025081110,48.94
2025081110,70.7
2025081110,69.02
2025081110,77.76
2025081111,66.79
2025081111,49.8
2025081111,42.26
2025081111,42.12
2025081112,42.07
2025081112,63.47
2025081112,97.62
2025081112,60.37
2025081113,99.02
2025081113,120.35
2025081113,116.46
2025081113,112.47
2025081114,66.81
2025081114,63.32
2025081114,58.39
2025081114,41.51
2025081115,26.43
2025081115,41.6
2025081115,30.65
2025081115,22.72
2025081116,16.53
2025081116,14.19
2025081116,10.2
2025081116,7.93
2025081117,7.11
2025081117,6.17
2025081117,6.51
2025081117,4.38
2025081118,5.82
2025081118,7.35
2025081118,5.08
2025081118,2.6
2025081119,0.18
2025081119,0.0
2025081200,0.0
2025081204,0.03
2025081204,2.06
2025081204,3.15
2025081204,4.11
2025081205,5.96
2025081205,11.08
2025081205,13.52
2025081205,15.85
2025081206,14.48
2025081206,17.64
2025081206,21.9
2025081206,22.33
2025081207,26.59
2025081207,28.3
2025081207,33.15
2025081207,9.97
2025081208,53.0
2025081208,50.81
2025081208,58.82
2025081208,55.29
2025081209,46.37
2025081209,36.46
2025081209,28.96
2025081209,36.25
2025081210,35.74
2025081210,35.08
2025081210,29.29
2025081210,34.59
2025081211,54.2
2025081211,62.24
2025081211,65.43
2025081211,45.09
2025081212,39.71
2025081212,55.58
2025081212,63.05
2025081212,56.49
2025081213,35.13
2025081213,35.12
2025081213,45.96
2025081213,42.33
2025081214,35.87
2025081214,27.14
2025081214,25.92
2025081214,28.95
2025081215,33.82
2025081215,31.83
2025081215,29.86
2025081215,62.15
2025081216,58.09
2025081216,46.37
2025081216,33.12
2025081216,15.98
2025081217,20.45
2025081217,21.03
2025081217,14.83
2025081217,8.11
2025081218,5.15
2025081218,3.47
2025081218,2.62
2025081218,1.36
2025081219,0.0
2025081300,0.0
2025081303,0.88
2025081304,2.62
2025081304,4.01
2025081304,5.69
2025081304,7.49
2025081305,9.77
2025081305,12.53
2025081305,14.19
2025081305,20.98
2025081306,31.8
2025081306,40.27
2025081306,42.52
2025081306,50.1
2025081307,61.56
2025081307,67.09
2025081307,62.96
2025081307,85.2
2025081308,67.03
2025081308,70.45
2025081308,70.46
2025081308,70.48
2025081309,65.84
2025081309,85.75
2025081309,66.05
2025081309,45.72
2025081310,45.43
2025081310,76.59
2025081310,75.74
2025081310,97.12
2025081311,98.62
2025081311,103.47
2025081311,98.9
2025081311,124.8
2025081312,125.19
2025081312,122.95
2025081312,122.17
2025081312,119.53
2025081313,116.6
2025081313,113.39
2025081313,109.95
2025081313,106.04
2025081314,100.94
2025081314,97.04
2025081314,91.08
2025081314,84.67
2025081315,78.52
2025081315,72.38
2025081315,63.94
2025081315,53.58
2025081316,48.31
2025081316,43.71
2025081316,31.75
2025081316,23.48
2025081317,24.12
2025081317,18.54
2025081317,10.65
2025081317,7.44
2025081318,5.55
2025081318,4.13
2025081318,2.56
2025081318,1.2
2025081319,0.0
2025081400,0.0
2025081404,0.02
2025081404,1.43
2025081404,2.22
2025081404,4.04
2025081405,7.1
2025081405,9.59
2025081405,10.21
2025081405,11.66
2025081406,10.88
2025081406,10.99
2025081406,12.24
2025081406,17.36
2025081407,25.37
2025081407,38.8
2025081407,39.27
2025081407,62.63
2025081408,50.84
2025081408,64.15
2025081408,56.44
2025081408,64.9
2025081409,56.64
2025081409,45.77
2025081409,36.53
2025081409,39.89
2025081410,41.05
2025081410,19.97
2025081410,10.52
2025081410,3.92
2025081411,2.43
2025081411,8.68
2025081411,29.86
2025081411,29.99
2025081412,56.89
2025081412,128.4
2025081412,119.23
2025081412,117.02
2025081413,113.26
2025081413,109.93
2025081413,105.91
2025081413,101.26
2025081414,96.13
2025081414,91.65
2025081414,86.68
2025081414,80.12
2025081415,73.44
2025081415,66.94
2025081415,47.36
2025081415,47.16
2025081416,39.81
2025081416,31.09
2025081416,35.11
2025081416,26.57
2025081417,19.6
2025081417,12.81
2025081417,9.33
2025081417,5.61
2025081418,4.31
2025081418,3.09
2025081418,2.11
2025081418,0.49
2025081419,0.0
2025081500,0.0
2025081504,0.73
2025081504,2.01
2025081504,3.25
2025081504,6.16
2025081505,3.98
2025081505,4.24
2025081505,5.52
2025081505,11.89
2025081506,19.29
2025081506,34.44
2025081506,38.97
2025081506,49.51
2025081507,57.87
2025081507,66.51
2025081507,73.25
2025081507,80.63
2025081508,86.48
2025081508,92.99
2025081508,95.49
2025081508,97.25
2025081509,105.6
2025081509,109.56
2025081509,112.84
2025081509,116.58
2025081510,21.03
2025081510,0.0
2025081510,5.36
2025081511,87.26
2025081511,91.83
2025081511,8.8
2025081511,0.0
2025081513,1.49
2025081513,19.66
2025081513,4.93
2025081513,48.79
2025081514,90.23
2025081514,97.59
2025081514,85.62
2025081514,86.44
2025081515,78.61
2025081515,71.99
2025081515,63.77
2025081515,55.29
2025081516,44.3
2025081516,29.77
2025081516,15.73
2025081516,5.13
2025081517,8.48
2025081517,7.1
2025081517,6.01
2025081517,4.87
2025081518,3.03
2025081518,0.85
2025081518,0.0
2025081600,0.0
2025081604,0.67
2025081604,2.3
2025081604,3.4
2025081604,5.29
2025081605,6.6
2025081605,11.26
2025081605,12.32
2025081605,28.61
2025081606,25.62
2025081606,34.33
2025081606,35.95
2025081606,38.5
2025081607,44.53
2025081607,54.08
2025081607,80.91
2025081607,98.24
2025081608,101.56
2025081608,101.36
2025081608,106.25
2025081608,101.84
2025081609,114.55
2025081609,123.76
2025081609,127.26
2025081609,126.25
2025081610,19.77
2025081610,1.84
2025081610,17.28
2025081610,2.32
2025081611,0.0
2025081611,1.74
2025081611,18.32
2025081611,19.99
2025081612,19.02
2025081612,2.53
2025081612,0.0
2025081614,1.7
2025081614,17.21
2025081614,4.09
2025081614,18.31
2025081615,76.77
2025081615,76.94
2025081615,57.48
2025081615,55.35
2025081616,55.77
2025081616,43.39
2025081616,34.99
2025081616,32.85
2025081617,24.98
2025081617,16.21
2025081617,11.94
2025081617,9.75
2025081618,4.68
2025081618,2.46
2025081618,0.78
2025081618,0.0
2025081700,0.0
2025081704,0.93
2025081704,2.46
2025081704,4.45
2025081704,6.81
2025081705,8.23
2025081705,11.64
2025081705,18.86
2025081705,23.37
2025081706,26.14
2025081706,38.73
2025081706,48.84
2025081706,59.75
2025081707,61.13
2025081707,71.46
2025081707,77.14
2025081707,80.45
2025081708,69.94
2025081708,98.02
2025081708,105.07
2025081708,105.38
2025081709,114.37
2025081709,119.64
2025081709,118.49
2025081709,119.86
2025081710,20.74
2025081710,7.69
2025081710,73.76
2025081710,76.76
2025081711,11.66
2025081711,1.12
2025081711,1.1
2025081711,0.93
2025081712,0.0
2025081713,1.75
2025081713,18.35
2025081713,20.01
2025081714,83.85
2025081714,88.22
2025081714,77.83
2025081714,74.94
2025081715,71.62
2025081715,76.1
2025081715,72.55
2025081715,60.75
2025081716,52.78
2025081716,45.27
2025081716,35.88
2025081716,28.67
2025081717,20.92
2025081717,14.67
2025081717,9.57
2025081717,6.22
2025081718,4.33
2025081718,2.96
2025081718,1.98
2025081718,0.17
2025081719,0.0
2025081800,0.0
2025081804,0.36
2025081804,1.87
2025081804,2.69
2025081804,3.87
2025081805,5.79
2025081805,9.48
2025081805,14.86
2025081805,21.65
2025081806,29.5
2025081806,37.89
2025081806,46.4
2025081806,54.9
2025081807,63.43
2025081807,71.21
2025081807,78.11
2025081807,84.72
2025081808,90.97
2025081808,96.89
2025081808,102.38
2025081808,107.11
2025081809,100.93
2025081809,99.28
2025081809,111.83
2025081809,121.99
2025081810,124.18
2025081810,126.26
2025081810,127.71
2025081810,128.6
2025081811,129.56
2025081811,129.27
2025081811,128.78
2025081811,128.48
2025081812,127.34
2025081812,126.23
2025081812,124.08
2025081812,121.93
2025081813,118.78
2025081813,115.84
2025081813,112.03
2025081813,107.94
2025081814,103.16
2025081814,98.16
2025081814,92.82
2025081814,87.03
2025081815,80.5
2025081815,73.8
2025081815,66.4
2025081815,59.47
2025081816,51.73
2025081816,43.75
2025081816,35.52
2025081816,27.57
2025081817,20.05
2025081817,13.79
2025081817,8.91
2025081817,5.74
2025081818,3.99
2025081818,2.74
2025081818,1.71
2025081818,0.01
2025081819,0.0
2025081900,0.0
2025081904,0.44
2025081904,1.73
2025081904,2.42
2025081905,3.74
2025081905,4.75
2025081905,5.82
2025081905,7.13
2025081906,7.42
2025081906,8.85
2025081906,10.0
2025081906,13.15
2025081907,18.36
2025081907,27.65
2025081907,31.67
2025081907,35.81
2025081908,36.42
2025081908,33.11
2025081908,36.23
2025081908,38.27
2025081909,43.04
2025081909,46.96
2025081909,45.36
2025081909,44.57
2025081910,41.4
2025081910,48.31
2025081910,48.54
2025081910,65.65
2025081911,86.76
2025081911,116.29
2025081911,121.73
2025081911,123.03
2025081912,113.3
2025081912,116.1
2025081912,109.35
2025081912,121.0
2025081913,115.13
2025081913,96.37
2025081913,94.11
2025081913,105.36
2025081914,87.52
2025081914,72.61
2025081914,82.86
2025081914,79.47
2025081915,71.43
2025081915,70.48
2025081915,62.76
2025081915,55.66
2025081916,47.74
2025081916,41.28
2025081916,33.17
2025081916,20.86
2025081917,13.0
2025081917,9.83
2025081917,7.37
2025081917,4.98
2025081918,4.72
2025081918,2.72
2025081918,0.67
2025081918,0.0
2025082000,0.0
2025082004,0.04
2025082004,1.71
2025082004,2.48
2025082004,3.66
2025082005,5.52
2025082005,9.05
2025082005,14.44
2025082005,21.45
2025082006,29.61
2025082006,38.24
2025082006,47.24
2025082006,53.46
2025082007,54.73
2025082007,61.67
2025082007,68.06
2025082007,74.05
2025082008,83.45
2025082008,101.78
2025082008,107.03
2025082008,112.97
2025082009,117.98
2025082009,122.58
2025082009,125.53
2025082009,127.22
2025082010,127.6
2025082010,129.61
2025082010,133.61
2025082010,136.85
2025082011,137.39
2025082011,135.81
2025082011,134.27
2025082011,130.03
2025082012,20.72
2025082012,4.28
2025082012,37.29
2025082012,40.81
2025082013,95.19
2025082013,118.88
2025082013,61.43
2025082013,118.3
2025082014,55.59
2025082014,104.93
2025082014,98.55
2025082014,84.72
2025082015,84.73
2025082015,77.07
2025082015,68.93
2025082015,61.2
2025082016,54.87
2025082016,50.32
2025082016,39.61
2025082016,31.15
2025082017,21.42
2025082017,17.32
2025082017,10.87
2025082017,5.61
2025082018,3.7
2025082018,2.51
2025082018,1.11
2025082018,0.0
2025082100,0.0
2025082104,0.98
2025082104,2.02
2025082104,1.24
2025082105,5.72
2025082105,10.38
2025082105,18.96
2025082105,16.98
2025082106,13.75
2025082106,20.44
2025082106,27.47
2025082106,32.73
2025082107,38.33
2025082107,64.34
2025082107,58.42
2025082107,18.83
2025082108,38.88
2025082108,67.13
2025082108,56.41
2025082108,78.67
2025082109,41.79
2025082109,83.52
2025082109,55.4
2025082109,88.68
2025082110,19.7
2025082110,0.0
2025082111,5.19
2025082111,21.25
2025082111,37.28
2025082111,50.3
2025082112,20.23
2025082112,70.5
2025082112,83.22
2025082112,80.84
2025082113,73.91
2025082113,113.23
2025082113,99.25
2025082113,94.45
2025082114,56.59
2025082114,19.77
2025082114,11.77
2025082114,22.57
2025082115,29.18
2025082115,14.25
2025082115,12.44
2025082115,17.9
2025082116,13.33
2025082116,12.71
2025082116,11.15
2025082116,6.77
2025082117,7.45
2025082117,6.86
2025082117,6.45
2025082117,6.89
2025082118,7.42
2025082118,2.89
2025082118,0.65
2025082118,0.0
2025082200,0.0
2025082204,1.22
2025082204,2.42
2025082205,3.54
2025082205,5.98
2025082205,8.75
2025082205,10.8
2025082206,14.09
2025082206,14.43
2025082206,14.06
2025082206,18.96
2025082207,25.68
2025082207,29.1
2025082207,31.52
2025082207,41.1
2025082208,46.36
2025082208,49.72
2025082208,81.67
2025082208,54.89
2025082209,66.32
2025082209,96.07
2025082209,71.1
2025082209,57.98
2025082210,40.15
2025082210,50.33
2025082210,86.8
2025082210,76.33
2025082211,73.59
2025082211,77.27
2025082211,90.45
2025082211,102.29
2025082212,82.92
2025082212,61.0
2025082212,117.71
2025082212,62.35
2025082213,74.23
2025082213,94.51
2025082213,98.64
2025082213,110.74
2025082214,80.24
2025082214,71.94
2025082214,78.09
2025082214,58.43
2025082215,54.09
2025082215,33.38
2025082215,53.47
2025082215,44.6
2025082216,34.21
2025082216,21.5
2025082216,28.53
2025082216,13.65
2025082217,9.04
2025082217,10.56
2025082217,8.73
2025082217,3.37
2025082218,2.97
2025082218,1.56
2025082218,0.0
2025082300,0.0
2025082304,0.93
2025082304,2.29
2025082304,0.36
2025082305,1.46
2025082305,8.19
2025082305,12.92
2025082305,19.57
2025082306,27.42
2025082306,35.75
2025082306,44.3
2025082306,53.08
2025082307,61.87
2025082307,70.3
2025082307,78.62
2025082307,86.45
2025082308,92.03
2025082308,100.42
2025082308,100.67
2025082308,98.14
2025082309,108.58
2025082309,85.95
2025082309,124.69
2025082309,121.93
2025082310,32.6
2025082310,1.17
2025082310,1.13
2025082310,1.22
2025082311,4.28
2025082311,35.3
2025082311,6.14
2025082311,1.04
2025082312,0.0
2025082313,1.18
2025082313,1.23
2025082313,1.22
2025082313,1.26
2025082314,0.04
2025082314,0.0
2025082315,71.93
2025082315,77.22
2025082315,69.19
2025082315,60.61
2025082316,52.32
2025082316,43.31
2025082316,34.73
2025082316,26.2
2025082317,18.38
2025082317,11.96
2025082317,7.34
2025082317,4.67
2025082318,3.2
2025082318,2.17
2025082318,0.28
2025082318,0.0
2025082400,0.0
2025082404,1.27
2025082404,2.26
2025082405,3.83
2025082405,4.42
2025082405,6.25
2025082405,10.83
2025082406,20.85
2025082406,28.17
2025082406,30.86
2025082406,25.4
2025082407,20.41
2025082407,27.55
2025082407,21.51
2025082407,27.87
2025082408,23.64
2025082408,1.64
2025082408,0.0
2025082415,3.95
2025082415,23.48
2025082415,20.72
2025082415,15.68
2025082416,11.76
2025082416,10.75
2025082416,14.78
2025082416,9.44
2025082417,8.0
2025082417,6.2
2025082417,3.71
2025082417,2.5
2025082418,0.8
2025082418,0.0
2025082500,0.0
2025082504,0.85
2025082504,1.82
2025082505,2.58
2025082505,3.22
2025082505,5.95
2025082505,7.3
2025082506,6.67
2025082506,9.5
2025082506,16.77
2025082506,24.06
2025082507,31.76
2025082507,33.65
2025082507,33.59
2025082507,40.47
2025082508,49.96
2025082508,61.89
2025082508,72.23
2025082508,92.32
2025082509,91.33
2025082509,80.21
2025082509,76.63
2025082509,88.55
2025082510,104.81
2025082510,88.18
2025082510,74.49
2025082510,69.42
2025082511,69.95
2025082511,62.67
2025082511,91.32
2025082511,103.12
2025082512,84.73
2025082512,96.79
2025082512,98.17
2025082512,93.36
2025082513,73.21
2025082513,67.69
2025082513,49.98
2025082513,97.42
2025082514,95.74
2025082514,77.61
2025082514,90.0
2025082514,68.84
2025082515,78.79
2025082515,47.35
2025082515,49.7
2025082515,59.55
2025082516,34.36
2025082516,14.33
2025082516,12.05
2025082516,12.77
2025082517,11.71
2025082517,7.05
2025082517,6.3
2025082517,4.43
2025082518,2.92
2025082518,1.39
2025082518,0.0
2025082600,0.0
2025082604,0.65
2025082604,1.9
2025082605,3.05
2025082605,5.68
2025082605,9.0
2025082605,10.95
2025082606,13.85
2025082606,19.95
2025082606,0.93
2025082606,0.0
2025082607,2.14
2025082607,14.04
2025082607,25.44
2025082607,32.9
2025082608,35.96
2025082608,48.67
2025082608,70.29
2025082608,71.23
2025082609,69.11
2025082609,52.26
2025082609,39.98
2025082609,62.65
2025082610,97.79
2025082610,93.59
2025082610,55.49
2025082610,40.6
2025082611,48.45
2025082611,48.38
2025082611,54.81
2025082611,90.6
2025082612,114.15
2025082612,106.53
2025082612,45.63
2025082612,28.09
2025082613,28.13
2025082613,28.2
2025082613,53.0
2025082613,45.18
2025082614,43.72
2025082614,55.27
2025082614,50.21
2025082614,74.75
2025082615,80.29
2025082615,66.88
2025082615,27.77
2025082615,23.98
2025082616,26.52
2025082616,17.09
2025082616,15.89
2025082616,13.55
2025082617,9.84
2025082617,7.29
2025082617,5.03
2025082617,3.94
2025082618,2.68
2025082618,0.9
2025082618,0.0
2025082700,0.0
2025082704,1.39
2025082704,2.57
2025082705,4.89
2025082705,7.09
2025082705,10.83
2025082705,14.54
2025082706,14.42
2025082706,15.36
2025082706,21.51
2025082706,19.41
2025082707,24.4
2025082707,49.67
2025082707,45.45
2025082707,31.39
2025082708,49.19
2025082708,40.12
2025082708,50.27
2025082708,46.49
2025082709,54.69
2025082709,110.41
2025082709,76.06
2025082709,58.06
2025082710,26.81
2025082710,27.83
2025082710,92.18
2025082710,31.3
2025082711,34.16
2025082711,75.35
2025082711,99.74
2025082711,86.69
2025082712,72.17
2025082712,56.81
2025082712,64.31
2025082712,105.01
2025082713,93.23
2025082713,94.61
2025082713,82.05
2025082713,77.72
2025082714,67.52
2025082714,76.56
2025082714,72.17
2025082714,44.47
2025082715,50.62
2025082715,47.29
2025082715,27.71
2025082715,36.18
2025082716,29.15
2025082716,27.93
2025082716,15.49
2025082716,14.37
2025082717,12.69
2025082717,9.28
2025082717,6.59
2025082717,4.06
2025082718,2.8
2025082718,1.11
2025082718,0.0
2025082800,0.0
2025082804,0.64
2025082804,3.64
2025082805,6.85
2025082805,8.99
2025082805,9.86
2025082805,15.87
2025082806,17.71
2025082806,22.84
2025082806,29.69
2025082806,34.44
2025082807,30.68
2025082807,32.59
2025082807,33.76
2025082807,29.89
2025082808,32.92
2025082808,40.98
2025082808,37.36
2025082808,37.03
2025082809,42.34
2025082809,27.04
2025082809,63.94
2025082809,45.53
2025082810,47.48
2025082810,61.04
2025082810,65.34
2025082810,85.65
2025082811,51.57
2025082811,60.59
2025082811,52.38
2025082811,28.2
2025082812,20.14
2025082812,25.55
2025082812,39.8
2025082812,21.94
2025082813,38.76
2025082813,25.12
2025082813,31.38
2025082813,34.4
2025082814,42.35
2025082814,27.64
2025082814,17.62
2025082814,16.41
2025082815,18.04
2025082815,16.64
2025082815,14.21
2025082815,19.96
2025082816,19.98
2025082816,10.96
2025082816,10.53
2025082816,6.2
2025082817,6.07
2025082817,7.26
2025082817,3.93
2025082817,2.11
2025082818,0.75
2025082818,0.0
2025082900,0.0
2025082904,0.29
2025082904,2.02
2025082905,4.06
2025082905,7.53
2025082905,9.87
2025082905,13.84
2025082906,18.72
2025082906,23.17
2025082906,20.54
2025082906,39.75
2025082907,42.15
2025082907,35.72
2025082907,36.49
2025082907,65.18
2025082908,61.48
2025082908,51.04
2025082908,40.16
2025082908,73.09
2025082909,60.47
2025082909,75.2
2025082909,102.05
2025082909,80.65
2025082910,94.08
2025082910,111.8
2025082910,93.75
2025082910,79.87
2025082911,109.79
2025082911,44.82
2025082911,61.93
2025082911,69.83
2025082912,66.82
2025082912,31.55
2025082912,37.36
2025082912,59.53
2025082913,68.97
2025082913,94.97
2025082913,105.27
2025082913,71.07
2025082914,61.64
2025082914,80.76
2025082914,72.26
2025082914,65.7
2025082915,59.76
2025082915,46.14
2025082915,48.04
2025082915,42.77
2025082916,22.84
2025082916,21.98
2025082916,19.42
2025082916,13.63
2025082917,15.12
2025082917,13.4
2025082917,7.81
2025082917,2.69
2025082918,0.66
2025082918,0.0
2025083000,0.0
2025083005,0.84
2025083005,0.93
2025083005,1.98
2025083005,2.46
2025083006,3.1
2025083006,5.84
2025083006,7.25
2025083006,14.68
2025083007,14.23
2025083007,36.07
2025083007,50.74
2025083007,43.66
2025083008,36.14
2025083008,40.6
2025083008,79.39
2025083008,85.03
2025083009,77.89
2025083009,27.7
2025083009,60.33
2025083009,17.97
2025083010,6.28
2025083010,6.44
2025083010,36.36
2025083010,6.31
2025083011,0.0
2025083011,1.65
2025083011,16.67
2025083012,2.09
2025083012,0.0
2025083012,3.1
2025083012,85.9
2025083013,14.41
2025083013,0.0
2025083014,7.31
2025083014,29.62
2025083014,18.75
2025083015,9.04
2025083015,47.13
2025083015,61.02
2025083015,42.45
2025083016,28.68
2025083016,32.08
2025083016,26.94
2025083016,34.64
2025083017,8.2
2025083017,3.31
2025083017,3.97
2025083017,3.07
2025083018,1.64
2025083018,0.0
2025083100,0.0
2025083104,0.36
2025083104,1.25
2025083104,1.62
2025083105,1.92
2025083105,4.4
2025083105,8.12
2025083105,9.0
2025083106,9.53
2025083106,9.59
2025083106,12.62
2025083106,12.98
2025083107,13.37
2025083107,14.93
2025083107,15.87
2025083107,24.72
2025083108,1.64
2025083108,0.0
2025083114,9.81
2025083114,9.64
2025083114,5.75
2025083114,9.81
2025083115,7.87
2025083115,6.72
2025083115,4.36
2025083115,2.91
2025083116,6.52
2025083116,10.14
2025083116,5.15
2025083116,3.3
2025083117,2.85
2025083117,2.21
2025083117,2.2
2025083117,0.21
2025083118,0.0
2025090100,0.0
2025090104,1.35
2025090104,2.94
2025090105,4.96
2025090105,2.71
2025090105,2.57
2025090105,1.8
2025090106,4.01
2025090106,5.48
2025090106,6.65
2025090106,7.1
2025090107,6.52
2025090107,9.15
2025090107,8.09
2025090107,11.87
2025090108,5.19
2025090108,4.86
2025090108,8.7
2025090108,7.01
2025090109,7.91
2025090109,8.35
2025090109,5.65
2025090109,7.37
2025090110,8.03
2025090110,9.62
2025090110,8.15
2025090110,6.64
2025090111,5.8
2025090111,5.68
2025090111,10.71
2025090111,6.08
2025090112,8.75
2025090112,10.41
2025090112,11.02
2025090112,9.67
2025090113,9.99
2025090113,11.13
2025090113,15.4
2025090114,12.72
2025090114,11.75
2025090114,12.78
2025090114,9.39
2025090115,10.16
2025090115,10.0
2025090115,13.75
2025090115,13.53
2025090116,18.04
2025090116,15.39
2025090116,16.26
2025090116,7.46
2025090117,3.29
2025090117,2.58
2025090117,4.25
2025090117,2.73
2025090118,0.92
2025090118,0.0
2025090200,0.0
2025090204,0.06
2025090204,1.68
2025090205,2.48
2025090205,3.63
2025090205,5.7
2025090205,7.99
2025090206,8.89
2025090206,11.55
2025090206,13.23
2025090206,16.72
2025090207,25.34
2025090207,29.92
2025090207,45.54
2025090207,26.13
2025090208,37.4
2025090208,41.89
2025090208,67.18
2025090208,82.09
2025090209,42.22
2025090209,55.84
2025090209,89.26
2025090209,103.24
2025090210,100.63
2025090210,14.98
2025090210,0.0
2025090211,4.71
2025090211,80.38
2025090211,122.24
2025090211,58.14
2025090212,23.36
2025090212,54.43
2025090212,102.71
2025090212,98.59
2025090213,92.85
2025090213,103.12
2025090213,90.8
2025090213,93.94
2025090214,95.39
2025090214,97.74
2025090214,44.6
2025090214,78.58
2025090215,43.35
2025090215,51.36
2025090215,26.35
2025090215,35.93
2025090216,31.5
2025090216,24.77
2025090216,19.94
2025090216,17.45
2025090217,11.76
2025090217,7.01
2025090217,4.41
2025090217,2.57
2025090218,0.81
2025090218,0.0
2025090300,0.0
2025090304,1.19
2025090304,2.82
2025090305,3.71
2025090305,2.74
2025090305,5.27
2025090305,10.73
2025090306,12.79
2025090306,29.79
2025090306,27.28
2025090306,36.59
2025090307,55.34
2025090307,67.66
2025090307,69.55
2025090307,18.19
2025090308,79.38
2025090308,87.57
2025090308,12.62
2025090308,5.24
2025090309,48.44
2025090309,5.05
2025090309,0.0
2025090311,5.34
2025090311,20.59
2025090312,19.81
2025090312,8.6
2025090312,36.79
2025090312,5.01
2025090313,0.0
2025090314,1.49
2025090314,7.2
2025090315,1.24
2025090315,0.0
2025090316,0.88
2025090316,11.85
2025090316,23.08
2025090316,6.26
2025090317,3.29
2025090317,2.74
2025090317,2.73
2025090317,1.0
2025090318,0.0
2025090400,0.0
2025090404,0.26
2025090404,2.23
2025090405,3.64
2025090405,7.32
2025090405,7.79
2025090405,8.27
2025090406,13.97
2025090406,9.66
2025090406,12.71
2025090406,16.8
2025090407,20.09
2025090407,19.4
2025090407,44.73
2025090407,47.73
2025090408,33.62
2025090408,28.8
2025090408,17.19
2025090408,45.45
2025090409,12.77
2025090409,0.0
2025090409,0.61
2025090410,6.18
2025090410,6.84
2025090410,6.86
2025090410,6.51
2025090411,3.28
2025090411,2.75
2025090411,2.77
2025090411,2.73
2025090412,0.46
2025090412,0.0
2025090412,5.68
2025090413,17.4
2025090413,21.48
2025090413,14.89
2025090413,19.31
2025090414,30.82
2025090414,37.73
2025090414,49.12
2025090414,38.4
2025090415,20.94
2025090415,13.88
2025090415,29.51
2025090415,24.14
2025090416,22.68
2025090416,17.74
2025090416,12.55
2025090416,16.96
2025090417,10.16
2025090417,5.11
2025090417,3.38
2025090417,1.9
2025090418,0.04
2025090418,0.0
2025090500,0.0
2025090505,0.82
2025090505,1.88
2025090505,2.62
2025090506,4.15
2025090506,5.53
2025090506,5.09
2025090506,7.16
2025090507,13.21
2025090507,23.33
2025090507,32.52
2025090507,34.93
2025090508,43.83
2025090508,52.55
2025090508,68.27
2025090508,85.84
2025090509,80.6
2025090509,88.56
2025090509,81.47
2025090509,87.3
2025090510,61.31
2025090510,74.01
2025090510,79.35
2025090510,58.05
2025090511,55.06
2025090511,36.09
2025090511,85.45
2025090511,89.52
2025090512,81.36
2025090512,42.55
2025090512,38.16
2025090512,85.6
2025090513,95.95
2025090513,65.69
2025090513,48.46
2025090513,31.99
2025090514,51.33
2025090514,85.93
2025090514,90.39
2025090514,82.79
2025090515,71.61
2025090515,65.63
2025090515,56.4
2025090515,21.14
2025090516,18.27
2025090516,22.6
2025090516,19.19
2025090516,5.16
2025090517,7.35
2025090517,7.09
2025090517,3.21
2025090517,1.92
2025090518,0.05
2025090518,0.0
2025090600,0.0
2025090604,1.58
2025090605,2.99
2025090605,4.95
2025090605,8.15
2025090605,13.46
2025090606,20.66
2025090606,28.81
2025090606,37.39
2025090606,46.43
2025090607,55.39
2025090607,64.07
2025090607,72.44
2025090607,79.04
2025090608,72.27
2025090608,67.42
2025090608,47.21
2025090608,99.38
2025090609,107.57
2025090609,119.27
2025090609,113.61
2025090609,80.97
2025090610,135.02
2025090610,96.11
2025090610,103.03
2025090610,8.59
2025090611,0.0
2025090614,8.01
2025090614,75.92
2025090614,89.79
2025090614,78.04
2025090615,19.07
2025090615,57.33
2025090615,47.49
2025090615,47.62
2025090616,39.3
2025090616,30.01
2025090616,21.83
2025090616,12.42
2025090617,5.94
2025090617,3.42
2025090617,2.7
2025090617,1.59
2025090618,0.0
2025090700,0.0
2025090704,0.97
2025090704,2.12
2025090705,3.42
2025090705,5.38
2025090705,7.88
2025090705,13.67
2025090706,17.09
2025090706,1.78
2025090706,0.0
2025090713,19.04
2025090713,20.0
2025090713,20.03
2025090713,19.98
2025090714,20.04
2025090714,19.98
2025090714,20.01
2025090714,20.0
2025090715,68.89
2025090715,66.06
2025090715,52.29
2025090715,45.19
2025090716,39.29
2025090716,25.82
2025090716,11.66
2025090716,9.12
2025090717,6.65
2025090717,5.36
2025090717,3.44
2025090717,1.22
2025090718,0.0
2025090800,0.0
2025090804,1.45
2025090805,2.55
2025090805,4.33
2025090805,7.61
2025090805,12.78
2025090806,19.16
2025090806,25.85
2025090806,28.79
2025090806,31.74
2025090807,45.73
2025090807,61.25
2025090807,41.86
2025090807,35.97
2025090808,42.29
2025090808,42.24
2025090808,14.34
2025090808,16.9
2025090809,14.15
2025090809,14.09
2025090809,86.78
2025090809,120.78
2025090810,104.95
2025090810,98.7
2025090810,98.77
2025090810,98.71
2025090811,94.5
2025090811,96.04
2025090811,104.45
2025090811,107.22
2025090812,110.08
2025090812,105.64
2025090812,118.94
2025090812,122.91
2025090813,109.35
2025090813,101.35
2025090813,64.24
2025090813,82.32
2025090814,90.66
2025090814,71.76
2025090814,50.45
2025090814,75.78
2025090815,65.9
2025090815,53.35
2025090815,28.88
2025090815,21.73
2025090816,16.88
2025090816,15.43
2025090816,13.93
2025090816,10.78
2025090817,6.95
2025090817,3.97
2025090817,2.14
2025090817,0.04
2025090818,0.0
2025090900,0.0
2025090904,1.64
2025090905,2.83
2025090905,5.3
2025090905,7.08
2025090905,9.96
2025090906,15.17
2025090906,15.31
2025090906,20.96
2025090906,16.15
2025090907,31.27
2025090907,33.39
2025090907,54.32
2025090907,60.0
2025090908,56.77
2025090908,54.32
2025090908,64.19
2025090908,91.13
2025090909,94.67
2025090909,103.35
2025090909,80.41
2025090909,111.95
2025090910,89.07
2025090910,89.52
2025090910,122.63
2025090910,51.88
2025090911,87.53
2025090911,53.18
2025090911,68.17
2025090911,116.92
2025090912,71.95
2025090912,76.65
2025090912,114.14
2025090912,90.35
2025090913,61.61
2025090913,77.56
2025090913,42.6
2025090913,50.14
2025090914,38.28
2025090914,32.51
2025090914,41.72
2025090914,41.87
2025090915,24.68
2025090915,34.21
2025090915,40.57
2025090915,30.37
2025090916,23.55
2025090916,18.41
2025090916,11.9
2025090916,8.16
2025090917,5.62
2025090917,3.15
2025090917,1.98
2025090917,0.24
2025090918,0.0
2025091000,0.0
2025091005,1.22
2025091005,2.88
2025091005,3.01
2025091005,3.25
2025091006,5.09
2025091006,7.0
2025091006,8.1
2025091006,9.75
2025091007,5.93
2025091007,10.19
2025091007,16.29
2025091007,17.8
2025091008,17.64
2025091008,13.63
2025091008,13.29
2025091008,14.43
2025091009,17.06
2025091009,15.69
2025091009,10.27
2025091009,11.46
2025091010,11.32
2025091010,11.16
2025091010,14.94
2025091010,27.18
2025091011,16.86
2025091011,9.19
2025091011,10.08
2025091011,5.85
2025091012,53.92
2025091012,25.46
2025091012,22.52
2025091012,28.58
2025091013,40.63
2025091013,26.53
2025091013,25.27
2025091013,18.53
2025091014,16.69
2025091014,19.92
2025091014,22.64
2025091014,38.56
2025091015,80.97
2025091015,34.6
2025091015,23.19
2025091015,20.62
2025091016,6.87
2025091016,7.73
2025091016,9.31
2025091016,6.57
2025091017,3.88
2025091017,2.49
2025091017,1.27
2025091017,0.0
2025091100,0.0
2025091104,0.01
2025091105,1.78
2025091105,3.35
2025091105,6.14
2025091105,10.72
2025091106,16.92
2025091106,24.25
2025091106,31.81
2025091106,40.62
2025091107,48.83
2025091107,56.85
2025091107,65.28
2025091107,72.31
2025091108,79.53
2025091108,84.67
2025091108,91.98
2025091108,77.87
2025091109,7.84
2025091109,0.59
2025091109,0.65
2025091109,0.64
2025091110,4.22
2025091110,4.45
2025091110,9.97
2025091110,15.34
2025091111,14.04
2025091111,13.87
2025091111,23.48
2025091111,26.5
2025091112,7.92
2025091112,4.88
2025091112,4.9
2025091112,4.96
2025091113,2.33
2025091113,2.25
2025091113,2.22
2025091113,2.33
2025091114,1.42
2025091114,1.26
2025091114,1.43
2025091114,1.41
2025091115,0.09
2025091115,1.66
2025091115,20.32
2025091115,25.66
2025091116,6.31
2025091116,2.04
2025091116,10.97
2025091116,9.03
2025091117,6.58
2025091117,3.54
2025091117,1.76
2025091117,0.0
2025091200,0.0
2025091205,0.02
2025091205,0.06
2025091205,3.84
2025091205,8.84
2025091206,7.31
2025091206,19.55
2025091206,11.47
2025091206,7.47
2025091207,14.04
2025091207,10.51
2025091207,21.26
2025091207,25.9
2025091208,49.1
2025091208,10.97
2025091208,5.07
2025091208,5.84
2025091209,7.67
2025091209,8.32
2025091209,6.83
2025091209,6.33
2025091210,3.46
2025091210,0.0
2025091213,1.9
2025091213,0.0
2025091214,1.09
2025091215,18.05
2025091215,9.46
2025091215,35.1
2025091215,34.48
2025091216,12.97
2025091216,17.58
2025091216,23.69
2025091216,14.68
2025091217,5.54
2025091217,3.97
2025091217,0.76
2025091217,0.04
2025091218,0.0
2025091300,0.0
2025091305,1.63
2025091305,2.83
2025091305,5.43
2025091305,2.26
2025091306,9.59
2025091306,12.44
2025091306,12.28
2025091306,26.05
2025091307,27.9
2025091307,16.96
2025091307,24.02
2025091307,13.71
2025091308,0.6
2025091308,0.0
2025091309,26.06
2025091309,44.07
2025091309,6.9
2025091309,0.0
2025091314,3.06
2025091314,25.47
2025091314,48.05
2025091315,9.88
2025091315,18.77
2025091315,24.52
2025091315,16.66
2025091316,8.81
2025091316,9.76
2025091316,5.51
2025091316,4.56
2025091317,2.62
2025091317,1.49
2025091317,0.36
2025091317,0.0
2025091400,0.0
2025091405,0.23
2025091405,4.72
2025091405,6.43
2025091405,6.78
2025091406,3.45
2025091406,39.0
2025091406,43.6
2025091406,63.74
2025091407,53.44
2025091407,31.78
2025091407,17.25
2025091407,24.36
2025091408,40.11
2025091408,71.83
2025091408,91.17
2025091408,93.65
2025091409,101.42
2025091409,98.53
2025091409,104.91
2025091409,78.69
2025091410,35.82
2025091410,39.01
2025091410,114.86
2025091410,93.97
2025091411,22.25
2025091411,0.0
2025091412,1.78
2025091412,18.53
2025091412,18.9
2025091412,4.2
2025091413,17.28
2025091413,2.37
2025091413,0.0
2025091413,8.14
2025091414,72.91
2025091414,81.03
2025091414,56.27
2025091414,52.07
2025091415,26.25
2025091415,49.32
2025091415,16.28
2025091415,31.27
2025091416,26.51
2025091416,24.84
2025091416,12.66
2025091416,3.54
2025091417,1.7
2025091417,0.95
2025091417,0.19
2025091417,0.0
2025091500,0.0
2025091507,6.06
2025091508,12.3
2025091508,16.94
2025091508,11.04
2025091508,6.45
2025091509,17.92
2025091509,19.94
2025091509,18.2
2025091509,1.63
2025091510,0.0
2025091511,0.75
2025091512,0.02
2025091512,0.0
2025091514,1.12
2025091514,15.83
2025091515,3.26
2025091515,13.49
2025091515,10.54
2025091515,2.76
2025091516,4.4
2025091516,3.27
2025091516,0.6
2025091516,0.26
2025091517,0.1
2025091517,0.55
2025091517,0.01
2025091517,0.0
2025091600,0.0
2025091605,0.33
2025091605,4.52
2025091605,0.68
2025091605,0.67
2025091606,9.81
2025091606,20.17
2025091606,28.5
2025091606,29.12
2025091607,17.34
2025091607,28.14
2025091607,29.75
2025091607,49.68
2025091608,63.7
2025091608,60.44
2025091608,73.98
2025091608,64.14
2025091609,4.41
2025091609,0.0
2025091611,0.62
2025091611,2.88
2025091611,56.58
2025091611,53.09
2025091612,1.25
2025091612,0.0
2025091615,46.31
2025091615,24.7
2025091615,14.66
2025091615,35.43
2025091616,19.53
2025091616,21.5
2025091616,11.33
2025091616,6.0
2025091617,3.25
2025091617,1.16
2025091617,0.31
2025091617,0.0
2025091700,0.0
2025091706,0.02
2025091706,0.0
2025091707,17.72
2025091707,18.46
2025091707,32.2
2025091707,58.68
2025091708,43.04
2025091708,32.76
2025091708,14.1
2025091708,29.49
2025091709,40.34
2025091709,84.69
2025091709,62.55
2025091709,86.26
2025091710,71.86
2025091710,42.63
2025091710,40.1
2025091710,61.45
2025091711,26.46
2025091711,85.52
2025091711,90.82
2025091711,57.57
2025091712,24.7
2025091712,22.48
2025091712,3.06
2025091712,7.06
2025091713,81.19
2025091713,20.76
2025091713,40.52
2025091713,46.26
2025091714,12.21
2025091714,5.54
2025091714,53.3
2025091714,56.64
2025091715,11.76
2025091715,31.96
2025091715,15.91
2025091715,30.93
2025091716,18.91
2025091716,14.1
2025091716,5.75
2025091716,2.58
2025091717,1.26
2025091717,0.27
2025091717,0.0
2025091800,0.0
2025091805,0.09
2025091805,1.24
2025091805,3.05
2025091805,5.18
2025091806,6.22
2025091806,6.97
2025091806,13.27
2025091806,25.87
2025091807,23.61
2025091807,23.17
2025091807,37.04
2025091807,45.63
2025091808,53.63
2025091808,58.17
2025091808,11.7
2025091808,0.0
2025091809,8.63
2025091809,0.0
2025091809,9.43
2025091810,77.03
2025091810,81.19
2025091810,94.35
2025091810,28.41
2025091811,82.34
2025091811,11.59
2025091811,0.8
2025091811,0.92
2025091812,0.08
2025091812,0.0
2025091815,4.4
2025091815,32.23
2025091815,22.17
2025091816,4.97
2025091816,0.0
2025091816,1.49
2025091816,5.09
2025091817,1.29
2025091817,0.0
2025091900,0.0
2025091904,0.01
2025091905,0.16
2025091905,1.14
2025091905,2.2
2025091905,4.29
2025091906,5.93
2025091906,10.54
2025091906,16.46
2025091906,17.88
2025091907,11.67
2025091907,17.05
2025091907,27.08
2025091907,29.75
2025091908,24.47
2025091908,25.83
2025091908,30.08
2025091908,32.15
2025091909,26.75
2025091909,23.25
2025091909,28.47
2025091909,29.23
2025091910,41.08
2025091910,34.54
2025091910,6.76
2025091910,4.27
2025091911,24.7
2025091911,6.55
2025091911,0.0
2025091914,4.06
2025091914,17.36
2025091914,12.46
2025091914,11.29
2025091915,8.18
2025091915,11.87
2025091915,11.77
2025091915,7.3
2025091916,2.37
2025091916,0.11
2025091916,0.0
2025091916,0.08
2025091917,1.65
2025091917,0.23
2025091917,0.0
2025092000,0.0
2025092005,0.47
2025092005,2.11
2025092005,4.29
2025092005,10.75
2025092006,16.49
2025092006,17.18
2025092006,14.75
2025092006,24.09
2025092007,24.23
2025092007,34.22
2025092007,44.05
2025092007,13.07
2025092008,24.51
2025092008,39.48
2025092008,36.87
2025092008,49.18
2025092009,31.97
2025092009,1.82
2025092009,0.0
2025092013,0.97
2025092013,15.88
2025092013,1.66
2025092013,0.0
2025092014,23.86
2025092014,32.8
2025092014,21.46
2025092014,13.46
2025092015,3.55
2025092015,5.41
2025092015,5.07
2025092015,2.81
2025092016,1.28
2025092016,0.62
2025092016,0.55
2025092016,0.31
2025092017,0.02
2025092017,0.0
2025092100,0.0
2025092116,0.06
2025092117,0.95
2025092117,0.57
2025092117,0.04
2025092117,0.0
2025092200,0.0
2025092205,0.02
2025092205,1.28
2025092205,2.01
2025092205,1.73
2025092206,7.08
2025092206,20.45
2025092206,11.11
2025092206,19.44
2025092207,37.51
2025092207,51.09
2025092207,63.04
2025092207,48.28
2025092208,50.52
2025092208,75.53
2025092208,82.81
2025092208,88.44
2025092209,30.68
2025092209,57.2
2025092209,91.41
2025092209,49.46
2025092210,98.75
2025092210,47.23
2025092210,111.52
2025092210,85.79
2025092211,91.78
2025092211,86.94
2025092211,121.36
2025092211,96.49
2025092212,75.47
2025092212,69.94
2025092212,40.6
2025092212,28.62
2025092213,65.93
2025092213,38.25
2025092213,22.63
2025092213,78.96
2025092214,30.33
2025092214,78.2
2025092214,22.91
2025092214,42.34
2025092215,46.89
2025092215,42.42
2025092215,49.07
2025092215,13.23
2025092216,15.22
2025092216,14.13
2025092216,5.57
2025092216,3.41
2025092217,1.85
2025092217,0.53
2025092217,0.0
2025092300,0.0
2025092305,0.19
2025092305,1.84
2025092305,2.51
2025092305,0.0
2025092310,0.01
2025092310,17.31
2025092310,84.42
2025092311,84.54
2025092311,84.66
2025092311,84.55
2025092311,84.58
2025092312,84.61
2025092312,84.58
2025092312,66.17
2025092312,100.52
2025092313,104.33
2025092313,99.9
2025092313,95.0
2025092313,90.14
2025092314,83.76
2025092314,76.96
2025092314,70.42
2025092314,62.88
2025092315,55.17
2025092315,46.98
2025092315,38.64
2025092315,29.91
2025092316,21.6
2025092316,14.04
2025092316,7.97
2025092316,3.99
2025092317,1.59
2025092317,0.44
2025092317,0.0
2025092400,0.0
2025092405,0.06
2025092405,0.76
2025092405,2.49
2025092405,6.26
2025092406,11.21
2025092406,17.25
2025092406,25.62
2025092406,34.81
2025092407,42.82
2025092407,51.93
2025092407,57.74
2025092407,66.01
2025092408,69.47
2025092408,79.52
2025092408,87.34
2025092408,94.64
2025092409,85.2
2025092409,84.57
2025092409,84.6
2025092409,84.59
2025092410,81.44
2025092410,75.2
2025092410,81.62
2025092410,84.67
2025092411,84.57
2025092411,79.2
2025092411,84.58
2025092411,84.55
2025092412,84.61
2025092412,84.56
2025092412,84.64
2025092412,84.62
2025092413,99.43
2025092413,99.96
2025092413,95.12
2025092413,89.23
2025092414,82.47
2025092414,77.56
2025092414,70.91
2025092414,62.84
2025092415,53.13
2025092415,47.66
2025092415,38.79
2025092415,30.3
2025092416,23.33
2025092416,15.08
2025092416,9.21
2025092416,4.68
2025092417,1.9
2025092417,0.13
2025092417,0.0
2025092500,0.0
2025092505,0.03
2025092505,0.62
2025092505,2.09
2025092505,4.97
2025092506,9.44
2025092506,15.51
2025092506,22.06
2025092506,30.86
2025092507,39.52
2025092507,46.81
2025092507,56.12
2025092507,63.96
2025092508,71.12
2025092508,77.69
2025092508,83.87
2025092508,89.53
2025092509,95.39
2025092509,99.81
2025092509,104.07
2025092509,107.89
2025092510,109.27
2025092510,109.99
2025092510,108.43
2025092510,114.28
2025092511,110.14
2025092511,96.66
2025092511,108.65
2025092511,115.33
2025092512,114.68
2025092512,110.62
2025092512,109.47
2025092512,106.23
2025092513,102.61
2025092513,95.09
2025092513,79.65
2025092513,87.39
2025092514,80.74
2025092514,74.08
2025092514,67.42
2025092514,39.14
2025092515,14.15
2025092515,39.19
2025092515,33.3
2025092515,24.89
2025092516,17.4
2025092516,10.91
2025092516,5.95
2025092516,2.77
2025092517,1.01
2025092517,0.17
2025092517,0.0
2025092600,0.0
2025092605,0.53
2025092605,1.88
2025092605,4.6
2025092606,8.91
2025092606,14.56
2025092606,21.28
2025092606,28.94
2025092607,29.07
2025092607,37.75
2025092607,52.96
2025092607,60.84
2025092608,68.66
2025092608,75.58
2025092608,81.68
2025092608,37.04
2025092609,3.21
2025092609,66.05
2025092609,99.99
2025092609,69.81
2025092610,93.83
2025092610,101.86
2025092610,109.57
2025092610,104.89
2025092611,62.92
2025092611,105.22
2025092611,73.49
2025092611,114.37
2025092612,74.95
2025092612,109.93
2025092612,106.46
2025092612,99.62
2025092613,15.57
2025092613,0.0
2025092615,36.87
2025092615,39.27
2025092615,31.57
2025092615,23.68
2025092616,13.4
2025092616,7.69
2025092616,6.19
2025092616,3.09
2025092617,1.07
2025092617,0.17
2025092617,0.0
2025092700,0.0
2025092705,0.31
2025092705,1.57
2025092705,2.73
2025092706,4.78
2025092706,11.23
2025092706,18.9
2025092706,15.45
2025092707,18.81
2025092707,16.85
2025092707,15.58
2025092707,19.39
2025092708,24.69
2025092708,28.05
2025092708,53.35
2025092708,78.5
2025092709,20.79
2025092709,0.0
2025092714,22.4
2025092714,35.67
2025092714,25.41
2025092714,23.3
2025092715,16.71
2025092715,13.91
2025092715,12.67
2025092715,8.18
2025092716,7.52
2025092716,6.97
2025092716,4.29
2025092716,1.69
2025092717,0.48
2025092717,0.02
2025092717,0.0
2025092800,0.0
2025092805,0.29
2025092805,1.47
2025092805,3.95
2025092806,4.64
2025092806,6.41
2025092806,9.92
2025092806,14.53
2025092807,21.04
2025092807,42.52
2025092807,47.07
2025092807,48.94
2025092808,58.82
2025092808,65.52
2025092808,70.08
2025092808,75.89
2025092809,83.26
2025092809,70.17
2025092809,63.45
2025092809,58.33
2025092810,50.87
2025092810,48.75
2025092810,61.23
2025092810,45.94
2025092811,36.36
2025092811,53.66
2025092811,62.15
2025092811,48.42
2025092812,44.9
2025092812,41.97
2025092812,47.84
2025092812,57.62
2025092813,47.75
2025092813,30.22
2025092813,50.59
2025092813,65.6
2025092814,64.62
2025092814,58.39
2025092814,51.41
2025092814,45.76
2025092815,37.46
2025092815,32.49
2025092815,25.61
2025092815,18.67
2025092816,14.04
2025092816,10.13
2025092816,5.33
2025092816,2.05
2025092817,0.45
2025092817,0.0
2025092900,0.0
2025092905,0.17
2025092905,1.57
2025092905,3.24
2025092906,4.79
2025092906,6.43
2025092906,9.0
2025092906,11.15
2025092907,14.36
2025092907,29.65
2025092907,43.23
2025092907,50.01
2025092908,57.27
2025092908,63.71
2025092908,70.16
2025092908,78.8
2025092909,90.56
2025092909,86.4
2025092909,68.46
2025092909,66.5
2025092910,66.44
2025092910,56.35
2025092910,70.53
2025092910,72.1
2025092911,96.35
2025092911,85.41
2025092911,68.3
2025092911,60.34
2025092912,45.14
2025092912,86.26
2025092912,106.46
2025092912,102.49
2025092913,76.9
2025092913,66.71
2025092913,51.21
2025092913,71.9
2025092914,77.32
2025092914,59.4
2025092914,49.59
2025092914,63.24
2025092915,55.61
2025092915,48.59
2025092915,35.28
2025092915,28.46
2025092916,23.85
2025092916,16.65
2025092916,8.25
2025092916,3.8
2025092917,0.54
2025092917,0.0
2025093000,0.0
2025093005,0.01
2025093005,0.62
2025093006,2.18
2025093006,3.5
2025093006,4.67
2025093006,9.14
2025093007,16.05
2025093007,20.83
2025093007,21.89
2025093007,22.06
2025093008,24.66
2025093008,24.07
2025093008,20.49
2025093008,22.57
2025093009,25.9
2025093009,28.88
2025093009,28.5
2025093009,34.4
2025093010,44.44
2025093010,38.85
2025093010,35.38
2025093010,35.24
2025093011,28.52
2025093011,22.85
2025093011,25.19
2025093011,28.7
2025093012,29.83
2025093012,30.79
2025093012,27.92
2025093012,29.9
2025093013,33.95
2025093013,34.38
2025093013,28.44
2025093013,22.1
2025093014,24.46
2025093014,31.44
2025093014,25.85
2025093014,19.09
2025093015,14.41
2025093015,11.74
2025093015,11.8
2025093015,6.71
2025093016,4.3
2025093016,2.14
2025093016,1.28
2025093016,0.61
2025093017,0.08
2025093017,0.0
2025100100,0.0
2025100105,0.08
2025100105,0.91
2025100105,3.03
2025100106,6.65
2025100106,11.54
2025100106,17.5
2025100106,23.93
2025100107,30.72
2025100107,37.35
2025100107,43.74
2025100107,49.51
2025100108,55.04
2025100108,61.41
2025100108,66.92
2025100108,68.93
2025100109,36.54
2025100109,40.14
2025100109,47.31
2025100109,54.5
2025100110,68.21
2025100110,95.25
2025100110,88.97
2025100110,83.8
2025100111,80.94
2025100111,87.95
2025100111,49.2
2025100111,97.68
2025100112,88.97
2025100112,86.53
2025100112,76.03
2025100112,40.73
2025100113,86.47
2025100113,42.95
2025100113,36.64
2025100113,34.88
2025100114,37.71
2025100114,52.17
2025100114,42.15
2025100114,16.62
2025100115,23.97
2025100115,13.59
2025100115,9.79
2025100115,7.46
2025100116,7.14
2025100116,5.73
2025100116,2.55
2025100116,0.76
2025100117,0.01
2025100117,0.0
2025100200,0.0
2025100205,0.09
2025100205,1.26
2025100205,3.86
2025100206,8.03
2025100206,13.12
2025100206,18.86
2025100206,26.11
2025100207,32.81
2025100207,38.14
2025100207,44.03
2025100207,48.6
2025100208,55.11
2025100208,64.06
2025100208,75.01
2025100208,88.33
2025100209,92.97
2025100209,76.2
2025100209,65.29
2025100209,93.38
2025100210,93.33
2025100210,94.31
2025100210,89.9
2025100210,103.57
2025100211,78.09
2025100211,54.1
2025100211,68.23
2025100211,84.9
2025100212,63.14
2025100212,60.88
2025100212,54.92
2025100212,72.29
2025100213,75.34
2025100213,53.49
2025100213,64.86
2025100213,64.84
2025100214,53.28
2025100214,50.29
2025100214,43.17
2025100214,37.73
2025100215,34.52
2025100215,27.7
2025100215,15.6
2025100215,4.97
2025100216,3.32
2025100216,2.5
2025100216,1.58
2025100216,0.44
2025100217,0.02
2025100217,0.0
2025100300,0.0
2025100305,0.3
2025100305,1.01
2025100305,3.75
2025100306,8.47
2025100306,13.51
2025100306,14.65
2025100306,27.24
2025100307,42.46
2025100307,42.4
2025100307,42.12
2025100307,44.87
2025100308,49.09
2025100308,65.0
2025100308,51.64
2025100308,77.72
2025100309,78.58
2025100309,82.52
2025100309,45.69
2025100309,36.97
2025100310,84.47
2025100310,70.75
2025100310,17.96
2025100310,62.62
2025100311,77.54
2025100311,13.16
2025100311,36.29
2025100311,35.31
2025100312,15.01
2025100312,49.06
2025100312,51.21
2025100312,50.28
2025100313,42.99
2025100313,10.49
2025100313,25.74
2025100313,26.08
2025100314,21.78
2025100314,15.76
2025100314,15.29
2025100314,15.94
2025100315,11.68
2025100315,3.86
2025100315,7.93
2025100315,6.67
2025100316,3.85
2025100316,1.99
2025100316,0.7
2025100316,0.03
2025100317,0.0
2025100400,0.0
2025100410,1.1
2025100410,15.89
2025100410,1.78
2025100410,0.0
2025100413,0.9
2025100413,14.9
2025100414,2.65
2025100414,15.57
2025100414,1.69
2025100414,0.0
2025100416,0.72
2025100416,0.1
2025100417,0.0
2025100500,0.0
2025100507,0.81
2025100508,13.91
2025100508,1.78
2025100508,0.0
2025100515,4.94
2025100515,4.46
2025100516,3.45
2025100516,3.71
2025100516,1.59
2025100516,0.03
2025100517,0.0
2025100600,0.0
2025100605,0.06
2025100605,0.68
2025100605,1.75
2025100606,2.44
2025100606,4.03
2025100606,6.7
2025100606,9.53
2025100607,23.61
2025100607,35.05
2025100607,41.37
2025100607,43.0
2025100608,52.23
2025100608,53.76
2025100608,34.62
2025100608,34.54
2025100609,56.14
2025100609,47.47
2025100609,74.38
2025100609,51.75
2025100610,45.86
2025100610,39.08
2025100610,84.76
2025100610,84.64
2025100611,37.62
2025100611,71.39
2025100611,60.21
2025100611,67.22
2025100612,61.16
2025100612,70.28
2025100612,27.36
2025100612,30.95
2025100613,32.18
2025100613,27.26
2025100613,13.91
2025100613,15.33
2025100614,18.84
2025100614,10.95
2025100614,7.27
2025100614,16.85
2025100615,6.65
2025100615,3.67
2025100615,8.32
2025100615,6.19
2025100616,2.83
2025100616,2.18
2025100616,0.93
2025100616,0.23
2025100617,0.0
2025100700,0.0
2025100705,0.01
2025100705,0.39
2025100706,0.68
2025100706,1.18
2025100706,1.46
2025100706,1.64
2025100707,1.34
2025100707,2.04
2025100707,3.05
2025100707,3.4
2025100708,4.14
2025100708,7.02
2025100708,16.7
2025100708,13.7
2025100709,13.08
2025100709,21.09
2025100709,10.55
2025100709,8.95
2025100710,11.39
2025100710,10.22
2025100710,11.78
2025100710,11.0
2025100711,10.52
2025100711,14.52
2025100711,22.87
2025100711,39.43
2025100712,78.49
2025100712,51.4
2025100712,27.54
2025100712,20.87
2025100713,19.22
2025100713,22.52
2025100713,16.09
2025100713,14.72
2025100714,19.36
2025100714,17.13
2025100714,6.61
2025100714,5.59
2025100715,8.57
2025100715,5.63
2025100715,4.25
2025100715,4.63
2025100716,3.12
2025100716,1.78
2025100716,0.3
2025100716,0.0
2025100800,0.0
2025100806,0.02
2025100806,0.49
2025100806,2.66
2025100806,4.76
2025100807,2.99
2025100807,8.4
2025100807,15.45
2025100807,13.38
2025100808,17.39
2025100808,30.2
2025100808,41.84
2025100808,53.54
2025100809,63.88
2025100809,48.66
2025100809,46.62
2025100809,36.17
2025100810,51.75
2025100810,73.46
2025100810,79.93
2025100810,36.67
2025100811,47.53
2025100811,60.81
2025100811,74.2
2025100811,74.38
2025100812,83.08
2025100812,103.96
2025100812,98.13
2025100812,92.37
2025100813,62.26
2025100813,33.0
2025100813,45.99
2025100813,53.41
2025100814,62.67
2025100814,43.48
2025100814,21.67
2025100814,9.8
2025100815,16.31
2025100815,12.15
2025100815,5.68
2025100815,4.13
2025100816,2.14
2025100816,0.7
2025100816,0.16
2025100816,0.0
2025100900,0.0
2025100905,0.29
2025100905,0.76
2025100906,1.87
2025100906,4.8
2025100906,6.05
2025100906,7.4
2025100907,14.31
2025100907,9.06
2025100907,7.94
2025100907,23.1
2025100908,34.79
2025100908,15.82
2025100908,22.67
2025100908,26.21
2025100909,30.49
2025100909,25.65
2025100909,64.0
2025100909,45.95
2025100910,22.81
2025100910,25.95
2025100910,21.89
2025100910,25.27
2025100911,33.94
2025100911,26.44
2025100911,25.85
2025100911,33.34
2025100912,3.06
2025100912,0.0
2025100912,1.03
2025100913,5.18
2025100913,12.56
2025100913,16.18
2025100913,9.67
2025100914,15.15
2025100914,13.24
2025100914,8.02
2025100914,11.5
2025100915,9.06
2025100915,6.4
2025100915,3.66
2025100915,3.67
2025100916,2.77
2025100916,0.36
2025100916,0.12
2025100916,0.0
2025101000,0.0
2025101005,0.06
2025101006,1.82
2025101006,4.28
2025101006,6.25
2025101006,7.01
2025101007,10.14
2025101007,7.07
2025101007,6.04
2025101007,11.41
2025101008,11.77
2025101008,9.31
2025101008,14.73
2025101008,16.15
2025101009,17.56
2025101009,10.71
2025101009,8.49
2025101009,9.24
2025101010,11.18
2025101010,11.64
2025101010,11.12
2025101010,13.0
2025101011,13.42
2025101011,19.31
2025101011,27.43
2025101011,16.39
2025101012,12.3
2025101012,10.77
2025101012,12.71
2025101012,15.2
2025101013,13.72
2025101013,15.3
2025101013,11.83
2025101013,9.62
2025101014,6.76
2025101014,7.55
2025101014,8.71
2025101014,9.86
2025101015,6.16
2025101015,2.71
2025101015,2.28
2025101015,1.7
2025101016,0.11
2025101016,0.02
2025101016,0.01
2025101016,0.0
2025101100,0.0
2025101105,0.15
2025101106,0.98
2025101106,1.42
2025101106,2.32
2025101106,4.75
2025101107,8.31
2025101107,11.22
2025101107,15.04
2025101107,17.86
2025101108,19.12
2025101108,40.44
2025101108,48.24
2025101108,50.3
2025101109,34.92
2025101109,38.03
2025101109,53.69
2025101109,35.32
2025101110,37.45
2025101110,31.11
2025101110,42.8
2025101110,33.11
2025101111,41.73
2025101111,31.89
2025101111,26.77
2025101111,23.16
2025101112,25.78
2025101112,31.11
2025101112,18.6
2025101112,19.82
2025101113,26.79
2025101113,31.74
2025101113,27.16
2025101113,24.36
2025101114,23.55
2025101114,15.28
2025101114,15.75
2025101114,11.95
2025101115,6.1
2025101115,4.77
2025101115,4.29
2025101115,2.97
2025101116,2.19
2025101116,0.58
2025101116,0.08
2025101116,0.0
2025101200,0.0
2025101205,0.21
2025101206,1.44
2025101206,4.94
2025101206,7.21
2025101206,11.95
2025101207,8.59
2025101207,9.84
2025101207,9.7
2025101207,9.9
2025101208,18.51
2025101208,20.18
2025101208,18.17
2025101208,25.02
2025101209,24.4
2025101209,23.32
2025101209,17.36
2025101209,13.98
2025101210,28.06
2025101210,39.68
2025101210,31.22
2025101210,32.03
2025101211,31.73
2025101211,46.25
2025101211,56.79
2025101211,65.17
2025101212,59.3
2025101212,44.43
2025101212,58.31
2025101212,50.72
2025101213,67.03
2025101213,62.15
2025101213,55.09
2025101213,55.67
2025101214,52.96
2025101214,40.6
2025101214,29.57
2025101214,32.19
2025101215,25.2
2025101215,17.47
2025101215,11.0
2025101215,6.79
2025101216,4.08
2025101216,1.51
2025101216,0.21
2025101216,0.0
2025101300,0.0
2025101305,0.08
2025101306,1.36
2025101306,2.38
2025101306,4.77
2025101306,7.02
2025101307,10.19
2025101307,12.83
2025101307,19.72
2025101307,22.46
2025101308,30.0
2025101308,43.67
2025101308,37.38
2025101308,50.08
2025101309,34.01
2025101309,30.76
2025101309,36.35
2025101309,43.86
2025101310,34.08
2025101310,32.86
2025101310,29.17
2025101310,29.39
2025101311,30.33
2025101311,28.42
2025101311,29.45
2025101311,29.97
2025101312,25.24
2025101312,18.65
2025101312,19.65
2025101312,16.99
2025101313,14.74
2025101313,17.77
2025101313,23.24
2025101313,21.38
2025101314,22.27
2025101314,23.53
2025101314,25.4
2025101314,13.85
2025101315,12.32
2025101315,8.54
2025101315,7.43
2025101315,5.83
2025101316,2.62
2025101316,1.08
2025101316,0.18
2025101316,0.0
2025101400,0.0
2025101406,0.18
2025101406,1.14
2025101406,2.61
2025101406,4.8
2025101407,6.91
2025101407,9.99
2025101407,13.18
2025101407,17.27
2025101408,19.53
2025101408,23.66
2025101408,29.37
2025101408,30.78
2025101409,32.91
2025101409,45.85
2025101409,45.94
2025101409,54.61
2025101410,49.78
2025101410,49.35
2025101410,49.32
2025101410,49.3
2025101411,49.34
2025101411,49.35
2025101411,49.32
2025101411,49.3
2025101412,69.22
2025101412,81.07
2025101412,68.53
2025101412,67.77
2025101413,60.53
2025101413,47.88
2025101413,55.54
2025101413,55.15
2025101414,48.91
2025101414,39.01
2025101414,36.83
2025101414,31.37
2025101415,29.98
2025101415,18.93
2025101415,11.51
2025101415,7.54
2025101416,2.99
2025101416,0.79
2025101416,0.04
2025101416,0.0
2025101500,0.0
2025101506,0.45
2025101506,2.44
2025101506,3.01
2025101506,6.63
2025101507,6.35
2025101507,4.36
2025101507,5.7
2025101507,6.29
2025101508,8.97
2025101508,12.32
2025101508,18.0
2025101508,16.39
2025101509,14.07
2025101509,12.33
2025101509,12.86
2025101509,12.14
2025101510,11.67
2025101510,11.13
2025101510,14.43
2025101510,17.68
2025101511,19.27
2025101511,20.2
2025101511,18.23
2025101511,18.54
2025101512,18.41
2025101512,20.31
2025101512,24.73
2025101512,37.22
2025101513,45.85
2025101513,47.91
2025101513,23.63
2025101513,40.15
2025101514,12.88
2025101514,11.27
2025101514,13.39
2025101514,6.23
2025101515,11.94
2025101515,5.8
2025101515,3.56
2025101515,2.46
2025101516,1.73
2025101516,0.29
2025101516,0.0
2025101600,0.0
2025101606,0.1
2025101606,1.01
2025101606,2.25
2025101607,3.65
2025101607,7.17
2025101607,19.92
2025101607,10.7
2025101608,14.41
2025101608,26.43
2025101608,17.36
2025101608,21.81
2025101609,27.33
2025101609,32.99
2025101609,33.02
2025101609,53.32
2025101610,43.48
2025101610,36.99
2025101610,45.13
2025101610,27.31
2025101611,41.35
2025101611,53.98
2025101611,57.95
2025101611,51.26
2025101612,37.89
2025101612,55.26
2025101612,44.17
2025101612,34.44
2025101613,16.22
2025101613,30.01
2025101613,15.0
2025101613,8.91
2025101614,16.42
2025101614,29.31
2025101614,5.55
2025101614,9.33
2025101615,5.97
2025101615,4.36
2025101615,3.62
2025101615,4.06
2025101616,1.44
2025101616,0.17
2025101616,0.0
2025101700,0.0
2025101705,0.03
2025101706,1.31
2025101706,3.17
2025101706,8.51
2025101706,5.53
2025101707,5.13
2025101707,6.44
2025101707,9.57
2025101707,18.16
2025101708,14.5
2025101708,14.35
2025101708,17.18
2025101708,16.12
2025101709,18.12
2025101709,20.54
2025101709,19.59
2025101709,29.28
2025101710,19.41
2025101710,37.13
2025101710,30.14
2025101710,33.99
2025101711,72.56
2025101711,62.61
2025101711,44.36
2025101711,70.66
2025101712,67.64
2025101712,50.97
2025101712,46.86
2025101712,62.64
2025101713,73.95
2025101713,46.33
2025101713,35.21
2025101713,11.13
2025101714,25.94
2025101714,40.87
2025101714,21.66
2025101714,27.04
2025101715,19.17
2025101715,11.89
2025101715,7.53
2025101715,3.39
2025101716,1.51
2025101716,0.28
2025101716,0.0
2025101800,0.0
2025101805,0.04
2025101806,1.33
2025101806,2.92
2025101806,7.13
2025101806,12.39
2025101807,17.39
2025101807,22.21
2025101807,30.23
2025101807,39.3
2025101808,46.56
2025101808,52.8
2025101808,58.31
2025101808,63.47
2025101809,66.89
2025101809,70.9
2025101809,73.9
2025101809,76.56
2025101810,77.51
2025101810,80.63
2025101810,72.69
2025101810,68.68
2025101811,87.41
2025101811,76.34
2025101811,82.54
2025101811,81.13
2025101812,78.87
2025101812,76.61
2025101812,74.3
2025101812,71.55
2025101813,68.27
2025101813,61.56
2025101813,56.33
2025101813,54.58
2025101814,48.87
2025101814,42.34
2025101814,33.89
2025101814,24.62
2025101815,18.12
2025101815,10.09
2025101815,4.87
2025101815,2.05
2025101816,0.54
2025101816,0.02
2025101816,0.0
2025101900,0.0
2025101906,0.28
2025101906,1.33
2025101906,4.62
2025101906,6.26
2025101907,14.29
2025101907,20.24
2025101907,27.58
2025101907,37.33
2025101908,42.87
2025101908,51.8
2025101908,57.29
2025101908,62.31
2025101909,66.48
2025101909,70.02
2025101909,73.18
2025101909,75.88
2025101910,78.56
2025101910,80.54
2025101910,81.74
2025101910,82.59
2025101911,82.83
2025101911,82.64
2025101911,82.39
2025101911,81.37
2025101912,79.67
2025101912,77.51
2025101912,74.94
2025101912,71.58
2025101913,68.1
2025101913,64.06
2025101913,59.35
2025101913,54.22
2025101914,48.2
2025101914,40.98
2025101914,32.1
2025101914,21.13
2025101915,15.41
2025101915,12.44
2025101915,6.12
2025101915,2.23
2025101916,0.67
2025101916,0.01
2025101916,0.0
2025102000,0.0
2025102005,0.45
2025102006,1.3
2025102006,2.6
2025102006,4.79
2025102006,6.11
2025102007,7.5
2025102007,8.92
2025102007,9.23
2025102007,10.44
2025102008,6.71
2025102008,4.04
2025102008,5.27
2025102008,12.27
2025102009,20.39
2025102009,20.93
2025102009,17.75
2025102009,24.48
2025102010,29.16
2025102010,32.03
2025102010,52.39
2025102010,48.8
2025102011,44.82
2025102011,45.14
2025102011,25.8
2025102011,18.52
2025102012,17.45
2025102012,15.14
2025102012,12.97
2025102012,11.45
2025102013,5.89
2025102013,8.93
2025102013,6.68
2025102013,4.64
2025102014,4.34
2025102014,3.68
2025102014,3.29
2025102014,1.83
2025102015,1.14
2025102015,0.86
2025102015,0.45
2025102015,0.0
2025102100,0.0
2025102106,0.04
2025102106,0.43
2025102106,0.9
2025102107,2.79
2025102107,4.59
2025102107,3.99
2025102107,4.62
2025102108,7.0
2025102108,7.77
2025102108,11.13
2025102108,16.71
2025102109,16.36
2025102109,14.21
2025102109,13.94
2025102109,13.37
2025102110,17.7
2025102110,18.81
2025102110,17.25
2025102110,16.86
2025102111,10.78
2025102111,7.58
2025102111,8.99
2025102111,11.61
2025102112,9.59
2025102112,6.32
2025102112,6.26
2025102112,10.67
2025102113,9.26
2025102113,6.83
2025102113,4.98
2025102113,3.04
2025102114,5.08
2025102114,7.89
2025102114,9.41
2025102114,7.67
2025102115,7.65
2025102115,4.58
2025102115,2.82
2025102115,1.02
2025102116,0.22
2025102116,0.0
2025102200,0.0
2025102206,0.19
2025102206,0.83
2025102206,0.26
2025102206,3.07
2025102207,6.98
2025102207,10.34
2025102207,2.28
2025102207,3.06
2025102208,8.03
2025102208,14.13
2025102208,25.2
2025102208,16.56
2025102209,24.66
2025102209,23.01
2025102209,29.6
2025102209,20.21
2025102210,29.02
2025102210,30.62
2025102210,46.21
2025102210,43.82
2025102211,27.51
2025102211,43.17
2025102211,54.79
2025102211,53.09
2025102212,23.57
2025102212,36.4
2025102212,22.42
2025102212,20.05
2025102213,23.69
2025102213,30.08
2025102213,20.49
2025102213,24.67
2025102214,32.19
2025102214,30.27
2025102214,26.91
2025102214,17.18
2025102215,6.06
2025102215,8.41
2025102215,3.74
2025102215,1.39
2025102216,0.2
2025102216,0.0
2025102300,0.0
2025102306,0.81
2025102307,2.81
2025102307,3.82
2025102307,3.53
2025102307,3.8
2025102308,5.44
2025102308,4.8
2025102308,4.13
2025102308,5.81
2025102309,5.1
2025102309,9.96
2025102309,8.23
2025102309,7.82
2025102310,5.45
2025102310,4.13
2025102310,4.43
2025102310,5.0
2025102311,7.82
2025102311,10.12
2025102311,7.99
2025102311,10.37
2025102312,7.6
2025102312,5.94
2025102312,4.18
2025102312,4.82
2025102313,3.55
2025102313,2.43
2025102313,1.74
2025102313,1.21
2025102314,2.3
2025102314,2.12
2025102314,1.11
2025102314,0.67
2025102315,0.71
2025102315,1.09
2025102315,0.62
2025102315,0.02
2025102316,0.0
2025102400,0.0
2025102406,0.19
2025102406,1.75
2025102406,3.78
2025102407,5.8
2025102407,5.31
2025102407,5.27
2025102407,18.39
2025102408,16.84
2025102408,17.8
2025102408,12.04
2025102408,23.06
2025102409,16.67
2025102409,45.95
2025102409,35.07
2025102409,26.95
2025102410,17.41
2025102410,39.13
2025102410,46.78
2025102410,22.17
2025102411,1.86
2025102411,0.0
2025102412,0.21
2025102412,2.91
2025102413,6.46
2025102413,13.53
2025102413,9.69
2025102413,5.43
2025102414,9.64
2025102414,1.73
2025102414,13.7
2025102414,10.27
2025102415,3.93
2025102415,1.69
2025102415,0.47
2025102415,0.0
2025102500,0.0
2025102506,0.04
2025102506,0.01
2025102507,0.09
2025102507,0.0
2025102507,0.74
2025102508,5.74
2025102508,19.02
2025102508,40.92
2025102508,16.58
2025102509,3.44
2025102509,6.45
2025102509,36.18
2025102509,68.09
2025102510,42.01
2025102510,72.47
2025102510,77.72
2025102510,66.6
2025102511,45.43
2025102511,41.98
2025102511,19.99
2025102511,18.33
2025102512,13.61
2025102512,13.15
2025102512,18.85
2025102512,16.7
2025102513,13.14
2025102513,9.95
2025102513,4.25
2025102513,8.79
2025102514,2.81
2025102514,0.0
2025102514,0.05
2025102515,1.85
2025102515,3.35
2025102515,0.39
2025102515,0.11
2025102516,0.0
2025102601,0.0
2025102700,0.0
2025102706,0.26
2025102706,2.17
2025102706,5.9
2025102707,12.54
2025102707,17.5
2025102707,25.45
2025102707,34.05
2025102708,25.08
2025102708,36.42
2025102708,48.16
2025102708,54.95
2025102709,52.97
2025102709,63.86
2025102709,57.53
2025102709,55.38
2025102710,75.41
2025102710,79.27
2025102710,55.3
2025102710,37.61
2025102711,33.52
2025102711,24.87
2025102711,25.78
2025102711,29.93
2025102712,42.3
2025102712,45.15
2025102712,64.17
2025102712,61.25
2025102713,39.88
2025102713,47.67
2025102713,43.99
2025102713,37.35
2025102714,30.67
2025102714,8.54
2025102714,13.04
2025102714,14.62
2025102715,5.21
2025102715,1.9
2025102715,1.04
2025102715,0.37
2025102716,0.01
2025102716,0.0
2025102800,0.0
2025102806,0.18
2025102806,1.57
2025102807,3.8
2025102807,4.45
2025102807,5.17
2025102807,5.38
2025102808,5.29
2025102808,6.38
2025102808,6.62
2025102808,5.58
2025102809,7.39
2025102809,6.52
2025102809,7.44
2025102809,9.52
2025102810,9.7
2025102810,23.09
2025102810,17.98
2025102810,21.19
2025102811,20.71
2025102811,20.95
2025102811,25.28
2025102811,32.26
2025102812,43.67
2025102812,39.57
2025102812,47.8
2025102812,44.09
2025102813,30.81
2025102813,2.94
2025102813,11.93
2025102813,4.79
2025102814,6.91
2025102814,3.52
2025102814,2.84
2025102814,3.07
2025102815,3.74
2025102815,2.56
2025102815,0.75
2025102815,0.0
2025102900,0.0
2025102906,0.02
2025102906,0.13
2025102906,0.96
2025102906,2.76
2025102907,6.17
2025102907,7.98
2025102907,9.45
2025102907,12.88
2025102908,14.68
2025102908,32.02
2025102908,35.33
2025102908,38.75
2025102909,37.45
2025102909,25.66
2025102909,20.6
2025102909,14.4
2025102910,10.77
2025102910,9.66
2025102910,14.97
2025102910,14.41
2025102911,17.44
2025102911,13.9
2025102911,7.07
2025102911,9.85
2025102912,17.25
2025102912,12.8
2025102912,3.03
2025102912,3.99
2025102913,5.22
2025102913,5.12
2025102913,6.73
2025102913,3.43
2025102914,1.34
2025102914,1.51
2025102914,3.3
2025102914,2.48
2025102915,0.91
2025102915,0.74
2025102915,0.12
2025102915,0.0
2025103000,0.0
2025103006,0.56
2025103007,2.31
2025103007,2.85
2025103007,5.7
2025103007,9.01
2025103008,17.78
2025103008,30.92
2025103008,20.92
2025103008,40.97
2025103009,45.13
2025103009,40.18
2025103009,14.14
2025103009,12.46
2025103010,28.84
2025103010,46.07
2025103010,41.41
2025103010,39.34
2025103011,14.83
2025103011,12.08
2025103011,47.97
2025103011,33.18
2025103012,19.49
2025103012,38.56
2025103012,56.63
2025103012,49.88
2025103013,52.13
2025103013,53.44
2025103013,40.96
2025103013,38.52
2025103014,29.55
2025103014,22.97
2025103014,20.79
2025103014,11.53
2025103015,3.46
2025103015,2.21
2025103015,1.07
2025103015,0.0
2025103100,0.0
2025103106,0.17
2025103106,1.52
2025103107,3.69
2025103107,5.22
2025103107,5.18
2025103107,6.9
2025103108,13.9
2025103108,22.51
2025103108,24.3
2025103108,26.38
2025103109,30.29
2025103109,33.98
2025103109,42.13
2025103109,21.97
2025103110,36.9
2025103110,41.01
2025103110,46.68
2025103110,57.72
2025103111,62.77
2025103111,48.66
2025103111,44.16
2025103111,36.41
2025103112,36.89
2025103112,38.99
2025103112,36.51
2025103112,32.85
2025103113,20.64
2025103113,21.47
2025103113,21.07
2025103113,18.58
2025103114,13.7
2025103114,12.53
2025103114,10.5
2025103114,7.87
2025103115,6.47
2025103115,2.75
2025103115,0.66
2025103115,0.0
2025110100,0.0
2025110106,0.09
2025110106,0.24
2025110106,0.82
2025110107,2.02
2025110107,3.51
2025110107,4.54
2025110107,6.84
2025110108,9.6
2025110108,9.85
2025110108,10.54
2025110108,8.63
2025110109,2.66
2025110109,1.81
2025110109,9.57
2025110109,2.93
2025110110,0.0
2025110110,1.6
2025110110,10.57
2025110110,13.46
2025110111,8.96
2025110111,5.83
2025110111,8.33
2025110111,7.78
2025110112,7.23
2025110112,9.51
2025110112,7.01
2025110112,7.35
2025110113,4.6
2025110113,4.85
2025110113,2.74
2025110113,2.1
2025110114,0.69
2025110114,0.3
2025110114,0.14
2025110114,0.44
2025110115,0.41
2025110115,0.02
2025110115,0.07
2025110115,0.0
2025110200,0.0
2025110206,0.14
2025110206,0.87
2025110207,0.82
2025110207,1.62
2025110207,5.99
2025110207,10.93
2025110208,19.29
2025110208,23.2
2025110208,22.65
2025110208,14.22
2025110209,17.87
2025110209,16.38
2025110209,45.53
2025110209,52.28
2025110210,57.95
2025110210,61.58
2025110210,67.93
2025110210,46.95
2025110211,45.9
2025110211,61.56
2025110211,47.18
2025110211,37.54
2025110212,36.26
2025110212,21.72
2025110212,19.07
2025110212,31.4
2025110213,25.72
2025110213,31.19
2025110213,19.94
2025110213,33.56
2025110214,34.78
2025110214,26.61
2025110214,16.34
2025110214,6.99
2025110215,5.09
2025110215,3.06
2025110215,0.69
2025110215,0.01
2025110216,0.0
2025110300,0.0
2025110306,0.03
2025110306,2.14
2025110307,2.66
2025110307,4.26
2025110307,6.96
2025110307,14.03
2025110308,12.4
2025110308,16.19
2025110308,23.44
2025110308,36.48
2025110309,41.32
2025110309,45.92
2025110309,29.38
2025110309,47.47
2025110310,48.19
2025110310,39.93
2025110310,29.1
2025110310,27.63
2025110311,30.25
2025110311,19.22
2025110311,12.54
2025110311,10.81
2025110312,11.99
2025110312,7.17
2025110312,6.86
2025110312,7.07
2025110313,6.25
2025110313,2.83
2025110313,2.21
2025110313,2.3
2025110314,2.31
2025110314,0.92
2025110314,0.97
2025110314,0.35
2025110315,0.01
2025110315,0.0
2025110400,0.0
2025110407,0.14
2025110407,0.43
2025110407,0.86
2025110407,1.51
2025110408,2.41
2025110408,6.08
2025110408,5.37
2025110408,3.83
2025110409,5.36
2025110409,6.6
2025110409,7.67
2025110409,7.7
2025110410,7.88
2025110410,9.73
2025110410,7.79
2025110410,4.87
2025110411,5.61
2025110411,6.6
2025110411,11.97
2025110411,12.08
2025110412,10.35
2025110412,9.6
2025110412,5.78
2025110412,5.02
2025110413,5.43
2025110413,5.3
2025110413,2.84
2025110413,2.29
2025110414,2.48
2025110414,1.75
2025110414,1.65
2025110414,1.68
2025110415,0.41
2025110415,0.17
2025110415,0.0
2025110500,0.0
2025110506,0.06
2025110507,0.65
2025110507,1.29
2025110507,1.66
2025110507,2.18
2025110508,2.32
2025110508,4.32
2025110508,5.21
2025110508,7.92
2025110509,7.14
2025110509,7.87
2025110509,12.47
2025110509,14.26
2025110510,11.77
2025110510,6.66
2025110510,11.77
2025110510,26.22
2025110511,21.76
2025110511,23.75
2025110511,28.97
2025110511,27.17
2025110512,15.34
2025110512,15.95
2025110512,14.69
2025110512,18.14
2025110513,14.23
2025110513,15.52
2025110513,9.25
2025110513,7.41
2025110514,6.31
2025110514,5.59
2025110514,4.82
2025110514,5.45
2025110515,3.88
2025110515,1.3
2025110515,0.21
2025110515,0.0
2025110600,0.0
2025110606,0.04
2025110606,0.81
2025110607,2.37
2025110607,4.68
2025110607,6.35
2025110607,8.92
2025110608,15.74
2025110608,16.03
2025110608,16.82
2025110608,33.78
2025110609,37.86
2025110609,40.76
2025110609,44.34
2025110609,45.16
2025110610,48.37
2025110610,50.54
2025110610,52.35
2025110610,53.81
2025110611,36.27
2025110611,52.33
2025110611,63.44
2025110611,51.7
2025110612,47.07
2025110612,42.54
2025110612,35.14
2025110612,37.09
2025110613,31.95
2025110613,24.05
2025110613,24.92
2025110613,22.04
2025110614,16.7
2025110614,11.52
2025110614,8.5
2025110614,5.89
2025110615,3.14
2025110615,1.37
2025110615,0.03
2025110615,0.0
2025110700,0.0
2025110706,0.23
2025110706,1.83
2025110707,4.71
2025110707,7.89
2025110707,10.45
2025110707,14.97
2025110708,19.84
2025110708,24.22
2025110708,28.25
2025110708,31.79
2025110709,34.98
2025110709,38.08
2025110709,40.86
2025110709,43.46
2025110710,45.9
2025110710,48.29
2025110710,49.9
2025110710,50.81
2025110711,51.09
2025110711,50.74
2025110711,49.42
2025110711,47.51
2025110712,45.03
2025110712,42.11
2025110712,38.61
2025110712,35.63
2025110713,25.17
2025110713,23.77
2025110713,24.6
2025110713,14.66
2025110714,7.76
2025110714,4.52
2025110714,1.78
2025110714,1.02
2025110715,0.47
2025110715,0.04
2025110715,0.0
2025110800,0.0
2025110807,0.11
2025110807,0.59
2025110807,1.23
2025110807,1.82
2025110808,2.36
2025110808,2.64
2025110808,2.97
2025110808,3.3
2025110809,4.06
2025110809,4.78
2025110809,4.98
2025110809,4.86
2025110810,5.09
2025110810,5.25
2025110810,5.76
2025110810,5.95
2025110811,6.0
2025110811,5.62
2025110811,5.77
2025110811,5.8
2025110812,5.67
2025110812,5.22
2025110812,4.83
2025110812,4.36
2025110813,4.03
2025110813,3.4
2025110813,3.31
2025110813,2.39
2025110814,2.01
2025110814,1.47
2025110814,0.85
2025110814,0.45
2025110815,0.06
2025110815,0.0
2025110900,0.0
2025110907,0.06
2025110907,1.41
2025110907,2.35
2025110908,3.31
2025110908,4.06
2025110908,5.04
2025110908,5.31
2025110909,7.55
2025110909,7.97
2025110909,7.87
2025110909,7.46
2025110910,7.79
2025110910,10.0
2025110910,11.07
2025110910,14.1
2025110911,11.32
2025110911,9.57
2025110911,8.44
2025110911,13.45
2025110912,11.77
2025110912,14.48
2025110912,10.13
2025110912,12.6
2025110913,13.17
2025110913,10.31
2025110913,10.4
2025110913,6.91
2025110914,5.34
2025110914,3.31
2025110914,3.08
2025110914,2.44
2025110915,1.24
2025110915,0.18
2025110915,0.0
2025111000,0.0
2025111006,0.03
2025111007,0.38
2025111007,1.7
2025111007,6.48
2025111007,8.78
2025111008,14.46
2025111008,15.26
2025111008,15.08
2025111008,14.66
2025111009,15.97
2025111009,18.76
2025111009,21.82
2025111009,22.28
2025111010,20.37
2025111010,19.58
2025111010,18.01
2025111010,15.09
2025111011,13.86
2025111011,11.08
2025111011,9.17
2025111011,8.54
2025111012,9.66
2025111012,9.42
2025111012,9.56
2025111012,8.28
2025111013,9.23
2025111013,10.87
2025111013,8.26
2025111013,3.63
2025111014,10.69
2025111014,5.31
2025111014,2.54
2025111014,1.36
2025111015,0.4
2025111015,0.0
2025111100,0.0
2025111107,0.02
2025111107,0.04
2025111107,1.0
2025111108,0.79
2025111108,0.78
2025111108,2.61
2025111108,4.2
2025111109,5.35
2025111109,7.57
2025111109,5.51
2025111109,6.67
2025111110,13.0
2025111110,12.86
2025111110,12.06
2025111110,25.87
2025111111,38.05
2025111111,36.34
2025111111,28.01
2025111111,14.8
2025111112,11.87
2025111112,19.42
2025111112,25.93
2025111112,26.9
2025111113,16.38
2025111113,15.45
2025111113,29.98
2025111113,12.38
2025111114,11.07
2025111114,5.41
2025111114,7.86
2025111114,4.35
2025111115,2.44
2025111115,0.88
2025111115,0.02
2025111115,0.0
2025111200,0.0
2025111207,0.46
2025111207,1.14
2025111207,1.93
2025111208,2.43
2025111208,3.07
2025111208,5.14
2025111208,6.81
2025111209,7.19
2025111209,7.43
2025111209,6.52
2025111209,0.8
2025111210,0.75
2025111210,5.84
2025111210,10.51
2025111210,0.0
2025111212,3.67
2025111212,9.72
2025111213,12.57
2025111213,8.97
2025111213,1.99
2025111213,2.54
2025111214,2.02
2025111214,1.54
2025111214,1.18
2025111214,0.37
2025111215,0.04
2025111215,0.0
2025111300,0.0
2025111307,0.01
2025111307,0.57
2025111307,1.95
2025111307,4.1
2025111308,6.39
2025111308,6.54
2025111308,8.47
2025111308,10.97
2025111309,11.44
2025111309,18.52
2025111309,16.52
2025111309,9.52
2025111310,7.8
2025111310,17.9
2025111310,8.88
2025111310,4.9
2025111311,4.17
2025111311,3.42
2025111311,3.55
2025111311,8.03
2025111312,6.49
2025111312,4.05
2025111312,9.26
2025111312,5.81
2025111313,8.5
2025111313,8.87
2025111313,4.82
2025111313,3.17
2025111314,0.99
2025111314,0.0
2025111315,0.19
2025111315,0.0
2025111400,0.0
2025111407,0.06
2025111407,2.31
2025111407,4.94
2025111407,8.46
2025111408,6.82
2025111408,8.05
2025111408,11.18
2025111408,11.15
2025111409,13.11
2025111409,14.15
2025111409,14.06
2025111409,15.48
2025111410,16.61
2025111410,17.48
2025111410,22.84
2025111410,24.62
2025111411,26.99
2025111411,31.9
2025111411,34.13
2025111411,26.5
2025111412,27.52
2025111412,20.0
2025111412,20.33
2025111412,28.88
2025111413,23.55
2025111413,12.57
2025111413,7.47
2025111413,4.96
2025111414,3.37
2025111414,2.85
2025111414,2.48
2025111414,2.22
2025111415,0.12
2025111415,0.0
2025111500,0.0
2025111507,0.84
2025111507,2.03
2025111507,4.48
2025111507,9.16
2025111508,14.18
2025111508,21.49
2025111508,26.93
2025111508,31.16
2025111509,34.61
2025111509,37.51
2025111509,40.1
2025111509,42.24
2025111510,44.13
2025111510,45.65
2025111510,46.65
2025111510,47.31
2025111511,47.67
2025111511,47.75
2025111511,47.26
2025111511,46.33
2025111512,44.94
2025111512,43.23
2025111512,41.07
2025111512,38.49
2025111513,35.65
2025111513,32.4
2025111513,28.61
2025111513,23.84
2025111514,16.77
2025111514,10.9
2025111514,7.29
2025111514,3.78
2025111515,1.71
2025111515,0.0
2025111600,0.0
2025111607,0.59
2025111607,2.23
2025111607,4.45
2025111607,5.06
2025111608,5.57
2025111608,6.71
2025111608,16.03
2025111608,26.96
2025111609,40.39
2025111609,12.99
2025111609,16.87
2025111609,25.65
2025111610,41.67
2025111610,31.86
2025111610,15.14
2025111610,20.66
2025111611,23.61
2025111611,21.38
2025111611,30.01
2025111611,29.66
2025111612,23.8
2025111612,27.45
2025111612,18.01
2025111612,16.05
2025111613,16.65
2025111613,13.39
2025111613,10.7
2025111613,7.25
2025111614,2.51
2025111614,2.3
2025111614,2.0
2025111614,0.21
2025111615,0.0
2025111700,0.0
2025111707,0.95
2025111707,1.56
2025111707,0.0
2025111800,0.0
2025111900,0.0
2025112000,0.0
2025112100,0.0
2025112200,0.0
2025112300,0.0
2025112400,0.0
2025112500,0.0
2025112600,0.0
2025112700,0.0
2025112800,0.0
2025112900,0.0
2025113000,0.0
2025120100,0.0
2025120200,0.0
2025120300,0.0
2025120400,0.0
2025120500,0.0
2025120600,0.0
2025120700,0.0
2025120800,0.0
2025120900,0.0
2025121000,0.0
2025121100,0.0
2025121111,4.41
2025121112,4.35
2025121112,6.82
2025121112,8.87
2025121112,5.11
2025121113,7.17
2025121113,7.4
2025121113,4.26
2025121113,2.47
2025121114,1.89
2025121114,1.38
2025121114,0.0
2025121200,0.0
2025121207,0.07
2025121208,1.5
2025121208,1.93
2025121208,2.04
2025121208,2.55
2025121209,2.75
2025121209,3.16
2025121209,3.38
2025121209,4.11
2025121210,5.0
2025121210,6.51
2025121210,8.9
2025121210,8.19
2025121211,6.01
2025121211,5.34
2025121211,4.68
2025121211,3.72
2025121212,3.15
2025121212,3.25
2025121212,3.28
2025121212,3.1
2025121213,2.85
2025121213,1.28
2025121213,0.45
2025121213,1.7
2025121214,1.28
2025121214,1.08
2025121214,0.0
2025121300,0.0
2025121308,1.79
2025121308,4.18
2025121308,6.43
2025121309,7.56
2025121309,9.11
2025121309,7.69
2025121309,8.16
2025121310,18.57
2025121310,27.99
2025121310,30.62
2025121310,31.6
2025121311,32.21
2025121311,34.22
2025121311,17.86
2025121311,19.84
2025121312,20.87
2025121312,17.87
2025121312,10.78
2025121312,9.32
2025121313,11.4
2025121313,11.82
2025121313,8.49
2025121313,6.82
2025121314,4.94
2025121314,2.78
2025121314,1.96
2025121314,0.29
2025121315,0.0
2025121400,0.0
2025121408,0.05
2025121408,1.57
2025121408,2.65
2025121409,3.56
2025121409,4.31
2025121409,4.97
2025121409,3.71
2025121410,4.41
2025121410,4.63
2025121410,5.5
2025121410,6.76
2025121411,6.54
2025121411,5.04
2025121411,5.92
2025121411,5.54
2025121412,5.49
2025121412,4.17
2025121412,3.12
2025121412,3.43
2025121413,2.9
2025121413,2.83
2025121413,2.24
2025121413,2.0
2025121414,1.14
2025121414,0.04
2025121414,0.0
2025121500,0.0
2025121508,0.27
2025121508,0.54
2025121509,1.69
2025121509,2.74
2025121509,3.42
2025121509,3.67
2025121510,3.76
2025121510,3.38
2025121510,4.18
2025121510,4.6
2025121511,3.52
2025121511,3.21
2025121511,4.55
2025121511,5.7
2025121512,3.9
2025121512,3.35
2025121512,2.87
2025121512,2.09
2025121513,1.85
2025121513,0.65
2025121513,0.0
2025121600,0.0
2025121607,0.45
2025121608,2.06
2025121608,3.51
2025121608,7.02
2025121608,6.88
2025121609,7.94
2025121609,13.39
2025121609,16.56
2025121609,12.97
2025121610,10.1
2025121610,6.99
2025121610,6.23
2025121610,8.22
2025121611,9.42
2025121611,9.04
2025121611,8.16
2025121611,10.22
2025121612,12.37
2025121612,9.03
2025121612,6.6
2025121612,5.94
2025121613,4.55
2025121613,7.37
2025121613,4.41
2025121613,2.58
2025121614,2.25
2025121614,0.27
2025121614,0.14
2025121614,0.0
2025121700,0.0
2025121708,0.19
2025121708,1.56
2025121708,2.51
2025121709,2.61
2025121709,2.26
2025121709,2.44
2025121710,2.36
2025121710,3.79
2025121710,7.21
2025121710,7.03
2025121711,10.5
2025121711,15.63
2025121711,17.58
2025121711,14.98
2025121712,14.09
2025121712,10.83
2025121712,8.94
2025121712,10.66
2025121713,10.83
2025121713,8.64
2025121713,6.21
2025121713,6.55
2025121714,5.33
2025121714,4.06
2025121714,1.76
2025121714,0.0
2025121800,0.0
2025121808,1.01
2025121808,2.78
2025121809,3.74
2025121809,3.29
2025121809,3.43
2025121809,2.35
2025121810,2.54
2025121810,2.24
2025121810,2.63
2025121810,2.53
2025121811,2.41
2025121811,3.6
2025121811,3.97
2025121811,3.49
2025121812,2.79
2025121812,2.91
2025121812,2.76
2025121812,2.74
2025121813,2.22
2025121813,1.35
2025121813,1.02
2025121813,0.06
2025121814,0.0
2025121900,0.0
2025121908,0.02
2025121908,1.21
2025121908,1.89
2025121908,2.39
2025121909,3.31
2025121909,3.1
2025121909,4.19
2025121909,5.91
2025121910,3.85
2025121910,3.58
2025121910,3.61
2025121910,3.39
2025121911,3.25
2025121911,3.62
2025121911,4.35
2025121911,4.86
2025121912,4.53
2025121912,7.89
2025121912,8.33
2025121912,6.1
2025121913,5.24
2025121913,5.89
2025121913,6.37
2025121913,5.55
2025121914,3.82
2025121914,2.76
2025121914,1.89
2025121914,0.32
2025121915,0.0
2025122000,0.0
2025122007,0.1
2025122008,2.01
2025122008,2.4
2025122008,4.19
2025122008,4.98
2025122009,5.67
2025122009,14.41
2025122009,15.8
2025122009,11.45
2025122010,19.06
2025122010,16.28
2025122010,20.74
2025122010,25.78
2025122011,23.64
2025122011,25.2
2025122011,23.09
2025122011,13.6
2025122012,15.88
2025122012,21.22
2025122012,15.94
2025122012,17.66
2025122013,5.98
2025122013,9.45
2025122013,6.88
2025122013,3.13
2025122014,1.82
2025122014,0.1
2025122014,0.0
2025122100,0.0
2025122108,0.23
2025122108,1.76
2025122108,2.29
2025122108,2.44
2025122109,3.27
2025122109,5.59
2025122109,6.02
2025122109,6.97
2025122110,6.74
2025122110,8.56
2025122110,11.57
2025122110,10.88
2025122111,9.99
2025122111,10.05
2025122111,8.64
2025122111,10.3
2025122112,10.45
2025122112,7.91
2025122112,5.95
2025122112,3.61
2025122113,3.17
2025122113,5.77
2025122113,4.52
2025122113,2.52
2025122114,1.75
2025122114,0.09
2025122114,0.0
2025122200,0.0
2025122208,1.1
2025122208,2.44
2025122208,4.53
2025122208,6.99
2025122209,9.35
2025122209,12.38
2025122209,14.72
2025122209,18.29
2025122210,21.76
2025122210,20.72
2025122210,19.34
2025122210,19.42
2025122211,21.7
2025122211,23.18
2025122211,25.64
2025122211,26.32
2025122212,25.13
2025122212,28.48
2025122212,30.78
2025122212,22.44
2025122213,15.77
2025122213,10.23
2025122213,8.37
2025122213,6.47
2025122214,4.69
2025122214,2.82
2025122214,0.91
2025122214,0.0
2025122300,0.0
2025122308,0.41
2025122308,2.23
2025122308,3.73
2025122308,5.35
2025122309,7.68
2025122309,12.46
2025122309,13.24
2025122309,19.22
2025122310,17.05
2025122310,13.77
2025122310,17.45
2025122310,15.13
2025122311,11.57
2025122311,18.04
2025122311,28.09
2025122311,31.78
2025122312,12.27
2025122312,10.12
2025122312,10.68
2025122312,17.99
2025122313,14.13
2025122313,8.87
2025122313,9.53
2025122313,3.43
2025122314,3.04
2025122314,2.9
2025122314,2.67
2025122314,0.65
2025122315,0.0
2025122400,0.0
2025122408,0.4
2025122408,1.88
2025122408,2.55
2025122408,3.63
2025122409,5.4
2025122409,6.21
2025122409,8.2
2025122409,12.52
2025122410,13.63
2025122410,14.95
2025122410,13.46
2025122410,12.72
2025122411,14.16
2025122411,15.27
2025122411,13.21
2025122411,14.03
2025122412,16.03
2025122412,16.83
2025122412,14.14
2025122412,12.82
2025122413,13.31
2025122413,12.67
2025122413,10.49
2025122413,8.43
2025122414,5.14
2025122414,4.37
2025122414,2.62
2025122414,0.8
2025122415,0.0
2025122500,0.0
2025122507,0.33
2025122508,1.87
2025122508,3.42
2025122508,7.88
2025122508,12.7
2025122509,17.01
2025122509,21.56
2025122509,25.22
2025122509,31.87
2025122510,38.7
2025122510,46.36
2025122510,40.17
2025122510,39.73
2025122511,38.16
2025122511,38.03
2025122511,39.7
2025122511,28.81
2025122512,22.77
2025122512,24.4
2025122512,21.5
2025122512,21.11
2025122513,20.41
2025122513,20.43
2025122513,17.28
2025122513,12.58
2025122514,9.14
2025122514,6.03
2025122514,3.59
2025122514,2.06
2025122515,2.08
2025122515,0.08
2025122515,0.0
2025122600,0.0
2025122608,0.03
2025122608,1.12
2025122608,2.2
2025122608,3.33
2025122609,4.86
2025122609,6.15
2025122609,7.48
2025122609,8.8
2025122610,10.48
2025122610,13.31
2025122610,16.15
2025122610,21.84
2025122611,25.41
2025122611,37.56
2025122611,32.14
2025122611,21.22
2025122612,17.46
2025122612,14.45
2025122612,12.96
2025122612,10.53
2025122613,7.86
2025122613,6.17
2025122613,5.24
2025122613,4.24
2025122614,2.98
2025122614,2.35
2025122614,1.01
2025122614,0.0
2025122700,0.0
2025122708,0.04
2025122708,1.8
2025122708,2.53
2025122708,3.18
2025122709,4.62
2025122709,6.03
2025122709,16.05
2025122709,24.79
2025122710,28.35
2025122710,21.02
2025122710,17.68
2025122710,20.9
2025122711,20.25
2025122711,20.15
2025122711,23.27
2025122711,33.04
2025122712,31.64
2025122712,30.92
2025122712,25.29
2025122712,21.81
2025122713,19.77
2025122713,15.13
2025122713,11.86
2025122713,9.08
2025122714,4.91
2025122714,3.3
2025122714,2.33
2025122714,0.66
2025122715,0.0
2025122800,0.0
2025122807,0.28
2025122808,1.84
2025122808,2.96
2025122808,6.57
2025122808,10.05
2025122809,12.97
2025122809,16.0
2025122809,20.45
2025122809,26.38
2025122810,32.25
2025122810,36.23
2025122810,38.91
2025122810,40.55
2025122811,41.61
2025122811,41.89
2025122811,41.59
2025122811,39.21
2025122812,33.88
2025122812,19.68
2025122812,8.5
2025122812,10.87
2025122813,8.05
2025122813,6.58
2025122813,5.66
2025122813,8.19
2025122814,7.53
2025122814,5.81
2025122814,3.43
2025122814,1.79
2025122815,0.0
2025122900,0.0
2025122907,0.11
2025122908,2.25
2025122908,4.26
2025122908,6.08
2025122908,9.83
2025122909,12.35
2025122909,14.63
2025122909,18.09
2025122909,23.76
2025122910,26.8
2025122910,29.73
2025122910,31.04
2025122910,31.81
2025122911,33.68
2025122911,34.45
2025122911,35.38
2025122911,36.7
2025122912,37.31
2025122912,35.71
2025122912,31.47
2025122912,28.89
2025122913,23.91
2025122913,19.42
2025122913,15.29
2025122913,10.6
2025122914,8.78
2025122914,3.92
2025122914,2.13
2025122914,0.19
2025122915,0.0
2025123000,0.0
2025123007,0.42
2025123008,1.97
2025123008,3.3
2025123008,7.45
2025123008,11.38
2025123009,14.68
2025123009,17.66
2025123009,21.57
2025123009,27.41
2025123010,33.33
2025123010,37.19
2025123010,39.78
2025123010,41.7
2025123011,42.75
2025123011,43.45
2025123011,43.51
2025123011,42.69
2025123012,40.32
2025123012,39.89
2025123012,37.02
2025123012,32.64
2025123013,26.57
2025123013,20.82
2025123013,17.0
2025123013,13.16
2025123014,10.67
2025123014,5.42
2025123014,2.6
2025123014,1.2
2025123015,0.0
2025123100,0.0
2025123107,0.16
2025123108,2.06
2025123108,3.86
2025123108,10.59
2025123108,9.77
2025123109,4.57
2025123109,8.16
2025123109,12.71
2025123109,7.63
2025123110,9.11
2025123110,8.49
2025123110,10.29
2025123110,12.57
2025123111,15.8
2025123111,16.63
2025123111,16.97
2025123111,15.42
2025123112,15.36
2025123112,13.96
2025123112,14.28
2025123112,11.16
2025123113,9.83
2025123113,14.47
2025123113,23.75
2025123113,25.3
2025123114,16.79
2025123114,8.67
2025123114,5.7
2025123114,2.91
2025123115,1.32
2025123115,0.0
2026010100,0.0
2026010200,0.0
2026010208,1.04
2026010208,2.29
2026010208,3.2
2026010209,4.15
2026010209,5.27
2026010209,4.18
2026010209,6.39
2026010210,9.39
2026010210,2.42
2026010210,8.71
2026010210,0.89
2026010211,0.92
2026010211,0.87
2026010211,3.15
2026010211,6.14
2026010212,5.45
2026010212,3.14
2026010212,2.66
2026010212,3.19
2026010213,3.3
2026010213,3.25
2026010213,0.68
2026010213,0.19
2026010214,0.01
2026010214,0.0
2026010300,0.0
2026010308,0.04
2026010308,1.58
2026010308,1.78
2026010309,2.02
2026010309,1.68
2026010309,1.99
2026010309,2.16
2026010310,2.2
2026010310,2.6
2026010310,2.25
2026010310,2.2
2026010311,2.19
2026010311,2.93
2026010311,2.6
2026010311,2.08
2026010312,1.89
2026010312,2.46
2026010312,3.62
2026010312,4.98
2026010313,4.72
2026010313,4.02
2026010313,3.14
2026010313,2.17
2026010314,1.5
2026010314,0.0
2026010400,0.0
2026010408,0.44
2026010408,1.77
2026010408,2.4
2026010409,2.71
2026010409,3.13
2026010409,4.03
2026010409,4.96
2026010410,5.78
2026010410,6.12
2026010410,6.92
2026010410,7.34
2026010411,7.63
2026010411,7.81
2026010411,7.92
2026010411,7.96
2026010412,7.95
2026010412,7.81
2026010412,7.57
2026010412,7.17
2026010413,6.54
2026010413,5.63
2026010413,4.63
2026010413,3.74
2026010414,2.94
2026010414,2.21
2026010414,0.43
2026010414,0.0
2026010500,0.0
2026010508,0.52
2026010508,1.63
2026010509,1.93
2026010509,2.04
2026010509,2.21
2026010509,2.45
2026010510,2.81
2026010510,4.44
2026010510,4.98
2026010510,4.11
2026010511,4.1
2026010511,2.83
2026010511,2.59
2026010511,2.11
2026010512,2.59
2026010512,2.56
2026010512,2.32
2026010512,2.12
2026010513,1.85
2026010513,2.23
2026010513,2.13
2026010513,1.72
2026010514,0.16
2026010514,0.0
2026010600,0.0
2026010608,0.07
2026010608,1.58
2026010608,2.22
2026010609,3.63
2026010609,3.62
2026010609,4.12
2026010609,4.79
2026010610,5.04
2026010610,4.65
2026010610,4.06
2026010610,4.66
2026010611,7.15
2026010611,5.2
2026010611,3.35
2026010611,6.22
2026010612,4.33
2026010612,0.98
2026010612,1.8
2026010612,3.96
2026010613,3.04
2026010613,2.96
2026010613,2.81
2026010613,2.41
2026010614,1.52
2026010614,0.12
2026010614,0.0
2026010700,0.0
2026010709,0.26
2026010709,1.28
2026010710,0.16
2026010710,1.55
2026010710,1.58
2026010710,1.64
2026010711,1.84
2026010711,1.79
2026010711,2.07
2026010711,0.12
2026010712,0.0
2026010712,0.55
2026010712,0.7
2026010712,0.01
2026010713,0.0
2026010800,0.0
2026010809,0.1
2026010809,1.36
2026010809,1.77
2026010809,1.81
2026010810,2.01
2026010810,2.14
2026010810,2.13
2026010810,2.16
2026010811,2.41
2026010811,2.74
2026010811,2.77
2026010811,2.65
2026010812,2.6
2026010812,2.51
2026010812,2.29
2026010812,2.06
2026010813,1.82
2026010813,1.69
2026010813,1.79
2026010813,1.63
2026010814,0.6
2026010814,0.0
2026010900,0.0
2026010908,0.21
2026010908,1.59
2026010908,2.17
2026010909,3.04
2026010909,4.26
2026010909,5.84
2026010909,7.73
2026010910,8.85
2026010910,6.87
2026010910,5.61
2026010910,4.55
2026010911,5.12
2026010911,7.59
2026010911,6.83
2026010911,5.25
2026010912,4.32
2026010912,3.63
2026010912,4.05
2026010912,4.57
2026010913,4.35
2026010913,3.4
2026010913,3.12
2026010913,2.64
2026010914,2.25
2026010914,1.84
2026010914,0.32
2026010914,0.0
2026011000,0.0
2026011008,0.21
2026011008,1.5
2026011008,2.14
2026011009,2.42
2026011009,2.79
2026011009,3.34
2026011009,3.49
2026011010,5.32
2026011010,8.71
2026011010,9.23
2026011010,9.08
2026011011,9.53
2026011011,11.11
2026011011,11.89
2026011011,12.42
2026011012,12.76
2026011012,13.72
2026011012,12.56
2026011012,12.54
2026011013,11.97
2026011013,11.2
2026011013,9.43
2026011013,8.33
2026011014,5.97
2026011014,4.7
2026011014,2.52
2026011014,0.65
2026011015,0.0
2026011100,0.0
2026011108,1.15
2026011108,3.31
2026011108,5.82
2026011108,7.15
2026011109,5.78
2026011109,7.95
2026011109,11.88
2026011109,13.69
2026011110,14.52
2026011110,13.45
2026011110,12.29
2026011110,10.85
2026011111,11.2
2026011111,11.43
2026011111,11.52
2026011111,12.75
2026011112,10.74
2026011112,10.37
2026011112,9.62
2026011112,8.58
2026011113,7.53
2026011113,6.31
2026011113,5.59
2026011113,4.79
2026011114,3.88
2026011114,3.05
2026011114,2.04
2026011114,0.31
2026011115,0.0
2026011200,0.0
2026011208,0.54
2026011208,1.64
2026011209,1.59
2026011209,1.64
2026011209,1.82
2026011209,1.99
2026011210,2.19
2026011210,2.67
2026011210,2.78
2026011210,3.0
2026011211,3.35
2026011211,4.39
2026011211,3.54
2026011211,3.86
2026011212,3.12
2026011212,3.46
2026011212,3.77
2026011212,3.08
2026011213,2.58
2026011213,2.22
2026011213,1.94
2026011213,2.01
2026011214,1.5
2026011214,0.14
2026011214,0.0
2026011300,0.0
2026011308,0.17
2026011308,1.79
2026011308,2.29
2026011308,3.14
2026011309,3.95
2026011309,4.29
2026011309,5.96
2026011309,7.57
2026011310,8.1
2026011310,9.13
2026011310,13.15
2026011310,13.72
2026011311,13.13
2026011311,10.62
2026011311,10.52
2026011311,10.39
2026011312,10.44
2026011312,9.69
2026011312,9.27
2026011312,8.45
2026011313,7.86
2026011313,7.14
2026011313,5.52
2026011313,4.39
2026011314,2.95
2026011314,2.98
2026011314,2.44
2026011314,0.3
2026011315,0.0
2026011400,0.0
2026011407,0.3
2026011408,1.7
2026011408,4.82
2026011408,7.32
2026011408,10.0
2026011409,14.31
2026011409,19.51
2026011409,24.3
2026011409,28.65
2026011410,31.3
2026011410,33.44
2026011410,35.45
2026011410,36.99
2026011411,37.89
2026011411,38.83
2026011411,39.04
2026011411,38.9
2026011412,38.22
2026011412,36.97
2026011412,28.01
2026011412,24.08
2026011413,27.75
2026011413,27.14
2026011413,22.79
2026011413,17.83
2026011414,13.47
2026011414,10.22
2026011414,7.13
2026011414,4.27
2026011415,2.34
2026011415,0.23
2026011415,0.0
2026011500,0.0
2026011508,0.81
2026011508,2.31
2026011508,2.83
2026011509,1.81
2026011509,1.77
2026011509,3.08
2026011509,0.81
2026011510,1.64
2026011510,2.32
2026011510,3.59
2026011510,3.98
2026011511,5.15
2026011511,0.02
2026011511,0.04
2026011511,0.54
2026011512,0.01
2026011512,0.0
2026011600,0.0
2026011608,0.18
2026011608,1.08
2026011608,1.39
2026011609,2.37
2026011609,1.85
2026011609,1.6
2026011609,2.75
2026011610,3.4
2026011610,6.52
2026011610,10.75
2026011610,12.33
2026011611,9.44
2026011611,7.1
2026011611,5.08
2026011611,4.01
2026011612,10.25
2026011612,10.29
2026011612,8.93
2026011612,6.27
2026011613,5.33
2026011613,7.22
2026011613,6.26
2026011613,5.0
2026011614,4.84
2026011614,3.95
2026011614,2.24
2026011614,1.21
2026011615,0.15
2026011615,0.0
2026011700,0.0
2026011707,0.07
2026011708,2.44
2026011708,5.8
2026011708,8.72
2026011708,13.52
2026011709,16.44
2026011709,16.22
2026011709,21.57
2026011709,12.9
2026011710,13.2
2026011710,18.11
2026011710,31.72
2026011710,26.73
2026011711,43.0
2026011711,29.19
2026011711,18.75
2026011711,23.81
2026011712,28.88
2026011712,15.7
2026011712,16.3
2026011712,18.44
2026011713,15.4
2026011713,12.91
2026011713,8.45
2026011713,5.53
2026011714,4.86
2026011714,3.94
2026011714,3.62
2026011714,2.34
2026011715,0.91
2026011715,0.0
2026011800,0.0
2026011808,0.15
2026011808,1.23
2026011809,1.88
2026011809,2.18
2026011809,2.75
2026011809,3.31
2026011810,3.3
2026011810,3.08
2026011810,2.73
2026011810,2.71
2026011811,2.87
2026011811,2.86
2026011811,3.05
2026011811,3.13
2026011812,3.51
2026011812,3.57
2026011812,3.44
2026011812,3.11
2026011813,2.78
2026011813,2.73
2026011813,2.66
2026011813,2.22
2026011814,2.19
2026011814,1.91
2026011814,1.76
2026011814,1.48
2026011815,0.06
2026011815,0.0
2026011900,0.0
2026011907,0.11
2026011907,1.74
2026011908,3.3
2026011908,6.22
2026011908,9.17
2026011908,12.76
2026011909,19.5
2026011909,27.08
2026011909,31.72
2026011909,35.52
2026011910,38.51
2026011910,41.04
2026011910,42.98
2026011910,44.6
2026011911,45.75
2026011911,46.51
2026011911,46.68
2026011911,46.62
2026011912,46.12
2026011912,44.79
2026011912,43.07
2026011912,41.14
2026011913,38.63
2026011913,35.38
2026011913,31.51
2026011913,26.78
2026011914,20.3
2026011914,14.02
2026011914,10.29
2026011914,7.06
2026011915,3.74
2026011915,1.92
2026011915,0.02
2026011915,0.0
2026012000,0.0
2026012007,0.15
2026012007,1.78
2026012008,3.49
2026012008,6.23
2026012008,9.1
2026012008,12.93
2026012009,19.1
2026012009,25.2
2026012009,29.81
2026012009,32.88
2026012010,35.63
2026012010,38.51
2026012010,40.64
2026012010,42.08
2026012011,43.26
2026012011,44.06
2026012011,41.77
2026012011,43.93
2026012012,44.17
2026012012,42.95
2026012012,40.29
2026012012,37.16
2026012013,33.39
2026012013,28.53
2026012013,24.48
2026012013,24.59
2026012014,20.65
2026012014,16.75
2026012014,10.02
2026012014,5.84
2026012015,4.15
2026012015,1.8
2026012015,0.0
2026012100,0.0
2026012107,1.2
2026012108,3.8
2026012108,9.32
2026012108,12.3
2026012108,18.25
2026012109,16.41
2026012109,17.53
2026012109,11.77
2026012109,13.42
2026012110,11.58
2026012110,8.78
2026012110,12.0
2026012110,21.69
2026012111,27.43
2026012111,36.3
2026012111,25.29
2026012111,23.72
2026012112,25.1
2026012112,21.91
2026012112,20.0
2026012112,19.97
2026012113,14.32
2026012113,13.19
2026012113,9.22
2026012113,8.25
2026012114,8.0
2026012114,6.76
2026012114,5.31
2026012114,3.32
2026012115,1.75
2026012115,0.01
2026012115,0.0
2026012200,0.0
2026012208,0.32
2026012208,1.55
2026012208,1.68
2026012208,1.99
2026012209,2.04
2026012209,3.45
2026012209,3.58
2026012209,2.5
2026012210,3.28
2026012210,3.39
2026012210,2.41
2026012210,2.34
2026012211,2.48
2026012211,2.25
2026012211,2.27
2026012211,4.07
2026012212,5.68
2026012212,4.69
2026012212,3.44
2026012212,2.67
2026012213,2.59
2026012213,3.09
2026012213,2.45
2026012213,1.84
2026012214,1.82
2026012214,1.81
2026012214,1.15
2026012214,0.0
2026012300,0.0
2026012308,0.43
2026012308,1.8
2026012308,3.21
2026012308,8.04
2026012309,9.36
2026012309,10.46
2026012309,15.49
2026012309,17.33
2026012310,16.94
2026012310,17.72
2026012310,23.19
2026012310,18.26
2026012311,15.32
2026012311,7.76
2026012311,9.21
2026012311,10.97
2026012312,11.16
2026012312,13.48
2026012312,15.58
2026012312,16.16
2026012313,13.86
2026012313,11.79
2026012313,8.73
2026012313,6.17
2026012314,5.11
2026012314,5.71
2026012314,4.73
2026012314,3.31
2026012315,2.28
2026012315,0.87
2026012315,0.0
2026012400,0.0
2026012408,0.64
2026012408,1.69
2026012409,1.96
2026012409,2.66
2026012409,3.11
2026012409,3.45
2026012410,4.03
2026012410,4.54
2026012410,4.11
2026012410,4.58
2026012411,4.69
2026012411,3.85
2026012411,4.71
2026012411,4.78
2026012412,4.38
2026012412,3.13
2026012412,2.78
2026012412,2.33
2026012413,2.09
2026012413,6.51
2026012413,8.91
2026012413,6.31
2026012414,3.11
2026012414,2.41
2026012414,0.97
2026012414,0.14
2026012415,0.2
2026012415,0.0
2026012500,0.0
2026012508,0.01
2026012509,0.04
2026012509,1.43
2026012509,2.21
2026012509,2.59
2026012510,3.57
2026012510,3.34
2026012510,4.49
2026012510,4.8
2026012511,4.29
2026012511,4.53
2026012511,5.14
2026012511,4.77
2026012512,7.62
2026012512,9.38
2026012512,6.9
2026012512,5.14
2026012513,6.05
2026012513,6.71
2026012513,7.67
2026012513,4.29
2026012514,2.31
2026012514,1.69
2026012514,1.9
2026012514,1.95
2026012515,0.23
2026012515,0.0
2026012600,0.0
2026012607,0.49
2026012607,2.41
2026012608,3.97
2026012608,5.76
2026012608,6.91
2026012608,6.58
2026012609,7.55
2026012609,9.89
2026012609,14.0
2026012609,17.81
2026012610,20.16
2026012610,21.71
2026012610,21.0
2026012610,17.59
2026012611,14.39
2026012611,20.15
2026012611,18.71
2026012611,17.66
2026012612,15.83
2026012612,15.07
2026012612,16.78
2026012612,14.93
2026012613,10.24
2026012613,8.24
2026012613,9.07
2026012613,7.36
2026012614,4.91
2026012614,3.41
2026012614,2.34
2026012614,1.91
2026012615,0.6
2026012615,0.0
2026012700,0.0
2026012707,0.47
2026012708,2.04
2026012708,3.45
2026012708,7.2
2026012708,8.8
2026012709,10.53
2026012709,15.59
2026012709,18.95
2026012709,25.6
2026012710,44.86
2026012710,22.93
2026012710,18.63
2026012710,15.43
2026012711,11.0
2026012711,11.54
2026012711,9.29
2026012711,9.17
2026012712,7.69
2026012712,7.8
2026012712,6.4
2026012712,5.85
2026012713,5.04
2026012713,4.78
2026012713,5.46
2026012713,7.78
2026012714,7.79
2026012714,4.98
2026012714,3.58
2026012714,2.14
2026012715,1.15
2026012715,0.0
2026012800,0.0
2026012807,1.04
2026012808,1.77
2026012808,2.11
2026012808,3.06
2026012808,4.78
2026012809,5.01
2026012809,9.22
2026012809,3.51
2026012809,7.5
2026012810,13.98
2026012810,12.64
2026012810,9.05
2026012810,8.65
2026012811,9.47
2026012811,13.37
2026012811,12.69
2026012811,10.37
2026012812,9.75
2026012812,8.88
2026012812,8.13
2026012812,8.73
2026012813,6.25
2026012813,5.09
2026012813,4.77
2026012813,4.44
2026012814,4.03
2026012814,3.36
2026012814,3.13
2026012814,2.26
2026012815,1.59
2026012815,0.01
2026012815,0.0
2026012900,0.0
2026012908,0.86
2026012908,1.55
2026012908,2.11
2026012908,3.02
2026012909,3.41
2026012909,4.12
2026012909,4.92
2026012909,5.36
2026012910,6.03
2026012910,6.68
2026012910,8.11
2026012910,7.83
2026012911,7.82
2026012911,8.06
2026012911,9.74
2026012911,10.13
2026012912,8.84
2026012912,7.32
2026012912,6.84
2026012912,8.37
2026012913,8.2
2026012913,7.01
2026012913,5.58
2026012913,5.56
2026012914,3.73
2026012914,2.91
2026012914,3.49
2026012914,2.73
2026012915,1.36
2026012915,0.0
2026013000,0.0
2026013008,0.59
2026013008,1.94
2026013008,2.17
2026013008,2.61
2026013009,3.4
2026013009,3.6
2026013009,4.68
2026013009,4.76
2026013010,5.47
2026013010,6.37
2026013010,9.79
2026013010,11.37
2026013011,9.84
2026013011,7.55
2026013011,8.64
2026013011,8.72
2026013012,8.37
2026013012,6.84
2026013012,6.27
2026013012,9.84
2026013013,7.66
2026013013,6.24
2026013013,4.64
2026013013,3.47
2026013014,3.29
2026013014,2.58
2026013014,2.12
2026013014,2.21
2026013015,1.71
2026013015,0.09
2026013015,0.0
2026013100,0.0
2026013107,0.03
2026013107,1.85
2026013108,2.96
2026013108,3.73
2026013108,5.6
2026013108,9.38
2026013109,11.34
2026013109,9.78
2026013109,13.49
2026013109,22.51
2026013110,30.35
2026013110,25.61
2026013110,21.34
2026013110,17.98
2026013111,15.26
2026013111,16.25
2026013111,21.52
2026013111,17.19
2026013112,11.31
2026013112,14.43
2026013112,17.87
2026013112,17.19
2026013113,16.14
2026013113,11.65
2026013113,9.62
2026013113,11.07
2026013114,10.04
2026013114,5.68
2026013114,4.04
2026013114,3.26
2026013115,2.1
2026013115,1.11
2026013115,0.0
2026020100,0.0
2026020107,0.91
2026020107,2.79
2026020107,2.62
2026020108,0.62
2026020108,4.46
2026020108,5.54
2026020108,6.38
2026020109,7.23
2026020109,9.09
2026020109,7.03
2026020109,6.3
2026020110,8.93
2026020110,11.86
2026020110,16.34
2026020110,22.69
2026020111,22.31
2026020111,23.63
2026020111,28.27
2026020111,24.77
2026020112,22.19
2026020112,18.0
2026020112,22.44
2026020112,26.07
2026020113,23.42
2026020113,22.47
2026020113,22.84
2026020113,25.24
2026020114,20.4
2026020114,14.46
2026020114,11.08
2026020114,6.0
2026020115,0.74
2026020115,0.0
2026020200,0.0
2026020207,0.33
2026020207,1.93
2026020207,3.52
2026020207,6.44
2026020208,8.53
2026020208,13.49
2026020208,19.72
2026020208,22.9
2026020209,28.71
2026020209,34.13
2026020209,37.59
2026020209,46.34
2026020210,50.27
2026020210,58.31
2026020210,59.2
2026020210,51.78
2026020211,38.89
2026020211,26.48
2026020211,29.54
2026020211,36.12
2026020212,48.53
2026020212,51.22
2026020212,60.59
2026020212,49.27
2026020213,33.73
2026020213,28.08
2026020213,30.08
2026020213,30.18
2026020214,36.09
2026020214,27.52
2026020214,22.15
2026020214,16.56
2026020215,12.52
2026020215,8.58
2026020215,5.35
2026020215,1.93
2026020216,0.01
2026020216,0.0
2026020300,0.0
2026020307,1.09
2026020307,2.81
2026020307,6.49
2026020308,11.23
2026020308,22.15
2026020308,27.45
2026020308,32.11
2026020309,37.14
2026020309,46.2
2026020309,52.4
2026020309,56.77
2026020310,60.93
2026020310,64.86
2026020310,68.66
2026020310,72.21
2026020311,75.15
2026020311,77.16
2026020311,78.15
2026020311,78.06
2026020312,76.61
2026020312,74.18
2026020312,66.47
2026020312,67.02
2026020313,63.08
2026020313,58.88
2026020313,54.44
2026020313,49.78
2026020314,43.64
2026020314,38.95
2026020314,22.29
2026020314,7.93
2026020315,6.33
2026020315,3.73
2026020315,2.07
2026020315,0.04
2026020316,0.0
2026020400,0.0
2026020407,1.17
2026020407,2.38
2026020408,2.88
2026020408,3.07
2026020408,3.55
2026020408,3.71
2026020409,4.47
2026020409,4.62
2026020409,6.52
2026020409,6.95
2026020410,6.87
2026020410,6.1
2026020410,5.95
2026020410,3.94
2026020411,3.8
2026020411,4.69
2026020411,5.66
2026020411,7.13
2026020412,5.2
2026020412,4.68
2026020412,5.36
2026020413,6.97
2026020413,6.73
2026020413,5.7
2026020413,5.15
2026020414,4.13
2026020414,2.9
2026020414,2.46
2026020414,2.28
2026020415,1.76
2026020415,0.54
2026020415,0.0
2026020500,0.0
2026020508,0.14
2026020508,0.93
2026020508,1.37
2026020508,2.14
2026020509,2.64
2026020509,3.57
2026020509,3.3
2026020509,2.25
2026020510,3.18
2026020510,5.29
2026020510,5.24
2026020510,5.53
2026020511,6.01
2026020511,6.11
2026020511,8.88
2026020511,13.16
2026020512,12.56
2026020512,8.41
2026020512,7.18
2026020512,7.01
2026020513,7.59
2026020513,9.14
2026020513,8.58
2026020513,8.32
2026020514,7.41
2026020514,7.18
2026020514,6.98
2026020514,6.53
2026020515,6.34
2026020515,4.21
2026020515,2.41
2026020515,1.01
2026020516,0.0
2026020600,0.0
2026020607,1.2
2026020607,2.02
2026020607,2.93
2026020608,3.44
2026020608,4.68
2026020608,6.91
2026020608,7.59
2026020609,7.4
2026020609,7.95
2026020609,11.42
2026020609,13.03
2026020610,14.31
2026020610,12.16
2026020610,12.59
2026020610,13.33
2026020611,12.51
2026020611,12.21
2026020611,12.01
2026020611,12.11
2026020612,11.26
2026020612,9.37
2026020612,8.08
2026020612,9.06
2026020613,9.03
2026020613,9.42
2026020613,9.19
2026020613,6.97
2026020614,5.5
2026020614,4.58
2026020614,3.1
2026020614,1.59
2026020615,0.36
2026020615,0.78
2026020615,0.24
2026020615,0.0
2026020700,0.0
2026020707,0.36
2026020707,1.72
2026020708,2.3
2026020708,3.13
2026020708,3.36
2026020708,4.24
2026020709,5.3
2026020709,5.82
2026020709,5.46
2026020709,5.29
2026020710,5.94
2026020710,5.56
2026020710,6.5
2026020710,6.96
2026020711,8.26
2026020711,9.14
2026020711,9.06
2026020711,6.55
2026020712,4.78
2026020712,4.86
2026020712,5.19
2026020712,5.59
2026020713,4.8
2026020713,3.68
2026020713,3.02
2026020713,2.5
2026020714,2.47
2026020714,2.42
2026020714,2.15
2026020715,0.42
2026020715,0.0
2026020800,0.0
2026020807,0.72
2026020808,1.75
2026020808,1.9
2026020808,3.11
2026020808,4.7
2026020809,6.09
2026020809,6.55
2026020809,8.89
2026020809,10.41
2026020810,12.16
2026020810,15.21
2026020810,17.95
2026020810,20.63
2026020811,25.87
2026020811,31.58
2026020811,31.94
2026020811,33.46
2026020812,38.05
2026020812,29.69
2026020812,23.49
2026020812,26.05
2026020813,27.48
2026020813,25.68
2026020813,25.86
2026020813,21.29
2026020814,15.9
2026020814,17.7
2026020814,15.01
2026020814,12.84
2026020815,8.28
2026020815,5.29
2026020815,4.18
2026020815,2.43
2026020816,0.4
2026020816,0.0
2026020900,0.0
2026020907,0.54
2026020907,1.79
2026020908,2.57
2026020908,3.51
2026020908,4.89
2026020908,5.47
2026020909,5.79
2026020909,6.06
2026020909,6.84
2026020909,9.2
2026020910,11.8
2026020910,11.82
2026020910,11.91
2026020910,11.77
2026020911,11.17
2026020911,10.8
2026020911,10.84
2026020911,10.44
2026020912,10.93
2026020912,12.15
2026020912,11.14
2026020912,9.39
2026020913,8.98
2026020913,7.62
2026020913,6.26
2026020913,6.09
2026020914,5.64
2026020914,4.83
2026020914,4.61
2026020914,4.2
2026020915,3.18
2026020915,1.89
2026020915,0.64
2026020915,0.0
2026021000,0.0
2026021007,1.44
2026021008,4.03
2026021008,5.24
2026021008,5.11
2026021008,5.8
2026021009,9.15
2026021009,12.81
2026021009,13.92
2026021009,11.64
2026021010,12.79
2026021010,13.94
2026021010,15.09
2026021010,17.28
2026021011,15.96
2026021011,18.56
2026021011,16.14
2026021011,14.69
2026021012,13.97
2026021012,13.53
2026021012,12.22
2026021012,14.79
2026021013,17.78
2026021013,18.76
2026021013,17.02
2026021013,13.01
2026021014,8.95
2026021014,7.02
2026021014,7.56
2026021014,5.09
2026021015,4.63
2026021015,3.32
2026021015,1.33
2026021015,0.0
2026021100,0.0
2026021107,0.54
2026021107,2.98
2026021107,5.85
2026021107,7.83
2026021108,10.87
2026021108,11.53
2026021108,11.57
2026021108,13.48
2026021109,13.21
2026021109,11.53
2026021109,12.99
2026021109,19.22
2026021110,17.62
2026021110,16.92
2026021110,18.51
2026021110,16.64
2026021111,14.51
2026021111,13.06
2026021111,12.97
2026021111,12.9
2026021112,13.28
2026021112,12.78
2026021112,12.85
2026021112,13.96
2026021113,12.99
2026021113,12.23
2026021113,10.14
2026021113,9.05
2026021114,9.77
2026021114,8.56
2026021114,6.75
2026021114,5.17
2026021115,4.26
2026021115,3.2
2026021115,1.78
2026021115,0.03
2026021116,0.0
2026021200,0.0
2026021207,0.04
2026021207,1.81
2026021207,2.67
2026021207,3.12
2026021208,3.91
2026021208,5.7
2026021208,8.17
2026021208,11.35
2026021209,14.51
2026021209,16.64
2026021209,17.32
2026021209,19.42
2026021210,24.79
2026021210,30.91
2026021210,33.94
2026021210,36.14
2026021211,40.97
2026021211,38.58
2026021211,36.12
2026021211,36.97
2026021212,39.14
2026021212,37.17
2026021212,35.94
2026021212,33.01
2026021213,33.59
2026021213,34.08
2026021213,33.6
2026021213,35.54
2026021214,31.86
2026021214,24.86
2026021214,22.08
2026021214,16.06
2026021215,9.55
2026021215,7.4
2026021215,6.08
2026021215,3.89
2026021216,1.36
2026021216,0.0
2026021300,0.0
2026021307,0.5
2026021307,1.84
2026021307,3.48
2026021307,8.72
2026021308,9.92
2026021308,9.09
2026021308,13.48
2026021308,12.92
2026021309,14.42
2026021309,17.09
2026021309,19.06
2026021309,3.78
2026021310,23.1
2026021310,30.52
2026021310,37.68
2026021310,46.88
2026021311,127.42
2026021311,147.91
2026021311,120.92
2026021311,122.93
2026021312,115.4
2026021312,121.06
2026021312,120.62
2026021312,113.38
2026021313,100.37
2026021313,104.06
2026021313,89.15
2026021313,77.24
2026021314,64.13
2026021314,53.36
2026021314,39.4
2026021314,34.29
2026021315,32.43
2026021315,27.33
2026021315,19.68
2026021315,9.04
2026021316,3.92
2026021316,1.65
2026021316,0.0
2026021400,0.0
2026021406,0.44
2026021407,2.02
2026021407,3.75
2026021407,14.72
2026021407,25.63
2026021408,34.04
2026021408,41.83
2026021408,49.4
2026021408,58.05
2026021409,70.25
2026021409,84.75
2026021409,97.47
2026021409,106.43
2026021410,113.02
2026021410,118.26
2026021410,119.92
2026021410,126.06
2026021411,128.18
2026021411,129.64
2026021411,126.36
2026021411,129.87
2026021412,128.5
2026021412,126.26
2026021412,122.99
2026021412,118.73
2026021413,113.38
2026021413,107.02
2026021413,99.22
2026021413,89.24
2026021414,76.78
2026021414,63.23
2026021414,55.9
2026021414,45.93
2026021415,49.4
2026021415,24.78
2026021415,15.36
2026021415,12.36
2026021416,4.52
2026021416,1.21
2026021416,0.0
2026021500,0.0
2026021506,0.47
2026021507,2.94
2026021507,5.43
2026021507,6.71
2026021507,10.43
2026021508,15.35
2026021508,15.53
2026021508,22.09
2026021508,30.89
2026021509,45.1
2026021509,71.88
2026021509,95.47
2026021509,77.87
2026021510,69.14
2026021510,67.15
2026021510,70.49
2026021510,69.8
2026021511,69.64
2026021511,74.34
2026021511,74.92
2026021511,74.63
2026021512,80.88
2026021512,72.64
2026021512,70.95
2026021512,69.11
2026021513,72.77
2026021513,65.8
2026021513,51.34
2026021513,2.36
2026021514,0.0
2026021514,1.32
2026021514,25.28
2026021514,26.39
2026021515,18.25
2026021515,15.55
2026021515,12.1
2026021515,8.19
2026021516,5.02
2026021516,2.08
2026021516,0.0
2026021600,0.0
2026021606,0.01
2026021607,1.92
2026021607,3.61
2026021607,6.81
2026021607,11.91
2026021608,15.58
2026021608,17.94
2026021608,18.39
2026021608,20.62
2026021609,22.4
2026021609,23.01
2026021609,24.83
2026021609,30.31
2026021610,38.3
2026021610,42.55
2026021610,52.27
2026021610,38.98
2026021611,30.38
2026021611,33.2
2026021611,33.69
2026021611,31.74
2026021612,26.32
2026021612,23.12
2026021612,24.27
2026021612,25.63
2026021613,27.56
2026021613,22.11
2026021613,18.48
2026021613,14.24
2026021614,11.62
2026021614,12.17
2026021614,12.66
2026021614,10.05
2026021615,7.28
2026021615,4.52
2026021615,3.01
2026021615,1.63
2026021616,0.0
2026021700,0.0
2026021706,0.07
2026021707,1.7
2026021707,3.24
2026021707,6.15
2026021707,8.2
2026021708,8.74
2026021708,11.81
2026021708,10.61
2026021708,9.89
2026021709,11.11
2026021709,14.06
2026021709,21.45
2026021709,28.62
2026021710,34.28
2026021710,30.4
2026021710,26.26
2026021710,28.54
2026021711,30.87
2026021711,33.39
2026021711,35.76
2026021711,35.36
2026021712,30.35
2026021712,24.83
2026021712,27.27
2026021712,28.58
2026021713,28.74
2026021713,23.8
2026021713,19.24
2026021713,15.66
2026021714,14.03
2026021714,12.29
2026021714,10.49
2026021714,8.12
2026021715,5.71
2026021715,3.54
2026021715,2.65
2026021715,3.01
2026021716,2.09
2026021716,0.58
2026021716,0.0
2026021800,0.0
2026021807,1.17
2026021807,2.13
2026021807,3.7
2026021807,7.28
2026021808,6.13
2026021808,10.13
2026021808,12.9
2026021808,16.16
2026021809,18.93
2026021809,21.28
2026021809,23.24
2026021809,25.69
2026021810,28.92
2026021810,34.03
2026021810,47.03
2026021810,64.75
2026021811,81.49
2026021811,94.12
2026021811,103.04
2026021811,108.02
2026021812,111.34
2026021812,112.83
2026021812,112.17
2026021812,110.26
2026021813,108.27
2026021813,105.13
2026021813,99.36
2026021813,92.86
2026021814,85.22
2026021814,75.58
2026021814,62.44
2026021814,48.6
2026021815,38.37
2026021815,29.63
2026021815,21.25
2026021815,13.57
2026021816,5.51
2026021816,2.56
2026021816,0.17
2026021816,0.0
2026021900,0.0
2026021906,0.26
2026021906,2.03
2026021907,4.19
2026021907,6.42
2026021907,9.21
2026021907,9.61
2026021908,11.57
2026021908,13.92
2026021908,16.42
2026021908,15.65
2026021909,16.41
2026021909,20.66
2026021909,24.78
2026021909,30.11
2026021910,36.6
2026021910,47.5
2026021910,53.11
2026021910,70.34
2026021911,89.94
2026021911,115.29
2026021911,124.97
2026021911,130.67
2026021912,127.74
2026021912,125.19
2026021912,123.75
2026021912,114.21
2026021913,109.41
2026021913,102.78
2026021913,101.53
2026021913,97.27
2026021914,86.11
2026021914,75.21
2026021914,60.79
2026021914,49.3
2026021915,37.57
2026021915,19.86
2026021915,14.63
2026021915,10.37
2026021916,6.06
2026021916,2.76
2026021916,0.17
2026021916,0.0
2026022000,0.0
2026022006,0.23
2026022006,2.44
2026022007,7.16
2026022007,11.67
2026022007,16.58
2026022007,25.4
2026022008,24.14
2026022008,0.95
2026022008,1.19
2026022008,28.61
2026022009,44.51
2026022009,45.47
2026022009,49.21
2026022009,55.73
2026022010,65.53
2026022010,74.21
2026022010,61.0
2026022010,59.63
2026022011,72.59
2026022011,57.86
2026022011,40.92
2026022011,42.78
2026022012,45.53
2026022012,40.37
2026022012,30.36
2026022012,25.74
2026022013,22.61
2026022013,18.98
2026022013,17.9
2026022013,12.35
2026022014,7.4
2026022014,4.1
2026022014,2.86
2026022014,2.43
2026022015,2.57
2026022015,2.76
2026022015,2.03
2026022015,0.84
2026022016,0.0
2026022100,0.0
2026022106,0.07
2026022107,4.93
2026022107,11.4
2026022107,9.26
2026022107,19.01
2026022108,16.05
2026022108,25.72
2026022108,27.41
2026022108,42.98
2026022109,30.66
2026022109,28.44
2026022109,19.85
2026022109,23.67
2026022110,26.41
2026022110,25.08
2026022110,25.23
2026022110,37.17
2026022111,39.48
2026022111,40.4
2026022111,34.37
2026022111,35.07
2026022112,36.92
2026022112,32.95
2026022112,28.33
2026022112,38.47
2026022113,30.33
2026022113,28.64
2026022113,22.12
2026022113,30.45
2026022114,41.77
2026022114,31.59
2026022114,25.37
2026022114,23.55
2026022115,31.38
2026022115,35.61
2026022115,23.42
2026022115,11.92
2026022116,7.39
2026022116,4.0
2026022116,0.98
2026022116,0.0
2026022200,0.0
2026022206,0.01
2026022207,1.33
2026022207,2.28
2026022207,3.41
2026022207,0.0
2026022208,0.59
2026022208,7.24
2026022208,13.01
2026022208,15.5
2026022209,12.22
2026022209,12.38
2026022209,19.12
2026022209,20.06
2026022210,17.36
2026022210,20.03
2026022210,21.66
2026022210,17.33
2026022211,13.77
2026022211,13.92
2026022211,13.84
2026022211,12.19
2026022212,8.95
2026022212,14.56
2026022212,15.81
2026022212,11.84
2026022213,18.19
2026022213,14.56
2026022213,9.6
2026022213,8.11
2026022214,8.22
2026022214,22.29
2026022214,11.87
2026022214,8.59
2026022215,11.35
2026022215,5.29
2026022215,2.42
2026022215,2.88
2026022216,3.06
2026022216,3.59
2026022216,1.94
2026022216,0.13
2026022217,0.0
2026022300,0.0
2026022306,1.53
2026022307,4.53
2026022307,4.02
2026022307,5.09
2026022307,10.25
2026022308,10.76
2026022308,9.59
2026022308,12.02
2026022308,9.2
2026022309,7.12
2026022309,10.59
2026022309,12.25
2026022309,12.9
2026022310,12.85
2026022310,13.48
2026022310,11.25
2026022310,9.32
2026022311,11.65
2026022311,9.75
2026022311,13.42
2026022311,17.69
2026022312,24.9
2026022312,25.17
2026022312,24.9
2026022312,20.67
2026022313,13.31
2026022313,16.3
2026022313,14.95
2026022313,15.88
2026022314,23.3
2026022314,16.22
2026022314,9.73
2026022314,8.05
2026022315,9.69
2026022315,8.27
2026022315,3.69
2026022315,2.33
2026022316,2.72
2026022316,2.37
2026022316,0.34
2026022316,0.0
2026022400,0.0
2026022406,1.58
2026022406,2.5
2026022407,3.08
2026022407,3.16
2026022407,5.33
2026022407,8.12
2026022408,10.66
2026022408,11.33
2026022408,13.27
2026022408,15.31
2026022409,16.65
2026022409,19.46
2026022409,21.88
2026022409,23.82
2026022410,26.58
2026022410,28.74
2026022410,32.31
2026022410,33.61
2026022411,30.61
2026022411,28.24
2026022411,30.07
2026022411,26.54
2026022412,27.26
2026022412,21.51
2026022412,22.27
2026022412,14.06
2026022413,13.82
2026022413,12.97
2026022413,11.75
2026022413,19.0
2026022414,18.52
2026022414,14.3
2026022414,8.35
2026022414,10.89
2026022415,12.94
2026022415,5.74
2026022415,4.06
2026022415,3.34
2026022416,2.9
2026022416,1.45
2026022416,0.0
2026022500,0.0
2026022507,0.73
2026022507,1.84
2026022507,2.7
2026022507,4.38
2026022508,3.81
2026022508,4.49
2026022508,7.21
2026022508,9.21
2026022509,10.3
2026022509,11.62
2026022509,10.98
2026022509,11.23
2026022510,13.3
2026022510,16.78
2026022510,18.01
2026022510,18.86
2026022511,20.36
2026022511,18.28
2026022511,16.55
2026022511,15.02
2026022512,14.15
2026022512,15.17
2026022512,14.98
2026022512,18.54
2026022513,17.53
2026022513,20.84
2026022513,26.6
2026022513,38.17
2026022514,52.48
2026022514,48.57
2026022514,43.54
2026022514,38.87
2026022515,24.52
2026022515,14.41
2026022515,11.2
2026022515,6.32
2026022516,2.75
2026022516,1.83
2026022516,0.15
2026022516,0.0
2026022600,0.0
2026022606,0.38
2026022606,1.43
2026022607,2.33
2026022607,2.35
2026022607,2.5
2026022607,3.48
2026022608,7.6
2026022608,2.8
2026022608,6.63
2026022608,7.69
2026022609,12.88
2026022609,11.5
2026022609,11.62
2026022609,2.34
2026022610,16.5
2026022610,22.09
2026022610,23.6
2026022610,27.3
2026022611,31.38
2026022611,30.73
2026022611,30.26
2026022611,37.59
2026022612,45.66
2026022612,46.8
2026022612,49.47
2026022612,45.87
2026022613,34.32
2026022613,31.81
2026022613,27.42
2026022613,25.64
2026022614,21.64
2026022614,18.81
2026022614,15.36
2026022614,13.35
2026022615,8.73
2026022615,7.95
2026022615,5.18
2026022615,3.07
2026022616,2.21
2026022616,1.8
2026022616,0.01
2026022616,0.0
2026022700,0.0
2026022706,0.53
2026022707,1.86
2026022707,2.0
2026022707,3.13
2026022707,3.32
2026022708,3.76
2026022708,5.1
2026022708,5.34
2026022708,7.27
2026022709,8.96
2026022709,8.16
2026022709,0.4
2026022709,7.86
2026022710,12.44
2026022710,16.59
2026022710,10.24
2026022710,8.46
2026022711,8.34
2026022711,9.12
2026022711,9.25
2026022711,9.37
2026022712,11.67
2026022712,8.63
2026022712,6.9
2026022712,6.06
2026022713,7.27
2026022713,8.73
2026022713,6.93
2026022713,6.88
2026022714,5.94
2026022714,5.48
2026022714,5.16
2026022714,4.49
2026022715,3.69
2026022715,2.8
2026022715,2.18
2026022715,2.02
2026022716,0.37
2026022716,0.0
2026022800,0.0
2026022807,0.87
2026022807,1.9
2026022807,2.67
2026022807,3.48
2026022808,4.45
2026022808,5.91
2026022808,7.02
2026022808,4.54
2026022809,4.21
2026022809,6.58
2026022809,5.0
2026022809,6.08
2026022810,8.31
2026022810,8.62
2026022810,12.25
2026022810,11.13
2026022811,12.98
2026022811,10.4
2026022811,9.94
2026022811,8.14
2026022812,10.38
2026022812,10.23
2026022812,13.27
2026022812,14.37
2026022813,19.28
2026022813,8.79
2026022813,15.74
2026022813,22.06
2026022814,12.33
2026022814,12.29
2026022814,10.2
2026022814,4.77
2026022815,5.54
2026022815,5.25
2026022815,6.72
2026022815,1.87
2026022816,0.76
2026022816,0.21
2026022816,0.0
2026030100,0.0
2026030106,1.21
2026030106,3.16
2026030106,8.17
2026030107,9.22
2026030107,12.53
2026030107,0.65
2026030107,0.0
2026030109,21.42
2026030109,1.44
2026030109,0.0
2026030110,1.79
2026030110,24.16
2026030110,36.94
2026030111,0.92
2026030111,1.85
2026030111,3.13
2026030111,4.12
2026030112,1.69
2026030112,1.62
2026030112,0.77
2026030112,0.36
2026030113,4.49
2026030113,3.79
2026030113,2.21
2026030113,0.07
2026030114,0.0
2026030114,1.18
2026030114,11.79
2026030114,14.21
2026030115,8.84
2026030115,7.28
2026030115,4.84
2026030115,3.66
2026030116,1.36
2026030116,1.31
2026030116,0.32
2026030116,0.0
2026030200,0.0
2026030206,0.9
2026030206,2.1
2026030207,3.98
2026030207,9.0
2026030207,15.48
2026030207,24.98
2026030208,41.8
2026030208,38.96
2026030208,47.44
2026030208,39.67
2026030209,39.65
2026030209,44.19
2026030209,60.66
2026030209,52.86
2026030210,48.16
2026030210,45.97
2026030210,2.18
2026030210,0.0
2026030211,2.26
2026030211,58.48
2026030211,62.03
2026030211,4.88
2026030212,58.81
2026030212,83.28
2026030212,80.52
2026030212,56.46
2026030213,2.52
2026030213,0.0
2026030213,1.77
2026030213,47.34
2026030214,65.68
2026030214,46.12
2026030214,54.2
2026030214,46.61
2026030215,33.32
2026030215,14.83
2026030215,9.13
2026030215,9.87
2026030216,6.63
2026030216,4.23
2026030216,2.69
2026030216,0.95
2026030217,0.0
2026030222,0.93
2026030222,0.0
2026030300,0.0
2026030306,1.3
2026030306,3.2
2026030306,6.12
2026030307,10.55
2026030307,16.89
2026030307,23.26
2026030307,29.97
2026030308,35.9
2026030308,42.22
2026030308,47.79
2026030308,52.99
2026030309,58.0
2026030309,62.39
2026030309,66.54
2026030309,70.54
2026030310,74.02
2026030310,58.65
2026030310,2.91
2026030310,0.0
2026030311,3.01
2026030311,61.96
2026030312,64.85
2026030312,3.37
2026030312,0.0
2026030313,2.32
2026030313,76.82
2026030314,81.68
2026030314,4.98
2026030314,53.8
2026030314,57.34
2026030315,2.35
2026030315,1.42
2026030315,0.0
2026030315,1.0
2026030316,11.91
2026030316,13.71
2026030316,6.57
2026030316,2.82
2026030317,0.21
2026030317,0.0
2026030400,0.0
2026030406,0.4
2026030406,2.38
2026030406,5.09
2026030406,9.4
2026030407,14.55
2026030407,20.58
2026030407,26.68
2026030407,31.6
2026030408,37.72
2026030408,47.1
2026030408,51.94
2026030408,56.71
2026030409,65.12
2026030409,74.38
2026030409,75.75
2026030409,85.4
2026030410,109.91
2026030410,131.21
2026030410,110.45
2026030410,11.6
2026030411,76.26
2026030411,8.06
2026030411,7.01
2026030411,99.15
2026030412,137.55
2026030412,138.35
2026030412,135.58
2026030412,106.99
2026030413,83.07
2026030413,79.31
2026030413,76.38
2026030413,72.15
2026030414,65.38
2026030414,59.9
2026030414,54.41
2026030414,48.74
2026030415,41.56
2026030415,35.8
2026030415,29.36
2026030415,21.65
2026030416,14.41
2026030416,8.37
2026030416,4.67
2026030416,2.51
2026030417,0.29
2026030417,0.0
2026030500,0.0
2026030506,0.45
2026030506,2.17
2026030506,4.69
2026030506,7.82
2026030507,12.36
2026030507,19.84
2026030507,27.21
2026030507,34.14
2026030508,39.93
2026030508,46.85
2026030508,51.76
2026030508,60.17
2026030509,66.1
2026030509,70.5
2026030509,74.27
2026030509,77.54
2026030510,80.33
2026030510,82.71
2026030510,84.5
2026030510,85.68
2026030511,86.52
2026030511,82.1
2026030511,87.68
2026030511,87.0
2026030512,86.06
2026030512,80.1
2026030512,83.38
2026030512,80.5
2026030513,77.91
2026030513,74.44
2026030513,70.58
2026030513,66.3
2026030514,61.5
2026030514,53.01
2026030514,51.09
2026030514,45.66
2026030515,40.14
2026030515,33.43
2026030515,26.79
2026030515,20.2
2026030516,13.83
2026030516,7.96
2026030516,4.41
2026030516,2.34
2026030517,0.05
2026030517,0.0
2026030600,0.0
2026030606,0.97
2026030606,2.59
2026030606,5.24
2026030606,10.03
2026030607,15.73
2026030607,22.09
2026030607,29.44
2026030607,33.66
2026030608,43.19
2026030608,48.35
2026030608,53.93
2026030608,59.43
2026030609,64.12
2026030609,68.61
2026030609,72.56
2026030609,69.8
2026030610,79.61
2026030610,75.15
2026030610,76.38
2026030610,78.9
2026030611,83.85
2026030611,83.94
2026030611,85.6
2026030611,87.28
2026030612,85.28
2026030612,82.52
2026030612,81.64
2026030612,61.38
2026030613,77.62
2026030613,69.98
2026030613,65.91
2026030613,54.81
2026030614,45.29
2026030614,47.45
2026030614,52.47
2026030614,41.24
2026030615,39.49
2026030615,31.43
2026030615,23.4
2026030615,17.94
2026030616,11.23
2026030616,7.71
2026030616,4.52
2026030616,2.61
2026030617,0.35
2026030617,0.0
2026030700,0.0
2026030706,0.98
2026030706,1.33
2026030706,3.11
2026030707,4.78
2026030707,8.02
2026030707,7.87
2026030707,8.61
2026030708,8.79
2026030708,6.03
2026030708,5.1
2026030708,6.2
2026030709,7.43
2026030709,11.85
2026030709,17.51
2026030709,18.16
2026030710,26.86
2026030710,30.19
2026030710,32.4
2026030710,28.87
2026030711,32.01
2026030711,26.27
2026030711,42.45
2026030711,31.7
2026030712,35.53
2026030712,35.89
2026030712,28.61
2026030712,34.71
2026030713,26.21
2026030713,17.15
2026030713,27.24
2026030713,39.66
2026030714,27.37
2026030714,26.51
2026030714,24.17
2026030714,26.58
2026030715,16.48
2026030715,11.94
2026030715,11.46
2026030715,11.01
2026030716,7.5
2026030716,4.35
2026030716,2.72
2026030716,1.48
2026030717,0.01
2026030717,0.0
2026030800,0.0
2026030806,1.61
2026030806,3.13
2026030807,3.99
2026030807,5.58
2026030807,4.74
2026030807,6.21
2026030808,6.51
2026030808,10.91
2026030808,13.52
2026030808,12.72
2026030809,14.02
2026030809,20.49
2026030809,24.21
2026030809,28.06
2026030810,14.45
2026030810,10.43
2026030810,14.34
2026030810,17.37
2026030811,16.39
2026030811,20.65
2026030811,26.05
2026030811,25.04
2026030812,38.77
2026030812,32.08
2026030812,31.22
2026030812,35.42
2026030813,71.71
2026030813,70.75
2026030813,64.78
2026030813,57.55
2026030814,53.29
2026030814,48.88
2026030814,43.95
2026030814,36.06
2026030815,22.98
2026030815,19.66
2026030815,15.81
2026030815,11.47
2026030816,11.48
2026030816,11.07
2026030816,7.16
2026030816,3.26
2026030817,0.91
2026030817,0.0
2026030900,0.0
2026030907,13.46
2026030907,31.68
2026030908,37.6
2026030908,43.76
2026030908,49.96
2026030908,55.7
2026030909,60.73
2026030909,65.02
2026030909,68.99
2026030909,72.54
2026030910,75.66
2026030910,78.12
2026030910,80.84
2026030910,83.01
2026030911,83.95
2026030911,84.82
2026030911,85.53
2026030911,85.3
2026030912,84.73
2026030912,83.22
2026030912,81.12
2026030912,78.3
2026030913,75.31
2026030913,71.99
2026030913,68.11
2026030913,63.9
2026030914,59.61
2026030914,54.48
2026030914,48.68
2026030914,43.26
2026030915,37.55
2026030915,29.66
2026030915,25.52
2026030915,20.21
2026030916,15.18
2026030916,9.53
2026030916,6.21
2026030916,3.64
2026030917,1.69
2026030917,0.0
2026031000,0.0
2026031006,0.56
2026031006,1.93
2026031006,2.61
2026031007,3.59
2026031007,0.24
2026031007,6.27
2026031007,7.25
2026031008,8.09
2026031008,8.57
2026031008,9.74
2026031008,11.11
2026031009,13.14
2026031009,14.82
2026031009,15.02
2026031009,16.05
2026031010,18.14
2026031010,19.05
2026031010,21.01
2026031010,25.33
2026031011,22.79
2026031011,24.37
2026031011,26.39
2026031011,23.18
2026031012,23.83
2026031012,27.16
2026031012,26.12
2026031012,24.47
2026031013,18.21
2026031013,24.5
2026031013,16.39
2026031013,21.84
2026031014,12.32
2026031014,17.73
2026031014,10.63
2026031014,11.89
2026031015,9.02
2026031015,6.49
2026031015,4.82
2026031015,6.61
2026031016,4.33
2026031016,2.52
2026031016,0.06
2026031016,0.0
2026031100,0.0
2026031106,0.28
2026031106,2.0
2026031106,3.63
2026031106,4.97
2026031107,9.8
2026031107,9.49
2026031107,18.06
2026031107,32.55
2026031108,38.28
2026031108,12.06
2026031108,17.14
2026031108,11.43
2026031109,6.15
2026031109,9.29
2026031109,15.22
2026031109,11.34
2026031110,14.12
2026031110,9.65
2026031110,22.64
2026031110,35.43
2026031111,31.58
2026031111,23.43
2026031111,17.73
2026031111,18.48
2026031112,0.65
2026031112,0.31
2026031112,17.95
2026031112,11.47
2026031113,0.42
2026031113,0.19
2026031113,5.77
2026031113,7.93
2026031114,5.96
2026031114,6.32
2026031114,4.55
2026031114,4.57
2026031115,2.88
2026031115,3.54
2026031115,2.52
2026031115,1.87
2026031116,2.01
2026031116,1.42
2026031116,1.76
2026031116,1.41
2026031117,1.79
2026031117,0.0
2026031200,0.0
2026031205,0.99
2026031206,2.88
2026031206,3.62
2026031206,4.41
2026031206,7.04
2026031207,8.39
2026031207,8.58
2026031207,12.48
2026031207,14.1
2026031208,25.7
2026031208,36.15
2026031208,61.51
2026031208,68.54
2026031209,74.43
2026031209,79.64
2026031209,4.14
2026031209,0.0
2026031212,3.68
2026031212,0.0
2026031214,23.7
2026031215,22.14
2026031215,16.45
2026031215,13.2
2026031215,11.84
2026031216,8.42
2026031216,6.32
2026031216,3.7
2026031216,2.22
2026031217,0.37
2026031217,0.0
2026031300,0.0
2026031306,0.82
2026031306,1.21
2026031307,0.0
2026031308,0.33
2026031308,0.0
2026031314,29.73
2026031314,27.83
2026031314,26.94
2026031315,20.87
2026031315,18.07
2026031315,10.32
2026031315,9.93
2026031316,7.03
2026031316,6.59
2026031316,3.73
2026031316,2.08
2026031317,0.52
2026031317,0.0
2026031400,0.0
2026031406,0.43
2026031406,2.52
2026031406,4.39
2026031406,8.01
2026031407,12.45
2026031407,19.02
2026031407,25.79
2026031407,30.08
2026031408,26.72
2026031408,26.68
2026031408,27.11
2026031408,24.01
2026031409,29.99
2026031409,36.37
2026031409,39.49
2026031409,33.52
2026031410,30.35
2026031410,36.24
2026031410,36.45
2026031410,41.42
2026031411,34.69
2026031411,37.08
2026031411,33.05
2026031411,38.36
2026031412,21.97
2026031412,36.88
2026031412,40.24
2026031412,33.4
2026031413,30.71
2026031413,28.18
2026031413,22.13
2026031413,20.06
2026031414,18.01
2026031414,20.42
2026031414,14.74
2026031414,11.1
2026031415,8.1
2026031415,6.47
2026031415,6.85
2026031415,5.0
2026031416,5.2
2026031416,5.0
2026031416,4.91
2026031416,3.1
2026031417,1.94
2026031417,0.44
2026031417,0.0
2026031500,0.0
2026031505,0.68
2026031506,2.41
2026031506,5.05
2026031506,12.28
2026031506,18.45
2026031507,23.42
2026031507,24.25
2026031507,27.01
2026031507,22.98
2026031508,22.92
2026031508,21.12
2026031508,27.9
2026031508,23.18
2026031509,30.86
2026031509,42.27
2026031509,51.53
2026031509,57.9
2026031510,39.23
2026031510,36.65
2026031510,46.14
2026031510,38.35
2026031511,38.72
2026031511,66.48
2026031511,64.57
2026031511,78.52
2026031512,68.69
2026031512,74.89
2026031512,100.68
2026031512,73.05
2026031513,7.89
2026031513,2.08
2026031513,36.38
2026031513,2.39
2026031514,8.51
2026031514,0.0
2026031514,1.22
2026031515,30.44
2026031515,41.32
2026031515,33.0
2026031515,26.14
2026031516,19.08
2026031516,11.85
2026031516,8.83
2026031516,4.8
2026031517,2.62
2026031517,0.17
2026031517,0.0
2026031600,0.0
2026031606,0.95
2026031606,2.45
2026031606,3.4
2026031607,6.37
2026031607,7.55
2026031607,7.71
2026031607,7.63
2026031608,14.74
2026031608,19.77
2026031608,24.52
2026031608,38.76
2026031609,45.11
2026031609,33.26
2026031609,41.65
2026031609,46.73
2026031610,65.55
2026031610,30.09
2026031610,51.61
2026031610,40.41
2026031611,68.23
2026031611,41.46
2026031611,75.29
2026031611,63.62
2026031612,47.5
2026031612,60.42
2026031612,45.34
2026031612,91.01
2026031613,52.78
2026031613,96.4
2026031613,95.61
2026031613,63.64
2026031614,90.33
2026031614,65.17
2026031614,52.41
2026031614,20.91
2026031615,32.76
2026031615,52.1
2026031615,16.4
2026031615,25.94
2026031616,22.99
2026031616,11.4
2026031616,7.43
2026031616,6.07
2026031617,3.27
2026031617,1.3
2026031617,0.0
2026031700,0.0
2026031705,1.45
2026031706,3.46
2026031706,4.44
2026031706,5.82
2026031706,8.25
2026031707,11.87
2026031707,13.05
2026031707,11.82
2026031707,16.89
2026031708,20.92
2026031708,28.57
2026031708,31.45
2026031708,27.8
2026031709,32.49
2026031709,28.16
2026031709,32.58
2026031709,31.78
2026031710,28.63
2026031710,31.54
2026031710,31.85
2026031710,24.69
2026031711,30.89
2026031711,35.93
2026031711,34.82
2026031712,2.08
2026031712,0.0
2026031712,1.44
2026031712,20.84
2026031713,19.43
2026031713,31.21
2026031713,21.23
2026031713,19.14
2026031714,17.32
2026031714,13.2
2026031714,14.18
2026031714,9.72
2026031715,10.39
2026031715,8.72
2026031715,6.05
2026031715,4.04
2026031716,3.75
2026031716,3.14
2026031716,2.47
2026031716,2.42
2026031717,1.34
2026031717,0.0
2026031800,0.0
2026031805,0.41
2026031806,1.78
2026031806,2.27
2026031806,3.19
2026031806,4.43
2026031807,5.2
2026031807,6.47
2026031807,8.66
2026031807,13.13
2026031808,19.98
2026031808,25.45
2026031808,3.19
2026031808,0.0
2026031814,1.67
2026031814,5.67
2026031814,103.65
2026031814,127.52
2026031815,107.66
2026031815,103.02
2026031815,86.66
2026031815,70.59
2026031816,54.72
2026031816,39.43
2026031816,25.87
2026031816,14.9
2026031817,7.35
2026031817,3.29
2026031817,0.82
2026031817,0.0
2026031900,0.0
2026031905,0.16
2026031905,2.39
2026031905,6.18
2026031906,13.33
2026031906,22.48
2026031906,29.75
2026031906,45.3
2026031907,64.4
2026031907,80.03
2026031907,90.64
2026031907,99.58
2026031908,115.76
2026031908,128.59
2026031908,140.87
2026031908,140.83
2026031909,136.44
2026031909,137.7
2026031909,161.59
2026031909,221.92
2026031910,118.41
2026031910,149.66
2026031910,190.14
2026031910,202.35
2026031911,155.4
2026031911,89.33
2026031911,36.19
2026031911,57.92
2026031912,27.52
2026031912,34.16
2026031912,28.07
2026031912,25.57
2026031913,22.72
2026031913,30.6
2026031913,43.27
2026031913,66.09
2026031914,40.76
2026031914,48.69
2026031914,31.14
2026031914,17.5
2026031915,74.19
2026031915,106.46
2026031915,85.7
2026031915,71.81
2026031916,54.27
2026031916,39.32
2026031916,26.02
2026031916,15.02
2026031917,6.99
2026031917,2.83
2026031917,0.58
2026031917,0.0
2026032000,0.0
2026032006,9.33
2026032006,22.76
2026032007,25.9
2026032007,27.44
2026032007,29.99
2026032007,40.14
2026032008,42.62
2026032008,62.75
2026032008,87.48
2026032008,78.18
2026032009,111.34
2026032009,149.45
2026032009,200.4
2026032009,217.97
2026032010,225.07
2026032010,164.02
2026032010,201.36
2026032010,231.42
2026032011,220.45
2026032011,218.7
2026032011,233.52
2026032011,228.75
2026032012,192.84
2026032012,225.55
2026032012,217.08
2026032012,152.74
2026032013,156.84
2026032013,143.94
2026032013,113.61
2026032013,105.42
2026032014,124.76
2026032014,104.01
2026032014,110.22
2026032014,137.73
2026032015,121.91
2026032015,107.62
2026032015,91.73
2026032015,73.51
2026032016,56.29
2026032016,42.11
2026032016,27.38
2026032016,15.67
2026032017,7.9
2026032017,3.34
2026032017,0.87
2026032017,0.0
2026032100,0.0
2026032105,0.61
2026032105,2.18
2026032106,3.7
2026032106,5.74
2026032106,8.94
2026032106,13.33
2026032107,17.35
2026032107,18.21
2026032107,22.48
2026032107,27.36
2026032108,27.59
2026032108,28.39
2026032108,33.18
2026032108,33.4
2026032109,33.13
2026032109,34.55
2026032109,38.22
2026032109,38.93
2026032110,40.36
2026032110,42.15
2026032110,41.48
2026032110,40.12
2026032111,39.36
2026032111,44.39
2026032111,53.04
2026032111,59.43
2026032112,67.43
2026032112,64.59
2026032112,60.53
2026032112,61.72
2026032113,66.84
2026032113,55.65
2026032113,50.59
2026032113,43.37
2026032114,42.16
2026032114,42.51
2026032114,40.2
2026032114,32.7
2026032115,37.63
2026032115,40.46
2026032115,50.59
2026032115,39.65
2026032116,45.21
2026032116,43.32
2026032116,19.55
2026032116,13.97
2026032117,6.63
2026032117,3.07
2026032117,0.33
2026032117,0.0
2026032200,0.0
2026032205,1.52
2026032205,3.2
2026032206,5.98
2026032206,9.01
2026032206,12.34
2026032206,15.96
2026032207,21.63
2026032207,26.93
2026032207,30.68
2026032207,40.26
2026032208,56.44
2026032208,22.18
2026032208,20.08
2026032208,20.03
2026032209,18.95
2026032209,2.36
2026032209,0.0
2026032209,1.97
2026032210,17.29
2026032210,4.21
2026032210,18.46
2026032210,18.92
2026032211,4.34
2026032211,18.49
2026032211,20.03
2026032213,0.66
2026032213,8.29
2026032213,0.0
2026032214,124.57
2026032214,130.86
2026032215,117.27
2026032215,103.15
2026032215,88.5
2026032215,73.98
2026032216,58.56
2026032216,41.78
2026032216,29.54
2026032216,17.94
2026032217,9.63
2026032217,4.63
2026032217,1.49
2026032217,0.0
2026032300,0.0
2026032305,0.87
2026032305,3.41
2026032306,4.14
2026032306,8.61
2026032306,12.05
2026032306,20.24
2026032307,22.36
2026032307,25.18
2026032307,36.39
2026032307,35.48
2026032308,61.11
2026032308,35.27
2026032308,42.58
2026032308,60.65
2026032309,42.58
2026032309,42.61
2026032309,68.48
2026032309,63.78
2026032310,69.56
2026032310,103.69
2026032310,123.4
2026032310,114.64
2026032311,43.25
2026032311,3.17
2026032311,5.48
2026032311,73.78
2026032312,112.23
2026032312,102.12
2026032312,99.06
2026032312,96.05
2026032313,93.87
2026032313,112.91
2026032313,171.05
2026032313,179.39
2026032314,157.89
2026032314,148.5
2026032314,143.33
2026032314,119.95
2026032315,81.12
2026032315,56.43
2026032315,46.8
2026032315,32.46
2026032316,24.26
2026032316,19.92
2026032316,15.15
2026032316,10.23
2026032317,7.45
2026032317,3.75
2026032317,0.65
2026032317,0.0
2026032400,0.0
2026032407,14.02
2026032407,17.01
2026032407,24.3
2026032408,25.96
2026032408,24.3
2026032408,39.65
2026032408,43.87
2026032409,53.86
2026032409,46.29
2026032409,1.97
2026032409,45.42
2026032410,32.75
2026032410,0.0
2026032410,0.34
2026032411,0.27
2026032411,0.0
2026032413,8.34
2026032413,8.45
2026032413,8.43
2026032413,8.0
2026032414,0.17
2026032414,0.0
2026032414,13.58
2026032414,12.34
2026032415,7.16
2026032415,6.56
2026032415,5.04
2026032415,4.94
2026032416,4.78
2026032416,4.25
2026032416,2.89
2026032416,2.1
2026032417,0.46
2026032417,0.0
2026032500,0.0
2026032506,8.26
2026032506,6.38
2026032506,5.9
2026032506,8.85
2026032507,1.09
2026032507,7.29
2026032507,25.38
2026032507,13.07
2026032508,22.44
2026032508,10.31
2026032508,14.08
2026032508,22.63
2026032509,23.31
2026032509,2.81
2026032509,13.43
2026032509,17.24
2026032510,1.61
2026032510,0.0
2026032513,8.61
2026032513,0.0
2026032515,2.95
2026032515,38.37
2026032515,27.34
2026032516,39.04
2026032516,27.58
2026032516,21.09
2026032516,12.05
2026032517,11.54
2026032517,5.45
2026032517,2.29
2026032517,0.02
2026032518,0.0
2026032600,0.0
2026032605,1.86
2026032605,5.05
2026032605,7.31
2026032606,11.88
2026032606,21.65
2026032606,26.03
2026032606,23.36
2026032607,27.42
2026032607,50.59
2026032607,63.55
2026032607,23.98
2026032608,26.94
2026032608,63.78
2026032608,54.9
2026032608,54.97
2026032609,114.73
2026032609,125.32
2026032609,83.1
2026032609,83.29
2026032610,105.55
2026032610,85.44
2026032610,100.93
2026032610,139.41
2026032611,34.99
2026032611,0.0
2026032613,2.24
2026032613,0.0
2026032614,4.15
2026032614,36.54
2026032614,39.26
2026032615,56.43
2026032615,32.02
2026032615,52.16
2026032615,30.12
2026032616,26.13
2026032616,23.22
2026032616,9.83
2026032616,5.15
2026032617,3.41
2026032617,2.57
2026032617,0.67
2026032617,0.0
2026032700,0.0
2026032705,0.63
2026032705,3.62
2026032705,6.92
2026032705,8.88
2026032706,15.82
2026032706,21.79
2026032706,24.16
2026032706,39.78
2026032707,82.95
2026032707,102.65
2026032707,119.68
2026032707,126.47
2026032708,129.77
2026032708,146.35
2026032708,134.0
2026032708,107.45
2026032709,147.91
2026032709,69.17
2026032709,175.04
2026032709,235.03
2026032710,122.85
2026032710,191.78
2026032710,191.15
2026032710,183.98
2026032711,14.87
2026032711,51.6
2026032711,4.5
2026032711,3.84
2026032712,36.84
2026032712,33.95
2026032712,2.78
2026032712,0.0
2026032714,3.37
2026032714,34.2
2026032714,107.95
2026032714,114.13
2026032715,135.67
2026032715,104.39
2026032715,93.5
2026032715,51.81
2026032716,34.63
2026032716,26.72
2026032716,10.51
2026032716,3.32
2026032717,2.65
2026032717,1.83
2026032717,0.04
2026032717,0.0
2026032800,0.0
2026032805,0.2
2026032805,2.36
2026032805,6.05
2026032805,10.75
2026032806,19.74
2026032806,31.85
2026032806,45.75
2026032806,59.27
2026032807,46.5
2026032807,96.75
2026032807,61.86
2026032807,52.84
2026032808,54.97
2026032808,41.6
2026032808,32.41
2026032808,37.18
2026032809,3.12
2026032809,0.0
2026032810,123.97
2026032810,23.48
2026032810,1.6
2026032810,0.0
2026032812,1.3
2026032812,23.45
2026032812,130.76
2026032813,19.21
2026032813,158.4
2026032813,147.44
2026032813,145.12
2026032814,143.02
2026032814,114.03
2026032814,102.6
2026032814,87.2
2026032815,137.95
2026032815,124.99
2026032815,92.39
2026032815,53.51
2026032816,35.42
2026032816,52.41
2026032816,43.56
2026032816,27.08
2026032817,13.94
2026032817,7.15
2026032817,4.38
2026032817,0.66
2026032818,0.0
2026032900,0.0
2026032905,1.47
2026032905,4.1
2026032905,8.6
2026032905,16.63
2026032906,24.77
2026032906,33.84
2026032906,50.79
2026032906,43.82
2026032907,51.13
2026032907,43.06
2026032907,60.82
2026032907,59.23
2026032908,78.79
2026032908,104.8
2026032908,80.85
2026032908,101.35
2026032909,134.8
2026032909,166.52
2026032909,160.8
2026032909,242.62
2026032910,119.43
2026032910,2.69
2026032910,0.0
2026032915,22.83
2026032915,18.67
2026032915,2.64
2026032916,9.01
2026032916,8.23
2026032916,8.43
2026032916,9.83
2026032917,7.62
2026032917,2.79
2026032917,0.26
2026032917,0.0
2026033000,0.0
2026033005,0.75
2026033005,0.01
2026033005,0.0
2026033007,0.12
2026033007,0.0
2026033010,0.04
2026033010,0.0
2026033012,4.23
2026033012,0.0
2026033013,4.14
2026033013,56.92
2026033013,122.64
2026033013,96.8
2026033014,5.07
2026033014,0.0
2026033015,1.85
2026033016,26.15
2026033016,27.45
2026033016,24.27
2026033016,17.68
2026033017,10.44
2026033017,4.26
2026033017,3.02
2026033017,1.16
2026033018,0.0
2026033100,0.0
2026033105,1.81
2026033105,3.27
2026033105,4.05
2026033106,8.98
2026033106,19.67
2026033106,44.55
2026033106,42.72
2026033107,38.92
2026033107,44.11
2026033107,45.83
2026033107,59.89
2026033108,54.12
2026033108,63.5
2026033108,57.89
2026033108,72.8
2026033109,80.12
2026033109,99.14
2026033109,80.56
2026033109,72.9
2026033110,73.47
2026033110,66.07
2026033110,66.04
2026033110,81.62
2026033111,91.05
2026033111,113.13
2026033111,107.52
2026033111,103.99
2026033112,142.17
2026033112,146.04
2026033112,153.88
2026033112,120.1
2026033113,162.65
2026033113,161.49
2026033113,199.07
2026033113,201.27
2026033114,189.05
2026033114,176.87
2026033114,170.15
2026033114,154.13
2026033115,133.84
2026033115,127.65
2026033115,109.85
2026033115,93.36
2026033116,77.44
2026033116,59.13
2026033116,43.49
2026033116,30.39
2026033117,20.06
2026033117,10.21
2026033117,4.98
2026033117,2.31
2026033118,0.01
2026033118,0.0
2026040100,0.0
2026040105,1.79
2026040105,5.49
2026040105,13.04
2026040105,22.77
2026040106,24.14
2026040106,2.47
2026040106,42.08
2026040106,66.86
2026040107,53.54
2026040107,52.73
2026040107,68.33
2026040107,65.26
2026040108,81.23
2026040108,100.01
2026040108,99.61
2026040108,44.97
2026040109,36.58
2026040109,83.86
2026040109,123.15
2026040109,98.57
2026040110,90.58
2026040110,103.17
2026040110,106.88
2026040110,106.7
2026040111,68.57
2026040111,61.78
2026040111,83.3
2026040111,111.2
2026040112,111.72
2026040112,85.55
2026040112,111.45
2026040112,107.45
2026040113,94.39
2026040113,95.36
2026040113,98.23
2026040113,103.65
2026040114,95.91
2026040114,81.0
2026040114,70.28
2026040114,58.32
2026040115,48.89
2026040115,42.23
2026040115,33.9
2026040115,27.55
2026040116,23.23
2026040116,19.33
2026040116,13.22
2026040116,8.94
2026040117,6.59
2026040117,4.66
2026040117,3.36
2026040117,1.13
2026040118,0.0
2026040200,0.0
2026040207,20.04
2026040207,23.36
2026040208,22.64
2026040208,23.01
2026040208,23.69
2026040208,33.51
2026040209,32.43
2026040209,29.52
2026040209,28.3
2026040209,34.33
2026040210,28.67
2026040210,25.49
2026040210,20.58
2026040210,17.69
2026040211,16.83
2026040211,12.88
2026040211,14.14
2026040211,18.32
2026040212,30.82
2026040212,28.55
2026040212,57.69
2026040212,66.8
2026040213,87.14
2026040213,119.12
2026040213,106.24
2026040213,155.97
2026040214,163.77
2026040214,171.7
2026040214,181.75
2026040214,161.53
2026040215,147.9
2026040215,129.07
2026040215,117.22
2026040215,98.82
2026040216,79.81
2026040216,59.82
2026040216,47.21
2026040216,29.58
2026040217,18.69
2026040217,9.54
2026040217,5.09
2026040217,3.31
2026040218,0.21
2026040218,0.0
2026040300,0.0
2026040304,0.08
2026040305,0.03
2026040305,1.56
2026040305,5.68
2026040305,8.88
2026040306,12.81
2026040306,18.08
2026040306,25.77
2026040306,42.55
2026040307,46.17
2026040307,53.49
2026040307,65.94
2026040307,58.36
2026040308,43.05
2026040308,66.06
2026040308,106.31
2026040308,128.98
2026040309,128.54
2026040309,168.22
2026040309,167.38
2026040309,103.9
2026040310,128.47
2026040310,203.84
2026040310,197.22
2026040310,185.92
2026040311,172.59
2026040311,149.61
2026040311,166.06
2026040311,68.14
2026040312,51.64
2026040312,42.0
2026040312,54.49
2026040312,58.88
2026040313,51.09
2026040313,34.7
2026040313,71.75
2026040313,82.51
2026040314,57.31
2026040314,74.42
2026040314,60.32
2026040314,51.93
2026040315,38.21
2026040315,34.5
2026040315,21.55
2026040315,15.02
2026040316,9.79
2026040316,9.53
2026040316,6.34
2026040316,6.01
2026040317,4.08
2026040317,2.35
2026040317,0.6
2026040317,0.0
2026040400,0.0
2026040404,0.06
2026040405,1.7
2026040405,4.9
2026040405,7.46
2026040405,20.59
2026040406,34.2
2026040406,43.74
2026040406,46.5
2026040406,31.25
2026040407,73.5
2026040407,50.74
2026040407,38.66
2026040407,45.82
2026040408,39.31
2026040408,14.92
2026040408,89.64
2026040408,93.48
2026040409,96.95
2026040409,93.7
2026040409,29.69
2026040409,0.0
2026040410,69.26
2026040410,35.77
2026040410,71.38
2026040411,61.86
2026040411,87.51
2026040411,48.91
2026040411,37.75
2026040412,77.17
2026040412,86.88
2026040412,100.63
2026040412,97.54
2026040413,26.6
2026040413,0.0
2026040413,53.71
2026040414,17.98
2026040414,62.92
2026040414,81.78
2026040414,145.49
2026040415,140.44
2026040415,122.96
2026040415,116.59
2026040415,100.21
2026040416,81.22
2026040416,63.12
2026040416,47.02
2026040416,22.35
2026040417,20.1
2026040417,11.85
2026040417,5.47
2026040417,3.98
2026040418,0.49
2026040418,0.0
2026040500,0.0
2026040506,14.34
2026040506,0.69
2026040506,0.0
2026040516,11.99
2026040517,8.3
2026040517,12.47
2026040517,8.15
2026040517,4.45
2026040518,0.97
2026040518,0.0
2026040600,0.0
2026040604,0.14
2026040605,2.77
2026040605,3.65
2026040605,5.75
2026040605,0.19
2026040606,0.0
2026040615,39.72
2026040616,6.91
2026040616,58.16
2026040616,47.58
2026040616,32.25
2026040617,22.26
2026040617,14.81
2026040617,7.93
2026040617,4.76
2026040618,1.86
2026040618,0.0
2026040700,0.0
2026040704,0.68
2026040704,3.43
2026040705,5.63
2026040705,9.15
2026040705,15.69
2026040705,25.93
2026040706,39.39
2026040706,55.25
2026040706,72.28
2026040706,90.04
2026040707,106.63
2026040707,119.39
2026040707,139.95
2026040707,157.74
2026040708,145.07
2026040708,138.62
2026040708,197.7
2026040708,124.95
2026040709,100.8
2026040709,101.68
2026040709,101.63
2026040709,101.69
2026040710,101.7
2026040710,101.69
2026040710,101.67
2026040712,101.66
2026040712,101.64
2026040712,217.5
2026040713,138.61
2026040713,101.66
2026040713,101.37
2026040713,97.82
2026040714,93.03
2026040714,87.9
2026040714,82.13
2026040714,158.81
2026040715,151.1
2026040715,135.43
2026040715,119.24
2026040715,101.55
2026040716,83.58
2026040716,67.04
2026040716,50.55
2026040716,35.37
2026040717,22.48
2026040717,13.1
2026040717,7.75
2026040717,4.92
2026040718,2.98
2026040718,0.0
2026040800,0.0
2026040804,0.45
2026040804,0.0
2026040812,0.01
2026040812,0.0
2026040812,0.01
2026040813,0.02
2026040813,3.88
2026040813,134.71
2026040813,184.16
2026040814,197.27
2026040814,170.23
2026040814,112.27
2026040814,85.41
2026040815,84.88
2026040815,78.78
2026040815,104.04
2026040815,109.98
2026040816,74.98
2026040816,50.05
2026040816,36.85
2026040816,32.2
2026040817,23.42
2026040817,15.13
2026040817,10.48
2026040817,5.79
2026040818,2.33
2026040818,0.0
2026040900,0.0
2026040906,53.42
2026040906,74.06
2026040906,88.13
2026040907,103.91
2026040907,117.54
2026040907,140.09
2026040907,161.14
2026040908,173.51
2026040908,185.6
2026040908,171.06
2026040908,166.36
2026040909,166.12
2026040909,107.04
2026040909,65.81
2026040909,66.31
2026040910,69.32
2026040910,70.05
2026040910,70.51
2026040910,68.79
2026040911,49.41
2026040911,66.56
2026040911,0.02
2026040911,0.0
2026040914,83.7
2026040914,76.81
2026040915,74.01
2026040915,70.21
2026040915,48.65
2026040915,55.95
2026040916,42.85
2026040916,16.1
2026040916,14.22
2026040916,9.87
2026040917,7.69
2026040917,4.95
2026040917,3.71
2026040917,2.49
2026040918,0.62
2026040918,0.0
2026041000,0.0
2026041005,1.57
2026041006,3.15
2026041006,4.0
2026041006,7.16
2026041006,4.86
2026041007,7.98
2026041007,12.18
2026041007,13.23
2026041007,15.74
2026041008,26.39
2026041008,31.6
2026041008,41.6
2026041008,46.91
2026041009,37.27
2026041009,48.09
2026041009,42.32
2026041009,25.27
2026041010,37.78
2026041010,85.04
2026041010,59.42
2026041010,102.38
2026041011,80.29
2026041011,55.78
2026041011,53.32
2026041011,80.42
2026041012,84.7
2026041012,87.78
2026041012,107.71
2026041012,49.81
2026041013,51.08
2026041013,67.32
2026041013,32.23
2026041013,22.73
2026041014,33.04
2026041014,50.48
2026041014,36.53
2026041014,17.11
2026041015,5.3
2026041015,8.19
2026041015,21.43
2026041015,63.22
2026041016,31.17
2026041016,29.93
2026041016,24.87
2026041016,23.2
2026041017,13.86
2026041017,8.15
2026041017,4.9
2026041017,3.21
2026041018,1.75
2026041018,0.0
2026041100,0.0
2026041104,0.6
2026041104,2.17
2026041105,4.55
2026041105,7.33
2026041105,9.84
2026041105,13.09
2026041106,17.16
2026041106,22.58
2026041106,28.65
2026041106,36.61
2026041107,57.99
2026041107,71.49
2026041107,77.72
2026041107,34.44
2026041108,80.93
2026041108,33.49
2026041108,0.0
2026041116,20.48
2026041116,18.8
2026041116,14.47
2026041117,10.45
2026041117,8.08
2026041117,5.45
2026041117,3.2
2026041118,1.14
2026041118,0.0
2026041200,0.0
2026041204,0.03
2026041204,1.77
2026041205,3.2
2026041205,7.0
2026041205,11.21
2026041205,17.37
2026041206,24.73
2026041206,32.88
2026041206,31.47
2026041206,31.43
2026041207,59.6
2026041207,72.02
2026041207,80.43
2026041207,88.03
2026041208,94.53
2026041208,93.71
2026041208,99.81
2026041208,99.15
2026041209,100.03
2026041209,98.59
2026041209,99.01
2026041209,96.02
2026041210,100.19
2026041210,128.46
2026041210,128.74
2026041210,71.73
2026041211,0.0
2026041212,117.48
2026041212,131.61
2026041213,65.76
2026041213,109.35
2026041213,116.88
2026041213,114.58
2026041214,96.78
2026041214,100.93
2026041214,95.43
2026041214,90.65
2026041215,83.05
2026041215,69.7
2026041215,63.21
2026041215,52.92
2026041216,49.55
2026041216,40.26
2026041216,32.07
2026041216,25.41
2026041217,18.9
2026041217,13.77
2026041217,9.18
2026041217,5.89
2026041218,3.36
2026041218,1.04
2026041218,0.0
2026041300,0.0
2026041304,0.52
2026041304,2.41
2026041305,4.3
2026041305,7.14
2026041305,10.26
2026041305,13.05
2026041306,17.37
2026041306,21.67
2026041306,26.84
2026041306,29.62
2026041307,29.84
2026041307,32.34
2026041307,33.01
2026041307,36.16
2026041308,42.05
2026041308,53.17
2026041308,53.16
2026041308,76.19
2026041309,76.21
2026041309,80.12
2026041309,61.53
2026041309,74.19
2026041310,70.95
2026041310,75.02
2026041310,66.28
2026041310,49.21
2026041311,50.49
2026041311,47.57
2026041311,42.75
2026041311,27.16
2026041312,29.21
2026041312,35.19
2026041312,35.69
2026041312,28.22
2026041313,24.96
2026041313,26.07
2026041313,20.49
2026041313,13.22
2026041314,13.65
2026041314,9.45
2026041314,8.63
2026041314,9.71
2026041315,12.7
2026041315,12.49
2026041315,13.52
2026041315,13.01
2026041316,8.76
2026041316,4.64
2026041316,3.84
2026041316,2.99
2026041317,3.53
2026041317,3.56
2026041317,2.36
2026041317,1.27
2026041318,0.0
2026041400,0.0
2026041405,1.38
2026041405,1.94
2026041405,2.52
2026041405,5.43
2026041406,7.64
2026041406,5.9
2026041406,5.18
2026041406,6.42
2026041407,7.58
2026041407,8.78
2026041407,7.3
2026041407,6.89
2026041408,9.62
2026041408,20.66
2026041408,8.15
2026041408,25.94
2026041409,32.43
2026041409,45.28
2026041409,50.79
2026041409,19.46
2026041410,37.43
2026041410,66.3
2026041410,65.37
2026041410,81.17
2026041411,76.49
2026041411,126.41
2026041411,94.78
2026041411,81.91
2026041412,55.32
2026041412,63.66
2026041412,61.33
2026041412,99.13
2026041413,106.97
2026041413,85.2
2026041413,85.81
2026041413,82.21
2026041414,83.88
2026041414,82.55
2026041414,45.24
2026041414,56.98
2026041415,38.88
2026041415,56.33
2026041415,69.87
2026041415,53.44
2026041416,35.53
2026041416,21.72
2026041416,22.53
2026041416,19.31
2026041417,14.17
2026041417,8.74
2026041417,7.41
2026041417,4.27
2026041418,2.68
2026041418,0.81
2026041418,0.0
2026041500,0.0
2026041504,1.42
2026041504,2.61
2026041505,3.83
2026041505,6.06
2026041505,7.97
2026041505,8.11
2026041506,11.09
2026041506,13.96
2026041506,14.9
2026041506,20.22
2026041507,27.72
2026041507,25.1
2026041507,29.66
2026041507,43.28
2026041508,57.43
2026041508,71.07
2026041508,63.48
2026041508,53.9
2026041509,46.98
2026041509,49.21
2026041509,46.31
2026041509,53.03
2026041510,48.79
2026041510,0.01
2026041510,88.4
2026041510,89.49
2026041511,77.87
2026041511,83.77
2026041511,90.22
2026041511,87.3
2026041512,65.6
2026041512,49.02
2026041512,52.39
2026041512,51.71
2026041513,45.37
2026041513,36.03
2026041513,32.06
2026041513,33.16
2026041514,38.02
2026041514,31.26
2026041514,27.97
2026041514,25.34
2026041515,23.78
2026041515,20.27
2026041515,16.25
2026041515,14.47
2026041516,9.38
2026041516,6.43
2026041516,6.72
2026041516,6.29
2026041517,3.78
2026041517,2.85
2026041517,2.28
2026041517,1.93
2026041518,0.29
2026041518,0.0
2026041600,0.0
2026041605,1.34
2026041605,2.1
2026041605,3.17
2026041605,3.36
2026041606,4.82
2026041606,10.64
2026041606,22.95
2026041606,18.94
2026041607,13.01
2026041607,18.51
2026041607,27.92
2026041607,30.91
2026041608,36.15
2026041608,26.73
2026041608,64.69
2026041608,75.72
2026041609,40.93
2026041609,49.56
2026041609,50.8
2026041609,65.61
2026041610,59.75
2026041610,65.01
2026041610,91.81
2026041610,115.39
2026041611,112.14
2026041611,120.01
2026041611,134.51
2026041611,138.89
2026041612,120.38
2026041612,118.49
2026041612,122.39
2026041612,76.58
2026041613,74.66
2026041613,53.38
2026041613,108.87
2026041613,121.35
2026041614,112.31
2026041614,106.56
2026041614,99.28
2026041614,87.91
2026041615,85.31
2026041615,74.75
2026041615,66.29
2026041615,68.04
2026041616,64.58
2026041616,52.73
2026041616,40.89
2026041616,27.56
2026041617,17.06
2026041617,10.01
2026041617,6.57
2026041617,4.53
2026041618,3.04
2026041618,1.11
2026041618,0.0
2026041700,0.0
2026041704,0.09
2026041704,0.74
2026041704,2.35
2026041705,4.22
2026041705,6.64
2026041705,10.34
2026041705,11.44
2026041706,12.47
2026041706,14.87
2026041706,15.52
2026041706,18.01
2026041707,18.03
2026041707,18.74
2026041707,17.66
2026041707,18.64
2026041708,21.05
2026041708,26.8
2026041708,32.58
2026041708,49.62
2026041709,68.95
2026041709,101.28
2026041709,115.88
2026041709,64.36
2026041710,59.99
2026041710,82.2
2026041710,109.18
2026041710,129.03
2026041711,118.15
2026041711,140.76
2026041711,128.18
2026041711,113.1
2026041712,128.01
2026041712,114.23
2026041712,93.11
2026041712,59.94
2026041713,65.16
2026041713,45.36
2026041713,51.5
2026041713,43.03
2026041714,11.1
2026041714,7.09
2026041714,23.05
2026041714,17.95
2026041715,56.43
2026041715,34.9
2026041715,21.41
2026041715,14.93
2026041716,14.23
2026041716,12.75
2026041716,13.51
2026041716,13.27
2026041717,11.64
2026041717,8.73
2026041717,6.24
2026041717,4.12
2026041718,3.13
2026041718,1.12
2026041718,0.0
2026041800,0.0
2026041804,0.8
2026041804,2.76
2026041804,4.73
2026041805,7.65
2026041805,9.98
2026041805,13.95
2026041806,26.12
2026041806,22.15
2026041806,25.56
2026041806,45.68
2026041807,39.69
2026041807,40.57
2026041807,47.54
2026041807,69.86
2026041808,57.56
2026041808,48.86
2026041808,61.88
2026041808,76.57
2026041809,76.29
2026041809,64.22
2026041809,63.74
2026041809,73.85
2026041810,65.05
2026041810,53.11
2026041810,47.03
2026041810,38.9
2026041811,39.63
2026041811,48.11
2026041811,33.91
2026041811,18.36
2026041812,22.97
2026041812,25.8
2026041812,20.7
2026041812,18.09
2026041813,19.6
2026041813,9.93
2026041813,10.02
2026041813,7.88
2026041814,9.34
2026041814,13.31
2026041814,22.04
2026041814,18.11
2026041815,59.14
2026041815,76.57
2026041815,48.68
2026041815,27.94
2026041816,29.46
2026041816,22.43
2026041816,11.73
2026041816,4.79
2026041817,3.05
2026041817,2.96
2026041817,2.0
2026041817,2.28
2026041818,1.22
2026041818,0.41
2026041818,0.0
2026041900,0.0
2026041904,0.88
2026041904,2.29
2026041904,3.85
2026041905,5.53
2026041905,7.7
2026041905,9.72
2026041905,16.24
2026041906,23.46
2026041906,31.91
2026041906,35.83
2026041906,35.19
2026041907,61.28
2026041907,49.4
2026041907,44.9
2026041907,62.95
2026041908,92.9
2026041908,66.9
2026041908,52.83
2026041908,59.91
2026041909,41.39
2026041909,44.74
2026041909,57.28
2026041909,59.17
2026041910,69.59
2026041910,41.82
2026041910,46.2
2026041910,61.22
2026041911,37.62
2026041911,37.24
2026041911,38.56
2026041911,26.51
2026041912,21.81
2026041912,39.95
2026041912,54.89
2026041912,70.85
2026041913,72.1
2026041913,62.92
2026041913,84.67
2026041913,46.78
2026041914,49.96
2026041914,44.05
2026041914,41.94
2026041914,53.68
2026041915,55.06
2026041915,55.19
2026041915,45.65
2026041915,69.35
2026041916,34.49
2026041916,23.91
2026041916,33.74
2026041916,37.79
2026041917,20.23
2026041917,17.42
2026041917,11.38
2026041917,8.4
2026041918,8.53
2026041918,4.81
2026041918,2.01
2026041918,0.0
2026042000,0.0
2026042004,0.06
2026042004,0.63
2026042004,2.3
2026042004,3.48
2026042005,5.17
2026042005,10.55
2026042005,14.58
2026042005,19.16
2026042006,20.36
2026042006,21.75
2026042006,29.29
2026042006,16.56
2026042007,31.54
2026042007,39.98
2026042007,44.11
2026042007,45.62
2026042008,61.83
2026042008,44.51
2026042008,36.35
2026042008,56.92
2026042009,46.41
2026042009,55.25
2026042009,97.48
2026042009,103.42
2026042010,102.47
2026042010,136.83
2026042010,136.17
2026042010,138.51
2026042011,128.71
2026042011,125.71
2026042011,118.25
2026042011,126.61
2026042012,135.87
2026042012,138.34
2026042012,137.05
2026042012,115.01
2026042013,116.68
2026042013,109.61
2026042013,114.66
2026042013,116.85
2026042014,112.61
2026042014,103.98
2026042014,91.52
2026042014,90.6
2026042015,85.65
2026042015,75.18
2026042015,67.79
2026042015,59.68
2026042016,50.58
2026042016,41.55
2026042016,32.36
2026042016,24.37
2026042017,17.19
2026042017,11.14
2026042017,6.5
2026042017,4.28
2026042018,3.0
2026042018,2.04
2026042018,0.14
2026042018,0.0
2026042100,0.0
2026042104,0.24
2026042104,1.88
2026042104,2.87
2026042104,4.23
2026042105,7.61
2026042105,12.88
2026042105,16.51
2026042105,23.1
2026042106,31.62
2026042106,40.77
2026042106,50.21
2026042106,59.25
2026042107,67.82
2026042107,74.93
2026042107,83.44
2026042107,90.89
2026042108,97.81
2026042108,104.21
2026042108,110.16
2026042108,115.38
2026042109,120.17
2026042109,124.64
2026042109,128.56
2026042109,71.53
2026042110,119.95
2026042110,84.31
2026042110,0.0
2026042113,109.2
2026042114,62.15
2026042114,0.0
2026042114,95.28
2026042114,96.82
2026042115,89.18
2026042115,80.87
2026042115,72.32
2026042115,63.29
2026042116,54.07
2026042116,44.77
2026042116,35.43
2026042116,26.52
2026042117,18.48
2026042117,11.88
2026042117,7.27
2026042117,4.74
2026042118,3.32
2026042118,2.23
2026042118,0.54
2026042118,0.0
2026042200,0.0
2026042204,0.63
2026042204,2.04
2026042204,3.07
2026042204,4.6
2026042205,8.59
2026042205,14.54
2026042205,18.92
2026042205,25.47
2026042206,33.92
2026042206,44.11
2026042206,54.38
2026042206,63.5
2026042207,73.33
2026042207,82.33
2026042207,90.58
2026042207,98.15
2026042208,105.26
2026042208,111.69
2026042208,61.97
2026042208,0.0
2026042215,77.5
2026042215,74.73
2026042215,65.64
2026042216,56.37
2026042216,46.93
2026042216,37.31
2026042216,28.25
2026042217,19.75
2026042217,12.92
2026042217,8.18
2026042217,5.39
2026042218,3.72
2026042218,2.45
2026042218,0.25
2026042218,0.0
2026042300,0.0
2026042304,0.15
2026042304,1.77
2026042304,2.48
2026042304,3.72
2026042305,5.27
2026042305,8.12
2026042305,10.74
2026042305,15.75
2026042306,20.62
2026042306,29.81
2026042306,40.21
2026042306,51.47
2026042307,67.64
2026042307,69.86
2026042307,86.95
2026042307,94.45
2026042308,102.48
2026042308,108.82
2026042308,114.45
2026042308,120.09
2026042309,125.0
2026042309,129.68
2026042309,133.01
2026042309,136.86
2026042310,139.79
2026042310,140.82
2026042310,140.8
2026042311,140.85
2026042311,140.77
2026042311,140.83
2026042312,140.8
2026042312,140.77
2026042312,140.81
2026042312,140.49
2026042313,138.1
2026042313,133.57
2026042313,128.02
2026042313,123.67
2026042314,64.78
2026042314,0.0
2026042315,61.45
2026042316,54.78
2026042316,46.17
2026042316,36.19
2026042316,27.74
2026042317,18.75
2026042317,12.57
2026042317,7.8
2026042317,6.4
2026042318,5.0
2026042318,3.24
2026042318,1.28
2026042318,0.0
2026042400,0.0
2026042404,1.02
2026042404,2.4
2026042404,3.82
2026042404,5.52
2026042405,8.31
2026042405,12.69
2026042405,18.54
2026042405,25.18
2026042406,34.05
2026042406,39.62
2026042406,48.05
2026042406,62.15
2026042407,71.78
2026042407,79.95
2026042407,88.3
2026042407,96.26
2026042408,103.62
2026042408,110.2
2026042408,62.01
2026042408,0.0
2026042500,0.0
2026042600,0.0
2026042700,0.0
2026042704,0.88
2026042705,13.06
2026042705,14.03
2026042705,14.11
2026042707,63.94
2026042708,89.69
2026042708,104.53
2026042708,125.7
2026042708,126.18
2026042709,126.74
2026042709,119.73
2026042709,136.6
2026042709,103.6
2026042710,97.44
2026042710,99.05
2026042710,96.06
2026042710,105.61
2026042711,100.23
2026042711,101.82
2026042711,109.37
2026042711,132.35
2026042712,137.19
2026042712,116.62
2026042712,92.8
2026042712,111.86
2026042713,104.49
2026042713,94.22
2026042713,103.91
2026042713,115.53
2026042714,110.46
2026042714,101.6
2026042714,95.31
2026042714,71.3
2026042715,28.51
2026042715,56.19
2026042715,61.98
2026042715,42.32
2026042716,26.01
2026042716,36.67
2026042716,37.44
2026042716,29.05
2026042717,21.5
2026042717,15.1
2026042717,10.03
2026042717,5.49
2026042718,3.8
2026042718,2.77
2026042718,1.42
2026042718,0.0
2026042800,0.0
2026042803,0.38
2026042804,1.92
2026042804,2.84
2026042804,4.08
2026042804,6.2
2026042805,9.81
2026042805,14.26
2026042805,19.52
2026042805,26.91
2026042806,38.6
2026042806,48.39
2026042806,55.24
2026042806,56.14
2026042807,69.24
2026042807,77.02
2026042807,91.13
2026042807,95.38
2026042808,102.91
2026042808,109.78
2026042808,116.16
2026042808,124.25
2026042809,122.88
2026042809,131.06
2026042809,137.84
2026042809,140.27
2026042810,139.91
2026042810,139.81
2026042810,137.91
2026042810,140.74
2026042811,128.77
2026042811,140.76
2026042811,140.77
2026042811,140.79
2026042812,132.33
2026042812,2.28
2026042812,0.0
2026042814,94.76
2026042814,91.09
2026042815,40.4
2026042815,68.08
2026042815,65.24
2026042815,56.03
2026042816,55.58
2026042816,45.35
2026042816,38.23
2026042816,29.89
2026042817,21.72
2026042817,13.11
2026042817,8.77
2026042817,4.65
2026042818,3.83
2026042818,3.37
2026042818,2.75
2026042818,0.63
2026042819,0.0
2026042900,0.0
2026042903,0.96
2026042904,2.1
2026042904,3.07
2026042904,4.3
2026042904,6.77
2026042905,11.3
2026042905,15.15
2026042905,21.52
2026042905,29.82
2026042906,38.81
2026042906,48.28
2026042906,57.97
2026042906,66.73
2026042907,73.1
2026042907,84.14
2026042907,91.23
2026042907,98.06
2026042908,103.97
2026042908,110.9
2026042908,115.7
2026042908,120.9
2026042909,72.4
2026042909,69.95
2026042909,69.96
2026042910,52.05
2026042910,49.99
2026042911,74.22
2026042911,75.0
2026042912,65.26
2026042912,65.0
2026042912,64.96
2026042912,65.03
2026042913,42.5
2026042913,39.99
2026042914,59.42
2026042914,60.01
2026042914,59.95
2026042914,59.99
2026042915,50.13
2026042915,40.18
2026042915,30.22
2026042915,63.67
2026042916,56.49
2026042916,47.5
2026042916,38.43
2026042916,29.77
2026042917,21.74
2026042917,14.86
2026042917,9.59
2026042917,6.3
2026042918,4.64
2026042918,3.2
2026042918,2.21
2026042918,0.3
2026042919,0.0
2026043000,0.0
2026043003,0.97
2026043004,2.25
2026043004,3.35
2026043004,4.78
2026043004,7.09
2026043005,10.46
2026043005,14.95
2026043005,21.75
2026043005,29.77
2026043006,39.18
2026043006,47.94
2026043006,55.59
2026043006,65.02
2026043007,74.34
2026043007,81.8
2026043007,90.23
2026043007,43.7
2026043008,0.0
2026043015,67.54
2026043015,65.17
2026043016,56.65
2026043016,47.82
2026043016,38.89
2026043016,30.31
2026043017,22.28
2026043017,15.3
2026043017,9.85
2026043017,6.38
2026043018,4.59
2026043018,3.35
2026043018,2.34
2026043018,0.7
2026043019,0.0
2026050100,0.0
2026050103,1.17
2026050104,2.25
2026050104,3.3
2026050104,4.6
2026050104,6.53
2026050105,10.21
2026050105,15.65
2026050105,22.58
2026050105,30.68
2026050106,39.66
2026050106,48.79
2026050106,11.18
2026050106,0.0
2026050115,61.04
2026050116,16.83
2026050116,46.09
2026050116,38.99
2026050116,30.36
2026050117,22.41
2026050117,15.46
2026050117,10.08
2026050117,6.59
2026050118,4.73
2026050118,3.47
2026050118,2.44
2026050118,1.1
2026050119,0.0
2026050200,0.0
2026050203,1.28
2026050204,2.27
2026050204,3.28
2026050204,4.52
2026050204,6.36
2026050205,9.84
2026050205,15.16
2026050205,22.12
2026050205,30.23
2026050206,38.95
2026050206,48.06
2026050206,10.54
2026050206,0.0
2026050215,10.03
2026050215,15.67
2026050216,9.43
2026050216,5.97
2026050216,6.76
2026050216,11.5
2026050217,10.77
2026050217,6.44
2026050217,6.13
2026050217,11.91
2026050218,10.01
2026050218,3.66
2026050218,1.96
2026050218,0.96
2026050219,0.0
2026050300,0.0
2026050304,0.3
2026050304,1.9
2026050304,2.62
2026050304,3.38
2026050305,5.67
2026050305,6.79
2026050305,9.03
2026050305,9.4
2026050306,13.51
2026050306,9.75
2026050306,10.18
2026050306,22.39
2026050307,32.76
2026050307,18.65
2026050307,19.21
2026050307,21.57
2026050308,30.99
2026050308,33.09
2026050308,21.95
2026050308,30.58
2026050309,26.0
2026050309,25.8
2026050309,27.59
2026050309,30.93
2026050310,48.48
2026050310,52.56
2026050310,83.97
2026050310,95.12
2026050311,89.8
2026050311,80.01
2026050311,101.85
2026050311,140.82
2026050312,138.79
2026050312,136.72
2026050312,124.51
2026050312,72.99
2026050313,80.34
2026050313,75.2
2026050313,69.76
2026050313,60.66
2026050314,55.69
2026050314,43.36
2026050314,17.21
2026050314,12.52
2026050315,21.05
2026050315,17.22
2026050315,12.25
2026050315,7.24
2026050316,7.34
2026050316,11.14
2026050316,10.17
2026050316,8.57
2026050317,5.5
2026050317,4.0
2026050317,3.14
2026050317,1.25
2026050318,0.03
2026050318,0.0
2026050400,0.0
2026050403,0.97
2026050404,2.2
2026050404,3.68
2026050404,5.99
2026050404,8.01
2026050405,11.76
2026050405,22.55
2026050405,31.2
2026050405,29.38
2026050406,33.05
2026050406,48.79
2026050406,59.04
2026050406,58.98
2026050407,66.64
2026050407,43.1
2026050407,50.65
2026050407,82.8
2026050408,78.32
2026050408,79.49
2026050408,79.58
2026050408,95.51
2026050409,86.22
2026050409,81.93
2026050409,108.0
2026050409,127.43
2026050410,130.95
2026050410,97.32
2026050410,123.87
2026050410,100.78
2026050411,81.47
2026050411,95.9
2026050411,140.79
2026050411,138.21
2026050412,139.18
2026050412,140.64
2026050412,140.67
2026050412,140.47
2026050413,137.65
2026050413,133.36
2026050413,128.88
2026050413,124.18
2026050414,117.79
2026050414,113.1
2026050414,106.1
2026050414,99.9
2026050415,92.55
2026050415,84.74
2026050415,76.89
2026050415,68.27
2026050416,59.59
2026050416,50.58
2026050416,41.31
2026050416,32.51
2026050417,24.27
2026050417,16.89
2026050417,11.56
2026050417,7.85
2026050418,5.5
2026050418,3.88
2026050418,2.81
2026050418,1.65
2026050419,0.0
2026050500,0.0
2026050503,0.1
2026050503,2.06
2026050504,2.84
2026050504,4.15
2026050504,5.71
2026050504,7.98
2026050505,11.78
2026050505,19.8
2026050505,20.52
2026050505,20.64
2026050506,29.24
2026050506,50.02
2026050506,60.04
2026050506,64.08
2026050507,69.06
2026050507,73.17
2026050507,71.02
2026050507,74.39
2026050508,77.69
2026050508,59.08
2026050508,96.7
2026050508,37.34
2026050509,91.92
2026050509,98.24
2026050509,82.76
2026050509,121.96
2026050510,118.12
2026050510,132.91
2026050510,118.03
2026050510,122.14
2026050511,131.56
2026050511,79.97
2026050511,138.1
2026050511,175.74
2026050512,173.46
2026050512,122.49
2026050512,119.75
2026050512,116.95
2026050513,161.78
2026050513,94.6
2026050513,84.6
2026050513,140.26
2026050514,223.93
2026050514,219.15
2026050514,201.12
2026050514,187.75
2026050515,173.69
2026050515,160.53
2026050515,145.27
2026050515,128.68
2026050516,112.38
2026050516,96.14
2026050516,79.22
2026050516,62.48
2026050517,47.2
2026050517,34.48
2026050517,25.55
2026050517,17.65
2026050518,13.13
2026050518,10.72
2026050518,7.63
2026050518,4.47
2026050519,1.27
2026050519,0.0
2026050600,0.0
2026050603,0.14
2026050603,2.39
2026050603,4.53
2026050604,6.8
2026050604,8.79
2026050604,11.03
2026050604,17.03
2026050605,27.83
2026050605,37.39
2026050605,49.28
2026050605,63.81
2026050606,83.04
2026050606,100.22
2026050606,109.39
2026050606,133.92
2026050607,144.02
2026050607,159.0
2026050607,173.15
2026050607,189.3
2026050608,201.71
2026050608,216.78
2026050608,218.06
2026050608,215.29
2026050609,231.23
2026050609,242.38
2026050609,239.1
2026050609,198.49
2026050610,186.4
2026050610,149.12
2026050610,153.54
2026050610,185.63
2026050611,211.79
2026050611,231.21
2026050611,195.08
2026050611,218.0
2026050612,186.7
2026050612,137.52
2026050612,128.01
2026050612,141.3
2026050613,112.06
2026050613,63.37
2026050613,64.23
2026050613,45.59
2026050614,36.89
2026050614,39.73
2026050614,41.59
2026050614,38.94
2026050615,42.83
2026050615,44.06
2026050615,37.77
2026050615,37.8
2026050616,25.72
2026050616,20.43
2026050616,15.9
2026050616,18.34
2026050617,15.39
2026050617,16.9
2026050617,15.62
2026050617,11.0
2026050618,10.18
2026050618,10.08
2026050618,5.56
2026050618,4.64
2026050619,1.66
2026050619,0.0
2026050700,0.0
2026050703,1.83
2026050703,3.94
2026050704,6.47
2026050704,10.62
2026050704,16.03
2026050704,21.91
2026050705,28.68
2026050705,37.44
2026050705,50.32
2026050705,53.79
2026050706,49.86
2026050706,86.3
2026050706,83.76
2026050706,115.87
2026050707,141.78
2026050707,151.92
2026050707,181.62
2026050707,190.56
2026050708,197.57
2026050708,210.03
2026050708,216.94
2026050708,227.53
2026050709,224.34
2026050709,233.86
2026050709,237.25
2026050709,241.59
2026050710,242.13
2026050710,241.99
2026050710,242.81
2026050710,241.01
2026050711,240.65
2026050711,241.74
2026050711,199.18
2026050711,174.49
2026050712,119.48
2026050712,80.92
2026050712,74.57
2026050712,71.59
2026050713,61.81
2026050713,60.06
2026050713,65.98
2026050713,72.85
2026050714,69.03
2026050714,70.49
2026050714,71.07
2026050714,80.02
2026050715,50.33
2026050715,33.32
2026050715,26.59
2026050715,22.86
2026050716,18.97
2026050716,13.27
2026050716,10.71
2026050716,8.92
2026050717,8.66
2026050717,9.49
2026050717,9.3
2026050717,9.0
2026050718,9.19
2026050718,8.66
2026050718,7.31
2026050718,5.34
2026050719,1.98
2026050719,0.0
2026050800,0.0
2026050803,0.05
2026050803,2.38
2026050803,3.41
2026050804,4.0
2026050804,4.73
2026050804,5.35
2026050804,6.99
2026050805,10.48
2026050805,17.14
2026050805,29.86
2026050805,53.5
2026050806,84.87
2026050806,102.37
2026050806,136.0
2026050806,141.12
2026050807,143.32
2026050807,157.21
2026050807,171.06
2026050807,183.77
2026050808,195.67
2026050808,199.09
2026050808,192.37
2026050808,181.64
2026050809,169.63
2026050809,118.05
2026050809,96.35
2026050809,106.18
2026050810,77.67
2026050810,144.69
2026050810,213.22
2026050810,181.0
2026050811,236.4
2026050811,242.84
2026050811,218.24
2026050811,223.92
2026050812,220.56
2026050812,99.52
2026050812,158.87
2026050812,163.06
2026050813,158.4
2026050813,143.14
2026050813,186.74
2026050813,195.95
2026050814,229.39
2026050814,202.85
2026050814,175.3
2026050814,197.73
2026050815,182.35
2026050815,127.73
2026050815,109.34
2026050815,105.48
2026050816,102.11
2026050816,90.67
2026050816,79.82
2026050816,61.72
2026050817,46.42
2026050817,33.5
2026050817,20.63
2026050817,15.2
2026050818,9.16
2026050818,6.4
2026050818,5.01
2026050818,4.06
2026050819,1.84
2026050819,0.0
2026050900,0.0
2026050903,0.7
2026050903,3.28
2026050903,4.7
2026050904,6.83
2026050904,9.36
2026050904,11.97
2026050904,17.17
2026050905,25.73
2026050905,37.61
2026050905,51.98
2026050905,68.78
2026050906,84.48
2026050906,103.57
2026050906,116.78
2026050906,137.01
2026050907,141.21
2026050907,161.3
2026050907,182.03
2026050907,178.52
2026050908,199.88
2026050908,212.73
2026050908,221.57
2026050908,228.87
2026050909,233.43
2026050909,235.42
2026050909,239.72
2026050909,242.14
2026050910,242.8
2026050910,242.62
2026050910,240.45
2026050910,239.85
2026050911,242.72
2026050911,228.18
2026050911,233.0
2026050911,239.35
2026050912,240.09
2026050912,241.32
2026050912,242.83
2026050912,242.02
2026050913,235.66
2026050913,235.38
2026050913,231.01
2026050913,226.38
2026050914,218.7
2026050914,208.72
2026050914,197.19
2026050914,184.88
2026050915,172.29
2026050915,158.33
2026050915,143.59
2026050915,128.8
2026050916,113.06
2026050916,97.04
2026050916,80.81
2026050916,64.84
2026050917,49.61
2026050917,36.05
2026050917,24.61
2026050917,16.51
2026050918,11.58
2026050918,8.98
2026050918,6.31
2026050918,4.3
2026050919,2.47
2026050919,0.0
2026051000,0.0
2026051003,0.63
2026051003,3.35
2026051004,4.86
2026051004,9.07
2026051004,15.09
2026051004,20.83
2026051005,27.01
2026051005,37.13
2026051005,50.83
2026051005,61.67
2026051006,72.93
2026051006,63.62
2026051006,54.99
2026051006,96.29
2026051007,80.4
2026051007,130.48
2026051007,171.96
2026051007,181.53
2026051008,176.48
2026051008,169.59
2026051008,175.12
2026051008,191.66
2026051009,201.25
2026051009,160.69
2026051009,175.56
2026051009,161.55
2026051010,220.91
2026051010,224.06
2026051010,208.89
2026051010,154.17
2026051011,174.21
2026051011,134.23
2026051011,153.67
2026051011,165.17
2026051012,197.75
2026051012,220.52
2026051012,233.6
2026051012,211.57
2026051013,226.28
2026051013,239.78
2026051013,236.1
2026051013,230.59
2026051014,224.96
2026051014,215.75
2026051014,204.42
2026051014,191.99
2026051015,178.53
2026051015,164.51
2026051015,149.96
2026051015,134.66
2026051016,118.19
2026051016,101.24
2026051016,84.49
2026051016,68.22
2026051017,52.7
2026051017,38.15
2026051017,26.16
2026051017,17.43
2026051018,12.23
2026051018,9.3
2026051018,6.58
2026051018,4.72
2026051019,3.35
2026051019,0.06
2026051019,0.0
2026051100,0.0
2026051103,1.23
2026051103,3.61
2026051103,6.1
2026051104,11.44
2026051104,17.04
2026051104,24.48
2026051104,29.54
2026051105,35.58
2026051105,49.58
2026051105,68.29
2026051105,60.83
2026051106,55.76
2026051106,92.56
2026051106,105.34
2026051106,99.6
2026051107,110.72
2026051107,113.73
2026051107,120.5
2026051107,120.34
2026051108,122.21
2026051108,108.63
2026051108,139.27
2026051108,118.1
2026051109,82.16
2026051109,77.58
2026051109,92.49
2026051109,95.67
2026051110,141.68
2026051110,167.55
2026051110,184.65
2026051110,178.11
2026051111,185.36
2026051111,188.95
2026051111,179.78
2026051111,159.65
2026051112,161.01
2026051112,180.72
2026051112,162.72
2026051112,144.44
2026051113,137.83
2026051113,99.45
2026051113,96.69
2026051113,107.23
2026051114,115.32
2026051114,103.66
2026051114,129.28
2026051114,162.67
2026051115,103.91
2026051115,54.25
2026051115,55.05
2026051115,42.22
2026051116,37.12
2026051116,39.03
2026051116,28.59
2026051116,15.82
2026051117,9.07
2026051117,6.96
2026051117,4.99
2026051117,4.47
2026051118,7.02
2026051118,8.82
2026051118,7.71
2026051118,6.58
2026051119,3.05
2026051119,0.0
2026051200,0.0
2026051203,1.18
2026051203,3.33
2026051203,4.66
2026051204,6.7
2026051204,9.43
2026051204,12.69
2026051204,16.65
2026051205,29.75
2026051205,38.37
2026051205,53.58
2026051205,68.64
2026051206,84.12
2026051206,100.24
2026051206,117.52
2026051206,131.08
2026051207,106.57
2026051207,136.31
2026051207,128.34
2026051207,2.68
2026051208,110.9
2026051208,186.53
2026051208,176.62
2026051208,142.52
2026051209,118.62
2026051209,151.95
2026051209,83.8
2026051209,161.7
2026051210,195.93
2026051210,111.0
2026051210,48.45
2026051210,74.0
2026051211,98.57
2026051211,95.54
2026051211,90.63
2026051211,116.61
2026051212,150.81
2026051212,223.8
2026051212,141.04
2026051212,105.32
2026051213,84.74
2026051213,116.41
2026051213,132.39
2026051213,130.23
2026051214,185.83
2026051214,179.01
2026051214,129.39
2026051214,153.65
2026051215,151.18
2026051215,111.98
2026051215,50.89
2026051215,57.6
2026051216,38.99
2026051216,39.65
2026051216,40.26
2026051216,24.11
2026051217,21.64
2026051217,32.17
2026051217,31.92
2026051217,19.57
2026051218,13.75
2026051218,15.56
2026051218,13.37
2026051218,9.95
2026051219,6.18
2026051219,2.09
2026051219,0.0
2026051300,0.0
2026051303,0.11
2026051303,2.57
2026051304,3.7
2026051304,8.12
2026051304,11.45
2026051304,11.16
2026051305,22.92
2026051305,29.8
2026051305,38.72
2026051305,40.9
2026051306,52.1
2026051306,47.35
2026051306,47.18
2026051306,42.57
2026051307,71.36
2026051307,77.83
2026051307,57.54
2026051307,60.17
2026051308,76.65
2026051308,76.97
2026051308,96.77
2026051308,94.16
2026051309,98.94
2026051309,123.32
2026051309,127.59
2026051309,195.64
2026051310,204.37
2026051310,192.57
2026051310,109.3
2026051310,105.32
2026051311,132.84
2026051311,231.02
2026051311,233.12
2026051311,225.47
2026051312,194.6
2026051312,76.6
2026051312,99.44
2026051312,147.2
2026051313,63.09
2026051313,107.52
2026051313,120.46
2026051313,139.92
2026051314,108.99
2026051314,86.75
2026051314,211.77
2026051314,198.68
2026051315,172.29
2026051315,170.5
2026051315,149.06
2026051315,124.3
2026051316,90.56
2026051316,78.84
2026051316,82.44
2026051316,62.54
2026051317,51.57
2026051317,27.51
2026051317,30.42
2026051317,24.67
2026051318,24.4
2026051318,13.66
2026051318,9.74
2026051318,5.7
2026051319,4.2
2026051319,1.36
2026051319,0.0
2026051400,0.0
2026051403,2.05
2026051403,4.08
2026051403,7.04
2026051404,8.37
2026051404,17.79
2026051404,34.25
2026051404,27.64
2026051405,41.15
2026051405,47.61
2026051405,63.7
2026051405,55.31
2026051406,86.53
2026051406,108.8
2026051406,116.05
2026051406,49.03
2026051407,64.36
2026051407,150.31
2026051407,171.53
2026051407,68.11
2026051408,44.53
2026051408,77.35
2026051408,110.11
2026051408,151.83
2026051409,108.54
2026051409,54.71
2026051409,68.59
2026051409,118.65
2026051410,58.14
2026051410,14.57
2026051410,19.36
2026051410,60.15
2026051411,62.6
2026051411,34.8
2026051411,23.4
2026051411,22.62
2026051412,62.66
2026051412,12.3
2026051412,35.98
2026051412,65.7
2026051413,23.57
2026051413,46.73
2026051413,107.99
2026051413,115.76
2026051414,74.2
2026051414,62.05
2026051414,65.82
2026051414,100.15
2026051415,113.63
2026051415,119.42
2026051415,118.11
2026051415,99.39
2026051416,76.91
2026051416,56.22
2026051416,47.38
2026051416,35.55
2026051417,29.82
2026051417,32.43
2026051417,27.75
2026051417,14.51
2026051418,14.66
2026051418,11.63
2026051418,6.57
2026051418,4.8
2026051419,3.53
2026051419,0.5
2026051419,0.0
2026051500,0.0
2026051503,1.74
2026051503,0.46
2026051503,3.17
2026051504,6.62
2026051504,10.28
2026051504,8.26
2026051504,20.13
2026051505,14.36
2026051505,13.2
2026051505,15.32
2026051505,29.99
2026051506,23.33
2026051506,53.27
2026051506,109.03
2026051506,69.69
2026051507,43.34
2026051507,58.99
2026051507,71.94
2026051507,68.81
2026051508,74.65
2026051508,86.77
2026051508,74.88
2026051508,86.42
2026051509,130.95
2026051509,128.29
2026051509,115.67
2026051509,150.41
2026051510,133.22
2026051510,79.72
2026051510,110.98
2026051510,92.25
2026051511,158.55
2026051511,143.9
2026051511,128.58
2026051511,144.63
2026051512,119.81
2026051512,126.0
2026051512,110.6
2026051512,84.63
2026051513,126.72
2026051513,123.3
2026051513,96.42
2026051513,91.18
2026051514,109.34
2026051514,109.96
2026051514,85.36
2026051514,52.41
2026051515,59.52
2026051515,52.47
2026051515,61.95
2026051515,56.41
2026051516,28.13
2026051516,21.52
2026051516,39.51
2026051516,34.15
2026051517,33.14
2026051517,31.38
2026051517,31.37
2026051517,9.34
2026051518,0.86
2026051518,7.29
2026051518,4.18
2026051518,0.48
2026051519,0.0
2026051600,0.0
2026051603,2.06
2026051603,4.66
2026051604,5.09
2026051604,8.2
2026051604,15.87
2026051604,18.65
2026051605,23.97
2026051605,17.83
2026051605,26.52
2026051605,36.83
2026051606,42.26
2026051606,37.42
2026051606,36.01
2026051606,41.85
2026051607,59.11
2026051607,68.63
2026051607,58.24
2026051607,51.08
2026051608,34.44
2026051608,60.2
2026051608,53.85
2026051608,51.67
2026051609,40.32
2026051609,75.11
2026051609,88.7
2026051609,79.32
2026051610,65.75
2026051610,60.83
2026051610,76.14
2026051610,134.61
2026051611,168.57
2026051611,121.54
2026051611,94.74
2026051611,82.65
2026051612,153.2
2026051612,110.8
2026051612,116.5
2026051612,65.69
2026051613,57.99
2026051613,11.09
2026051613,27.52
2026051613,87.24
2026051614,98.73
2026051614,122.67
2026051614,100.53
2026051614,70.76
2026051615,65.29
2026051615,34.19
2026051615,43.99
2026051615,46.61
2026051616,41.74
2026051616,40.47
2026051616,27.98
2026051616,17.05
2026051617,20.39
2026051617,18.23
2026051617,11.81
2026051617,6.69
2026051618,6.94
2026051618,12.01
2026051618,10.59
2026051618,9.71
2026051619,4.53
2026051619,0.15
2026051619,0.0
2026051700,0.0
2026051703,0.05
2026051703,2.88
2026051703,4.15
2026051703,6.1
2026051704,8.31
2026051704,10.73
2026051704,13.96
2026051704,20.89
2026051705,33.02
2026051705,43.14
2026051705,57.92
2026051705,68.0
2026051706,45.01
2026051706,47.41
2026051706,56.43
2026051706,62.87
2026051707,64.72
2026051707,68.22
2026051707,80.35
2026051707,64.88
2026051708,43.76
2026051708,32.06
2026051708,43.85
2026051708,37.95
2026051709,44.09
2026051709,52.01
2026051709,60.46
2026051709,64.16
2026051710,54.29
2026051710,58.87
2026051710,51.22
2026051710,49.57
2026051711,39.3
2026051711,33.05
2026051711,29.58
2026051711,21.06
2026051712,17.16
2026051712,18.77
2026051712,59.99
2026051712,53.04
2026051713,22.61
2026051713,25.65
2026051713,23.85
2026051713,35.87
2026051714,31.87
2026051714,30.36
2026051714,32.61
2026051714,57.05
2026051715,51.47
2026051715,27.53
2026051715,41.7
2026051715,45.58
2026051716,47.95
2026051716,52.97
2026051716,17.67
2026051716,27.46
2026051717,18.15
2026051717,13.96
2026051717,16.19
2026051717,13.93
2026051718,8.26
2026051718,8.48
2026051718,6.03
2026051718,3.59
2026051719,2.7
2026051719,0.04
2026051719,0.0
2026051800,0.0
2026051803,0.09
2026051803,2.89
2026051803,3.97
2026051804,5.33
2026051804,9.09
2026051804,10.67
2026051804,15.88
2026051805,21.87
2026051805,30.04
2026051805,48.99
2026051805,59.27
2026051806,73.27
2026051806,89.31
2026051806,71.7
2026051806,73.47
2026051807,135.29
2026051807,52.21
2026051807,86.45
2026051807,115.75
2026051808,140.78
2026051808,166.74
2026051808,144.6
2026051808,148.65
2026051809,164.84
2026051809,73.7
2026051809,82.5
2026051809,112.83
2026051810,121.12
2026051810,80.84
2026051810,57.34
2026051810,33.18
2026051811,44.26
2026051811,48.11
2026051811,96.3
2026051811,84.99
2026051812,113.47
2026051812,104.15
2026051812,80.03
2026051812,78.32
2026051813,95.71
2026051813,125.28
2026051813,131.86
2026051813,47.69
2026051814,33.48
2026051814,20.61
2026051814,7.84
2026051814,7.9
2026051815,10.91
2026051815,31.53
2026051815,24.02
2026051815,27.27
2026051816,48.51
2026051816,50.24
2026051816,37.71
2026051816,23.68
2026051817,30.76
2026051817,30.22
2026051817,29.18
2026051817,20.08
2026051818,8.55
2026051818,6.14
2026051818,3.34
2026051818,3.85
2026051819,3.37
2026051819,0.31
2026051819,0.0
2026051900,0.0
2026051903,2.21
2026051904,3.7
2026051904,5.3
2026051904,10.58
2026051904,19.59
2026051905,22.12
2026051905,39.19
2026051905,57.44
2026051905,28.37
2026051906,18.3
2026051906,21.45
2026051906,40.24
2026051906,43.59
2026051907,49.06
2026051907,68.93
2026051907,85.94
2026051907,57.63
2026051908,62.36
2026051908,86.18
2026051908,94.84
2026051908,113.62
2026051909,158.36
2026051909,211.49
2026051909,218.45
2026051909,215.9
2026051910,203.41
2026051910,227.86
2026051910,222.71
2026051910,218.49
2026051911,162.11
2026051911,161.03
2026051911,152.3
2026051911,166.63
2026051912,214.54
2026051912,213.56
2026051912,204.81
2026051912,195.66
2026051913,128.35
2026051913,123.5
2026051913,108.79
2026051913,72.05
2026051914,53.9
2026051914,30.12
2026051914,33.06
2026051914,39.79
2026051915,59.51
2026051915,100.87
2026051915,113.39
2026051915,118.63
2026051916,120.04
2026051916,107.27
2026051916,87.11
2026051916,78.23
2026051917,63.05
2026051917,45.92
2026051917,32.49
2026051917,21.17
2026051918,11.55
2026051918,6.84
2026051918,5.86
2026051918,5.34
2026051919,4.22
2026051919,2.59
2026051919,0.0
2026052000,0.0
2026052003,0.56
2026052003,3.94
2026052003,6.36
2026052004,7.96
2026052004,8.05
2026052004,10.4
2026052004,8.17
2026052005,6.86
2026052005,12.35
2026052005,15.99
2026052005,16.0
2026052006,14.87
2026052006,26.85
2026052006,19.97
2026052006,31.87
2026052007,34.21
2026052007,37.82
2026052007,46.93
2026052007,29.66
2026052008,34.88
2026052008,24.86
2026052008,16.24
2026052008,28.03
2026052009,22.91
2026052009,21.01
2026052009,19.06
2026052009,55.44
2026052010,91.34
2026052010,53.46
2026052010,34.97
2026052010,58.96
2026052011,61.56
2026052011,68.08
2026052011,72.3
2026052011,117.06
2026052012,160.02
2026052012,166.89
2026052012,148.68
2026052012,156.12
2026052013,88.45
2026052013,116.59
2026052013,109.68
2026052013,154.38
2026052014,157.66
2026052014,163.3
2026052014,119.81
2026052014,130.49
2026052015,90.21
2026052015,111.41
2026052015,120.78
2026052015,86.18
2026052016,59.03
2026052016,41.48
2026052016,25.6
2026052016,15.41
2026052017,13.02
2026052017,10.64
2026052017,14.47
2026052017,15.66
2026052018,17.06
2026052018,9.28
2026052018,6.33
2026052018,4.73
2026052019,3.63
2026052019,1.23
2026052019,0.0
2026052100,0.0
2026052103,0.32
2026052103,3.55
2026052103,6.32
2026052104,11.24
2026052104,18.58
2026052104,25.73
2026052104,23.77
2026052105,22.46
2026052105,55.28
2026052105,57.98
2026052105,71.96
2026052106,76.35
2026052106,95.41
2026052106,86.91
2026052106,82.99
2026052107,117.74
2026052107,119.08
2026052107,143.84
2026052107,145.3
2026052108,154.93
2026052108,127.36
2026052200,0.0
2026052203,0.25
2026052203,2.92
2026052203,3.33
2026052204,4.45
2026052204,5.51
2026052204,12.26
2026052204,13.61
2026052205,12.87
2026052205,20.89
2026052205,23.62
2026052205,30.04
2026052206,34.0
2026052206,33.52
2026052206,34.97
2026052206,41.84
2026052207,40.8
2026052207,44.18
2026052207,50.38
2026052207,69.06
2026052208,73.4
2026052208,120.93
2026052208,179.38
2026052208,143.42
2026052209,148.12
2026052209,141.46
2026052209,141.42
2026052209,148.22
2026052210,87.02
2026052210,88.77
2026052210,73.46
2026052210,100.28
2026052211,90.0
2026052211,92.64
2026052211,101.67
2026052211,101.55
2026052212,98.87
2026052212,95.85
2026052212,85.51
2026052212,85.28
2026052213,92.17
2026052213,186.46
2026052213,199.58
2026052213,181.63
2026052214,196.12
2026052214,200.35
2026052214,197.21
2026052214,186.48
2026052215,173.95
2026052215,160.83
2026052215,146.29
2026052215,132.24
2026052216,117.11
2026052216,103.44
2026052216,87.88
2026052216,72.45
2026052217,57.94
2026052217,43.96
2026052217,30.86
2026052217,21.04
2026052218,15.64
2026052218,11.87
2026052218,10.76
2026052218,8.07
2026052219,4.65
2026052219,2.91
2026052219,0.01
2026052219,0.0
2026052300,0.0
2026052303,0.99
2026052303,3.23
2026052303,5.03
2026052303,7.56
2026052304,11.0
2026052304,15.14
2026052304,19.21
2026052304,27.51
2026052305,36.41
2026052305,42.49
2026052305,56.43
2026052305,74.63
2026052306,88.84
2026052306,108.71
2026052306,127.66
2026052306,104.19
2026052307,47.92
2026052307,32.99
2026052307,17.25
2026052307,0.0
2026052314,62.9
2026052315,39.51
2026052315,46.42
2026052315,128.44
2026052315,104.06
2026052316,85.01
2026052316,103.26
2026052316,83.96
2026052316,64.23
2026052317,62.9
2026052317,52.98
2026052317,45.42
2026052317,36.67
2026052318,19.76
2026052318,13.08
2026052318,9.7
2026052318,7.06
2026052319,5.46
2026052319,3.32
2026052319,0.24
2026052319,0.0
2026052400,0.0
2026052402,0.57
2026052403,3.3
2026052403,4.57
2026052403,7.19
2026052403,9.11
2026052404,12.13
2026052404,21.96
2026052404,23.0
2026052404,22.02
2026052405,35.43
2026052405,48.98
2026052405,56.01
2026052405,72.83
2026052406,68.1
2026052406,46.66
2026052406,56.26
2026052406,18.02
2026052407,50.27
2026052407,33.65
2026052407,0.0
2026052415,62.13
2026052415,70.37
2026052416,105.34
2026052416,58.84
2026052416,84.85
2026052416,75.12
2026052417,60.09
2026052417,45.91
2026052417,33.46
2026052417,23.42
2026052418,16.38
2026052418,12.4
2026052418,9.84
2026052418,7.39
2026052419,5.43
2026052419,3.98
2026052419,1.96
2026052419,0.0
2026052500,0.0
2026052503,2.12
2026052503,3.86
2026052503,5.81
2026052503,8.29
2026052504,10.66
2026052504,12.66
2026052504,16.5
2026052504,23.5
2026052505,33.58
2026052505,46.08
2026052505,60.38
2026052505,75.82
2026052506,91.43
2026052506,104.53
2026052506,101.61
2026052506,67.33
2026052507,71.01
2026052507,77.52
2026052507,83.74
2026052507,89.09
2026052508,56.12
2026052508,0.0
2026052515,69.69
2026052515,143.23
2026052515,130.55
2026052516,63.16
2026052516,52.96
2026052516,84.25
2026052516,74.17
2026052517,59.88
2026052517,46.7
2026052517,34.98
2026052517,25.48
2026052518,18.49
2026052518,13.95
2026052518,11.04
2026052518,8.2
2026052519,5.93
2026052519,4.12
2026052519,2.07
2026052519,0.0
2026052600,0.0
2026052603,2.37
2026052603,4.15
2026052603,6.24
2026052603,8.99
2026052604,12.42
2026052604,16.42
2026052604,20.95
2026052604,28.28
2026052605,36.12
2026052605,45.35
2026052605,58.29
2026052605,69.99
2026052606,78.03
2026052606,99.41
2026052606,110.58
2026052606,124.49
2026052607,137.84
2026052607,131.96
2026052607,161.83
2026052607,158.92
2026052608,91.04
2026052608,87.11
2026052608,94.55
2026052608,97.88
2026052609,72.46
2026052609,91.69
2026052609,96.84
2026052609,78.78
2026052610,58.04
2026052610,0.0
2026052614,91.53
2026052614,95.44
2026052614,91.78
2026052614,171.47
2026052615,91.27
2026052615,74.28
2026052615,68.15
2026052615,61.89
2026052616,55.17
2026052616,53.21
2026052616,82.94
2026052616,43.59
2026052617,58.37
2026052617,48.47
2026052617,35.81
2026052617,24.92
2026052618,16.86
2026052618,12.14
2026052618,9.81
2026052618,7.38
2026052619,5.47
2026052619,4.01
2026052619,2.81
2026052619,0.02
2026052620,0.0
2026052700,0.0
2026052704,24.98
2026052705,32.98
2026052705,33.27
2026052705,36.97
2026052705,74.57
2026052706,50.64
2026052706,60.48
2026052706,74.71
2026052706,86.33
2026052707,29.01
2026052707,12.32
2026052707,12.96
2026052707,13.53
2026052708,14.14
2026052708,14.67
2026052708,80.68
2026052708,73.83
2026052709,0.0
2026052714,85.9
2026052715,87.8
2026052715,81.45
2026052715,74.95
2026052715,72.37
2026052716,106.13
2026052716,92.53
2026052716,77.51
2026052716,58.41
2026052717,33.63
2026052717,16.66
2026052717,16.4
2026052717,27.87
2026052718,20.62
2026052718,14.66
2026052718,13.08
2026052718,10.14
2026052719,6.75
2026052719,4.58
2026052719,3.25
2026052719,0.3
2026052720,0.0
2026052800,0.0
2026052804,8.51
2026052805,36.88
2026052805,50.7
2026052805,65.02
2026052805,81.13
2026052806,98.06
2026052806,112.69
2026052806,129.89
2026052806,143.93
2026052807,159.6
2026052807,171.0
2026052807,175.86
2026052807,104.21
2026052808,127.29
2026052808,103.02
2026052808,101.68
2026052808,101.66
2026052809,101.67
2026052809,101.65
2026052810,76.63
2026052810,0.0
2026052812,93.96
2026052812,101.67
2026052812,101.69
2026052812,101.63
2026052813,101.65
2026052813,101.66
2026052813,101.62
2026052813,101.65
2026052814,196.28
2026052814,204.42
2026052814,194.34
2026052815,181.53
2026052815,169.68
2026052815,156.19
2026052815,143.52
2026052816,127.33
2026052816,108.86
2026052816,97.29
2026052816,79.63
2026052817,65.5
2026052817,50.65
2026052817,37.45
2026052817,26.12
2026052818,17.75
2026052818,12.9
2026052818,10.47
2026052818,7.94
2026052819,5.79
2026052819,0.74
2026052819,0.0
2026052900,0.0
2026052902,0.01
2026052903,0.0
2026052905,32.74
2026052905,50.79
2026052905,66.45
2026052905,75.68
2026052906,91.61
2026052906,108.55
2026052906,128.8
2026052906,97.04
2026052907,28.01
2026052907,24.59
2026052907,102.31
2026052907,123.61
2026052908,143.72
2026052908,188.81
2026052908,150.56
2026052908,105.79
2026052909,89.43
2026052909,64.9
2026052909,54.88
2026052910,53.71
2026052910,34.13
2026052911,2.78
2026052911,0.0
2026052912,3.79
2026052912,135.34
2026052913,105.93
2026052913,100.98
2026052913,198.95
2026052913,202.99
2026052914,176.21
2026052914,162.91
2026052914,127.17
2026052914,147.16
2026052915,137.75
2026052915,113.46
2026052915,131.38
2026052915,126.77
2026052916,116.64
2026052916,80.2
2026052916,68.95
2026052916,75.67
2026052917,48.36
2026052917,53.44
2026052917,37.84
2026052917,28.01
2026052918,20.18
2026052918,15.4
2026052918,11.9
2026052918,10.55
2026052919,7.67
2026052919,4.27
2026052919,2.93
2026052919,1.2
2026052920,0.0
2026053000,0.0
2026053003,1.47
2026053003,4.52
2026053003,6.29
2026053003,8.85
2026053004,11.71
2026053004,16.69
2026053004,22.59
2026053004,27.17
2026053005,30.7
2026053005,34.89
2026053005,36.73
2026053005,50.78
2026053006,51.12
2026053006,35.21
2026053006,47.88
2026053006,52.34
2026053007,47.64
2026053007,59.28
2026053007,74.41
2026053007,79.9
2026053008,70.34
2026053008,65.62
2026053008,70.42
2026053008,50.03
2026053009,52.52
2026053009,54.73
2026053009,68.99
2026053009,62.72
2026053010,63.59
2026053010,66.97
2026053010,84.28
2026053010,114.85
2026053011,79.09
2026053011,110.18
2026053011,91.22
2026053011,80.55
2026053012,62.58
2026053012,52.37
2026053012,51.93
2026053012,48.73
2026053013,50.31
2026053013,42.04
2026053013,30.5
2026053013,26.46
2026053014,25.47
2026053014,24.88
2026053014,47.2
2026053014,46.78
2026053015,45.51
2026053015,41.16
2026053015,38.95
2026053015,35.14
2026053016,31.83
2026053016,30.37
2026053016,30.92
2026053016,32.16
2026053017,31.83
2026053017,30.21
2026053017,21.82
2026053017,16.44
2026053018,16.45
2026053018,15.12
2026053018,10.8
2026053018,8.74
2026053019,7.1
2026053019,4.61
2026053019,2.94
2026053019,0.0
2026053100,0.0
2026053103,0.02
2026053103,2.89
2026053104,4.9
2026053104,6.86
2026053104,9.1
2026053104,12.0
2026053105,11.88
2026053105,10.61
2026053105,13.32
2026053105,14.57
2026053106,17.43
2026053106,18.63
2026053106,18.93
2026053106,25.55
2026053107,28.55
2026053107,31.67
2026053107,32.29
2026053107,29.1
2026053108,30.38
2026053108,40.8
2026053108,43.55
2026053108,43.91
2026053109,44.06
2026053109,42.18
2026053109,45.76
2026053109,51.31
2026053110,58.51
2026053110,48.01
2026053110,46.68
2026053110,42.41
2026053111,34.67
2026053111,32.57
2026053111,34.53
2026053111,33.04
2026053112,34.52
2026053112,40.34
2026053112,40.0
2026053112,44.46
2026053113,37.99
2026053113,32.69
2026053113,29.87
2026053113,26.39
2026053114,32.1
2026053114,43.46
2026053114,67.16
2026053114,66.0
2026053115,66.12
2026053115,81.52
2026053115,132.4
2026053115,124.03
2026053116,104.82
2026053116,78.7
2026053116,72.4
2026053116,45.75
2026053117,34.22
2026053117,22.49
2026053117,26.88
2026053117,34.79
2026053118,23.74
2026053118,17.24
2026053118,12.91
2026053118,7.22
2026053119,4.56
2026053119,4.02
2026053119,3.44
2026053119,0.33
2026053120,0.0
2026060100,0.0
2026060102,1.85
2026060103,3.96
2026060103,6.12
2026060103,6.19
2026060103,11.94
2026060104,15.3
2026060104,16.39
2026060104,15.4
2026060104,16.27
2026060105,13.31
2026060105,11.02
2026060105,15.65
2026060105,19.94
2026060106,17.55
2026060106,34.14
2026060106,86.83
2026060106,129.42
2026060107,120.91
2026060107,0.0
2026060107,78.17
2026060107,92.51
2026060108,127.68
2026060108,180.38
2026060108,192.65
2026060108,199.03
2026060109,208.28
2026060109,201.87
2026060109,132.68
2026060109,168.59
2026060110,209.47
2026060110,205.08
2026060110,206.61
2026060110,226.79
2026060111,237.66
2026060111,234.86
2026060111,227.69
2026060111,241.14
2026060112,238.58
2026060112,242.88
2026060112,241.88
2026060112,236.79
2026060113,239.64
2026060113,234.29
2026060113,232.49
2026060113,227.86
2026060114,221.76
2026060114,209.99
2026060114,193.72
2026060114,182.03
2026060115,176.43
2026060115,167.72
2026060115,141.28
2026060115,101.19
2026060116,80.04
2026060116,84.5
2026060116,63.12
2026060116,53.63
2026060117,51.31
2026060117,39.88
2026060117,30.69
2026060117,28.55
2026060118,21.7
2026060118,15.15
2026060118,12.54
2026060118,10.35
2026060119,8.13
2026060119,5.43
2026060119,3.58
2026060119,0.24
2026060120,0.0
2026060200,0.0
2026060202,0.03
2026060203,2.6
2026060203,3.21
2026060203,4.08
2026060203,9.78
2026060204,16.14
2026060204,21.65
2026060204,15.92
2026060204,27.52
2026060205,26.13
2026060205,33.91
2026060205,63.78
2026060205,74.58
2026060206,75.89
2026060206,97.05
2026060206,77.29
2026060206,86.63
2026060207,94.84
2026060207,116.23
2026060207,167.44
2026060207,159.92
2026060208,139.93
2026060208,130.14
2026060208,101.65
2026060208,148.82
2026060209,154.66
2026060209,191.97
2026060209,182.67
2026060209,157.44
2026060210,139.16
2026060210,146.71
2026060210,153.12
2026060210,147.94
2026060211,152.22
2026060211,153.28
2026060211,139.89
2026060211,131.72
2026060212,89.62
2026060212,98.16
2026060212,103.83
2026060212,98.36
2026060213,120.39
2026060213,80.9
2026060213,127.83
2026060213,137.65
2026060214,141.95
2026060214,141.49
2026060214,122.74
2026060214,73.05
2026060215,52.17
2026060215,99.85
2026060215,99.05
2026060215,45.05
2026060216,55.2
2026060216,52.39
2026060216,65.87
2026060216,68.86
2026060217,69.3
2026060217,39.52
2026060217,13.9
2026060217,10.37
2026060218,12.29
2026060218,7.41
2026060218,5.58
2026060218,7.55
2026060219,5.79
2026060219,4.54
2026060219,3.1
2026060219,0.0
2026060300,0.0
2026060303,0.06
2026060303,0.6
2026060303,3.41
2026060304,4.6
2026060304,5.62
2026060304,6.63
2026060304,8.18
2026060305,8.15
2026060305,5.55
2026060305,12.21
2026060305,18.67
2026060306,27.72
2026060306,38.35
2026060306,44.49
2026060306,37.0
2026060307,19.18
2026060307,20.99
2026060307,18.26
2026060307,43.53
2026060308,59.39
2026060308,74.45
2026060308,82.68
2026060308,99.5
2026060309,136.29
2026060309,143.7
2026060309,152.37
2026060309,151.99
2026060310,146.79
2026060310,142.8
2026060310,114.83
2026060310,129.37
2026060311,139.68
2026060311,168.8
2026060311,91.97
2026060311,83.57
2026060312,89.56
2026060312,76.44
2026060312,77.49
2026060312,50.66
2026060313,38.22
2026060313,117.95
2026060313,92.36
2026060313,92.07
2026060314,149.87
2026060314,94.25
2026060314,88.39
2026060314,115.39
2026060315,129.94
2026060315,64.29
2026060315,87.39
2026060315,81.37
2026060316,81.86
2026060316,105.56
2026060316,70.87
2026060316,42.73
2026060317,41.69
2026060317,30.48
2026060317,40.69
2026060317,32.08
2026060318,16.34
2026060318,9.34
2026060318,19.05
2026060318,8.81
2026060319,5.89
2026060319,4.08
2026060319,2.79
2026060319,0.0
2026060400,0.0
2026060403,0.6
2026060403,2.35
2026060403,1.49
2026060404,2.95
2026060404,3.31
2026060404,1.54
2026060404,0.0
2026060405,2.22
2026060405,14.15
2026060405,35.24
2026060406,63.63
2026060406,27.99
2026060406,23.45
2026060406,19.71
2026060407,24.71
2026060407,33.12
2026060407,38.27
2026060407,38.23
2026060408,25.41
2026060408,46.67
2026060408,61.52
2026060408,47.53
2026060409,66.72
2026060409,49.98
2026060409,36.36
2026060409,73.92
2026060410,32.64
2026060410,51.64
2026060410,26.77
2026060410,47.42
2026060411,41.82
2026060411,24.3
2026060411,26.11
2026060411,24.98
2026060412,39.46
2026060412,51.99
2026060412,46.94
2026060412,61.42
2026060413,36.38
2026060413,32.52
2026060413,27.5
2026060413,27.03
2026060414,16.56
2026060414,26.56
2026060414,9.44
2026060414,11.14
2026060415,37.13
2026060415,43.29
2026060415,80.24
2026060415,93.75
2026060416,88.78
2026060416,38.95
2026060416,28.83
2026060416,31.64
2026060417,29.0
2026060417,35.97
2026060417,35.79
2026060417,29.07
2026060418,20.87
2026060418,13.31
2026060418,15.02
2026060418,12.31
2026060419,5.36
2026060419,4.27
2026060419,4.88
2026060419,4.76
2026060420,0.83
2026060420,0.0
2026060500,0.0
2026060502,0.62
2026060503,3.45
2026060503,4.94
2026060503,9.68
2026060503,15.38
2026060504,21.31
2026060504,19.55
2026060504,25.83
2026060504,28.04
2026060505,18.07
2026060505,22.51
2026060505,23.53
2026060505,35.11
2026060506,61.48
2026060506,53.02
2026060506,66.42
2026060506,102.77
2026060507,25.33
2026060507,0.0
2026060508,152.73
2026060508,177.0
2026060508,157.01
2026060508,134.77
2026060509,134.38
2026060509,159.8
2026060509,171.28
2026060509,205.33
2026060510,204.85
2026060510,186.48
2026060510,141.58
2026060510,135.74
2026060511,156.36
2026060511,148.79
2026060511,168.6
2026060511,142.1
2026060512,169.46
2026060512,154.14
2026060512,123.41
2026060512,140.3
2026060513,105.22
2026060513,109.36
2026060513,57.35
2026060513,180.09
2026060514,133.72
2026060514,104.83
2026060514,142.16
2026060514,87.24
2026060515,126.34
2026060515,188.25
2026060515,134.02
2026060515,131.91
2026060516,113.66
2026060516,104.42
2026060516,91.84
2026060516,66.35
2026060517,71.54
2026060517,53.17
2026060517,43.94
2026060517,33.23
2026060518,21.4
2026060518,20.64
2026060518,17.04
2026060518,11.37
2026060519,9.65
2026060519,5.8
2026060519,4.19
2026060519,2.16
2026060520,0.0
2026060600,0.0
2026060606,83.67
2026060606,108.97
2026060606,119.65
2026060606,131.63
2026060607,150.83
2026060607,148.56
2026060607,122.85
2026060607,175.53
2026060608,101.15
2026060608,93.59
2026060608,138.54
2026060608,81.97
2026060609,101.79
2026060609,87.89
2026060609,79.04
2026060609,89.24
2026060610,84.57
2026060610,50.98
2026060610,88.67
2026060610,99.71
2026060611,63.78
2026060611,95.53
2026060611,79.7
2026060611,63.59
2026060612,46.96
2026060612,26.14
2026060612,42.84
2026060612,27.67
2026060613,73.89
2026060613,54.14
2026060613,32.95
2026060613,20.63
2026060614,14.98
2026060614,22.12
2026060614,27.93
2026060614,60.38
2026060615,43.51
2026060615,63.66
2026060615,121.26
2026060615,39.18
2026060616,23.49
2026060616,43.87
2026060616,33.11
2026060616,47.97
2026060617,43.95
2026060617,43.51
2026060617,39.38
2026060617,27.05
2026060618,12.56
2026060618,6.47
2026060618,6.88
2026060618,5.01
2026060619,3.91
2026060619,2.29
2026060619,0.0
2026060700,0.0
2026060703,1.49
2026060703,3.25
2026060703,3.76
2026060703,5.69
2026060704,5.95
2026060704,12.79
2026060704,15.96
2026060704,20.56
2026060705,19.72
2026060705,19.33
2026060705,28.92
2026060705,2.45
2026060706,27.78
2026060706,0.85
2026060706,0.0
2026060715,26.37
2026060715,28.38
2026060716,21.38
2026060716,54.32
2026060716,55.56
2026060716,45.51
2026060717,26.33
2026060717,15.67
2026060717,13.0
2026060717,9.24
2026060718,8.43
2026060718,7.76
2026060718,10.63
2026060718,8.07
2026060719,5.3
2026060719,4.83
2026060719,3.87
2026060719,3.26
2026060720,0.32
2026060720,0.0
2026060800,0.0
2026060802,0.55
2026060802,3.41
2026060803,5.74
2026060803,9.23
2026060803,10.72
2026060803,12.89
2026060804,15.14
2026060804,32.7
2026060804,30.93
2026060804,18.78
2026060805,22.84
2026060805,26.67
2026060805,31.08
2026060805,25.05
2026060806,45.21
2026060806,68.02
2026060806,63.4
2026060806,87.6
2026060807,97.42
2026060807,90.58
2026060807,69.11
2026060807,41.41
2026060808,43.5
2026060808,73.25
2026060808,65.93
2026060808,50.15
2026060809,89.31
2026060809,63.59
2026060809,34.74
2026060809,40.65
2026060810,40.26
2026060810,42.86
2026060810,39.31
2026060810,64.69
2026060811,88.69
2026060811,83.52
2026060811,109.44
2026060811,89.68
2026060812,108.09
2026060812,81.55
2026060812,59.89
2026060812,82.76
2026060813,99.23
2026060813,87.37
2026060813,58.42
2026060813,36.22
2026060814,41.58
2026060814,41.53
2026060814,39.28
2026060814,29.05
2026060815,35.41
2026060815,32.38
2026060815,21.43
2026060815,16.3
2026060816,29.8
2026060816,34.96
2026060816,26.05
2026060816,25.13
2026060817,19.18
2026060817,23.53
2026060817,20.42
2026060817,24.65
2026060818,17.14
2026060818,6.85
2026060818,4.52
2026060818,3.97
2026060819,2.86
2026060819,0.07
2026060819,0.0
2026060900,0.0
2026060903,0.01
2026060903,2.74
2026060903,4.03
2026060903,5.77
2026060904,5.39
2026060904,8.39
2026060904,17.79
2026060904,19.07
2026060905,20.63
2026060905,16.73
2026060905,17.72
2026060905,32.01
2026060906,28.74
2026060906,37.28
2026060906,47.93
2026060906,57.07
2026060907,32.85
2026060907,61.68
2026060907,58.86
2026060907,36.82
2026060908,62.98
2026060908,127.66
2026060908,171.04
2026060908,116.0
2026060909,99.51
2026060909,127.67
2026060909,153.55
2026060909,81.35
2026060910,70.46
2026060910,57.01
2026060910,90.93
2026060910,80.08
2026060911,83.52
2026060911,78.73
2026060911,90.12
2026060911,87.77
2026060912,84.89
2026060912,88.25
2026060912,88.6
2026060912,74.22
2026060913,88.43
2026060913,97.24
2026060913,79.47
2026060913,99.64
2026060914,24.1
2026060914,46.98
2026060914,47.29
2026060914,45.09
2026060915,68.53
2026060915,133.51
2026060915,134.01
2026060915,88.99
2026060916,97.1
2026060916,47.34
2026060916,86.62
2026060916,46.84
2026060917,58.8
2026060917,47.25
2026060917,36.6
2026060917,35.43
2026060918,24.61
2026060918,15.42
2026060918,11.45
2026060918,10.64
2026060919,8.34
2026060919,6.47
2026060919,3.98
2026060919,0.21
2026060920,0.0
2026061000,0.0
2026061002,1.41
2026061003,3.75
2026061003,5.41
2026061003,10.98
2026061003,33.18
2026061004,6.08
2026061004,6.77
2026061004,26.17
2026061004,35.8
2026061005,38.33
2026061005,12.54
2026061005,42.81
2026061005,85.36
2026061006,41.41
2026061006,11.41
2026061006,32.43
2026061006,63.96
2026061007,78.82
2026061007,89.64
2026061007,89.92
2026061007,51.68
2026061008,97.87
2026061008,50.49
2026061008,28.71
2026061008,89.74
2026061009,98.07
2026061009,68.17
2026061009,109.61
2026061009,105.61
2026061010,53.94
2026061010,74.59
2026061010,75.74
2026061010,94.58
2026061011,81.09
2026061011,70.28
2026061011,87.7
2026061011,84.08
2026061012,95.5
2026061012,207.62
2026061012,90.81
2026061012,77.75
2026061013,108.44
2026061013,118.23
2026061013,170.39
2026061013,132.93
2026061014,102.65
2026061014,126.75
2026061014,111.32
2026061014,95.46
2026061015,40.1
2026061015,35.89
2026061015,38.11
2026061015,64.08
2026061016,64.76
2026061016,34.56
2026061016,34.53
2026061016,43.9
2026061017,30.94
2026061017,32.34
2026061017,35.72
2026061017,41.03
2026061018,27.31
2026061018,11.52
2026061018,0.0
2026061019,0.76
2026061020,0.99
2026061020,0.0
2026061100,0.0
2026061102,1.61
2026061102,0.0
2026061105,19.51
2026061105,45.57
2026061105,101.25
2026061106,1.99
2026061106,0.0
2026061106,58.1
2026061106,124.86
2026061107,152.13
2026061107,116.85
2026061107,111.47
2026061107,166.42
2026061108,199.69
2026061108,218.27
2026061108,205.4
2026061108,154.09
2026061109,158.13
2026061109,102.94
2026061109,109.42
2026061109,141.57
2026061110,233.58
2026061110,242.76
2026061110,242.86
2026061110,236.86
2026061111,239.5
2026061111,233.9
2026061111,234.75
2026061111,224.34
2026061112,194.98
2026061200,0
2026061200,0
2026061200,0
2026061200,0
2026061201,0
2026061201,0
2026061201,0
2026061201,0
2026061202,0
2026061202,0
2026061202,0
2026061202,0
2026061203,0
2026061203,0
2026061203,0
2026061203,0
2026061204,0
2026061204,0
2026061204,0
2026061204,0
2026061205,0
2026061205,0
2026061205,0
2026061205,0
2026061206,0
2026061206,0
2026061206,0
2026061206,0
2026061207,0
2026061207,0
2026061207,0
2026061207,0
2026061208,0
2026061208,0
2026061208,0
2026061208,0
2026061209,0
2026061209,0
2026061209,0
2026061209,0
2026061210,0
2026061210,0
2026061210,0
2026061210,0
2026061211,0
2026061211,0
2026061211,0
2026061211,0
2026061212,0
2026061212,0
2026061212,0
2026061212,0
2026061213,0
2026061213,0
2026061213,0
2026061213,0
2026061214,0
2026061214,0
2026061214,0
2026061214,0
2026061215,0
2026061215,0
2026061215,0
2026061215,0
2026061216,0
2026061216,0
2026061216,0
2026061216,0
2026061217,0
2026061217,0
2026061217,0
2026061217,0
2026061218,0
2026061218,0
2026061218,0
2026061218,0
2026061219,0
2026061219,0
2026061219,0
2026061219,0
2026061220,0
2026061220,0
2026061220,0
2026061220,0
2026061221,0
2026061221,0
2026061221,0
2026061221,0
2026061222,0
2026061222,0
2026061222,0
2026061222,0
2026061223,0
2026061223,0
2026061223,0
2026061223,0
