Timestamp,Quantity_MW
2025010100,-0.0001
2025010100,-0.0001
2025010100,-0.0001
2025010100,-0.0001
2025010101,-0.0001
2025010101,-0.0001
2025010101,-0.0001
2025010101,-0.0001
2025010102,-0.0001
2025010102,-0.0001
2025010102,-0.0001
2025010102,-0.0001
2025010103,-0.0001
2025010103,-0.0001
2025010103,-0.0001
2025010103,-0.0001
2025010104,-0.0001
2025010104,-0.0001
2025010104,-0.0001
2025010104,-0.0001
2025010105,-0.0001
2025010105,-0.0001
2025010105,-0.0001
2025010105,-0.0001
2025010106,-0.0001
2025010106,-0.0001
2025010106,-0.0001
2025010106,-0.0001
2025010107,-0.0001
2025010107,-0.0001
2025010107,-0.0001
2025010107,-0.0001
2025010108,-0.0001
2025010108,-0.0001
2025010108,-0.0001
2025010108,-0.0001
2025010109,-0.0001
2025010109,-0.0001
2025010109,-0.0001
2025010109,-0.0001
2025010110,-0.0001
2025010110,-0.0001
2025010110,-0.0001
2025010110,-0.0001
2025010111,-0.0001
2025010111,-0.0001
2025010111,-0.0001
2025010111,-0.0001
2025010112,-0.0001
2025010112,-0.0001
2025010112,-0.0001
2025010112,-0.0001
2025010113,-0.0001
2025010113,-0.0001
2025010113,-0.0001
2025010113,-0.0001
2025010114,-0.0001
2025010114,-0.0001
2025010114,-0.0001
2025010114,-0.0001
2025010115,-0.0001
2025010115,-0.0001
2025010115,-0.0001
2025010115,-0.0001
2025010116,-0.0001
2025010116,-0.0001
2025010116,-0.0001
2025010116,-0.0001
2025010117,-0.0001
2025010117,-0.0001
2025010117,-0.0001
2025010117,-0.0001
2025010118,-0.0001
2025010118,-0.0001
2025010118,-0.0001
2025010118,-0.0001
2025010119,-0.0001
2025010119,-0.0001
2025010119,-0.0001
2025010119,-0.0001
2025010120,-0.0001
2025010120,-0.0001
2025010120,-0.0001
2025010120,-0.0001
2025010121,-0.0001
2025010121,-0.0001
2025010121,-0.0001
2025010121,-0.0001
2025010122,-0.0001
2025010122,-0.0001
2025010122,-0.0001
2025010122,-0.0001
2025010123,-0.0001
2025010123,-0.0001
2025010123,-0.0001
2025010123,-0.0001
2025010200,-0.0001
2025010200,-0.0001
2025010200,-0.0001
2025010200,-0.0001
2025010201,-0.0001
2025010201,-0.0001
2025010201,-0.0001
2025010201,-0.0001
2025010202,-0.0001
2025010202,-0.0001
2025010202,-0.0001
2025010202,-0.0001
2025010203,-0.0001
2025010203,-0.0001
2025010203,-0.0001
2025010203,-0.0001
2025010204,-0.0001
2025010204,-0.0001
2025010204,-0.0001
2025010204,-0.0001
2025010205,-0.0001
2025010205,-0.0001
2025010205,-0.0001
2025010205,-0.0001
2025010206,-0.0001
2025010206,-0.0001
2025010206,-0.0001
2025010206,-0.0001
2025010207,-0.0001
2025010207,-0.0001
2025010207,-0.0001
2025010207,-0.0001
2025010208,-0.0001
2025010208,-0.0001
2025010208,-0.0001
2025010208,-0.0001
2025010209,-0.0001
2025010209,-0.0001
2025010209,-0.0001
2025010209,-0.0001
2025010210,-0.0001
2025010210,-0.0001
2025010210,-0.0001
2025010210,-0.0001
2025010211,-0.0001
2025010211,-0.0001
2025010211,-0.0001
2025010211,-0.0001
2025010212,-0.0001
2025010212,-0.0001
2025010212,-0.0001
2025010212,-0.0001
2025010213,-0.0001
2025010213,-0.0001
2025010213,-0.0001
2025010213,-0.0001
2025010214,-0.0001
2025010214,-0.0001
2025010214,-0.0001
2025010214,-0.0001
2025010215,-0.0001
2025010215,-0.0001
2025010215,-0.0001
2025010215,-0.0001
2025010216,-0.0001
2025010216,-0.0001
2025010216,-0.0001
2025010216,-0.0001
2025010217,-0.0001
2025010217,-0.0001
2025010217,-0.0001
2025010217,-0.0001
2025010218,-0.0001
2025010218,-0.0001
2025010218,-0.0001
2025010218,-0.0001
2025010219,-0.0001
2025010219,-0.0001
2025010219,-0.0001
2025010219,-0.0001
2025010220,-0.0001
2025010220,-0.0001
2025010220,-0.0001
2025010220,-0.0001
2025010221,-0.0001
2025010221,-0.0001
2025010221,-0.0001
2025010221,-0.0001
2025010222,-0.0001
2025010222,-0.0001
2025010222,-0.0001
2025010222,-0.0001
2025010223,-0.0001
2025010223,-0.0001
2025010223,-0.0001
2025010223,-0.0001
2025010300,-0.0001
2025010300,-0.0001
2025010300,-0.0001
2025010300,-0.0001
2025010301,-0.0001
2025010301,-0.0001
2025010301,-0.0001
2025010301,-0.0001
2025010302,-0.0001
2025010302,-0.0001
2025010302,-0.0001
2025010302,-0.0001
2025010303,-0.0001
2025010303,-0.0001
2025010303,-0.0001
2025010303,-0.0001
2025010304,-0.0001
2025010304,-0.0001
2025010304,-0.0001
2025010304,-0.0001
2025010305,-0.0001
2025010305,-0.0001
2025010305,-0.0001
2025010305,-0.0001
2025010306,-0.0001
2025010306,-0.0001
2025010306,-0.0001
2025010306,-0.0001
2025010307,-0.0001
2025010307,-0.0001
2025010307,-0.0001
2025010307,-0.0001
2025010308,-0.0001
2025010308,-0.0001
2025010308,-0.0001
2025010308,-0.0001
2025010309,-0.0001
2025010309,-0.0001
2025010309,-0.0001
2025010309,-0.0001
2025010310,-0.0001
2025010310,-0.0001
2025010310,-0.0001
2025010310,-0.0001
2025010311,-0.0001
2025010311,-0.0001
2025010311,-0.0001
2025010311,-0.0001
2025010312,-0.0001
2025010312,-0.0001
2025010312,-0.0001
2025010312,-0.0001
2025010313,-0.0001
2025010313,-0.0001
2025010313,-0.0001
2025010313,-0.0001
2025010314,-0.0001
2025010314,-0.0001
2025010314,-0.0001
2025010314,-0.0001
2025010315,-0.0001
2025010315,-0.0001
2025010315,-0.0001
2025010315,-0.0001
2025010316,-0.0001
2025010316,-0.0001
2025010316,-0.0001
2025010316,-0.0001
2025010317,-0.0001
2025010317,-0.0001
2025010317,-0.0001
2025010317,-0.0001
2025010318,-0.0001
2025010318,-0.0001
2025010318,-0.0001
2025010318,-0.0001
2025010319,-0.0001
2025010319,-0.0001
2025010319,-0.0001
2025010319,-0.0001
2025010320,-0.0001
2025010320,-0.0001
2025010320,-0.0001
2025010320,-0.0001
2025010321,-0.0001
2025010321,-0.0001
2025010321,-0.0001
2025010321,-0.0001
2025010322,-0.0001
2025010322,-0.0001
2025010322,-0.0001
2025010322,-0.0001
2025010323,-0.0001
2025010323,-0.0001
2025010323,-0.0001
2025010323,-0.0001
2025010400,-0.0001
2025010400,-0.0001
2025010400,-0.0001
2025010400,-0.0001
2025010401,-0.0001
2025010401,-0.0001
2025010401,-0.0001
2025010401,-0.0001
2025010402,-0.0001
2025010402,-0.0001
2025010402,-0.0001
2025010402,-0.0001
2025010403,-0.0001
2025010403,-0.0001
2025010403,-0.0001
2025010403,-0.0001
2025010404,-0.0001
2025010404,-0.0001
2025010404,-0.0001
2025010404,-0.0001
2025010405,-0.0001
2025010405,-0.0001
2025010405,-0.0001
2025010405,-0.0001
2025010406,-0.0001
2025010406,-0.0001
2025010406,-0.0001
2025010406,-0.0001
2025010407,-0.0001
2025010407,-0.0001
2025010407,-0.0001
2025010407,-0.0001
2025010408,-0.0001
2025010408,-0.0001
2025010408,-0.0001
2025010408,-0.0001
2025010409,-0.0001
2025010409,-0.0001
2025010409,-0.0001
2025010409,-0.0001
2025010410,-0.0001
2025010410,-0.0001
2025010410,-0.0001
2025010410,-0.0001
2025010411,-0.0001
2025010411,-0.0001
2025010411,-0.0001
2025010411,-0.0001
2025010412,-0.0001
2025010412,-0.0001
2025010412,-0.0001
2025010412,-0.0001
2025010413,-0.0001
2025010413,-0.0001
2025010413,-0.0001
2025010413,-0.0001
2025010414,-0.0001
2025010414,-0.0001
2025010414,-0.0001
2025010414,-0.0001
2025010415,-0.0001
2025010415,-0.0001
2025010415,-0.0001
2025010415,-0.0001
2025010416,-0.0001
2025010416,-0.0001
2025010416,-0.0001
2025010416,-0.0001
2025010417,-0.0001
2025010417,-0.0001
2025010417,-0.0001
2025010417,-0.0001
2025010418,-0.0001
2025010418,-0.0001
2025010418,-0.0001
2025010418,-0.0001
2025010419,-0.0001
2025010419,-0.0001
2025010419,-0.0001
2025010419,-0.0001
2025010420,-0.0001
2025010420,-0.0001
2025010420,-0.0001
2025010420,-0.0001
2025010421,-0.0001
2025010421,-0.0001
2025010421,-0.0001
2025010421,-0.0001
2025010422,-0.0001
2025010422,-0.0001
2025010422,-0.0001
2025010422,-0.0001
2025010423,-0.0001
2025010423,-0.0001
2025010423,-0.0001
2025010423,-0.0001
2025010500,-0.0001
2025010500,-0.0001
2025010500,-0.0001
2025010500,-0.0001
2025010501,-0.0001
2025010501,-0.0001
2025010501,-0.0001
2025010501,-0.0001
2025010502,-0.0001
2025010502,-0.0001
2025010502,-0.0001
2025010502,-0.0001
2025010503,-0.0001
2025010503,-0.0001
2025010503,-0.0001
2025010503,-0.0001
2025010504,-0.0001
2025010504,-0.0001
2025010504,-0.0001
2025010504,-0.0001
2025010505,-0.0001
2025010505,-0.0001
2025010505,-0.0001
2025010505,-0.0001
2025010506,-0.0001
2025010506,-0.0001
2025010506,-0.0001
2025010506,-0.0001
2025010507,-0.0001
2025010507,-0.0001
2025010507,-0.0001
2025010507,-0.0001
2025010508,-0.0001
2025010508,-0.0001
2025010508,-0.0001
2025010508,-0.0001
2025010509,-0.0001
2025010509,-0.0001
2025010509,-0.0001
2025010509,-0.0001
2025010510,-0.0001
2025010510,-0.0001
2025010510,-0.0001
2025010510,-0.0001
2025010511,-0.0001
2025010511,-0.0001
2025010511,-0.0001
2025010511,-0.0001
2025010512,-0.0001
2025010512,-0.0001
2025010512,-0.0001
2025010512,-0.0001
2025010513,-0.0001
2025010513,-0.0001
2025010513,-0.0001
2025010513,-0.0001
2025010514,-0.0001
2025010514,-0.0001
2025010514,-0.0001
2025010514,-0.0001
2025010515,-0.0001
2025010515,-0.0001
2025010515,-0.0001
2025010515,-0.0001
2025010516,-0.0001
2025010516,-0.0001
2025010516,-0.0001
2025010516,-0.0001
2025010517,-0.0001
2025010517,-0.0001
2025010517,-0.0001
2025010517,-0.0001
2025010518,-0.0001
2025010518,-0.0001
2025010518,-0.0001
2025010518,-0.0001
2025010519,-0.0001
2025010519,-0.0001
2025010519,-0.0001
2025010519,-0.0001
2025010520,-0.0001
2025010520,-0.0001
2025010520,-0.0001
2025010520,-0.0001
2025010521,-0.0001
2025010521,-0.0001
2025010521,-0.0001
2025010521,-0.0001
2025010522,-0.0001
2025010522,-0.0001
2025010522,-0.0001
2025010522,-0.0001
2025010523,-0.0001
2025010523,-0.0001
2025010523,-0.0001
2025010523,-0.0001
2025010600,-0.0001
2025010600,-0.0001
2025010600,-0.0001
2025010600,-0.0001
2025010601,-0.0001
2025010601,-0.0001
2025010601,-0.0001
2025010601,-0.0001
2025010602,-0.0001
2025010602,-0.0001
2025010602,-0.0001
2025010602,-0.0001
2025010603,-0.0001
2025010603,-0.0001
2025010603,-0.0001
2025010603,-0.0001
2025010604,-0.0001
2025010604,-0.0001
2025010604,-0.0001
2025010604,-0.0001
2025010605,-0.0001
2025010605,-0.0001
2025010605,-0.0001
2025010605,-0.0001
2025010606,-0.0001
2025010606,-0.0001
2025010606,-0.0001
2025010606,-0.0001
2025010607,-0.0001
2025010607,-0.0001
2025010607,-0.0001
2025010607,-0.0001
2025010608,-0.0001
2025010608,-0.0001
2025010608,-0.0001
2025010608,-0.0001
2025010609,-0.0001
2025010609,-0.0001
2025010609,-0.0001
2025010609,-0.0001
2025010610,-0.0001
2025010610,-0.0001
2025010610,-0.0001
2025010610,-0.0001
2025010611,-0.0001
2025010611,-0.0001
2025010611,-0.0001
2025010611,-0.0001
2025010612,-0.0001
2025010612,-0.0001
2025010612,-0.0001
2025010612,-0.0001
2025010613,-0.0001
2025010613,-0.0001
2025010613,-0.0001
2025010613,-0.0001
2025010614,-0.0001
2025010614,-0.0001
2025010614,-0.0001
2025010614,-0.0001
2025010615,-0.0001
2025010615,-0.0001
2025010615,-0.0001
2025010615,-0.0001
2025010616,-0.0001
2025010616,-0.0001
2025010616,-0.0001
2025010616,-0.0001
2025010617,-0.0001
2025010617,-0.0001
2025010617,-0.0001
2025010617,-0.0001
2025010618,-0.0001
2025010618,-0.0001
2025010618,-0.0001
2025010618,-0.0001
2025010619,-0.0001
2025010619,-0.0001
2025010619,-0.0001
2025010619,-0.0001
2025010620,-0.0001
2025010620,-0.0001
2025010620,-0.0001
2025010620,-0.0001
2025010621,-0.0001
2025010621,-0.0001
2025010621,-0.0001
2025010621,-0.0001
2025010622,-0.0001
2025010622,-0.0001
2025010622,-0.0001
2025010622,-0.0001
2025010623,-0.0001
2025010623,-0.0001
2025010623,-0.0001
2025010623,-0.0001
2025010700,-0.0001
2025010700,-0.0001
2025010700,-0.0001
2025010700,-0.0001
2025010701,-0.0001
2025010701,-0.0001
2025010701,-0.0001
2025010701,-0.0001
2025010702,-0.0001
2025010702,-0.0001
2025010702,-0.0001
2025010702,-0.0001
2025010703,-0.0001
2025010703,-0.0001
2025010703,-0.0001
2025010703,-0.0001
2025010704,-0.0001
2025010704,-0.0001
2025010704,-0.0001
2025010704,-0.0001
2025010705,-0.0001
2025010705,-0.0001
2025010705,-0.0001
2025010705,-0.0001
2025010706,-0.0001
2025010706,-0.0001
2025010706,-0.0001
2025010706,-0.0001
2025010707,-0.0001
2025010707,-0.0001
2025010707,-0.0001
2025010707,-0.0001
2025010708,-0.0001
2025010708,-0.0001
2025010708,-0.0001
2025010708,-0.0001
2025010709,-0.0001
2025010709,-0.0001
2025010709,-0.0001
2025010709,-0.0001
2025010710,-0.0001
2025010710,-0.0001
2025010710,-0.0001
2025010710,-0.0001
2025010711,-0.0001
2025010711,-0.0001
2025010711,-0.0001
2025010711,-0.0001
2025010712,-0.0001
2025010712,-0.0001
2025010712,-0.0001
2025010712,-0.0001
2025010713,-0.0001
2025010713,-0.0001
2025010713,-0.0001
2025010713,-0.0001
2025010714,-0.0001
2025010714,-0.0001
2025010714,-0.0001
2025010714,-0.0001
2025010715,-0.0001
2025010715,-0.0001
2025010715,-0.0001
2025010715,-0.0001
2025010716,-0.0001
2025010716,-0.0001
2025010716,-0.0001
2025010716,-0.0001
2025010717,-0.0001
2025010717,-0.0001
2025010717,-0.0001
2025010717,-0.0001
2025010718,-0.0001
2025010718,-0.0001
2025010718,-0.0001
2025010718,-0.0001
2025010719,-0.0001
2025010719,-0.0001
2025010719,-0.0001
2025010719,-0.0001
2025010720,-0.0001
2025010720,-0.0001
2025010720,-0.0001
2025010720,-0.0001
2025010721,-0.0001
2025010721,-0.0001
2025010721,-0.0001
2025010721,-0.0001
2025010722,-0.0001
2025010722,-0.0001
2025010722,-0.0001
2025010722,-0.0001
2025010723,-0.0001
2025010723,-0.0001
2025010723,-0.0001
2025010723,-0.0001
2025010800,-0.0001
2025010800,-0.0001
2025010800,-0.0001
2025010800,-0.0001
2025010801,-0.0001
2025010801,-0.0001
2025010801,-0.0001
2025010801,-0.0001
2025010802,-0.0001
2025010802,-0.0001
2025010802,-0.0001
2025010802,-0.0001
2025010803,-0.0001
2025010803,-0.0001
2025010803,-0.0001
2025010803,-0.0001
2025010804,-0.0001
2025010804,-0.0001
2025010804,-0.0001
2025010804,-0.0001
2025010805,-0.0001
2025010805,-0.0001
2025010805,-0.0001
2025010805,-0.0001
2025010806,-0.0001
2025010806,-0.0001
2025010806,-0.0001
2025010806,-0.0001
2025010807,-0.0001
2025010807,-0.0001
2025010807,-0.0001
2025010807,-0.0001
2025010808,-0.0001
2025010808,-0.0001
2025010808,-0.0001
2025010808,-0.0001
2025010809,-0.0001
2025010809,-0.0001
2025010809,-0.0001
2025010809,-0.0001
2025010810,-0.0001
2025010810,-0.0001
2025010810,-0.0001
2025010810,-0.0001
2025010811,-0.0001
2025010811,-0.0001
2025010811,-0.0001
2025010811,-0.0001
2025010812,-0.0001
2025010812,-0.0001
2025010812,-0.0001
2025010812,-0.0001
2025010813,-0.0001
2025010813,-0.0001
2025010813,-0.0001
2025010813,-0.0001
2025010814,-0.0001
2025010814,-0.0001
2025010814,-0.0001
2025010814,-0.0001
2025010815,-0.0001
2025010815,-0.0001
2025010815,-0.0001
2025010815,-0.0001
2025010816,-0.0001
2025010816,-0.0001
2025010816,-0.0001
2025010816,-0.0001
2025010817,-0.0001
2025010817,-0.0001
2025010817,-0.0001
2025010817,-0.0001
2025010818,-0.0001
2025010818,-0.0001
2025010818,-0.0001
2025010818,-0.0001
2025010819,-0.0001
2025010819,-0.0001
2025010819,-0.0001
2025010819,-0.0001
2025010820,-0.0001
2025010820,-0.0001
2025010820,-0.0001
2025010820,-0.0001
2025010821,-0.0001
2025010821,-0.0001
2025010821,-0.0001
2025010821,-0.0001
2025010822,-0.0001
2025010822,-0.0001
2025010822,-0.0001
2025010822,-0.0001
2025010823,-0.0001
2025010823,-0.0001
2025010823,-0.0001
2025010823,-0.0001
2025010900,-0.0001
2025010900,-0.0001
2025010900,-0.0001
2025010900,-0.0001
2025010901,-0.0001
2025010901,-0.0001
2025010901,-0.0001
2025010901,-0.0001
2025010902,-0.0001
2025010902,-0.0001
2025010902,-0.0001
2025010902,-0.0001
2025010903,-0.0001
2025010903,-0.0001
2025010903,-0.0001
2025010903,-0.0001
2025010904,-0.0001
2025010904,-0.0001
2025010904,-0.0001
2025010904,-0.0001
2025010905,-0.0001
2025010905,-0.0001
2025010905,-0.0001
2025010905,-0.0001
2025010906,-0.0001
2025010906,-0.0001
2025010906,-0.0001
2025010906,-0.0001
2025010907,-0.0001
2025010907,-0.0001
2025010907,-0.0001
2025010907,-0.0001
2025010908,-0.0001
2025010908,-0.0001
2025010908,-0.0001
2025010908,-0.0001
2025010909,-0.0001
2025010909,-0.0001
2025010909,-0.0001
2025010909,-0.0001
2025010910,-0.0001
2025010910,-0.0001
2025010910,-0.0001
2025010910,-0.0001
2025010911,-0.0001
2025010911,-0.0001
2025010911,-0.0001
2025010911,-0.0001
2025010912,-0.0001
2025010912,-0.0001
2025010912,-0.0001
2025010912,-0.0001
2025010913,-0.0001
2025010913,-0.0001
2025010913,-0.0001
2025010913,-0.0001
2025010914,-0.0001
2025010914,-0.0001
2025010914,-0.0001
2025010914,-0.0001
2025010915,-0.0001
2025010915,-0.0001
2025010915,-0.0001
2025010915,-0.0001
2025010916,-0.0001
2025010916,-0.0001
2025010916,-0.0001
2025010916,-0.0001
2025010917,-0.0001
2025010917,-0.0001
2025010917,-0.0001
2025010917,-0.0001
2025010918,-0.0001
2025010918,-0.0001
2025010918,-0.0001
2025010918,-0.0001
2025010919,-0.0001
2025010919,-0.0001
2025010919,-0.0001
2025010919,-0.0001
2025010920,-0.0001
2025010920,-0.0001
2025010920,-0.0001
2025010920,-0.0001
2025010921,-0.0001
2025010921,-0.0001
2025010921,-0.0001
2025010921,-0.0001
2025010922,-0.0001
2025010922,-0.0001
2025010922,-0.0001
2025010922,-0.0001
2025010923,-0.0001
2025010923,-0.0001
2025010923,-0.0001
2025010923,-0.0001
2025011000,-0.0001
2025011000,-0.0001
2025011000,-0.0001
2025011000,-0.0001
2025011001,-0.0001
2025011001,-0.0001
2025011001,-0.0001
2025011001,-0.0001
2025011002,-0.0001
2025011002,-0.0001
2025011002,-0.0001
2025011002,-0.0001
2025011003,-0.0001
2025011003,-0.0001
2025011003,-0.0001
2025011003,-0.0001
2025011004,-0.0001
2025011004,-0.0001
2025011004,-0.0001
2025011004,-0.0001
2025011005,-0.0001
2025011005,-0.0001
2025011005,-0.0001
2025011005,-0.0001
2025011006,-0.0001
2025011006,-0.0001
2025011006,-0.0001
2025011006,-0.0001
2025011007,-0.0001
2025011007,-0.0001
2025011007,-0.0001
2025011007,-0.0001
2025011008,-0.0001
2025011008,-0.0001
2025011008,-0.0001
2025011008,-0.0001
2025011009,-0.0001
2025011009,-0.0001
2025011009,-0.0001
2025011009,-0.0001
2025011010,-0.0001
2025011010,-0.0001
2025011010,-0.0001
2025011010,-0.0001
2025011011,-0.0001
2025011011,-0.0001
2025011011,-0.0001
2025011011,-0.0001
2025011012,-0.0001
2025011012,-0.0001
2025011012,-0.0001
2025011012,-0.0001
2025011013,-0.0001
2025011013,-0.0001
2025011013,-0.0001
2025011013,-0.0001
2025011014,-0.0001
2025011014,-0.0001
2025011014,-0.0001
2025011014,-0.0001
2025011015,-0.0001
2025011015,-0.0001
2025011015,-0.0001
2025011015,-0.0001
2025011016,-0.0001
2025011016,-0.0001
2025011016,-0.0001
2025011016,-0.0001
2025011017,-0.0001
2025011017,-0.0001
2025011017,-0.0001
2025011017,-0.0001
2025011018,-0.0001
2025011018,-0.0001
2025011018,-0.0001
2025011018,-0.0001
2025011019,-0.0001
2025011019,-0.0001
2025011019,-0.0001
2025011019,-0.0001
2025011020,-0.0001
2025011020,-0.0001
2025011020,-0.0001
2025011020,-0.0001
2025011021,-0.0001
2025011021,-0.0001
2025011021,-0.0001
2025011021,-0.0001
2025011022,-0.0001
2025011022,-0.0001
2025011022,-0.0001
2025011022,-0.0001
2025011023,-0.0001
2025011023,-0.0001
2025011023,-0.0001
2025011023,-0.0001
2025011100,-0.0001
2025011100,-0.0001
2025011100,-0.0001
2025011100,-0.0001
2025011101,-0.0001
2025011101,-0.0001
2025011101,-0.0001
2025011101,-0.0001
2025011102,-0.0001
2025011102,-0.0001
2025011102,-0.0001
2025011102,-0.0001
2025011103,-0.0001
2025011103,-0.0001
2025011103,-0.0001
2025011103,-0.0001
2025011104,-0.0001
2025011104,-0.0001
2025011104,-0.0001
2025011104,-0.0001
2025011105,-0.0001
2025011105,-0.0001
2025011105,-0.0001
2025011105,-0.0001
2025011106,-0.0001
2025011106,-0.0001
2025011106,-0.0001
2025011106,-0.0001
2025011107,-0.0001
2025011107,-0.0001
2025011107,-0.0001
2025011107,-0.0001
2025011108,-0.0001
2025011108,-0.0001
2025011108,-0.0001
2025011108,-0.0001
2025011109,-0.0001
2025011109,-0.0001
2025011109,-0.0001
2025011109,-0.0001
2025011110,-0.0001
2025011110,-0.0001
2025011110,-0.0001
2025011110,-0.0001
2025011111,-0.0001
2025011111,-0.0001
2025011111,-0.0001
2025011111,-0.0001
2025011112,-0.0001
2025011112,-0.0001
2025011112,-0.0001
2025011112,-0.0001
2025011113,-0.0001
2025011113,-0.0001
2025011113,-0.0001
2025011113,-0.0001
2025011114,-0.0001
2025011114,-0.0001
2025011114,-0.0001
2025011114,-0.0001
2025011115,-0.0001
2025011115,-0.0001
2025011115,-0.0001
2025011115,-0.0001
2025011116,-0.0001
2025011116,-0.0001
2025011116,-0.0001
2025011116,-0.0001
2025011117,-0.0001
2025011117,-0.0001
2025011117,-0.0001
2025011117,-0.0001
2025011118,-0.0001
2025011118,-0.0001
2025011118,-0.0001
2025011118,-0.0001
2025011119,-0.0001
2025011119,-0.0001
2025011119,-0.0001
2025011119,-0.0001
2025011120,-0.0001
2025011120,-0.0001
2025011120,-0.0001
2025011120,-0.0001
2025011121,-0.0001
2025011121,-0.0001
2025011121,-0.0001
2025011121,-0.0001
2025011122,-0.0001
2025011122,-0.0001
2025011122,-0.0001
2025011122,-0.0001
2025011123,-0.0001
2025011123,-0.0001
2025011123,-0.0001
2025011123,-0.0001
2025011200,-0.0001
2025011200,-0.0001
2025011200,-0.0001
2025011200,-0.0001
2025011201,-0.0001
2025011201,-0.0001
2025011201,-0.0001
2025011201,-0.0001
2025011202,-0.0001
2025011202,-0.0001
2025011202,-0.0001
2025011202,-0.0001
2025011203,-0.0001
2025011203,-0.0001
2025011203,-0.0001
2025011203,-0.0001
2025011204,-0.0001
2025011204,-0.0001
2025011204,-0.0001
2025011204,-0.0001
2025011205,-0.0001
2025011205,-0.0001
2025011205,-0.0001
2025011205,-0.0001
2025011206,-0.0001
2025011206,-0.0001
2025011206,-0.0001
2025011206,-0.0001
2025011207,-0.0001
2025011207,-0.0001
2025011207,-0.0001
2025011207,-0.0001
2025011208,-0.0001
2025011208,-0.0001
2025011208,-0.0001
2025011208,-0.0001
2025011209,-0.0001
2025011209,-0.0001
2025011209,-0.0001
2025011209,-0.0001
2025011210,-0.0001
2025011210,-0.0001
2025011210,-0.0001
2025011210,-0.0001
2025011211,-0.0001
2025011211,-0.0001
2025011211,-0.0001
2025011211,-0.0001
2025011212,-0.0001
2025011212,-0.0001
2025011212,-0.0001
2025011212,-0.0001
2025011213,-0.0001
2025011213,-0.0001
2025011213,-0.0001
2025011213,-0.0001
2025011214,-0.0001
2025011214,-0.0001
2025011214,-0.0001
2025011214,-0.0001
2025011215,-0.0001
2025011215,-0.0001
2025011215,-0.0001
2025011215,-0.0001
2025011216,-0.0001
2025011216,-0.0001
2025011216,-0.0001
2025011216,-0.0001
2025011217,-0.0001
2025011217,-0.0001
2025011217,-0.0001
2025011217,-0.0001
2025011218,-0.0001
2025011218,-0.0001
2025011218,-0.0001
2025011218,-0.0001
2025011219,-0.0001
2025011219,-0.0001
2025011219,-0.0001
2025011219,-0.0001
2025011220,-0.0001
2025011220,-0.0001
2025011220,-0.0001
2025011220,-0.0001
2025011221,-0.0001
2025011221,-0.0001
2025011221,-0.0001
2025011221,-0.0001
2025011222,-0.0001
2025011222,-0.0001
2025011222,-0.0001
2025011222,-0.0001
2025011223,-0.0001
2025011223,-0.0001
2025011223,-0.0001
2025011223,-0.0001
2025011300,-0.0001
2025011300,-0.0001
2025011300,-0.0001
2025011300,-0.0001
2025011301,-0.0001
2025011301,-0.0001
2025011301,-0.0001
2025011301,-0.0001
2025011302,-0.0001
2025011302,-0.0001
2025011302,-0.0001
2025011302,-0.0001
2025011303,-0.0001
2025011303,-0.0001
2025011303,-0.0001
2025011303,-0.0001
2025011304,-0.0001
2025011304,-0.0001
2025011304,-0.0001
2025011304,-0.0001
2025011305,-0.0001
2025011305,-0.0001
2025011305,-0.0001
2025011305,-0.0001
2025011306,-0.0001
2025011306,-0.0001
2025011306,-0.0001
2025011306,-0.0001
2025011307,-0.0001
2025011307,-0.0001
2025011307,-0.0001
2025011307,-0.0001
2025011308,-0.0001
2025011308,-0.0001
2025011308,-0.0001
2025011308,-0.0001
2025011309,-0.0001
2025011309,-0.0001
2025011309,-0.0001
2025011309,-0.0001
2025011310,-0.0001
2025011310,-0.0001
2025011310,-0.0001
2025011310,-0.0001
2025011311,-0.0001
2025011311,-0.0001
2025011311,-0.0001
2025011311,-0.0001
2025011312,-0.0001
2025011312,-0.0001
2025011312,-0.0001
2025011312,-0.0001
2025011313,-0.0001
2025011313,-0.0001
2025011313,-0.0001
2025011313,-0.0001
2025011314,-0.0001
2025011314,-0.0001
2025011314,-0.0001
2025011314,-0.0001
2025011315,-0.0001
2025011315,-0.0001
2025011315,-0.0001
2025011315,-0.0001
2025011316,-0.0001
2025011316,-0.0001
2025011316,-0.0001
2025011316,-0.0001
2025011317,-0.0001
2025011317,-0.0001
2025011317,-0.0001
2025011317,-0.0001
2025011318,-0.0001
2025011318,-0.0001
2025011318,-0.0001
2025011318,-0.0001
2025011319,-0.0001
2025011319,-0.0001
2025011319,-0.0001
2025011319,-0.0001
2025011320,-0.0001
2025011320,-0.0001
2025011320,-0.0001
2025011320,-0.0001
2025011321,-0.0001
2025011321,-0.0001
2025011321,-0.0001
2025011321,-0.0001
2025011322,-0.0001
2025011322,-0.0001
2025011322,-0.0001
2025011322,-0.0001
2025011323,-0.0001
2025011323,-0.0001
2025011323,-0.0001
2025011323,-0.0001
2025011400,-0.0001
2025011400,-0.0001
2025011400,-0.0001
2025011400,-0.0001
2025011401,-0.0001
2025011401,-0.0001
2025011401,-0.0001
2025011401,-0.0001
2025011402,-0.0001
2025011402,-0.0001
2025011402,-0.0001
2025011402,-0.0001
2025011403,-0.0001
2025011403,-0.0001
2025011403,-0.0001
2025011403,-0.0001
2025011404,-0.0001
2025011404,-0.0001
2025011404,-0.0001
2025011404,-0.0001
2025011405,-0.0001
2025011405,-0.0001
2025011405,-0.0001
2025011405,-0.0001
2025011406,-0.0001
2025011406,-0.0001
2025011406,-0.0001
2025011406,-0.0001
2025011407,-0.0001
2025011407,-0.0001
2025011407,-0.0001
2025011407,-0.0001
2025011408,-0.0001
2025011408,-0.0001
2025011408,-0.0001
2025011408,-0.0001
2025011409,-0.0001
2025011409,-0.0001
2025011409,-0.0001
2025011409,-0.0001
2025011410,-0.0001
2025011410,-0.0001
2025011410,-0.0001
2025011410,-0.0001
2025011411,-0.0001
2025011411,-0.0001
2025011411,-0.0001
2025011411,-0.0001
2025011412,-0.0001
2025011412,-0.0001
2025011412,-0.0001
2025011412,-0.0001
2025011413,-0.0001
2025011413,-0.0001
2025011413,-0.0001
2025011413,-0.0001
2025011414,-0.0001
2025011414,-0.0001
2025011414,-0.0001
2025011414,-0.0001
2025011415,-0.0001
2025011415,-0.0001
2025011415,-0.0001
2025011415,-0.0001
2025011416,-0.0001
2025011416,-0.0001
2025011416,-0.0001
2025011416,-0.0001
2025011417,-0.0001
2025011417,-0.0001
2025011417,-0.0001
2025011417,-0.0001
2025011418,-0.0001
2025011418,-0.0001
2025011418,-0.0001
2025011418,-0.0001
2025011419,-0.0001
2025011419,-0.0001
2025011419,-0.0001
2025011419,-0.0001
2025011420,-0.0001
2025011420,-0.0001
2025011420,-0.0001
2025011420,-0.0001
2025011421,-0.0001
2025011421,-0.0001
2025011421,-0.0001
2025011421,-0.0001
2025011422,-0.0001
2025011422,-0.0001
2025011422,-0.0001
2025011422,-0.0001
2025011423,-0.0001
2025011423,-0.0001
2025011423,-0.0001
2025011423,-0.0001
2025011500,-0.0001
2025011500,-0.0001
2025011500,-0.0001
2025011500,-0.0001
2025011501,-0.0001
2025011501,-0.0001
2025011501,-0.0001
2025011501,-0.0001
2025011502,-0.0001
2025011502,-0.0001
2025011502,-0.0001
2025011502,-0.0001
2025011503,-0.0001
2025011503,-0.0001
2025011503,-0.0001
2025011503,-0.0001
2025011504,-0.0001
2025011504,-0.0001
2025011504,-0.0001
2025011504,-0.0001
2025011505,-0.0001
2025011505,-0.0001
2025011505,-0.0001
2025011505,-0.0001
2025011506,-0.0001
2025011506,-0.0001
2025011506,-0.0001
2025011506,-0.0001
2025011507,-0.0001
2025011507,-0.0001
2025011507,-0.0001
2025011507,-0.0001
2025011508,-0.0001
2025011508,-0.0001
2025011508,-0.0001
2025011508,-0.0001
2025011509,-0.0001
2025011509,-0.0001
2025011509,-0.0001
2025011509,-0.0001
2025011510,-0.0001
2025011510,-0.0001
2025011510,-0.0001
2025011510,-0.0001
2025011511,-0.0001
2025011511,-0.0001
2025011511,-0.0001
2025011511,-0.0001
2025011512,-0.0001
2025011512,-0.0001
2025011512,-0.0001
2025011512,-0.0001
2025011513,-0.0001
2025011513,-0.0001
2025011513,-0.0001
2025011513,-0.0001
2025011514,-0.0001
2025011514,-0.0001
2025011514,-0.0001
2025011514,-0.0001
2025011515,-0.0001
2025011515,-0.0001
2025011515,-0.0001
2025011515,-0.0001
2025011516,-0.0001
2025011516,-0.0001
2025011516,-0.0001
2025011516,-0.0001
2025011517,-0.0001
2025011517,-0.0001
2025011517,-0.0001
2025011517,-0.0001
2025011518,-0.0001
2025011518,-0.0001
2025011518,-0.0001
2025011518,-0.0001
2025011519,-0.0001
2025011519,-0.0001
2025011519,-0.0001
2025011519,-0.0001
2025011520,-0.0001
2025011520,-0.0001
2025011520,-0.0001
2025011520,-0.0001
2025011521,-0.0001
2025011521,-0.0001
2025011521,-0.0001
2025011521,-0.0001
2025011522,-0.0001
2025011522,-0.0001
2025011522,-0.0001
2025011522,-0.0001
2025011523,-0.0001
2025011523,-0.0001
2025011523,-0.0001
2025011523,-0.0001
2025011600,-0.0001
2025011600,-0.0001
2025011600,-0.0001
2025011600,-0.0001
2025011601,-0.0001
2025011601,-0.0001
2025011601,-0.0001
2025011601,-0.0001
2025011602,-0.0001
2025011602,-0.0001
2025011602,-0.0001
2025011602,-0.0001
2025011603,-0.0001
2025011603,-0.0001
2025011603,-0.0001
2025011603,-0.0001
2025011604,-0.0001
2025011604,-0.0001
2025011604,-0.0001
2025011604,-0.0001
2025011605,-0.0001
2025011605,-0.0001
2025011605,-0.0001
2025011605,-0.0001
2025011606,-0.0001
2025011606,-0.0001
2025011606,-0.0001
2025011606,-0.0001
2025011607,-0.0001
2025011607,-0.0001
2025011607,-0.0001
2025011607,-0.0001
2025011608,-0.0001
2025011608,-0.0001
2025011608,-0.0001
2025011608,-0.0001
2025011609,-0.0001
2025011609,-0.0001
2025011609,-0.0001
2025011609,-0.0001
2025011610,-0.0001
2025011610,-0.0001
2025011610,-0.0001
2025011610,-0.0001
2025011611,-0.0001
2025011611,-0.0001
2025011611,-0.0001
2025011611,-0.0001
2025011612,-0.0001
2025011612,-0.0001
2025011612,-0.0001
2025011612,-0.0001
2025011613,-0.0001
2025011613,-0.0001
2025011613,-0.0001
2025011613,-0.0001
2025011614,-0.0001
2025011614,-0.0001
2025011614,-0.0001
2025011614,-0.0001
2025011615,-0.0001
2025011615,-0.0001
2025011615,-0.0001
2025011615,-0.0001
2025011616,-0.0001
2025011616,-0.0001
2025011616,-0.0001
2025011616,-0.0001
2025011617,-0.0001
2025011617,-0.0001
2025011617,-0.0001
2025011617,-0.0001
2025011618,-0.0001
2025011618,-0.0001
2025011618,-0.0001
2025011618,-0.0001
2025011619,-0.0001
2025011619,-0.0001
2025011619,-0.0001
2025011619,-0.0001
2025011620,-0.0001
2025011620,-0.0001
2025011620,-0.0001
2025011620,-0.0001
2025011621,-0.0001
2025011621,-0.0001
2025011621,-0.0001
2025011621,-0.0001
2025011622,-0.0001
2025011622,-0.0001
2025011622,-0.0001
2025011622,-0.0001
2025011623,-0.0001
2025011623,-0.0001
2025011623,-0.0001
2025011623,-0.0001
2025011700,-0.0001
2025011700,-0.0001
2025011700,-0.0001
2025011700,-0.0001
2025011701,-0.0001
2025011701,-0.0001
2025011701,-0.0001
2025011701,-0.0001
2025011702,-0.0001
2025011702,-0.0001
2025011702,-0.0001
2025011702,-0.0001
2025011703,-0.0001
2025011703,-0.0001
2025011703,-0.0001
2025011703,-0.0001
2025011704,-0.0001
2025011704,-0.0001
2025011704,-0.0001
2025011704,-0.0001
2025011705,-0.0001
2025011705,-0.0001
2025011705,-0.0001
2025011705,-0.0001
2025011706,-0.0001
2025011706,-0.0001
2025011706,-0.0001
2025011706,-0.0001
2025011707,-0.0001
2025011707,-0.0001
2025011707,-0.0001
2025011707,-0.0001
2025011708,-0.0001
2025011708,-0.0001
2025011708,-0.0001
2025011708,-0.0001
2025011709,-0.0001
2025011709,-0.0001
2025011709,-0.0001
2025011709,-0.0001
2025011710,-0.0001
2025011710,-0.0001
2025011710,-0.0001
2025011710,-0.0001
2025011711,-0.0001
2025011711,-0.0001
2025011711,-0.0001
2025011711,-0.0001
2025011712,-0.0001
2025011712,-0.0001
2025011712,-0.0001
2025011712,-0.0001
2025011713,-0.0001
2025011713,-0.0001
2025011713,-0.0001
2025011713,-0.0001
2025011714,-0.0001
2025011714,-0.0001
2025011714,-0.0001
2025011714,-0.0001
2025011715,-0.0001
2025011715,-0.0001
2025011715,-0.0001
2025011715,-0.0001
2025011716,-0.0001
2025011716,-0.0001
2025011716,-0.0001
2025011716,-0.0001
2025011717,-0.0001
2025011717,-0.0001
2025011717,-0.0001
2025011717,-0.0001
2025011718,-0.0001
2025011718,-0.0001
2025011718,-0.0001
2025011718,-0.0001
2025011719,-0.0001
2025011719,-0.0001
2025011719,-0.0001
2025011719,-0.0001
2025011720,-0.0001
2025011720,-0.0001
2025011720,-0.0001
2025011720,-0.0001
2025011721,-0.0001
2025011721,-0.0001
2025011721,-0.0001
2025011721,-0.0001
2025011722,-0.0001
2025011722,-0.0001
2025011722,-0.0001
2025011722,-0.0001
2025011723,-0.0001
2025011723,-0.0001
2025011723,-0.0001
2025011723,-0.0001
2025011800,-0.0001
2025011800,-0.0001
2025011800,-0.0001
2025011800,-0.0001
2025011801,-0.0001
2025011801,-0.0001
2025011801,-0.0001
2025011801,-0.0001
2025011802,-0.0001
2025011802,-0.0001
2025011802,-0.0001
2025011802,-0.0001
2025011803,-0.0001
2025011803,-0.0001
2025011803,-0.0001
2025011803,-0.0001
2025011804,-0.0001
2025011804,-0.0001
2025011804,-0.0001
2025011804,-0.0001
2025011805,-0.0001
2025011805,-0.0001
2025011805,-0.0001
2025011805,-0.0001
2025011806,-0.0001
2025011806,-0.0001
2025011806,-0.0001
2025011806,-0.0001
2025011807,-0.0001
2025011807,-0.0001
2025011807,-0.0001
2025011807,-0.0001
2025011808,-0.0001
2025011808,-0.0001
2025011808,-0.0001
2025011808,-0.0001
2025011809,-0.0001
2025011809,-0.0001
2025011809,-0.0001
2025011809,-0.0001
2025011810,-0.0001
2025011810,-0.0001
2025011810,-0.0001
2025011810,-0.0001
2025011811,-0.0001
2025011811,-0.0001
2025011811,-0.0001
2025011811,-0.0001
2025011812,-0.0001
2025011812,-0.0001
2025011812,-0.0001
2025011812,-0.0001
2025011813,-0.0001
2025011813,-0.0001
2025011813,-0.0001
2025011813,-0.0001
2025011814,-0.0001
2025011814,-0.0001
2025011814,-0.0001
2025011814,-0.0001
2025011815,-0.0001
2025011815,-0.0001
2025011815,-0.0001
2025011815,-0.0001
2025011816,-0.0001
2025011816,-0.0001
2025011816,-0.0001
2025011816,-0.0001
2025011817,-0.0001
2025011817,-0.0001
2025011817,-0.0001
2025011817,-0.0001
2025011818,-0.0001
2025011818,-0.0001
2025011818,-0.0001
2025011818,-0.0001
2025011819,-0.0001
2025011819,-0.0001
2025011819,-0.0001
2025011819,-0.0001
2025011820,-0.0001
2025011820,-0.0001
2025011820,-0.0001
2025011820,-0.0001
2025011821,-0.0001
2025011821,-0.0001
2025011821,-0.0001
2025011821,-0.0001
2025011822,-0.0001
2025011822,-0.0001
2025011822,-0.0001
2025011822,-0.0001
2025011823,-0.0001
2025011823,-0.0001
2025011823,-0.0001
2025011823,-0.0001
2025011900,-0.0001
2025011900,-0.0001
2025011900,-0.0001
2025011900,-0.0001
2025011901,-0.0001
2025011901,-0.0001
2025011901,-0.0001
2025011901,-0.0001
2025011902,-0.0001
2025011902,-0.0001
2025011902,-0.0001
2025011902,-0.0001
2025011903,-0.0001
2025011903,-0.0001
2025011903,-0.0001
2025011903,-0.0001
2025011904,-0.0001
2025011904,-0.0001
2025011904,-0.0001
2025011904,-0.0001
2025011905,-0.0001
2025011905,-0.0001
2025011905,-0.0001
2025011905,-0.0001
2025011906,-0.0001
2025011906,-0.0001
2025011906,-0.0001
2025011906,-0.0001
2025011907,-0.0001
2025011907,-0.0001
2025011907,-0.0001
2025011907,-0.0001
2025011908,-0.0001
2025011908,-0.0001
2025011908,-0.0001
2025011908,-0.0001
2025011909,-0.0001
2025011909,-0.0001
2025011909,-0.0001
2025011909,-0.0001
2025011910,-0.0001
2025011910,-0.0001
2025011910,-0.0001
2025011910,-0.0001
2025011911,-0.0001
2025011911,-0.0001
2025011911,-0.0001
2025011911,-0.0001
2025011912,-0.0001
2025011912,-0.0001
2025011912,-0.0001
2025011912,-0.0001
2025011913,-0.0001
2025011913,-0.0001
2025011913,-0.0001
2025011913,-0.0001
2025011914,-0.0001
2025011914,-0.0001
2025011914,-0.0001
2025011914,-0.0001
2025011915,-0.0001
2025011915,-0.0001
2025011915,-0.0001
2025011915,-0.0001
2025011916,-0.0001
2025011916,-0.0001
2025011916,-0.0001
2025011916,-0.0001
2025011917,-0.0001
2025011917,-0.0001
2025011917,-0.0001
2025011917,-0.0001
2025011918,-0.0001
2025011918,-0.0001
2025011918,-0.0001
2025011918,-0.0001
2025011919,-0.0001
2025011919,-0.0001
2025011919,-0.0001
2025011919,-0.0001
2025011920,-0.0001
2025011920,-0.0001
2025011920,-0.0001
2025011920,-0.0001
2025011921,-0.0001
2025011921,-0.0001
2025011921,-0.0001
2025011921,-0.0001
2025011922,-0.0001
2025011922,-0.0001
2025011922,-0.0001
2025011922,-0.0001
2025011923,-0.0001
2025011923,-0.0001
2025011923,-0.0001
2025011923,-0.0001
2025012000,-0.0001
2025012000,-0.0001
2025012000,-0.0001
2025012000,-0.0001
2025012001,-0.0001
2025012001,-0.0001
2025012001,-0.0001
2025012001,-0.0001
2025012002,-0.0001
2025012002,-0.0001
2025012002,-0.0001
2025012002,-0.0001
2025012003,-0.0001
2025012003,-0.0001
2025012003,-0.0001
2025012003,-0.0001
2025012004,-0.0001
2025012004,-0.0001
2025012004,-0.0001
2025012004,-0.0001
2025012005,-0.0001
2025012005,-0.0001
2025012005,-0.0001
2025012005,-0.0001
2025012006,-0.0001
2025012006,-0.0001
2025012006,-0.0001
2025012006,-0.0001
2025012007,-0.0001
2025012007,-0.0001
2025012007,-0.0001
2025012007,-0.0001
2025012008,-0.0001
2025012008,-0.0001
2025012008,-0.0001
2025012008,-0.0001
2025012009,-0.0001
2025012009,-0.0001
2025012009,-0.0001
2025012009,-0.0001
2025012010,-0.0001
2025012010,-0.0001
2025012010,-0.0001
2025012010,-0.0001
2025012011,-0.0001
2025012011,-0.0001
2025012011,-0.0001
2025012011,-0.0001
2025012012,-0.0001
2025012012,-0.0001
2025012012,-0.0001
2025012012,-0.0001
2025012013,-0.0001
2025012013,-0.0001
2025012013,-0.0001
2025012013,-0.0001
2025012014,-0.0001
2025012014,-0.0001
2025012014,-0.0001
2025012014,-0.0001
2025012015,-0.0001
2025012015,-0.0001
2025012015,-0.0001
2025012015,-0.0001
2025012016,-0.0001
2025012016,-0.0001
2025012016,-0.0001
2025012016,-0.0001
2025012017,-0.0001
2025012017,-0.0001
2025012017,-0.0001
2025012017,-0.0001
2025012018,-0.0001
2025012018,-0.0001
2025012018,-0.0001
2025012018,-0.0001
2025012019,-0.0001
2025012019,-0.0001
2025012019,-0.0001
2025012019,-0.0001
2025012020,-0.0001
2025012020,-0.0001
2025012020,-0.0001
2025012020,-0.0001
2025012021,-0.0001
2025012021,-0.0001
2025012021,-0.0001
2025012021,-0.0001
2025012022,-0.0001
2025012022,-0.0001
2025012022,-0.0001
2025012022,-0.0001
2025012023,-0.0001
2025012023,-0.0001
2025012023,-0.0001
2025012023,-0.0001
2025012100,-0.0001
2025012100,-0.0001
2025012100,-0.0001
2025012100,-0.0001
2025012101,-0.0001
2025012101,-0.0001
2025012101,-0.0001
2025012101,-0.0001
2025012102,-0.0001
2025012102,-0.0001
2025012102,-0.0001
2025012102,-0.0001
2025012103,-0.0001
2025012103,-0.0001
2025012103,-0.0001
2025012103,-0.0001
2025012104,-0.0001
2025012104,-0.0001
2025012104,-0.0001
2025012104,-0.0001
2025012105,-0.0001
2025012105,-0.0001
2025012105,-0.0001
2025012105,-0.0001
2025012106,-0.0001
2025012106,-0.0001
2025012106,-0.0001
2025012106,-0.0001
2025012107,-0.0001
2025012107,-0.0001
2025012107,-0.0001
2025012107,-0.0001
2025012108,-0.0001
2025012108,-0.0001
2025012108,-0.0001
2025012108,-0.0001
2025012109,-0.0001
2025012109,-0.0001
2025012109,-0.0001
2025012109,-0.0001
2025012110,-0.0001
2025012110,-0.0001
2025012110,-0.0001
2025012110,-0.0001
2025012111,-0.0001
2025012111,-0.0001
2025012111,-0.0001
2025012111,-0.0001
2025012112,-0.0001
2025012112,-0.0001
2025012112,-0.0001
2025012112,-0.0001
2025012113,-0.0001
2025012113,-0.0001
2025012113,-0.0001
2025012113,-0.0001
2025012114,-0.0001
2025012114,-0.0001
2025012114,-0.0001
2025012114,-0.0001
2025012115,-0.0001
2025012115,-0.0001
2025012115,-0.0001
2025012115,-0.0001
2025012116,-0.0001
2025012116,-0.0001
2025012116,-0.0001
2025012116,-0.0001
2025012117,-0.0001
2025012117,-0.0001
2025012117,-0.0001
2025012117,-0.0001
2025012118,-0.0001
2025012118,-0.0001
2025012118,-0.0001
2025012118,-0.0001
2025012119,-0.0001
2025012119,-0.0001
2025012119,-0.0001
2025012119,-0.0001
2025012120,-0.0001
2025012120,-0.0001
2025012120,-0.0001
2025012120,-0.0001
2025012121,-0.0001
2025012121,-0.0001
2025012121,-0.0001
2025012121,-0.0001
2025012122,-0.0001
2025012122,-0.0001
2025012122,-0.0001
2025012122,-0.0001
2025012123,-0.0001
2025012123,-0.0001
2025012123,-0.0001
2025012123,-0.0001
2025012200,-0.0001
2025012200,-0.0001
2025012200,-0.0001
2025012200,-0.0001
2025012201,-0.0001
2025012201,-0.0001
2025012201,-0.0001
2025012201,-0.0001
2025012202,-0.0001
2025012202,-0.0001
2025012202,-0.0001
2025012202,-0.0001
2025012203,-0.0001
2025012203,-0.0001
2025012203,-0.0001
2025012203,-0.0001
2025012204,-0.0001
2025012204,-0.0001
2025012204,-0.0001
2025012204,-0.0001
2025012205,-0.0001
2025012205,-0.0001
2025012205,-0.0001
2025012205,-0.0001
2025012206,-0.0001
2025012206,-0.0001
2025012206,-0.0001
2025012206,-0.0001
2025012207,-0.0001
2025012207,-0.0001
2025012207,-0.0001
2025012207,-0.0001
2025012208,-0.0001
2025012208,-0.0001
2025012208,-0.0001
2025012208,-0.0001
2025012209,-0.0001
2025012209,-0.0001
2025012209,-0.0001
2025012209,-0.0001
2025012210,-0.0001
2025012210,-0.0001
2025012210,-0.0001
2025012210,-0.0001
2025012211,-0.0001
2025012211,-0.0001
2025012211,-0.0001
2025012211,-0.0001
2025012212,-0.0001
2025012212,-0.0001
2025012212,-0.0001
2025012212,-0.0001
2025012213,-0.0001
2025012213,-0.0001
2025012213,-0.0001
2025012213,-0.0001
2025012214,-0.0001
2025012214,-0.0001
2025012214,-0.0001
2025012214,-0.0001
2025012215,-0.0001
2025012215,-0.0001
2025012215,-0.0001
2025012215,-0.0001
2025012216,-0.0001
2025012216,-0.0001
2025012216,-0.0001
2025012216,-0.0001
2025012217,-0.0001
2025012217,-0.0001
2025012217,-0.0001
2025012217,-0.0001
2025012218,-0.0001
2025012218,-0.0001
2025012218,-0.0001
2025012218,-0.0001
2025012219,-0.0001
2025012219,-0.0001
2025012219,-0.0001
2025012219,-0.0001
2025012220,-0.0001
2025012220,-0.0001
2025012220,-0.0001
2025012220,-0.0001
2025012221,-0.0001
2025012221,-0.0001
2025012221,-0.0001
2025012221,-0.0001
2025012222,-0.0001
2025012222,-0.0001
2025012222,-0.0001
2025012222,-0.0001
2025012223,-0.0001
2025012223,-0.0001
2025012223,-0.0001
2025012223,-0.0001
2025012300,-0.0001
2025012300,-0.0001
2025012300,-0.0001
2025012300,-0.0001
2025012301,-0.0001
2025012301,-0.0001
2025012301,-0.0001
2025012301,-0.0001
2025012302,-0.0001
2025012302,-0.0001
2025012302,-0.0001
2025012302,-0.0001
2025012303,-0.0001
2025012303,-0.0001
2025012303,-0.0001
2025012303,-0.0001
2025012304,-0.0001
2025012304,-0.0001
2025012304,-0.0001
2025012304,-0.0001
2025012305,-0.0001
2025012305,-0.0001
2025012305,-0.0001
2025012305,-0.0001
2025012306,-0.0001
2025012306,-0.0001
2025012306,-0.0001
2025012306,-0.0001
2025012307,-0.0001
2025012307,-0.0001
2025012307,-0.0001
2025012307,-0.0001
2025012308,-0.0001
2025012308,-0.0001
2025012308,-0.0001
2025012308,-0.0001
2025012309,-0.0001
2025012309,-0.0001
2025012309,-0.0001
2025012309,-0.0001
2025012310,-0.0001
2025012310,-0.0001
2025012310,-0.0001
2025012310,-0.0001
2025012311,-0.0001
2025012311,-0.0001
2025012311,-0.0001
2025012311,-0.0001
2025012312,-0.0001
2025012312,-0.0001
2025012312,-0.0001
2025012312,-0.0001
2025012313,-0.0001
2025012313,-0.0001
2025012313,-0.0001
2025012313,-0.0001
2025012314,-0.0001
2025012314,-0.0001
2025012314,-0.0001
2025012314,-0.0001
2025012315,-0.0001
2025012315,-0.0001
2025012315,-0.0001
2025012315,-0.0001
2025012316,-0.0001
2025012316,-0.0001
2025012316,-0.0001
2025012316,-0.0001
2025012317,-0.0001
2025012317,-0.0001
2025012317,-0.0001
2025012317,-0.0001
2025012318,-0.0001
2025012318,-0.0001
2025012318,-0.0001
2025012318,-0.0001
2025012319,-0.0001
2025012319,-0.0001
2025012319,-0.0001
2025012319,-0.0001
2025012320,-0.0001
2025012320,-0.0001
2025012320,-0.0001
2025012320,-0.0001
2025012321,-0.0001
2025012321,-0.0001
2025012321,-0.0001
2025012321,-0.0001
2025012322,-0.0001
2025012322,-0.0001
2025012322,-0.0001
2025012322,-0.0001
2025012323,-0.0001
2025012323,-0.0001
2025012323,-0.0001
2025012323,-0.0001
2025012400,-0.0001
2025012400,-0.0001
2025012400,-0.0001
2025012400,-0.0001
2025012401,-0.0001
2025012401,-0.0001
2025012401,-0.0001
2025012401,-0.0001
2025012402,-0.0001
2025012402,-0.0001
2025012402,-0.0001
2025012402,-0.0001
2025012403,-0.0001
2025012403,-0.0001
2025012403,-0.0001
2025012403,-0.0001
2025012404,-0.0001
2025012404,-0.0001
2025012404,-0.0001
2025012404,-0.0001
2025012405,-0.0001
2025012405,-0.0001
2025012405,-0.0001
2025012405,-0.0001
2025012406,-0.0001
2025012406,-0.0001
2025012406,-0.0001
2025012406,-0.0001
2025012407,-0.0001
2025012407,-0.0001
2025012407,-0.0001
2025012407,-0.0001
2025012408,-0.0001
2025012408,-0.0001
2025012408,-0.0001
2025012408,-0.0001
2025012409,-0.0001
2025012409,-0.0001
2025012409,-0.0001
2025012409,-0.0001
2025012410,-0.0001
2025012410,-0.0001
2025012410,-0.0001
2025012410,-0.0001
2025012411,-0.0001
2025012411,-0.0001
2025012411,-0.0001
2025012411,-0.0001
2025012412,-0.0001
2025012412,-0.0001
2025012412,-0.0001
2025012412,-0.0001
2025012413,-0.0001
2025012413,-0.0001
2025012413,-0.0001
2025012413,-0.0001
2025012414,-0.0001
2025012414,-0.0001
2025012414,-0.0001
2025012414,-0.0001
2025012415,-0.0001
2025012415,-0.0001
2025012415,-0.0001
2025012415,-0.0001
2025012416,-0.0001
2025012416,-0.0001
2025012416,-0.0001
2025012416,-0.0001
2025012417,-0.0001
2025012417,-0.0001
2025012417,-0.0001
2025012417,-0.0001
2025012418,-0.0001
2025012418,-0.0001
2025012418,-0.0001
2025012418,-0.0001
2025012419,-0.0001
2025012419,-0.0001
2025012419,-0.0001
2025012419,-0.0001
2025012420,-0.0001
2025012420,-0.0001
2025012420,-0.0001
2025012420,-0.0001
2025012421,-0.0001
2025012421,-0.0001
2025012421,-0.0001
2025012421,-0.0001
2025012422,-0.0001
2025012422,-0.0001
2025012422,-0.0001
2025012422,-0.0001
2025012423,-0.0001
2025012423,-0.0001
2025012423,-0.0001
2025012423,-0.0001
2025012500,-0.0001
2025012500,-0.0001
2025012500,-0.0001
2025012500,-0.0001
2025012501,-0.0001
2025012501,-0.0001
2025012501,-0.0001
2025012501,-0.0001
2025012502,-0.0001
2025012502,-0.0001
2025012502,-0.0001
2025012502,-0.0001
2025012503,-0.0001
2025012503,-0.0001
2025012503,-0.0001
2025012503,-0.0001
2025012504,-0.0001
2025012504,-0.0001
2025012504,-0.0001
2025012504,-0.0001
2025012505,-0.0001
2025012505,-0.0001
2025012505,-0.0001
2025012505,-0.0001
2025012506,-0.0001
2025012506,-0.0001
2025012506,-0.0001
2025012506,-0.0001
2025012507,-0.0001
2025012507,-0.0001
2025012507,-0.0001
2025012507,-0.0001
2025012508,-0.0001
2025012508,-0.0001
2025012508,-0.0001
2025012508,-0.0001
2025012509,-0.0001
2025012509,-0.0001
2025012509,-0.0001
2025012509,-0.0001
2025012510,-0.0001
2025012510,-0.0001
2025012510,-0.0001
2025012510,-0.0001
2025012511,-0.0001
2025012511,-0.0001
2025012511,-0.0001
2025012511,-0.0001
2025012512,-0.0001
2025012512,-0.0001
2025012512,-0.0001
2025012512,-0.0001
2025012513,-0.0001
2025012513,-0.0001
2025012513,-0.0001
2025012513,-0.0001
2025012514,-0.0001
2025012514,-0.0001
2025012514,-0.0001
2025012514,-0.0001
2025012515,-0.0001
2025012515,-0.0001
2025012515,-0.0001
2025012515,-0.0001
2025012516,-0.0001
2025012516,-0.0001
2025012516,-0.0001
2025012516,-0.0001
2025012517,-0.0001
2025012517,-0.0001
2025012517,-0.0001
2025012517,-0.0001
2025012518,-0.0001
2025012518,-0.0001
2025012518,-0.0001
2025012518,-0.0001
2025012519,-0.0001
2025012519,-0.0001
2025012519,-0.0001
2025012519,-0.0001
2025012520,-0.0001
2025012520,-0.0001
2025012520,-0.0001
2025012520,-0.0001
2025012521,-0.0001
2025012521,-0.0001
2025012521,-0.0001
2025012521,-0.0001
2025012522,-0.0001
2025012522,-0.0001
2025012522,-0.0001
2025012522,-0.0001
2025012523,-0.0001
2025012523,-0.0001
2025012523,-0.0001
2025012523,-0.0001
2025012600,-0.0001
2025012600,-0.0001
2025012600,-0.0001
2025012600,-0.0001
2025012601,-0.0001
2025012601,-0.0001
2025012601,-0.0001
2025012601,-0.0001
2025012602,-0.0001
2025012602,-0.0001
2025012602,-0.0001
2025012602,-0.0001
2025012603,-0.0001
2025012603,-0.0001
2025012603,-0.0001
2025012603,-0.0001
2025012604,-0.0001
2025012604,-0.0001
2025012604,-0.0001
2025012604,-0.0001
2025012605,-0.0001
2025012605,-0.0001
2025012605,-0.0001
2025012605,-0.0001
2025012606,-0.0001
2025012606,-0.0001
2025012606,-0.0001
2025012606,-0.0001
2025012607,-0.0001
2025012607,-0.0001
2025012607,-0.0001
2025012607,-0.0001
2025012608,-0.0001
2025012608,-0.0001
2025012608,-0.0001
2025012608,-0.0001
2025012609,-0.0001
2025012609,-0.0001
2025012609,-0.0001
2025012609,-0.0001
2025012610,-0.0001
2025012610,-0.0001
2025012610,-0.0001
2025012610,-0.0001
2025012611,-0.0001
2025012611,-0.0001
2025012611,-0.0001
2025012611,-0.0001
2025012612,-0.0001
2025012612,-0.0001
2025012612,-0.0001
2025012612,-0.0001
2025012613,-0.0001
2025012613,-0.0001
2025012613,-0.0001
2025012613,-0.0001
2025012614,-0.0001
2025012614,-0.0001
2025012614,-0.0001
2025012614,-0.0001
2025012615,-0.0001
2025012615,-0.0001
2025012615,-0.0001
2025012615,-0.0001
2025012616,-0.0001
2025012616,-0.0001
2025012616,-0.0001
2025012616,-0.0001
2025012617,-0.0001
2025012617,-0.0001
2025012617,-0.0001
2025012617,-0.0001
2025012618,-0.0001
2025012618,-0.0001
2025012618,-0.0001
2025012618,-0.0001
2025012619,-0.0001
2025012619,-0.0001
2025012619,-0.0001
2025012619,-0.0001
2025012620,-0.0001
2025012620,-0.0001
2025012620,-0.0001
2025012620,-0.0001
2025012621,-0.0001
2025012621,-0.0001
2025012621,-0.0001
2025012621,-0.0001
2025012622,-0.0001
2025012622,-0.0001
2025012622,-0.0001
2025012622,-0.0001
2025012623,-0.0001
2025012623,-0.0001
2025012623,-0.0001
2025012623,-0.0001
2025012700,-0.0001
2025012700,-0.0001
2025012700,-0.0001
2025012700,-0.0001
2025012701,-0.0001
2025012701,-0.0001
2025012701,-0.0001
2025012701,-0.0001
2025012702,-0.0001
2025012702,-0.0001
2025012702,-0.0001
2025012702,-0.0001
2025012703,-0.0001
2025012703,-0.0001
2025012703,-0.0001
2025012703,-0.0001
2025012704,-0.0001
2025012704,-0.0001
2025012704,-0.0001
2025012704,-0.0001
2025012705,-0.0001
2025012705,-0.0001
2025012705,-0.0001
2025012705,-0.0001
2025012706,-0.0001
2025012706,-0.0001
2025012706,-0.0001
2025012706,-0.0001
2025012707,-0.0001
2025012707,-0.0001
2025012707,-0.0001
2025012707,-0.0001
2025012708,-0.0001
2025012708,-0.0001
2025012708,-0.0001
2025012708,-0.0001
2025012709,-0.0001
2025012709,-0.0001
2025012709,-0.0001
2025012709,-0.0001
2025012710,-0.0001
2025012710,-0.0001
2025012710,-0.0001
2025012710,-0.0001
2025012711,-0.0001
2025012711,-0.0001
2025012711,-0.0001
2025012711,-0.0001
2025012712,-0.0001
2025012712,-0.0001
2025012712,-0.0001
2025012712,-0.0001
2025012713,-0.0001
2025012713,-0.0001
2025012713,-0.0001
2025012713,-0.0001
2025012714,-0.0001
2025012714,-0.0001
2025012714,-0.0001
2025012714,-0.0001
2025012715,-0.0001
2025012715,-0.0001
2025012715,-0.0001
2025012715,-0.0001
2025012716,-0.0001
2025012716,-0.0001
2025012716,-0.0001
2025012716,-0.0001
2025012717,-0.0001
2025012717,-0.0001
2025012717,-0.0001
2025012717,-0.0001
2025012718,-0.0001
2025012718,-0.0001
2025012718,-0.0001
2025012718,-0.0001
2025012719,-0.0001
2025012719,-0.0001
2025012719,-0.0001
2025012719,-0.0001
2025012720,-0.0001
2025012720,-0.0001
2025012720,-0.0001
2025012720,-0.0001
2025012721,-0.0001
2025012721,-0.0001
2025012721,-0.0001
2025012721,-0.0001
2025012722,-0.0001
2025012722,-0.0001
2025012722,-0.0001
2025012722,-0.0001
2025012723,-0.0001
2025012723,-0.0001
2025012723,-0.0001
2025012723,-0.0001
2025012800,-0.0001
2025012800,-0.0001
2025012800,-0.0001
2025012800,-0.0001
2025012801,-0.0001
2025012801,-0.0001
2025012801,-0.0001
2025012801,-0.0001
2025012802,-0.0001
2025012802,-0.0001
2025012802,-0.0001
2025012802,-0.0001
2025012803,-0.0001
2025012803,-0.0001
2025012803,-0.0001
2025012803,-0.0001
2025012804,-0.0001
2025012804,-0.0001
2025012804,-0.0001
2025012804,-0.0001
2025012805,-0.0001
2025012805,-0.0001
2025012805,-0.0001
2025012805,-0.0001
2025012806,-0.0001
2025012806,-0.0001
2025012806,-0.0001
2025012806,-0.0001
2025012807,-0.0001
2025012807,-0.0001
2025012807,-0.0001
2025012807,-0.0001
2025012808,-0.0001
2025012808,-0.0001
2025012808,-0.0001
2025012808,-0.0001
2025012809,-0.0001
2025012809,-0.0001
2025012809,-0.0001
2025012809,-0.0001
2025012810,-0.0001
2025012810,-0.0001
2025012810,-0.0001
2025012810,-0.0001
2025012811,-0.0001
2025012811,-0.0001
2025012811,-0.0001
2025012811,-0.0001
2025012812,-0.0001
2025012812,-0.0001
2025012812,-0.0001
2025012812,-0.0001
2025012813,-0.0001
2025012813,-0.0001
2025012813,-0.0001
2025012813,-0.0001
2025012814,-0.0001
2025012814,-0.0001
2025012814,-0.0001
2025012814,-0.0001
2025012815,-0.0001
2025012815,-0.0001
2025012815,-0.0001
2025012815,-0.0001
2025012816,-0.0001
2025012816,-0.0001
2025012816,-0.0001
2025012816,-0.0001
2025012817,-0.0001
2025012817,-0.0001
2025012817,-0.0001
2025012817,-0.0001
2025012818,-0.0001
2025012818,-0.0001
2025012818,-0.0001
2025012818,-0.0001
2025012819,-0.0001
2025012819,-0.0001
2025012819,-0.0001
2025012819,-0.0001
2025012820,-0.0001
2025012820,-0.0001
2025012820,-0.0001
2025012820,-0.0001
2025012821,-0.0001
2025012821,-0.0001
2025012821,-0.0001
2025012821,-0.0001
2025012822,-0.0001
2025012822,-0.0001
2025012822,-0.0001
2025012822,-0.0001
2025012823,-0.0001
2025012823,-0.0001
2025012823,-0.0001
2025012823,-0.0001
2025012900,-0.0001
2025012900,-0.0001
2025012900,-0.0001
2025012900,-0.0001
2025012901,-0.0001
2025012901,-0.0001
2025012901,-0.0001
2025012901,-0.0001
2025012902,-0.0001
2025012902,-0.0001
2025012902,-0.0001
2025012902,-0.0001
2025012903,-0.0001
2025012903,-0.0001
2025012903,-0.0001
2025012903,-0.0001
2025012904,-0.0001
2025012904,-0.0001
2025012904,-0.0001
2025012904,-0.0001
2025012905,-0.0001
2025012905,-0.0001
2025012905,-0.0001
2025012905,-0.0001
2025012906,-0.0001
2025012906,-0.0001
2025012906,-0.0001
2025012906,-0.0001
2025012907,-0.0001
2025012907,-0.0001
2025012907,-0.0001
2025012907,-0.0001
2025012908,-0.0001
2025012908,-0.0001
2025012908,-0.0001
2025012908,-0.0001
2025012909,-0.0001
2025012909,-0.0001
2025012909,-0.0001
2025012909,-0.0001
2025012910,-0.0001
2025012910,-0.0001
2025012910,-0.0001
2025012910,-0.0001
2025012911,-0.0001
2025012911,-0.0001
2025012911,-0.0001
2025012911,-0.0001
2025012912,-0.0001
2025012912,-0.0001
2025012912,-0.0001
2025012912,-0.0001
2025012913,-0.0001
2025012913,-0.0001
2025012913,-0.0001
2025012913,-0.0001
2025012914,-0.0001
2025012914,-0.0001
2025012914,-0.0001
2025012914,-0.0001
2025012915,-0.0001
2025012915,-0.0001
2025012915,-0.0001
2025012915,-0.0001
2025012916,-0.0001
2025012916,-0.0001
2025012916,-0.0001
2025012916,-0.0001
2025012917,-0.0001
2025012917,-0.0001
2025012917,-0.0001
2025012917,-0.0001
2025012918,-0.0001
2025012918,-0.0001
2025012918,-0.0001
2025012918,-0.0001
2025012919,-0.0001
2025012919,-0.0001
2025012919,-0.0001
2025012919,-0.0001
2025012920,-0.0001
2025012920,-0.0001
2025012920,-0.0001
2025012920,-0.0001
2025012921,-0.0001
2025012921,-0.0001
2025012921,-0.0001
2025012921,-0.0001
2025012922,-0.0001
2025012922,-0.0001
2025012922,-0.0001
2025012922,-0.0001
2025012923,-0.0001
2025012923,-0.0001
2025012923,-0.0001
2025012923,-0.0001
2025013000,-0.0001
2025013000,-0.0001
2025013000,-0.0001
2025013000,-0.0001
2025013001,-0.0001
2025013001,-0.0001
2025013001,-0.0001
2025013001,-0.0001
2025013002,-0.0001
2025013002,-0.0001
2025013002,-0.0001
2025013002,-0.0001
2025013003,-0.0001
2025013003,-0.0001
2025013003,-0.0001
2025013003,-0.0001
2025013004,-0.0001
2025013004,-0.0001
2025013004,-0.0001
2025013004,-0.0001
2025013005,-0.0001
2025013005,-0.0001
2025013005,-0.0001
2025013005,-0.0001
2025013006,-0.0001
2025013006,-0.0001
2025013006,-0.0001
2025013006,-0.0001
2025013007,-0.0001
2025013007,-0.0001
2025013007,-0.0001
2025013007,-0.0001
2025013008,-0.0001
2025013008,-0.0001
2025013008,-0.0001
2025013008,-0.0001
2025013009,-0.0001
2025013009,-0.0001
2025013009,-0.0001
2025013009,-0.0001
2025013010,-0.0001
2025013010,-0.0001
2025013010,-0.0001
2025013010,-0.0001
2025013011,-0.0001
2025013011,-0.0001
2025013011,-0.0001
2025013011,-0.0001
2025013012,-0.0001
2025013012,-0.0001
2025013012,-0.0001
2025013012,-0.0001
2025013013,-0.0001
2025013013,-0.0001
2025013013,-0.0001
2025013013,-0.0001
2025013014,-0.0001
2025013014,-0.0001
2025013014,-0.0001
2025013014,-0.0001
2025013015,-0.0001
2025013015,-0.0001
2025013015,-0.0001
2025013015,-0.0001
2025013016,-0.0001
2025013016,-0.0001
2025013016,-0.0001
2025013016,-0.0001
2025013017,-0.0001
2025013017,-0.0001
2025013017,-0.0001
2025013017,-0.0001
2025013018,-0.0001
2025013018,-0.0001
2025013018,-0.0001
2025013018,-0.0001
2025013019,-0.0001
2025013019,-0.0001
2025013019,-0.0001
2025013019,-0.0001
2025013020,-0.0001
2025013020,-0.0001
2025013020,-0.0001
2025013020,-0.0001
2025013021,-0.0001
2025013021,-0.0001
2025013021,-0.0001
2025013021,-0.0001
2025013022,-0.0001
2025013022,-0.0001
2025013022,-0.0001
2025013022,-0.0001
2025013023,-0.0001
2025013023,-0.0001
2025013023,-0.0001
2025013023,-0.0001
2025013100,-0.0001
2025013100,-0.0001
2025013100,-0.0001
2025013100,-0.0001
2025013101,-0.0001
2025013101,-0.0001
2025013101,-0.0001
2025013101,-0.0001
2025013102,-0.0001
2025013102,-0.0001
2025013102,-0.0001
2025013102,-0.0001
2025013103,-0.0001
2025013103,-0.0001
2025013103,-0.0001
2025013103,-0.0001
2025013104,-0.0001
2025013104,-0.0001
2025013104,-0.0001
2025013104,-0.0001
2025013105,-0.0001
2025013105,-0.0001
2025013105,-0.0001
2025013105,-0.0001
2025013106,-0.0001
2025013106,-0.0001
2025013106,-0.0001
2025013106,-0.0001
2025013107,-0.0001
2025013107,-0.0001
2025013107,-0.0001
2025013107,-0.0001
2025013108,-0.0001
2025013108,-0.0001
2025013108,-0.0001
2025013108,-0.0001
2025013109,-0.0001
2025013109,-0.0001
2025013109,-0.0001
2025013109,-0.0001
2025013110,-0.0001
2025013110,-0.0001
2025013110,-0.0001
2025013110,-0.0001
2025013111,-0.0001
2025013111,-0.0001
2025013111,-0.0001
2025013111,-0.0001
2025013112,-0.0001
2025013112,-0.0001
2025013112,-0.0001
2025013112,-0.0001
2025013113,-0.0001
2025013113,-0.0001
2025013113,-0.0001
2025013113,-0.0001
2025013114,-0.0001
2025013114,-0.0001
2025013114,-0.0001
2025013114,-0.0001
2025013115,-0.0001
2025013115,-0.0001
2025013115,-0.0001
2025013115,-0.0001
2025013116,-0.0001
2025013116,-0.0001
2025013116,-0.0001
2025013116,-0.0001
2025013117,-0.0001
2025013117,-0.0001
2025013117,-0.0001
2025013117,-0.0001
2025013118,-0.0001
2025013118,-0.0001
2025013118,-0.0001
2025013118,-0.0001
2025013119,-0.0001
2025013119,-0.0001
2025013119,-0.0001
2025013119,-0.0001
2025013120,-0.0001
2025013120,-0.0001
2025013120,-0.0001
2025013120,-0.0001
2025013121,-0.0001
2025013121,-0.0001
2025013121,-0.0001
2025013121,-0.0001
2025013122,-0.0001
2025013122,-0.0001
2025013122,-0.0001
2025013122,-0.0001
2025013123,-0.0001
2025013123,-0.0001
2025013123,-0.0001
2025013123,-0.0001
2025020100,-0.0001
2025020100,-0.0001
2025020100,-0.0001
2025020100,-0.0001
2025020101,-0.0001
2025020101,-0.0001
2025020101,-0.0001
2025020101,-0.0001
2025020102,-0.0001
2025020102,-0.0001
2025020102,-0.0001
2025020102,-0.0001
2025020103,-0.0001
2025020103,-0.0001
2025020103,-0.0001
2025020103,-0.0001
2025020104,-0.0001
2025020104,-0.0001
2025020104,-0.0001
2025020104,-0.0001
2025020105,-0.0001
2025020105,-0.0001
2025020105,-0.0001
2025020105,-0.0001
2025020106,-0.0001
2025020106,-0.0001
2025020106,-0.0001
2025020106,-0.0001
2025020107,-0.0001
2025020107,-0.0001
2025020107,-0.0001
2025020107,-0.0001
2025020108,-0.0001
2025020108,-0.0001
2025020108,-0.0001
2025020108,-0.0001
2025020109,-0.0001
2025020109,-0.0001
2025020109,-0.0001
2025020109,-0.0001
2025020110,-0.0001
2025020110,-0.0001
2025020110,-0.0001
2025020110,-0.0001
2025020111,-0.0001
2025020111,-0.0001
2025020111,-0.0001
2025020111,-0.0001
2025020112,-0.0001
2025020112,-0.0001
2025020112,-0.0001
2025020112,-0.0001
2025020113,-0.0001
2025020113,-0.0001
2025020113,-0.0001
2025020113,-0.0001
2025020114,-0.0001
2025020114,-0.0001
2025020114,-0.0001
2025020114,-0.0001
2025020115,-0.0001
2025020115,-0.0001
2025020115,-0.0001
2025020115,-0.0001
2025020116,-0.0001
2025020116,-0.0001
2025020116,-0.0001
2025020116,-0.0001
2025020117,-0.0001
2025020117,-0.0001
2025020117,-0.0001
2025020117,-0.0001
2025020118,-0.0001
2025020118,-0.0001
2025020118,-0.0001
2025020118,-0.0001
2025020119,-0.0001
2025020119,-0.0001
2025020119,-0.0001
2025020119,-0.0001
2025020120,-0.0001
2025020120,-0.0001
2025020120,-0.0001
2025020120,-0.0001
2025020121,-0.0001
2025020121,-0.0001
2025020121,-0.0001
2025020121,-0.0001
2025020122,-0.0001
2025020122,-0.0001
2025020122,-0.0001
2025020122,-0.0001
2025020123,-0.0001
2025020123,-0.0001
2025020123,-0.0001
2025020123,-0.0001
2025020200,-0.0001
2025020200,-0.0001
2025020200,-0.0001
2025020200,-0.0001
2025020201,-0.0001
2025020201,-0.0001
2025020201,-0.0001
2025020201,-0.0001
2025020202,-0.0001
2025020202,-0.0001
2025020202,-0.0001
2025020202,-0.0001
2025020203,-0.0001
2025020203,-0.0001
2025020203,-0.0001
2025020203,-0.0001
2025020204,-0.0001
2025020204,-0.0001
2025020204,-0.0001
2025020204,-0.0001
2025020205,-0.0001
2025020205,-0.0001
2025020205,-0.0001
2025020205,-0.0001
2025020206,-0.0001
2025020206,-0.0001
2025020206,-0.0001
2025020206,-0.0001
2025020207,-0.0001
2025020207,-0.0001
2025020207,-0.0001
2025020207,-0.0001
2025020208,-0.0001
2025020208,-0.0001
2025020208,-0.0001
2025020208,-0.0001
2025020209,-0.0001
2025020209,-0.0001
2025020209,-0.0001
2025020209,-0.0001
2025020210,-0.0001
2025020210,-0.0001
2025020210,-0.0001
2025020210,-0.0001
2025020211,-0.0001
2025020211,-0.0001
2025020211,-0.0001
2025020211,-0.0001
2025020212,-0.0001
2025020212,-0.0001
2025020212,-0.0001
2025020212,-0.0001
2025020213,-0.0001
2025020213,-0.0001
2025020213,-0.0001
2025020213,-0.0001
2025020214,-0.0001
2025020214,-0.0001
2025020214,-0.0001
2025020214,-0.0001
2025020215,-0.0001
2025020215,-0.0001
2025020215,-0.0001
2025020215,-0.0001
2025020216,-0.0001
2025020216,-0.0001
2025020216,-0.0001
2025020216,-0.0001
2025020217,-0.0001
2025020217,-0.0001
2025020217,-0.0001
2025020217,-0.0001
2025020218,-0.0001
2025020218,-0.0001
2025020218,-0.0001
2025020218,-0.0001
2025020219,-0.0001
2025020219,-0.0001
2025020219,-0.0001
2025020219,-0.0001
2025020220,-0.0001
2025020220,-0.0001
2025020220,-0.0001
2025020220,-0.0001
2025020221,-0.0001
2025020221,-0.0001
2025020221,-0.0001
2025020221,-0.0001
2025020222,-0.0001
2025020222,-0.0001
2025020222,-0.0001
2025020222,-0.0001
2025020223,-0.0001
2025020223,-0.0001
2025020223,-0.0001
2025020223,-0.0001
2025020300,-0.0001
2025020300,-0.0001
2025020300,-0.0001
2025020300,-0.0001
2025020301,-0.0001
2025020301,-0.0001
2025020301,-0.0001
2025020301,-0.0001
2025020302,-0.0001
2025020302,-0.0001
2025020302,-0.0001
2025020302,-0.0001
2025020303,-0.0001
2025020303,-0.0001
2025020303,-0.0001
2025020303,-0.0001
2025020304,-0.0001
2025020304,-0.0001
2025020304,-0.0001
2025020304,-0.0001
2025020305,-0.0001
2025020305,-0.0001
2025020305,-0.0001
2025020305,-0.0001
2025020306,-0.0001
2025020306,-0.0001
2025020306,-0.0001
2025020306,-0.0001
2025020307,-0.0001
2025020307,-0.0001
2025020307,-0.0001
2025020307,-0.0001
2025020308,-0.0001
2025020308,-0.0001
2025020308,-0.0001
2025020308,-0.0001
2025020309,-0.0001
2025020309,-0.0001
2025020309,-0.0001
2025020309,-0.0001
2025020310,-0.0001
2025020310,-0.0001
2025020310,-0.0001
2025020310,-0.0001
2025020311,-0.0001
2025020311,-0.0001
2025020311,-0.0001
2025020311,-0.0001
2025020312,-0.0001
2025020312,-0.0001
2025020312,-0.0001
2025020312,-0.0001
2025020313,-0.0001
2025020313,-0.0001
2025020313,-0.0001
2025020313,-0.0001
2025020314,-0.0001
2025020314,-0.0001
2025020314,-0.0001
2025020314,-0.0001
2025020315,-0.0001
2025020315,-0.0001
2025020315,-0.0001
2025020315,-0.0001
2025020316,-0.0001
2025020316,-0.0001
2025020316,-0.0001
2025020316,-0.0001
2025020317,-0.0001
2025020317,-0.0001
2025020317,-0.0001
2025020317,-0.0001
2025020318,-0.0001
2025020318,-0.0001
2025020318,-0.0001
2025020318,-0.0001
2025020319,-0.0001
2025020319,-0.0001
2025020319,-0.0001
2025020319,-0.0001
2025020320,-0.0001
2025020320,-0.0001
2025020320,-0.0001
2025020320,-0.0001
2025020321,-0.0001
2025020321,-0.0001
2025020321,-0.0001
2025020321,-0.0001
2025020322,-0.0001
2025020322,-0.0001
2025020322,-0.0001
2025020322,-0.0001
2025020323,-0.0001
2025020323,-0.0001
2025020323,-0.0001
2025020323,-0.0001
2025020400,-0.0001
2025020400,-0.0001
2025020400,-0.0001
2025020400,-0.0001
2025020401,-0.0001
2025020401,-0.0001
2025020401,-0.0001
2025020401,-0.0001
2025020402,-0.0001
2025020402,-0.0001
2025020402,-0.0001
2025020402,-0.0001
2025020403,-0.0001
2025020403,-0.0001
2025020403,-0.0001
2025020403,-0.0001
2025020404,-0.0001
2025020404,-0.0001
2025020404,-0.0001
2025020404,-0.0001
2025020405,-0.0001
2025020405,-0.0001
2025020405,-0.0001
2025020405,-0.0001
2025020406,-0.0001
2025020406,-0.0001
2025020406,-0.0001
2025020406,-0.0001
2025020407,-0.0001
2025020407,-0.0001
2025020407,-0.0001
2025020407,-0.0001
2025020408,-0.0001
2025020408,-0.0001
2025020408,-0.0001
2025020408,-0.0001
2025020409,-0.0001
2025020409,-0.0001
2025020409,-0.0001
2025020409,-0.0001
2025020410,-0.0001
2025020410,-0.0001
2025020410,-0.0001
2025020410,-0.0001
2025020411,-0.0001
2025020411,-0.0001
2025020411,-0.0001
2025020411,-0.0001
2025020412,-0.0001
2025020412,-0.0001
2025020412,-0.0001
2025020412,-0.0001
2025020413,-0.0001
2025020413,-0.0001
2025020413,-0.0001
2025020413,-0.0001
2025020414,-0.0001
2025020414,-0.0001
2025020414,-0.0001
2025020414,-0.0001
2025020415,-0.0001
2025020415,-0.0001
2025020415,-0.0001
2025020415,-0.0001
2025020416,-0.0001
2025020416,-0.0001
2025020416,-0.0001
2025020416,-0.0001
2025020417,-0.0001
2025020417,-0.0001
2025020417,-0.0001
2025020417,-0.0001
2025020418,-0.0001
2025020418,-0.0001
2025020418,-0.0001
2025020418,-0.0001
2025020419,-0.0001
2025020419,-0.0001
2025020419,-0.0001
2025020419,-0.0001
2025020420,-0.0001
2025020420,-0.0001
2025020420,-0.0001
2025020420,-0.0001
2025020421,-0.0001
2025020421,-0.0001
2025020421,-0.0001
2025020421,-0.0001
2025020422,-0.0001
2025020422,-0.0001
2025020422,-0.0001
2025020422,-0.0001
2025020423,-0.0001
2025020423,-0.0001
2025020423,-0.0001
2025020423,-0.0001
2025020500,-0.0001
2025020500,-0.0001
2025020500,-0.0001
2025020500,-0.0001
2025020501,-0.0001
2025020501,-0.0001
2025020501,-0.0001
2025020501,-0.0001
2025020502,-0.0001
2025020502,-0.0001
2025020502,-0.0001
2025020502,-0.0001
2025020503,-0.0001
2025020503,-0.0001
2025020503,-0.0001
2025020503,-0.0001
2025020504,-0.0001
2025020504,-0.0001
2025020504,-0.0001
2025020504,-0.0001
2025020505,-0.0001
2025020505,-0.0001
2025020505,-0.0001
2025020505,-0.0001
2025020506,-0.0001
2025020506,-0.0001
2025020506,-0.0001
2025020506,-0.0001
2025020507,-0.0001
2025020507,-0.0001
2025020507,-0.0001
2025020507,-0.0001
2025020508,-0.0001
2025020508,-0.0001
2025020508,-0.0001
2025020508,-0.0001
2025020509,-0.0001
2025020509,-0.0001
2025020509,-0.0001
2025020509,-0.0001
2025020510,-0.0001
2025020510,-0.0001
2025020510,-0.0001
2025020510,-0.0001
2025020511,-0.0001
2025020511,-0.0001
2025020511,-0.0001
2025020511,-0.0001
2025020512,-0.0001
2025020512,-0.0001
2025020512,-0.0001
2025020512,-0.0001
2025020513,-0.0001
2025020513,-0.0001
2025020513,-0.0001
2025020513,-0.0001
2025020514,-0.0001
2025020514,-0.0001
2025020514,-0.0001
2025020514,-0.0001
2025020515,-0.0001
2025020515,-0.0001
2025020515,-0.0001
2025020515,-0.0001
2025020516,-0.0001
2025020516,-0.0001
2025020516,-0.0001
2025020516,-0.0001
2025020517,-0.0001
2025020517,-0.0001
2025020517,-0.0001
2025020517,-0.0001
2025020518,-0.0001
2025020518,-0.0001
2025020518,-0.0001
2025020518,-0.0001
2025020519,-0.0001
2025020519,-0.0001
2025020519,-0.0001
2025020519,-0.0001
2025020520,-0.0001
2025020520,-0.0001
2025020520,-0.0001
2025020520,-0.0001
2025020521,-0.0001
2025020521,-0.0001
2025020521,-0.0001
2025020521,-0.0001
2025020522,-0.0001
2025020522,-0.0001
2025020522,-0.0001
2025020522,-0.0001
2025020523,-0.0001
2025020523,-0.0001
2025020523,-0.0001
2025020523,-0.0001
2025020600,-0.0001
2025020600,-0.0001
2025020600,-0.0001
2025020600,-0.0001
2025020601,-0.0001
2025020601,-0.0001
2025020601,-0.0001
2025020601,-0.0001
2025020602,-0.0001
2025020602,-0.0001
2025020602,-0.0001
2025020602,-0.0001
2025020603,-0.0001
2025020603,-0.0001
2025020603,-0.0001
2025020603,-0.0001
2025020604,-0.0001
2025020604,-0.0001
2025020604,-0.0001
2025020604,-0.0001
2025020605,-0.0001
2025020605,-0.0001
2025020605,-0.0001
2025020605,-0.0001
2025020606,-0.0001
2025020606,-0.0001
2025020606,-0.0001
2025020606,-0.0001
2025020607,-0.0001
2025020607,-0.0001
2025020607,-0.0001
2025020607,-0.0001
2025020608,-0.0001
2025020608,-0.0001
2025020608,-0.0001
2025020608,-0.0001
2025020609,-0.0001
2025020609,-0.0001
2025020609,-0.0001
2025020609,-0.0001
2025020610,-0.0001
2025020610,-0.0001
2025020610,-0.0001
2025020610,-0.0001
2025020611,-0.0001
2025020611,-0.0001
2025020611,-0.0001
2025020611,-0.0001
2025020612,-0.0001
2025020612,-0.0001
2025020612,-0.0001
2025020612,-0.0001
2025020613,-0.0001
2025020613,-0.0001
2025020613,-0.0001
2025020613,-0.0001
2025020614,-0.0001
2025020614,-0.0001
2025020614,-0.0001
2025020614,-0.0001
2025020615,-0.0001
2025020615,-0.0001
2025020615,-0.0001
2025020615,-0.0001
2025020616,-0.0001
2025020616,-0.0001
2025020616,-0.0001
2025020616,-0.0001
2025020617,-0.0001
2025020617,-0.0001
2025020617,-0.0001
2025020617,-0.0001
2025020618,-0.0001
2025020618,-0.0001
2025020618,-0.0001
2025020618,-0.0001
2025020619,-0.0001
2025020619,-0.0001
2025020619,-0.0001
2025020619,-0.0001
2025020620,-0.0001
2025020620,-0.0001
2025020620,-0.0001
2025020620,-0.0001
2025020621,-0.0001
2025020621,-0.0001
2025020621,-0.0001
2025020621,-0.0001
2025020622,-0.0001
2025020622,-0.0001
2025020622,-0.0001
2025020622,-0.0001
2025020623,-0.0001
2025020623,-0.0001
2025020623,-0.0001
2025020623,-0.0001
2025020700,-0.0001
2025020700,-0.0001
2025020700,-0.0001
2025020700,-0.0001
2025020701,-0.0001
2025020701,-0.0001
2025020701,-0.0001
2025020701,-0.0001
2025020702,-0.0001
2025020702,-0.0001
2025020702,-0.0001
2025020702,-0.0001
2025020703,-0.0001
2025020703,-0.0001
2025020703,-0.0001
2025020703,-0.0001
2025020704,-0.0001
2025020704,-0.0001
2025020704,-0.0001
2025020704,-0.0001
2025020705,-0.0001
2025020705,-0.0001
2025020705,-0.0001
2025020705,-0.0001
2025020706,-0.0001
2025020706,-0.0001
2025020706,-0.0001
2025020706,-0.0001
2025020707,-0.0001
2025020707,-0.0001
2025020707,-0.0001
2025020707,-0.0001
2025020708,-0.0001
2025020708,-0.0001
2025020708,-0.0001
2025020708,-0.0001
2025020709,-0.0001
2025020709,-0.0001
2025020709,-0.0001
2025020709,-0.0001
2025020710,-0.0001
2025020710,-0.0001
2025020710,-0.0001
2025020710,-0.0001
2025020711,-0.0001
2025020711,-0.0001
2025020711,-0.0001
2025020711,-0.0001
2025020712,-0.0001
2025020712,-0.0001
2025020712,-0.0001
2025020712,-0.0001
2025020713,-0.0001
2025020713,-0.0001
2025020713,-0.0001
2025020713,-0.0001
2025020714,-0.0001
2025020714,-0.0001
2025020714,-0.0001
2025020714,-0.0001
2025020715,-0.0001
2025020715,-0.0001
2025020715,-0.0001
2025020715,-0.0001
2025020716,-0.0001
2025020716,-0.0001
2025020716,-0.0001
2025020716,-0.0001
2025020717,-0.0001
2025020717,-0.0001
2025020717,-0.0001
2025020717,-0.0001
2025020718,-0.0001
2025020718,-0.0001
2025020718,-0.0001
2025020718,-0.0001
2025020719,-0.0001
2025020719,-0.0001
2025020719,-0.0001
2025020719,-0.0001
2025020720,-0.0001
2025020720,-0.0001
2025020720,-0.0001
2025020720,-0.0001
2025020721,-0.0001
2025020721,-0.0001
2025020721,-0.0001
2025020721,-0.0001
2025020722,-0.0001
2025020722,-0.0001
2025020722,-0.0001
2025020722,-0.0001
2025020723,-0.0001
2025020723,-0.0001
2025020723,-0.0001
2025020723,-0.0001
2025020800,-0.0001
2025020800,-0.0001
2025020800,-0.0001
2025020800,-0.0001
2025020801,-0.0001
2025020801,-0.0001
2025020801,-0.0001
2025020801,-0.0001
2025020802,-0.0001
2025020802,-0.0001
2025020802,-0.0001
2025020802,-0.0001
2025020803,-0.0001
2025020803,-0.0001
2025020803,-0.0001
2025020803,-0.0001
2025020804,-0.0001
2025020804,-0.0001
2025020804,-0.0001
2025020804,-0.0001
2025020805,-0.0001
2025020805,-0.0001
2025020805,-0.0001
2025020805,-0.0001
2025020806,-0.0001
2025020806,-0.0001
2025020806,-0.0001
2025020806,-0.0001
2025020807,-0.0001
2025020807,-0.0001
2025020807,-0.0001
2025020807,-0.0001
2025020808,-0.0001
2025020808,-0.0001
2025020808,-0.0001
2025020808,-0.0001
2025020809,-0.0001
2025020809,-0.0001
2025020809,-0.0001
2025020809,-0.0001
2025020810,-0.0001
2025020810,-0.0001
2025020810,-0.0001
2025020810,-0.0001
2025020811,-0.0001
2025020811,-0.0001
2025020811,-0.0001
2025020811,-0.0001
2025020812,-0.0001
2025020812,-0.0001
2025020812,-0.0001
2025020812,-0.0001
2025020813,-0.0001
2025020813,-0.0001
2025020813,-0.0001
2025020813,-0.0001
2025020814,-0.0001
2025020814,-0.0001
2025020814,-0.0001
2025020814,-0.0001
2025020815,-0.0001
2025020815,-0.0001
2025020815,-0.0001
2025020815,-0.0001
2025020816,-0.0001
2025020816,-0.0001
2025020816,-0.0001
2025020816,-0.0001
2025020817,-0.0001
2025020817,-0.0001
2025020817,-0.0001
2025020817,-0.0001
2025020818,-0.0001
2025020818,-0.0001
2025020818,-0.0001
2025020818,-0.0001
2025020819,-0.0001
2025020819,-0.0001
2025020819,-0.0001
2025020819,-0.0001
2025020820,-0.0001
2025020820,-0.0001
2025020820,-0.0001
2025020820,-0.0001
2025020821,-0.0001
2025020821,-0.0001
2025020821,-0.0001
2025020821,-0.0001
2025020822,-0.0001
2025020822,-0.0001
2025020822,-0.0001
2025020822,-0.0001
2025020823,-0.0001
2025020823,-0.0001
2025020823,-0.0001
2025020823,-0.0001
2025020900,-0.0001
2025020900,-0.0001
2025020900,-0.0001
2025020900,-0.0001
2025020901,-0.0001
2025020901,-0.0001
2025020901,-0.0001
2025020901,-0.0001
2025020902,-0.0001
2025020902,-0.0001
2025020902,-0.0001
2025020902,-0.0001
2025020903,-0.0001
2025020903,-0.0001
2025020903,-0.0001
2025020903,-0.0001
2025020904,-0.0001
2025020904,-0.0001
2025020904,-0.0001
2025020904,-0.0001
2025020905,-0.0001
2025020905,-0.0001
2025020905,-0.0001
2025020905,-0.0001
2025020906,-0.0001
2025020906,-0.0001
2025020906,-0.0001
2025020906,-0.0001
2025020907,-0.0001
2025020907,-0.0001
2025020907,-0.0001
2025020907,-0.0001
2025020908,-0.0001
2025020908,-0.0001
2025020908,-0.0001
2025020908,-0.0001
2025020909,-0.0001
2025020909,-0.0001
2025020909,-0.0001
2025020909,-0.0001
2025020910,-0.0001
2025020910,-0.0001
2025020910,-0.0001
2025020910,-0.0001
2025020911,-0.0001
2025020911,-0.0001
2025020911,-0.0001
2025020911,-0.0001
2025020912,-0.0001
2025020912,-0.0001
2025020912,-0.0001
2025020912,-0.0001
2025020913,-0.0001
2025020913,-0.0001
2025020913,-0.0001
2025020913,-0.0001
2025020914,-0.0001
2025020914,-0.0001
2025020914,-0.0001
2025020914,-0.0001
2025020915,-0.0001
2025020915,-0.0001
2025020915,-0.0001
2025020915,-0.0001
2025020916,-0.0001
2025020916,-0.0001
2025020916,-0.0001
2025020916,-0.0001
2025020917,-0.0001
2025020917,-0.0001
2025020917,-0.0001
2025020917,-0.0001
2025020918,-0.0001
2025020918,-0.0001
2025020918,-0.0001
2025020918,-0.0001
2025020919,-0.0001
2025020919,-0.0001
2025020919,-0.0001
2025020919,-0.0001
2025020920,-0.0001
2025020920,-0.0001
2025020920,-0.0001
2025020920,-0.0001
2025020921,-0.0001
2025020921,-0.0001
2025020921,-0.0001
2025020921,-0.0001
2025020922,-0.0001
2025020922,-0.0001
2025020922,-0.0001
2025020922,-0.0001
2025020923,-0.0001
2025020923,-0.0001
2025020923,-0.0001
2025020923,-0.0001
2025021000,-0.0001
2025021000,-0.0001
2025021000,-0.0001
2025021000,-0.0001
2025021001,-0.0001
2025021001,-0.0001
2025021001,-0.0001
2025021001,-0.0001
2025021002,-0.0001
2025021002,-0.0001
2025021002,-0.0001
2025021002,-0.0001
2025021003,-0.0001
2025021003,-0.0001
2025021003,-0.0001
2025021003,-0.0001
2025021004,-0.0001
2025021004,-0.0001
2025021004,-0.0001
2025021004,-0.0001
2025021005,-0.0001
2025021005,-0.0001
2025021005,-0.0001
2025021005,-0.0001
2025021006,-0.0001
2025021006,-0.0001
2025021006,-0.0001
2025021006,-0.0001
2025021007,-0.0001
2025021007,-0.0001
2025021007,-0.0001
2025021007,-0.0001
2025021008,-0.0001
2025021008,-0.0001
2025021008,-0.0001
2025021008,-0.0001
2025021009,-0.0001
2025021009,-0.0001
2025021009,-0.0001
2025021009,-0.0001
2025021010,-0.0001
2025021010,-0.0001
2025021010,-0.0001
2025021010,-0.0001
2025021011,-0.0001
2025021011,-0.0001
2025021011,-0.0001
2025021011,-0.0001
2025021012,-0.0001
2025021012,-0.0001
2025021012,-0.0001
2025021012,-0.0001
2025021013,-0.0001
2025021013,-0.0001
2025021013,-0.0001
2025021013,-0.0001
2025021014,-0.0001
2025021014,-0.0001
2025021014,-0.0001
2025021014,-0.0001
2025021015,-0.0001
2025021015,-0.0001
2025021015,-0.0001
2025021015,-0.0001
2025021016,-0.0001
2025021016,-0.0001
2025021016,-0.0001
2025021016,-0.0001
2025021017,-0.0001
2025021017,-0.0001
2025021017,-0.0001
2025021017,-0.0001
2025021018,-0.0001
2025021018,-0.0001
2025021018,-0.0001
2025021018,-0.0001
2025021019,-0.0001
2025021019,-0.0001
2025021019,-0.0001
2025021019,-0.0001
2025021020,-0.0001
2025021020,-0.0001
2025021020,-0.0001
2025021020,-0.0001
2025021021,-0.0001
2025021021,-0.0001
2025021021,-0.0001
2025021021,-0.0001
2025021022,-0.0001
2025021022,-0.0001
2025021022,-0.0001
2025021022,-0.0001
2025021023,-0.0001
2025021023,-0.0001
2025021023,-0.0001
2025021023,-0.0001
2025021100,-0.0001
2025021100,-0.0001
2025021100,-0.0001
2025021100,-0.0001
2025021101,-0.0001
2025021101,-0.0001
2025021101,-0.0001
2025021101,-0.0001
2025021102,-0.0001
2025021102,-0.0001
2025021102,-0.0001
2025021102,-0.0001
2025021103,-0.0001
2025021103,-0.0001
2025021103,-0.0001
2025021103,-0.0001
2025021104,-0.0001
2025021104,-0.0001
2025021104,-0.0001
2025021104,-0.0001
2025021105,-0.0001
2025021105,-0.0001
2025021105,-0.0001
2025021105,-0.0001
2025021106,-0.0001
2025021106,-0.0001
2025021106,-0.0001
2025021106,-0.0001
2025021107,-0.0001
2025021107,-0.0001
2025021107,-0.0001
2025021107,-0.0001
2025021108,-0.0001
2025021108,-0.0001
2025021108,-0.0001
2025021108,-0.0001
2025021109,-0.0001
2025021109,-0.0001
2025021109,-0.0001
2025021109,-0.0001
2025021110,-0.0001
2025021110,-0.0001
2025021110,-0.0001
2025021110,-0.0001
2025021111,-0.0001
2025021111,-0.0001
2025021111,-0.0001
2025021111,-0.0001
2025021112,-0.0001
2025021112,-0.0001
2025021112,-0.0001
2025021112,-0.0001
2025021113,-0.0001
2025021113,-0.0001
2025021113,-0.0001
2025021113,-0.0001
2025021114,-0.0001
2025021114,-0.0001
2025021114,-0.0001
2025021114,-0.0001
2025021115,-0.0001
2025021115,-0.0001
2025021115,-0.0001
2025021115,-0.0001
2025021116,-0.0001
2025021116,-0.0001
2025021116,-0.0001
2025021116,-0.0001
2025021117,-0.0001
2025021117,-0.0001
2025021117,-0.0001
2025021117,-0.0001
2025021118,-0.0001
2025021118,-0.0001
2025021118,-0.0001
2025021118,-0.0001
2025021119,-0.0001
2025021119,-0.0001
2025021119,-0.0001
2025021119,-0.0001
2025021120,-0.0001
2025021120,-0.0001
2025021120,-0.0001
2025021120,-0.0001
2025021121,-0.0001
2025021121,-0.0001
2025021121,-0.0001
2025021121,-0.0001
2025021122,-0.0001
2025021122,-0.0001
2025021122,-0.0001
2025021122,-0.0001
2025021123,-0.0001
2025021123,-0.0001
2025021123,-0.0001
2025021123,-0.0001
2025021200,-0.0001
2025021200,-0.0001
2025021200,-0.0001
2025021200,-0.0001
2025021201,-0.0001
2025021201,-0.0001
2025021201,-0.0001
2025021201,-0.0001
2025021202,-0.0001
2025021202,-0.0001
2025021202,-0.0001
2025021202,-0.0001
2025021203,-0.0001
2025021203,-0.0001
2025021203,-0.0001
2025021203,-0.0001
2025021204,-0.0001
2025021204,-0.0001
2025021204,-0.0001
2025021204,-0.0001
2025021205,-0.0001
2025021205,-0.0001
2025021205,-0.0001
2025021205,-0.0001
2025021206,-0.0001
2025021206,-0.0001
2025021206,-0.0001
2025021206,-0.0001
2025021207,-0.0001
2025021207,-0.0001
2025021207,-0.0001
2025021207,-0.0001
2025021208,-0.0001
2025021208,-0.0001
2025021208,-0.0001
2025021208,-0.0001
2025021209,-0.0001
2025021209,-0.0001
2025021209,-0.0001
2025021209,-0.0001
2025021210,-0.0001
2025021210,-0.0001
2025021210,-0.0001
2025021210,-0.0001
2025021211,-0.0001
2025021211,-0.0001
2025021211,-0.0001
2025021211,-0.0001
2025021212,-0.0001
2025021212,-0.0001
2025021212,-0.0001
2025021212,-0.0001
2025021213,-0.0001
2025021213,-0.0001
2025021213,-0.0001
2025021213,-0.0001
2025021214,-0.0001
2025021214,-0.0001
2025021214,-0.0001
2025021214,-0.0001
2025021215,-0.0001
2025021215,-0.0001
2025021215,-0.0001
2025021215,-0.0001
2025021216,-0.0001
2025021216,-0.0001
2025021216,-0.0001
2025021216,-0.0001
2025021217,-0.0001
2025021217,-0.0001
2025021217,-0.0001
2025021217,-0.0001
2025021218,-0.0001
2025021218,-0.0001
2025021218,-0.0001
2025021218,-0.0001
2025021219,-0.0001
2025021219,-0.0001
2025021219,-0.0001
2025021219,-0.0001
2025021220,-0.0001
2025021220,-0.0001
2025021220,-0.0001
2025021220,-0.0001
2025021221,-0.0001
2025021221,-0.0001
2025021221,-0.0001
2025021221,-0.0001
2025021222,-0.0001
2025021222,-0.0001
2025021222,-0.0001
2025021222,-0.0001
2025021223,-0.0001
2025021223,-0.0001
2025021223,-0.0001
2025021223,-0.0001
2025021300,-0.0001
2025021300,-0.0001
2025021300,-0.0001
2025021300,-0.0001
2025021301,-0.0001
2025021301,-0.0001
2025021301,-0.0001
2025021301,-0.0001
2025021302,-0.0001
2025021302,-0.0001
2025021302,-0.0001
2025021302,-0.0001
2025021303,-0.0001
2025021303,-0.0001
2025021303,-0.0001
2025021303,-0.0001
2025021304,-0.0001
2025021304,-0.0001
2025021304,-0.0001
2025021304,-0.0001
2025021305,-0.0001
2025021305,-0.0001
2025021305,-0.0001
2025021305,-0.0001
2025021306,-0.0001
2025021306,-0.0001
2025021306,-0.0001
2025021306,-0.0001
2025021307,-0.0001
2025021307,-0.0001
2025021307,-0.0001
2025021307,-0.0001
2025021308,-0.0001
2025021308,-0.0001
2025021308,-0.0001
2025021308,-0.0001
2025021309,-0.0001
2025021309,-0.0001
2025021309,-0.0001
2025021309,-0.0001
2025021310,-0.0001
2025021310,-0.0001
2025021310,-0.0001
2025021310,-0.0001
2025021311,-0.0001
2025021311,-0.0001
2025021311,-0.0001
2025021311,-0.0001
2025021312,-0.0001
2025021312,-0.0001
2025021312,-0.0001
2025021312,-0.0001
2025021313,-0.0001
2025021313,-0.0001
2025021313,-0.0001
2025021313,-0.0001
2025021314,-0.0001
2025021314,-0.0001
2025021314,-0.0001
2025021314,-0.0001
2025021315,-0.0001
2025021315,-0.0001
2025021315,-0.0001
2025021315,-0.0001
2025021316,-0.0001
2025021316,-0.0001
2025021316,-0.0001
2025021316,-0.0001
2025021317,-0.0001
2025021317,-0.0001
2025021317,-0.0001
2025021317,-0.0001
2025021318,-0.0001
2025021318,-0.0001
2025021318,-0.0001
2025021318,-0.0001
2025021319,-0.0001
2025021319,-0.0001
2025021319,-0.0001
2025021319,-0.0001
2025021320,-0.0001
2025021320,-0.0001
2025021320,-0.0001
2025021320,-0.0001
2025021321,-0.0001
2025021321,-0.0001
2025021321,-0.0001
2025021321,-0.0001
2025021322,-0.0001
2025021322,-0.0001
2025021322,-0.0001
2025021322,-0.0001
2025021323,-0.0001
2025021323,-0.0001
2025021323,-0.0001
2025021323,-0.0001
2025021400,-0.0001
2025021400,-0.0001
2025021400,-0.0001
2025021400,-0.0001
2025021401,-0.0001
2025021401,-0.0001
2025021401,-0.0001
2025021401,-0.0001
2025021402,-0.0001
2025021402,-0.0001
2025021402,-0.0001
2025021402,-0.0001
2025021403,-0.0001
2025021403,-0.0001
2025021403,-0.0001
2025021403,-0.0001
2025021404,-0.0001
2025021404,-0.0001
2025021404,-0.0001
2025021404,-0.0001
2025021405,-0.0001
2025021405,-0.0001
2025021405,-0.0001
2025021405,-0.0001
2025021406,-0.0001
2025021406,-0.0001
2025021406,-0.0001
2025021406,-0.0001
2025021407,-0.0001
2025021407,-0.0001
2025021407,-0.0001
2025021407,-0.0001
2025021408,-0.0001
2025021408,-0.0001
2025021408,-0.0001
2025021408,-0.0001
2025021409,-0.0001
2025021409,-0.0001
2025021409,-0.0001
2025021409,-0.0001
2025021410,-0.0001
2025021410,-0.0001
2025021410,-0.0001
2025021410,-0.0001
2025021411,-0.0001
2025021411,-0.0001
2025021411,-0.0001
2025021411,-0.0001
2025021412,-0.0001
2025021412,-0.0001
2025021412,-0.0001
2025021412,-0.0001
2025021413,-0.0001
2025021413,-0.0001
2025021413,-0.0001
2025021413,-0.0001
2025021414,-0.0001
2025021414,-0.0001
2025021414,-0.0001
2025021414,-0.0001
2025021415,-0.0001
2025021415,-0.0001
2025021415,-0.0001
2025021415,-0.0001
2025021416,-0.0001
2025021416,-0.0001
2025021416,-0.0001
2025021416,-0.0001
2025021417,-0.0001
2025021417,-0.0001
2025021417,-0.0001
2025021417,-0.0001
2025021418,-0.0001
2025021418,-0.0001
2025021418,-0.0001
2025021418,-0.0001
2025021419,-0.0001
2025021419,-0.0001
2025021419,-0.0001
2025021419,-0.0001
2025021420,-0.0001
2025021420,-0.0001
2025021420,-0.0001
2025021420,-0.0001
2025021421,-0.0001
2025021421,-0.0001
2025021421,-0.0001
2025021421,-0.0001
2025021422,-0.0001
2025021422,-0.0001
2025021422,-0.0001
2025021422,-0.0001
2025021423,-0.0001
2025021423,-0.0001
2025021423,-0.0001
2025021423,-0.0001
2025021500,-0.0001
2025021500,-0.0001
2025021500,-0.0001
2025021500,-0.0001
2025021501,-0.0001
2025021501,-0.0001
2025021501,-0.0001
2025021501,-0.0001
2025021502,-0.0001
2025021502,-0.0001
2025021502,-0.0001
2025021502,-0.0001
2025021503,-0.0001
2025021503,-0.0001
2025021503,-0.0001
2025021503,-0.0001
2025021504,-0.0001
2025021504,-0.0001
2025021504,-0.0001
2025021504,-0.0001
2025021505,-0.0001
2025021505,-0.0001
2025021505,-0.0001
2025021505,-0.0001
2025021506,-0.0001
2025021506,-0.0001
2025021506,-0.0001
2025021506,-0.0001
2025021507,-0.0001
2025021507,-0.0001
2025021507,-0.0001
2025021507,-0.0001
2025021508,-0.0001
2025021508,-0.0001
2025021508,-0.0001
2025021508,-0.0001
2025021509,-0.0001
2025021509,-0.0001
2025021509,-0.0001
2025021509,-0.0001
2025021510,-0.0001
2025021510,-0.0001
2025021510,-0.0001
2025021510,-0.0001
2025021511,-0.0001
2025021511,-0.0001
2025021511,-0.0001
2025021511,-0.0001
2025021512,-0.0001
2025021512,-0.0001
2025021512,-0.0001
2025021512,-0.0001
2025021513,-0.0001
2025021513,-0.0001
2025021513,-0.0001
2025021513,-0.0001
2025021514,-0.0001
2025021514,-0.0001
2025021514,-0.0001
2025021514,-0.0001
2025021515,-0.0001
2025021515,-0.0001
2025021515,-0.0001
2025021515,-0.0001
2025021516,-0.0001
2025021516,-0.0001
2025021516,-0.0001
2025021516,-0.0001
2025021517,-0.0001
2025021517,-0.0001
2025021517,-0.0001
2025021517,-0.0001
2025021518,-0.0001
2025021518,-0.0001
2025021518,-0.0001
2025021518,-0.0001
2025021519,-0.0001
2025021519,-0.0001
2025021519,-0.0001
2025021519,-0.0001
2025021520,-0.0001
2025021520,-0.0001
2025021520,-0.0001
2025021520,-0.0001
2025021521,-0.0001
2025021521,-0.0001
2025021521,-0.0001
2025021521,-0.0001
2025021522,-0.0001
2025021522,-0.0001
2025021522,-0.0001
2025021522,-0.0001
2025021523,-0.0001
2025021523,-0.0001
2025021523,-0.0001
2025021523,-0.0001
2025021600,-0.0001
2025021600,-0.0001
2025021600,-0.0001
2025021600,-0.0001
2025021601,-0.0001
2025021601,-0.0001
2025021601,-0.0001
2025021601,-0.0001
2025021602,-0.0001
2025021602,-0.0001
2025021602,-0.0001
2025021602,-0.0001
2025021603,-0.0001
2025021603,-0.0001
2025021603,-0.0001
2025021603,-0.0001
2025021604,-0.0001
2025021604,-0.0001
2025021604,-0.0001
2025021604,-0.0001
2025021605,-0.0001
2025021605,-0.0001
2025021605,-0.0001
2025021605,-0.0001
2025021606,-0.0001
2025021606,-0.0001
2025021606,-0.0001
2025021606,-0.0001
2025021607,-0.0001
2025021607,-0.0001
2025021607,-0.0001
2025021607,-0.0001
2025021608,-0.0001
2025021608,-0.0001
2025021608,-0.0001
2025021608,-0.0001
2025021609,-0.0001
2025021609,-0.0001
2025021609,-0.0001
2025021609,-0.0001
2025021610,-0.0001
2025021610,-0.0001
2025021610,-0.0001
2025021610,-0.0001
2025021611,-0.0001
2025021611,-0.0001
2025021611,-0.0001
2025021611,-0.0001
2025021612,-0.0001
2025021612,-0.0001
2025021612,-0.0001
2025021612,-0.0001
2025021613,-0.0001
2025021613,-0.0001
2025021613,-0.0001
2025021613,-0.0001
2025021614,-0.0001
2025021614,-0.0001
2025021614,-0.0001
2025021614,-0.0001
2025021615,-0.0001
2025021615,-0.0001
2025021615,-0.0001
2025021615,-0.0001
2025021616,-0.0001
2025021616,-0.0001
2025021616,-0.0001
2025021616,-0.0001
2025021617,-0.0001
2025021617,-0.0001
2025021617,-0.0001
2025021617,-0.0001
2025021618,-0.0001
2025021618,-0.0001
2025021618,-0.0001
2025021618,-0.0001
2025021619,-0.0001
2025021619,-0.0001
2025021619,-0.0001
2025021619,-0.0001
2025021620,-0.0001
2025021620,-0.0001
2025021620,-0.0001
2025021620,-0.0001
2025021621,-0.0001
2025021621,-0.0001
2025021621,-0.0001
2025021621,-0.0001
2025021622,-0.0001
2025021622,-0.0001
2025021622,-0.0001
2025021622,-0.0001
2025021623,-0.0001
2025021623,-0.0001
2025021623,-0.0001
2025021623,-0.0001
2025021700,-0.0001
2025021700,-0.0001
2025021700,-0.0001
2025021700,-0.0001
2025021701,-0.0001
2025021701,-0.0001
2025021701,-0.0001
2025021701,-0.0001
2025021702,-0.0001
2025021702,-0.0001
2025021702,-0.0001
2025021702,-0.0001
2025021703,-0.0001
2025021703,-0.0001
2025021703,-0.0001
2025021703,-0.0001
2025021704,-0.0001
2025021704,-0.0001
2025021704,-0.0001
2025021704,-0.0001
2025021705,-0.0001
2025021705,-0.0001
2025021705,-0.0001
2025021705,-0.0001
2025021706,-0.0001
2025021706,-0.0001
2025021706,-0.0001
2025021706,-0.0001
2025021707,-0.0001
2025021707,-0.0001
2025021707,-0.0001
2025021707,-0.0001
2025021708,-0.0001
2025021708,-0.0001
2025021708,-0.0001
2025021708,-0.0001
2025021709,-0.0001
2025021709,-0.0001
2025021709,-0.0001
2025021709,-0.0001
2025021710,-0.0001
2025021710,-0.0001
2025021710,-0.0001
2025021710,-0.0001
2025021711,-0.0001
2025021711,-0.0001
2025021711,-0.0001
2025021711,-0.0001
2025021712,-0.0001
2025021712,-0.0001
2025021712,-0.0001
2025021712,-0.0001
2025021713,-0.0001
2025021713,-0.0001
2025021713,-0.0001
2025021713,-0.0001
2025021714,-0.0001
2025021714,-0.0001
2025021714,-0.0001
2025021714,-0.0001
2025021715,-0.0001
2025021715,-0.0001
2025021715,-0.0001
2025021715,-0.0001
2025021716,-0.0001
2025021716,-0.0001
2025021716,-0.0001
2025021716,-0.0001
2025021717,-0.0001
2025021717,-0.0001
2025021717,-0.0001
2025021717,-0.0001
2025021718,-0.0001
2025021718,-0.0001
2025021718,-0.0001
2025021718,-0.0001
2025021719,-0.0001
2025021719,-0.0001
2025021719,-0.0001
2025021719,-0.0001
2025021720,-0.0001
2025021720,-0.0001
2025021720,-0.0001
2025021720,-0.0001
2025021721,-0.0001
2025021721,-0.0001
2025021721,-0.0001
2025021721,-0.0001
2025021722,-0.0001
2025021722,-0.0001
2025021722,-0.0001
2025021722,-0.0001
2025021723,-0.0001
2025021723,-0.0001
2025021723,-0.0001
2025021723,-0.0001
2025021800,-0.0001
2025021800,-0.0001
2025021800,-0.0001
2025021800,-0.0001
2025021801,-0.0001
2025021801,-0.0001
2025021801,-0.0001
2025021801,-0.0001
2025021802,-0.0001
2025021802,-0.0001
2025021802,-0.0001
2025021802,-0.0001
2025021803,-0.0001
2025021803,-0.0001
2025021803,-0.0001
2025021803,-0.0001
2025021804,-0.0001
2025021804,-0.0001
2025021804,-0.0001
2025021804,-0.0001
2025021805,-0.0001
2025021805,-0.0001
2025021805,-0.0001
2025021805,-0.0001
2025021806,-0.0001
2025021806,-0.0001
2025021806,-0.0001
2025021806,-0.0001
2025021807,-0.0001
2025021807,-0.0001
2025021807,-0.0001
2025021807,-0.0001
2025021808,-0.0001
2025021808,-0.0001
2025021808,-0.0001
2025021808,-0.0001
2025021809,-0.0001
2025021809,-0.0001
2025021809,-0.0001
2025021809,-0.0001
2025021810,-0.0001
2025021810,-0.0001
2025021810,-0.0001
2025021810,-0.0001
2025021811,-0.0001
2025021811,-0.0001
2025021811,-0.0001
2025021811,-0.0001
2025021812,-0.0001
2025021812,-0.0001
2025021812,-0.0001
2025021812,-0.0001
2025021813,-0.0001
2025021813,-0.0001
2025021813,-0.0001
2025021813,-0.0001
2025021814,-0.0001
2025021814,-0.0001
2025021814,-0.0001
2025021814,-0.0001
2025021815,-0.0001
2025021815,-0.0001
2025021815,-0.0001
2025021815,-0.0001
2025021816,-0.0001
2025021816,-0.0001
2025021816,-0.0001
2025021816,-0.0001
2025021817,-0.0001
2025021817,-0.0001
2025021817,-0.0001
2025021817,-0.0001
2025021818,-0.0001
2025021818,-0.0001
2025021818,-0.0001
2025021818,-0.0001
2025021819,-0.0001
2025021819,-0.0001
2025021819,-0.0001
2025021819,-0.0001
2025021820,-0.0001
2025021820,-0.0001
2025021820,-0.0001
2025021820,-0.0001
2025021821,-0.0001
2025021821,-0.0001
2025021821,-0.0001
2025021821,-0.0001
2025021822,-0.0001
2025021822,-0.0001
2025021822,-0.0001
2025021822,-0.0001
2025021823,-0.0001
2025021823,-0.0001
2025021823,-0.0001
2025021823,-0.0001
2025021900,-0.0001
2025021900,-0.0001
2025021900,-0.0001
2025021900,-0.0001
2025021901,-0.0001
2025021901,-0.0001
2025021901,-0.0001
2025021901,-0.0001
2025021902,-0.0001
2025021902,-0.0001
2025021902,-0.0001
2025021902,-0.0001
2025021903,-0.0001
2025021903,-0.0001
2025021903,-0.0001
2025021903,-0.0001
2025021904,-0.0001
2025021904,-0.0001
2025021904,-0.0001
2025021904,-0.0001
2025021905,-0.0001
2025021905,-0.0001
2025021905,-0.0001
2025021905,-0.0001
2025021906,-0.0001
2025021906,-0.0001
2025021906,-0.0001
2025021906,-0.0001
2025021907,-0.0001
2025021907,-0.0001
2025021907,-0.0001
2025021907,-0.0001
2025021908,-0.0001
2025021908,-0.0001
2025021908,-0.0001
2025021908,-0.0001
2025021909,-0.0001
2025021909,-0.0001
2025021909,-0.0001
2025021909,-0.0001
2025021910,-0.0001
2025021910,-0.0001
2025021910,-0.0001
2025021910,-0.0001
2025021911,-0.0001
2025021911,-0.0001
2025021911,-0.0001
2025021911,-0.0001
2025021912,-0.0001
2025021912,-0.0001
2025021912,-0.0001
2025021912,-0.0001
2025021913,-0.0001
2025021913,-0.0001
2025021913,-0.0001
2025021913,-0.0001
2025021914,-0.0001
2025021914,-0.0001
2025021914,-0.0001
2025021914,-0.0001
2025021915,-0.0001
2025021915,-0.0001
2025021915,-0.0001
2025021915,-0.0001
2025021916,-0.0001
2025021916,-0.0001
2025021916,-0.0001
2025021916,-0.0001
2025021917,-0.0001
2025021917,-0.0001
2025021917,-0.0001
2025021917,-0.0001
2025021918,-0.0001
2025021918,-0.0001
2025021918,-0.0001
2025021918,-0.0001
2025021919,-0.0001
2025021919,-0.0001
2025021919,-0.0001
2025021919,-0.0001
2025021920,-0.0001
2025021920,-0.0001
2025021920,-0.0001
2025021920,-0.0001
2025021921,-0.0001
2025021921,-0.0001
2025021921,-0.0001
2025021921,-0.0001
2025021922,-0.0001
2025021922,-0.0001
2025021922,-0.0001
2025021922,-0.0001
2025021923,-0.0001
2025021923,-0.0001
2025021923,-0.0001
2025021923,-0.0001
2025022000,-0.0001
2025022000,-0.0001
2025022000,-0.0001
2025022000,-0.0001
2025022001,-0.0001
2025022001,-0.0001
2025022001,-0.0001
2025022001,-0.0001
2025022002,-0.0001
2025022002,-0.0001
2025022002,-0.0001
2025022002,-0.0001
2025022003,-0.0001
2025022003,-0.0001
2025022003,-0.0001
2025022003,-0.0001
2025022004,-0.0001
2025022004,-0.0001
2025022004,-0.0001
2025022004,-0.0001
2025022005,-0.0001
2025022005,-0.0001
2025022005,-0.0001
2025022005,-0.0001
2025022006,-0.0001
2025022006,-0.0001
2025022006,-0.0001
2025022006,-0.0001
2025022007,-0.0001
2025022007,-0.0001
2025022007,-0.0001
2025022007,-0.0001
2025022008,-0.0001
2025022008,-0.0001
2025022008,-0.0001
2025022008,-0.0001
2025022009,-0.0001
2025022009,-0.0001
2025022009,-0.0001
2025022009,-0.0001
2025022010,-0.0001
2025022010,-0.0001
2025022010,-0.0001
2025022010,-0.0001
2025022011,-0.0001
2025022011,-0.0001
2025022011,-0.0001
2025022011,-0.0001
2025022012,-0.0001
2025022012,-0.0001
2025022012,-0.0001
2025022012,-0.0001
2025022013,-0.0001
2025022013,-0.0001
2025022013,-0.0001
2025022013,-0.0001
2025022014,-0.0001
2025022014,-0.0001
2025022014,-0.0001
2025022014,-0.0001
2025022015,-0.0001
2025022015,-0.0001
2025022015,-0.0001
2025022015,-0.0001
2025022016,-0.0001
2025022016,-0.0001
2025022016,-0.0001
2025022016,-0.0001
2025022017,-0.0001
2025022017,-0.0001
2025022017,-0.0001
2025022017,-0.0001
2025022018,-0.0001
2025022018,-0.0001
2025022018,-0.0001
2025022018,-0.0001
2025022019,-0.0001
2025022019,-0.0001
2025022019,-0.0001
2025022019,-0.0001
2025022020,-0.0001
2025022020,-0.0001
2025022020,-0.0001
2025022020,-0.0001
2025022021,-0.0001
2025022021,-0.0001
2025022021,-0.0001
2025022021,-0.0001
2025022022,-0.0001
2025022022,-0.0001
2025022022,-0.0001
2025022022,-0.0001
2025022023,-0.0001
2025022023,-0.0001
2025022023,-0.0001
2025022023,-0.0001
2025022100,-0.0001
2025022100,-0.0001
2025022100,-0.0001
2025022100,-0.0001
2025022101,-0.0001
2025022101,-0.0001
2025022101,-0.0001
2025022101,-0.0001
2025022102,-0.0001
2025022102,-0.0001
2025022102,-0.0001
2025022102,-0.0001
2025022103,-0.0001
2025022103,-0.0001
2025022103,-0.0001
2025022103,-0.0001
2025022104,-0.0001
2025022104,-0.0001
2025022104,-0.0001
2025022104,-0.0001
2025022105,-0.0001
2025022105,-0.0001
2025022105,-0.0001
2025022105,-0.0001
2025022106,-0.0001
2025022106,-0.0001
2025022106,-0.0001
2025022106,-0.0001
2025022107,-0.0001
2025022107,-0.0001
2025022107,-0.0001
2025022107,-0.0001
2025022108,-0.0001
2025022108,-0.0001
2025022108,-0.0001
2025022108,-0.0001
2025022109,-0.0001
2025022109,-0.0001
2025022109,-0.0001
2025022109,-0.0001
2025022110,-0.0001
2025022110,-0.0001
2025022110,-0.0001
2025022110,-0.0001
2025022111,-0.0001
2025022111,-0.0001
2025022111,-0.0001
2025022111,-0.0001
2025022112,-0.0001
2025022112,-0.0001
2025022112,-0.0001
2025022112,-0.0001
2025022113,-0.0001
2025022113,-0.0001
2025022113,-0.0001
2025022113,-0.0001
2025022114,-0.0001
2025022114,-0.0001
2025022114,-0.0001
2025022114,-0.0001
2025022115,-0.0001
2025022115,-0.0001
2025022115,-0.0001
2025022115,-0.0001
2025022116,-0.0001
2025022116,-0.0001
2025022116,-0.0001
2025022116,-0.0001
2025022117,-0.0001
2025022117,-0.0001
2025022117,-0.0001
2025022117,-0.0001
2025022118,-0.0001
2025022118,-0.0001
2025022118,-0.0001
2025022118,-0.0001
2025022119,-0.0001
2025022119,-0.0001
2025022119,-0.0001
2025022119,-0.0001
2025022120,-0.0001
2025022120,-0.0001
2025022120,-0.0001
2025022120,-0.0001
2025022121,-0.0001
2025022121,-0.0001
2025022121,-0.0001
2025022121,-0.0001
2025022122,-0.0001
2025022122,-0.0001
2025022122,-0.0001
2025022122,-0.0001
2025022123,-0.0001
2025022123,-0.0001
2025022123,-0.0001
2025022123,-0.0001
2025022200,-0.0001
2025022200,-0.0001
2025022200,-0.0001
2025022200,-0.0001
2025022201,-0.0001
2025022201,-0.0001
2025022201,-0.0001
2025022201,-0.0001
2025022202,-0.0001
2025022202,-0.0001
2025022202,-0.0001
2025022202,-0.0001
2025022203,-0.0001
2025022203,-0.0001
2025022203,-0.0001
2025022203,-0.0001
2025022204,-0.0001
2025022204,-0.0001
2025022204,-0.0001
2025022204,-0.0001
2025022205,-0.0001
2025022205,-0.0001
2025022205,-0.0001
2025022205,-0.0001
2025022206,-0.0001
2025022206,-0.0001
2025022206,-0.0001
2025022206,-0.0001
2025022207,-0.0001
2025022207,-0.0001
2025022207,-0.0001
2025022207,-0.0001
2025022208,-0.0001
2025022208,-0.0001
2025022208,-0.0001
2025022208,-0.0001
2025022209,-0.0001
2025022209,-0.0001
2025022209,-0.0001
2025022209,-0.0001
2025022210,-0.0001
2025022210,-0.0001
2025022210,-0.0001
2025022210,-0.0001
2025022211,-0.0001
2025022211,-0.0001
2025022211,-0.0001
2025022211,-0.0001
2025022212,-0.0001
2025022212,-0.0001
2025022212,-0.0001
2025022212,-0.0001
2025022213,-0.0001
2025022213,-0.0001
2025022213,-0.0001
2025022213,-0.0001
2025022214,-0.0001
2025022214,-0.0001
2025022214,-0.0001
2025022214,-0.0001
2025022215,-0.0001
2025022215,-0.0001
2025022215,-0.0001
2025022215,-0.0001
2025022216,-0.0001
2025022216,-0.0001
2025022216,-0.0001
2025022216,-0.0001
2025022217,-0.0001
2025022217,-0.0001
2025022217,-0.0001
2025022217,-0.0001
2025022218,-0.0001
2025022218,-0.0001
2025022218,-0.0001
2025022218,-0.0001
2025022219,-0.0001
2025022219,-0.0001
2025022219,-0.0001
2025022219,-0.0001
2025022220,-0.0001
2025022220,-0.0001
2025022220,-0.0001
2025022220,-0.0001
2025022221,-0.0001
2025022221,-0.0001
2025022221,-0.0001
2025022221,-0.0001
2025022222,-0.0001
2025022222,-0.0001
2025022222,-0.0001
2025022222,-0.0001
2025022223,-0.0001
2025022223,-0.0001
2025022223,-0.0001
2025022223,-0.0001
2025022300,-0.0001
2025022300,-0.0001
2025022300,-0.0001
2025022300,-0.0001
2025022301,-0.0001
2025022301,-0.0001
2025022301,-0.0001
2025022301,-0.0001
2025022302,-0.0001
2025022302,-0.0001
2025022302,-0.0001
2025022302,-0.0001
2025022303,-0.0001
2025022303,-0.0001
2025022303,-0.0001
2025022303,-0.0001
2025022304,-0.0001
2025022304,-0.0001
2025022304,-0.0001
2025022304,-0.0001
2025022305,-0.0001
2025022305,-0.0001
2025022305,-0.0001
2025022305,-0.0001
2025022306,-0.0001
2025022306,-0.0001
2025022306,-0.0001
2025022306,-0.0001
2025022307,-0.0001
2025022307,-0.0001
2025022307,-0.0001
2025022307,-0.0001
2025022308,-0.0001
2025022308,-0.0001
2025022308,-0.0001
2025022308,-0.0001
2025022309,-0.0001
2025022309,-0.0001
2025022309,-0.0001
2025022309,-0.0001
2025022310,-0.0001
2025022310,-0.0001
2025022310,-0.0001
2025022310,-0.0001
2025022311,-0.0001
2025022311,-0.0001
2025022311,-0.0001
2025022311,-0.0001
2025022312,-0.0001
2025022312,-0.0001
2025022312,-0.0001
2025022312,-0.0001
2025022313,-0.0001
2025022313,-0.0001
2025022313,-0.0001
2025022313,-0.0001
2025022314,-0.0001
2025022314,-0.0001
2025022314,-0.0001
2025022314,-0.0001
2025022315,-0.0001
2025022315,-0.0001
2025022315,-0.0001
2025022315,-0.0001
2025022316,-0.0001
2025022316,-0.0001
2025022316,-0.0001
2025022316,-0.0001
2025022317,-0.0001
2025022317,-0.0001
2025022317,-0.0001
2025022317,-0.0001
2025022318,-0.0001
2025022318,-0.0001
2025022318,-0.0001
2025022318,-0.0001
2025022319,-0.0001
2025022319,-0.0001
2025022319,-0.0001
2025022319,-0.0001
2025022320,-0.0001
2025022320,-0.0001
2025022320,-0.0001
2025022320,-0.0001
2025022321,-0.0001
2025022321,-0.0001
2025022321,-0.0001
2025022321,-0.0001
2025022322,-0.0001
2025022322,-0.0001
2025022322,-0.0001
2025022322,-0.0001
2025022323,-0.0001
2025022323,-0.0001
2025022323,-0.0001
2025022323,-0.0001
2025022400,-0.0001
2025022400,-0.0001
2025022400,-0.0001
2025022400,-0.0001
2025022401,-0.0001
2025022401,-0.0001
2025022401,-0.0001
2025022401,-0.0001
2025022402,-0.0001
2025022402,-0.0001
2025022402,-0.0001
2025022402,-0.0001
2025022403,-0.0001
2025022403,-0.0001
2025022403,-0.0001
2025022403,-0.0001
2025022404,-0.0001
2025022404,-0.0001
2025022404,-0.0001
2025022404,-0.0001
2025022405,-0.0001
2025022405,-0.0001
2025022405,-0.0001
2025022405,-0.0001
2025022406,-0.0001
2025022406,-0.0001
2025022406,-0.0001
2025022406,-0.0001
2025022407,-0.0001
2025022407,-0.0001
2025022407,-0.0001
2025022407,-0.0001
2025022408,-0.0001
2025022408,-0.0001
2025022408,-0.0001
2025022408,-0.0001
2025022409,-0.0001
2025022409,-0.0001
2025022409,-0.0001
2025022409,-0.0001
2025022410,-0.0001
2025022410,-0.0001
2025022410,-0.0001
2025022410,-0.0001
2025022411,-0.0001
2025022411,-0.0001
2025022411,-0.0001
2025022411,-0.0001
2025022412,-0.0001
2025022412,-0.0001
2025022412,-0.0001
2025022412,-0.0001
2025022413,-0.0001
2025022413,-0.0001
2025022413,-0.0001
2025022413,-0.0001
2025022414,-0.0001
2025022414,-0.0001
2025022414,-0.0001
2025022414,-0.0001
2025022415,-0.0001
2025022415,-0.0001
2025022415,-0.0001
2025022415,-0.0001
2025022416,-0.0001
2025022416,-0.0001
2025022416,-0.0001
2025022416,-0.0001
2025022417,-0.0001
2025022417,-0.0001
2025022417,-0.0001
2025022417,-0.0001
2025022418,-0.0001
2025022418,-0.0001
2025022418,-0.0001
2025022418,-0.0001
2025022419,-0.0001
2025022419,-0.0001
2025022419,-0.0001
2025022419,-0.0001
2025022420,-0.0001
2025022420,-0.0001
2025022420,-0.0001
2025022420,-0.0001
2025022421,-0.0001
2025022421,-0.0001
2025022421,-0.0001
2025022421,-0.0001
2025022422,-0.0001
2025022422,-0.0001
2025022422,-0.0001
2025022422,-0.0001
2025022423,-0.0001
2025022423,-0.0001
2025022423,-0.0001
2025022423,-0.0001
2025022500,-0.0001
2025022500,-0.0001
2025022500,-0.0001
2025022500,-0.0001
2025022501,-0.0001
2025022501,-0.0001
2025022501,-0.0001
2025022501,-0.0001
2025022502,-0.0001
2025022502,-0.0001
2025022502,-0.0001
2025022502,-0.0001
2025022503,-0.0001
2025022503,-0.0001
2025022503,-0.0001
2025022503,-0.0001
2025022504,-0.0001
2025022504,-0.0001
2025022504,-0.0001
2025022504,-0.0001
2025022505,-0.0001
2025022505,-0.0001
2025022505,-0.0001
2025022505,-0.0001
2025022506,-0.0001
2025022506,-0.0001
2025022506,-0.0001
2025022506,-0.0001
2025022507,-0.0001
2025022507,-0.0001
2025022507,-0.0001
2025022507,-0.0001
2025022508,-0.0001
2025022508,-0.0001
2025022508,-0.0001
2025022508,-0.0001
2025022509,-0.0001
2025022509,-0.0001
2025022509,-0.0001
2025022509,-0.0001
2025022510,-0.0001
2025022510,-0.0001
2025022510,-0.0001
2025022510,-0.0001
2025022511,-0.0001
2025022511,-0.0001
2025022511,-0.0001
2025022511,-0.0001
2025022512,-0.0001
2025022512,-0.0001
2025022512,-0.0001
2025022512,-0.0001
2025022513,-0.0001
2025022513,-0.0001
2025022513,-0.0001
2025022513,-0.0001
2025022514,-0.0001
2025022514,-0.0001
2025022514,-0.0001
2025022514,-0.0001
2025022515,-0.0001
2025022515,-0.0001
2025022515,-0.0001
2025022515,-0.0001
2025022516,-0.0001
2025022516,-0.0001
2025022516,-0.0001
2025022516,-0.0001
2025022517,-0.0001
2025022517,-0.0001
2025022517,-0.0001
2025022517,-0.0001
2025022518,-0.0001
2025022518,-0.0001
2025022518,-0.0001
2025022518,-0.0001
2025022519,-0.0001
2025022519,-0.0001
2025022519,-0.0001
2025022519,-0.0001
2025022520,-0.0001
2025022520,-0.0001
2025022520,-0.0001
2025022520,-0.0001
2025022521,-0.0001
2025022521,-0.0001
2025022521,-0.0001
2025022521,-0.0001
2025022522,-0.0001
2025022522,-0.0001
2025022522,-0.0001
2025022522,-0.0001
2025022523,-0.0001
2025022523,-0.0001
2025022523,-0.0001
2025022523,-0.0001
2025022600,-0.0001
2025022600,-0.0001
2025022600,-0.0001
2025022600,-0.0001
2025022601,-0.0001
2025022601,-0.0001
2025022601,-0.0001
2025022601,-0.0001
2025022602,-0.0001
2025022602,-0.0001
2025022602,-0.0001
2025022602,-0.0001
2025022603,-0.0001
2025022603,-0.0001
2025022603,-0.0001
2025022603,-0.0001
2025022604,-0.0001
2025022604,-0.0001
2025022604,-0.0001
2025022604,-0.0001
2025022605,-0.0001
2025022605,-0.0001
2025022605,-0.0001
2025022605,-0.0001
2025022606,-0.0001
2025022606,-0.0001
2025022606,-0.0001
2025022606,-0.0001
2025022607,-0.0001
2025022607,-0.0001
2025022607,-0.0001
2025022607,-0.0001
2025022608,-0.0001
2025022608,-0.0001
2025022608,-0.0001
2025022608,-0.0001
2025022609,-0.0001
2025022609,-0.0001
2025022609,-0.0001
2025022609,-0.0001
2025022610,-0.0001
2025022610,-0.0001
2025022610,-0.0001
2025022610,-0.0001
2025022611,-0.0001
2025022611,-0.0001
2025022611,-0.0001
2025022611,-0.0001
2025022612,-0.0001
2025022612,-0.0001
2025022612,-0.0001
2025022612,-0.0001
2025022613,-0.0001
2025022613,-0.0001
2025022613,-0.0001
2025022613,-0.0001
2025022614,-0.0001
2025022614,-0.0001
2025022614,-0.0001
2025022614,-0.0001
2025022615,-0.0001
2025022615,-0.0001
2025022615,-0.0001
2025022615,-0.0001
2025022616,-0.0001
2025022616,-0.0001
2025022616,-0.0001
2025022616,-0.0001
2025022617,-0.0001
2025022617,-0.0001
2025022617,-0.0001
2025022617,-0.0001
2025022618,-0.0001
2025022618,-0.0001
2025022618,-0.0001
2025022618,-0.0001
2025022619,-0.0001
2025022619,-0.0001
2025022619,-0.0001
2025022619,-0.0001
2025022620,-0.0001
2025022620,-0.0001
2025022620,-0.0001
2025022620,-0.0001
2025022621,-0.0001
2025022621,-0.0001
2025022621,-0.0001
2025022621,-0.0001
2025022622,-0.0001
2025022622,-0.0001
2025022622,-0.0001
2025022622,-0.0001
2025022623,-0.0001
2025022623,-0.0001
2025022623,-0.0001
2025022623,-0.0001
2025022700,-0.0001
2025022700,-0.0001
2025022700,-0.0001
2025022700,-0.0001
2025022701,-0.0001
2025022701,-0.0001
2025022701,-0.0001
2025022701,-0.0001
2025022702,-0.0001
2025022702,-0.0001
2025022702,-0.0001
2025022702,-0.0001
2025022703,-0.0001
2025022703,-0.0001
2025022703,-0.0001
2025022703,-0.0001
2025022704,-0.0001
2025022704,-0.0001
2025022704,-0.0001
2025022704,-0.0001
2025022705,-0.0001
2025022705,-0.0001
2025022705,-0.0001
2025022705,-0.0001
2025022706,-0.0001
2025022706,-0.0001
2025022706,-0.0001
2025022706,-0.0001
2025022707,-0.0001
2025022707,-0.0001
2025022707,-0.0001
2025022707,-0.0001
2025022708,-0.0001
2025022708,-0.0001
2025022708,-0.0001
2025022708,-0.0001
2025022709,-0.0001
2025022709,-0.0001
2025022709,-0.0001
2025022709,-0.0001
2025022710,-0.0001
2025022710,-0.0001
2025022710,-0.0001
2025022710,-0.0001
2025022711,-0.0001
2025022711,-0.0001
2025022711,-0.0001
2025022711,-0.0001
2025022712,-0.0001
2025022712,-0.0001
2025022712,-0.0001
2025022712,-0.0001
2025022713,-0.0001
2025022713,-0.0001
2025022713,-0.0001
2025022713,-0.0001
2025022714,-0.0001
2025022714,-0.0001
2025022714,-0.0001
2025022714,-0.0001
2025022715,-0.0001
2025022715,-0.0001
2025022715,-0.0001
2025022715,-0.0001
2025022716,-0.0001
2025022716,-0.0001
2025022716,-0.0001
2025022716,-0.0001
2025022717,-0.0001
2025022717,-0.0001
2025022717,-0.0001
2025022717,-0.0001
2025022718,-0.0001
2025022718,-0.0001
2025022718,-0.0001
2025022718,-0.0001
2025022719,-0.0001
2025022719,-0.0001
2025022719,-0.0001
2025022719,-0.0001
2025022720,-0.0001
2025022720,-0.0001
2025022720,-0.0001
2025022720,-0.0001
2025022721,-0.0001
2025022721,-0.0001
2025022721,-0.0001
2025022721,-0.0001
2025022722,-0.0001
2025022722,-0.0001
2025022722,-0.0001
2025022722,-0.0001
2025022723,-0.0001
2025022723,-0.0001
2025022723,-0.0001
2025022723,-0.0001
2025022800,-0.0001
2025022800,-0.0001
2025022800,-0.0001
2025022800,-0.0001
2025022801,-0.0001
2025022801,-0.0001
2025022801,-0.0001
2025022801,-0.0001
2025022802,-0.0001
2025022802,-0.0001
2025022802,-0.0001
2025022802,-0.0001
2025022803,-0.0001
2025022803,-0.0001
2025022803,-0.0001
2025022803,-0.0001
2025022804,-0.0001
2025022804,-0.0001
2025022804,-0.0001
2025022804,-0.0001
2025022805,-0.0001
2025022805,-0.0001
2025022805,-0.0001
2025022805,-0.0001
2025022806,-0.0001
2025022806,-0.0001
2025022806,-0.0001
2025022806,-0.0001
2025022807,-0.0001
2025022807,-0.0001
2025022807,-0.0001
2025022807,-0.0001
2025022808,-0.0001
2025022808,-0.0001
2025022808,-0.0001
2025022808,-0.0001
2025022809,-0.0001
2025022809,-0.0001
2025022809,-0.0001
2025022809,-0.0001
2025022810,-0.0001
2025022810,-0.0001
2025022810,-0.0001
2025022810,-0.0001
2025022811,-0.0001
2025022811,-0.0001
2025022811,-0.0001
2025022811,-0.0001
2025022812,-0.0001
2025022812,-0.0001
2025022812,-0.0001
2025022812,-0.0001
2025022813,-0.0001
2025022813,-0.0001
2025022813,-0.0001
2025022813,-0.0001
2025022814,-0.0001
2025022814,-0.0001
2025022814,-0.0001
2025022814,-0.0001
2025022815,-0.0001
2025022815,-0.0001
2025022815,-0.0001
2025022815,-0.0001
2025022816,-0.0001
2025022816,-0.0001
2025022816,-0.0001
2025022816,-0.0001
2025022817,-0.0001
2025022817,-0.0001
2025022817,-0.0001
2025022817,-0.0001
2025022818,-0.0001
2025022818,-0.0001
2025022818,-0.0001
2025022818,-0.0001
2025022819,-0.0001
2025022819,-0.0001
2025022819,-0.0001
2025022819,-0.0001
2025022820,-0.0001
2025022820,-0.0001
2025022820,-0.0001
2025022820,-0.0001
2025022821,-0.0001
2025022821,-0.0001
2025022821,-0.0001
2025022821,-0.0001
2025022822,-0.0001
2025022822,-0.0001
2025022822,-0.0001
2025022822,-0.0001
2025022823,-0.0001
2025022823,-0.0001
2025022823,-0.0001
2025022823,-0.0001
2025030100,-0.0001
2025030100,-0.0001
2025030100,-0.0001
2025030100,-0.0001
2025030101,-0.0001
2025030101,-0.0001
2025030101,-0.0001
2025030101,-0.0001
2025030102,-0.0001
2025030102,-0.0001
2025030102,-0.0001
2025030102,-0.0001
2025030103,-0.0001
2025030103,-0.0001
2025030103,-0.0001
2025030103,-0.0001
2025030104,-0.0001
2025030104,-0.0001
2025030104,-0.0001
2025030104,-0.0001
2025030105,-0.0001
2025030105,-0.0001
2025030105,-0.0001
2025030105,-0.0001
2025030106,-0.0001
2025030106,-0.0001
2025030106,-0.0001
2025030106,-0.0001
2025030107,-0.0001
2025030107,-0.0001
2025030107,-0.0001
2025030107,-0.0001
2025030108,-0.0001
2025030108,-0.0001
2025030108,-0.0001
2025030108,-0.0001
2025030109,-0.0001
2025030109,-0.0001
2025030109,-0.0001
2025030109,-0.0001
2025030110,-0.0001
2025030110,-0.0001
2025030110,-0.0001
2025030110,-0.0001
2025030111,-0.0001
2025030111,-0.0001
2025030111,-0.0001
2025030111,-0.0001
2025030112,-0.0001
2025030112,-0.0001
2025030112,-0.0001
2025030112,-0.0001
2025030113,-0.0001
2025030113,-0.0001
2025030113,-0.0001
2025030113,-0.0001
2025030114,-0.0001
2025030114,-0.0001
2025030114,-0.0001
2025030114,-0.0001
2025030115,-0.0001
2025030115,-0.0001
2025030115,-0.0001
2025030115,-0.0001
2025030116,-0.0001
2025030116,-0.0001
2025030116,-0.0001
2025030116,-0.0001
2025030117,-0.0001
2025030117,-0.0001
2025030117,-0.0001
2025030117,-0.0001
2025030118,-0.0001
2025030118,-0.0001
2025030118,-0.0001
2025030118,-0.0001
2025030119,-0.0001
2025030119,-0.0001
2025030119,-0.0001
2025030119,-0.0001
2025030120,-0.0001
2025030120,-0.0001
2025030120,-0.0001
2025030120,-0.0001
2025030121,-0.0001
2025030121,-0.0001
2025030121,-0.0001
2025030121,-0.0001
2025030122,-0.0001
2025030122,-0.0001
2025030122,-0.0001
2025030122,-0.0001
2025030123,-0.0001
2025030123,-0.0001
2025030123,-0.0001
2025030123,-0.0001
2025030200,-0.0001
2025030200,-0.0001
2025030200,-0.0001
2025030200,-0.0001
2025030201,-0.0001
2025030201,-0.0001
2025030201,-0.0001
2025030201,-0.0001
2025030202,-0.0001
2025030202,-0.0001
2025030202,-0.0001
2025030202,-0.0001
2025030203,-0.0001
2025030203,-0.0001
2025030203,-0.0001
2025030203,-0.0001
2025030204,-0.0001
2025030204,-0.0001
2025030204,-0.0001
2025030204,-0.0001
2025030205,-0.0001
2025030205,-0.0001
2025030205,-0.0001
2025030205,-0.0001
2025030206,-0.0001
2025030206,-0.0001
2025030206,-0.0001
2025030206,-0.0001
2025030207,-0.0001
2025030207,-0.0001
2025030207,-0.0001
2025030207,-0.0001
2025030208,-0.0001
2025030208,-0.0001
2025030208,-0.0001
2025030208,-0.0001
2025030209,-0.0001
2025030209,-0.0001
2025030209,-0.0001
2025030209,-0.0001
2025030210,-0.0001
2025030210,-0.0001
2025030210,-0.0001
2025030210,-0.0001
2025030211,-0.0001
2025030211,-0.0001
2025030211,-0.0001
2025030211,-0.0001
2025030212,-0.0001
2025030212,-0.0001
2025030212,-0.0001
2025030212,-0.0001
2025030213,-0.0001
2025030213,-0.0001
2025030213,-0.0001
2025030213,-0.0001
2025030214,-0.0001
2025030214,-0.0001
2025030214,-0.0001
2025030214,-0.0001
2025030215,-0.0001
2025030215,-0.0001
2025030215,-0.0001
2025030215,-0.0001
2025030216,-0.0001
2025030216,-0.0001
2025030216,-0.0001
2025030216,-0.0001
2025030217,-0.0001
2025030217,-0.0001
2025030217,-0.0001
2025030217,-0.0001
2025030218,-0.0001
2025030218,-0.0001
2025030218,-0.0001
2025030218,-0.0001
2025030219,-0.0001
2025030219,-0.0001
2025030219,-0.0001
2025030219,-0.0001
2025030220,-0.0001
2025030220,-0.0001
2025030220,-0.0001
2025030220,-0.0001
2025030221,-0.0001
2025030221,-0.0001
2025030221,-0.0001
2025030221,-0.0001
2025030222,-0.0001
2025030222,-0.0001
2025030222,-0.0001
2025030222,-0.0001
2025030223,-0.0001
2025030223,-0.0001
2025030223,-0.0001
2025030223,-0.0001
2025030300,-0.0001
2025030300,-0.0001
2025030300,-0.0001
2025030300,-0.0001
2025030301,-0.0001
2025030301,-0.0001
2025030301,-0.0001
2025030301,-0.0001
2025030302,-0.0001
2025030302,-0.0001
2025030302,-0.0001
2025030302,-0.0001
2025030303,-0.0001
2025030303,-0.0001
2025030303,-0.0001
2025030303,-0.0001
2025030304,-0.0001
2025030304,-0.0001
2025030304,-0.0001
2025030304,-0.0001
2025030305,-0.0001
2025030305,-0.0001
2025030305,-0.0001
2025030305,-0.0001
2025030306,-0.0001
2025030306,-0.0001
2025030306,-0.0001
2025030306,-0.0001
2025030307,-0.0001
2025030307,-0.0001
2025030307,-0.0001
2025030307,-0.0001
2025030308,-0.0001
2025030308,-0.0001
2025030308,-0.0001
2025030308,-0.0001
2025030309,-0.0001
2025030309,-0.0001
2025030309,-0.0001
2025030309,-0.0001
2025030310,-0.0001
2025030310,-0.0001
2025030310,-0.0001
2025030310,-0.0001
2025030311,-0.0001
2025030311,-0.0001
2025030311,-0.0001
2025030311,-0.0001
2025030312,-0.0001
2025030312,-0.0001
2025030312,-0.0001
2025030312,-0.0001
2025030313,-0.0001
2025030313,-0.0001
2025030313,-0.0001
2025030313,-0.0001
2025030314,-0.0001
2025030314,-0.0001
2025030314,-0.0001
2025030314,-0.0001
2025030315,-0.0001
2025030315,-0.0001
2025030315,-0.0001
2025030315,-0.0001
2025030316,-0.0001
2025030316,-0.0001
2025030316,-0.0001
2025030316,-0.0001
2025030317,-0.0001
2025030317,-0.0001
2025030317,-0.0001
2025030317,-0.0001
2025030318,-0.0001
2025030318,-0.0001
2025030318,-0.0001
2025030318,-0.0001
2025030319,-0.0001
2025030319,-0.0001
2025030319,-0.0001
2025030319,-0.0001
2025030320,-0.0001
2025030320,-0.0001
2025030320,-0.0001
2025030320,-0.0001
2025030321,-0.0001
2025030321,-0.0001
2025030321,-0.0001
2025030321,-0.0001
2025030322,-0.0001
2025030322,-0.0001
2025030322,-0.0001
2025030322,-0.0001
2025030323,-0.0001
2025030323,-0.0001
2025030323,-0.0001
2025030323,-0.0001
2025030400,-0.0001
2025030400,-0.0001
2025030400,-0.0001
2025030400,-0.0001
2025030401,-0.0001
2025030401,-0.0001
2025030401,-0.0001
2025030401,-0.0001
2025030402,-0.0001
2025030402,-0.0001
2025030402,-0.0001
2025030402,-0.0001
2025030403,-0.0001
2025030403,-0.0001
2025030403,-0.0001
2025030403,-0.0001
2025030404,-0.0001
2025030404,-0.0001
2025030404,-0.0001
2025030404,-0.0001
2025030405,-0.0001
2025030405,-0.0001
2025030405,-0.0001
2025030405,-0.0001
2025030406,-0.0001
2025030406,-0.0001
2025030406,-0.0001
2025030406,-0.0001
2025030407,-0.0001
2025030407,-0.0001
2025030407,-0.0001
2025030407,-0.0001
2025030408,-0.0001
2025030408,-0.0001
2025030408,-0.0001
2025030408,-0.0001
2025030409,-0.0001
2025030409,-0.0001
2025030409,-0.0001
2025030409,-0.0001
2025030410,-0.0001
2025030410,-0.0001
2025030410,-0.0001
2025030410,-0.0001
2025030411,-0.0001
2025030411,-0.0001
2025030411,-0.0001
2025030411,-0.0001
2025030412,-0.0001
2025030412,-0.0001
2025030412,-0.0001
2025030412,-0.0001
2025030413,-0.0001
2025030413,-0.0001
2025030413,-0.0001
2025030413,-0.0001
2025030414,-0.0001
2025030414,-0.0001
2025030414,-0.0001
2025030414,-0.0001
2025030415,-0.0001
2025030415,-0.0001
2025030415,-0.0001
2025030415,-0.0001
2025030416,-0.0001
2025030416,-0.0001
2025030416,-0.0001
2025030416,-0.0001
2025030417,-0.0001
2025030417,-0.0001
2025030417,-0.0001
2025030417,-0.0001
2025030418,-0.0001
2025030418,-0.0001
2025030418,-0.0001
2025030418,-0.0001
2025030419,-0.0001
2025030419,-0.0001
2025030419,-0.0001
2025030419,-0.0001
2025030420,-0.0001
2025030420,-0.0001
2025030420,-0.0001
2025030420,-0.0001
2025030421,-0.0001
2025030421,-0.0001
2025030421,-0.0001
2025030421,-0.0001
2025030422,-0.0001
2025030422,-0.0001
2025030422,-0.0001
2025030422,-0.0001
2025030423,-0.0001
2025030423,-0.0001
2025030423,-0.0001
2025030423,-0.0001
2025030500,-0.0001
2025030500,-0.0001
2025030500,-0.0001
2025030500,-0.0001
2025030501,-0.0001
2025030501,-0.0001
2025030501,-0.0001
2025030501,-0.0001
2025030502,-0.0001
2025030502,-0.0001
2025030502,-0.0001
2025030502,-0.0001
2025030503,-0.0001
2025030503,-0.0001
2025030503,-0.0001
2025030503,-0.0001
2025030504,-0.0001
2025030504,-0.0001
2025030504,-0.0001
2025030504,-0.0001
2025030505,-0.0001
2025030505,-0.0001
2025030505,-0.0001
2025030505,-0.0001
2025030506,-0.0001
2025030506,-0.0001
2025030506,-0.0001
2025030506,-0.0001
2025030507,-0.0001
2025030507,-0.0001
2025030507,-0.0001
2025030507,-0.0001
2025030508,-0.0001
2025030508,-0.0001
2025030508,-0.0001
2025030508,-0.0001
2025030509,-0.0001
2025030509,-0.0001
2025030509,-0.0001
2025030509,-0.0001
2025030510,-0.0001
2025030510,-0.0001
2025030510,-0.0001
2025030510,-0.0001
2025030511,-0.0001
2025030511,-0.0001
2025030511,-0.0001
2025030511,-0.0001
2025030512,-0.0001
2025030512,-0.0001
2025030512,-0.0001
2025030512,-0.0001
2025030513,-0.0001
2025030513,-0.0001
2025030513,-0.0001
2025030513,-0.0001
2025030514,-0.0001
2025030514,-0.0001
2025030514,-0.0001
2025030514,-0.0001
2025030515,-0.0001
2025030515,-0.0001
2025030515,-0.0001
2025030515,-0.0001
2025030516,-0.0001
2025030516,-0.0001
2025030516,-0.0001
2025030516,-0.0001
2025030517,-0.0001
2025030517,-0.0001
2025030517,-0.0001
2025030517,-0.0001
2025030518,-0.0001
2025030518,-0.0001
2025030518,-0.0001
2025030518,-0.0001
2025030519,-0.0001
2025030519,-0.0001
2025030519,-0.0001
2025030519,-0.0001
2025030520,-0.0001
2025030520,-0.0001
2025030520,-0.0001
2025030520,-0.0001
2025030521,-0.0001
2025030521,-0.0001
2025030521,-0.0001
2025030521,-0.0001
2025030522,-0.0001
2025030522,-0.0001
2025030522,-0.0001
2025030522,-0.0001
2025030523,-0.0001
2025030523,-0.0001
2025030523,-0.0001
2025030523,-0.0001
2025030600,-0.0001
2025030600,-0.0001
2025030600,-0.0001
2025030600,-0.0001
2025030601,-0.0001
2025030601,-0.0001
2025030601,-0.0001
2025030601,-0.0001
2025030602,-0.0001
2025030602,-0.0001
2025030602,-0.0001
2025030602,-0.0001
2025030603,-0.0001
2025030603,-0.0001
2025030603,-0.0001
2025030603,-0.0001
2025030604,-0.0001
2025030604,-0.0001
2025030604,-0.0001
2025030604,-0.0001
2025030605,-0.0001
2025030605,-0.0001
2025030605,-0.0001
2025030605,-0.0001
2025030606,-0.0001
2025030606,-0.0001
2025030606,-0.0001
2025030606,-0.0001
2025030607,-0.0001
2025030607,-0.0001
2025030607,-0.0001
2025030607,-0.0001
2025030608,-0.0001
2025030608,-0.0001
2025030608,-0.0001
2025030608,-0.0001
2025030609,-0.0001
2025030609,-0.0001
2025030609,-0.0001
2025030609,-0.0001
2025030610,-0.0001
2025030610,-0.0001
2025030610,-0.0001
2025030610,-0.0001
2025030611,-0.0001
2025030611,-0.0001
2025030611,-0.0001
2025030611,-0.0001
2025030612,-0.0001
2025030612,-0.0001
2025030612,-0.0001
2025030612,-0.0001
2025030613,-0.0001
2025030613,-0.0001
2025030613,-0.0001
2025030613,-0.0001
2025030614,-0.0001
2025030614,-0.0001
2025030614,-0.0001
2025030614,-0.0001
2025030615,-0.0001
2025030615,-0.0001
2025030615,-0.0001
2025030615,-0.0001
2025030616,-0.0001
2025030616,-0.0001
2025030616,-0.0001
2025030616,-0.0001
2025030617,-0.0001
2025030617,-0.0001
2025030617,-0.0001
2025030617,-0.0001
2025030618,-0.0001
2025030618,-0.0001
2025030618,-0.0001
2025030618,-0.0001
2025030619,-0.0001
2025030619,-0.0001
2025030619,-0.0001
2025030619,-0.0001
2025030620,-0.0001
2025030620,-0.0001
2025030620,-0.0001
2025030620,-0.0001
2025030621,-0.0001
2025030621,-0.0001
2025030621,-0.0001
2025030621,-0.0001
2025030622,-0.0001
2025030622,-0.0001
2025030622,-0.0001
2025030622,-0.0001
2025030623,-0.0001
2025030623,-0.0001
2025030623,-0.0001
2025030623,-0.0001
2025030700,-0.0001
2025030700,-0.0001
2025030700,-0.0001
2025030700,-0.0001
2025030701,-0.0001
2025030701,-0.0001
2025030701,-0.0001
2025030701,-0.0001
2025030702,-0.0001
2025030702,-0.0001
2025030702,-0.0001
2025030702,-0.0001
2025030703,-0.0001
2025030703,-0.0001
2025030703,-0.0001
2025030703,-0.0001
2025030704,-0.0001
2025030704,-0.0001
2025030704,-0.0001
2025030704,-0.0001
2025030705,-0.0001
2025030705,-0.0001
2025030705,-0.0001
2025030705,-0.0001
2025030706,-0.0001
2025030706,-0.0001
2025030706,-0.0001
2025030706,-0.0001
2025030707,-0.0001
2025030707,-0.0001
2025030707,-0.0001
2025030707,-0.0001
2025030708,-0.0001
2025030708,-0.0001
2025030708,-0.0001
2025030708,-0.0001
2025030709,-0.0001
2025030709,-0.0001
2025030709,-0.0001
2025030709,-0.0001
2025030710,-0.0001
2025030710,-0.0001
2025030710,-0.0001
2025030710,-0.0001
2025030711,-0.0001
2025030711,-0.0001
2025030711,-0.0001
2025030711,-0.0001
2025030712,-0.0001
2025030712,-0.0001
2025030712,-0.0001
2025030712,-0.0001
2025030713,-0.0001
2025030713,-0.0001
2025030713,-0.0001
2025030713,-0.0001
2025030714,-0.0001
2025030714,-0.0001
2025030714,-0.0001
2025030714,-0.0001
2025030715,-0.0001
2025030715,-0.0001
2025030715,-0.0001
2025030715,-0.0001
2025030716,-0.0001
2025030716,-0.0001
2025030716,-0.0001
2025030716,-0.0001
2025030717,-0.0001
2025030717,-0.0001
2025030717,-0.0001
2025030717,-0.0001
2025030718,-0.0001
2025030718,-0.0001
2025030718,-0.0001
2025030718,-0.0001
2025030719,-0.0001
2025030719,-0.0001
2025030719,-0.0001
2025030719,-0.0001
2025030720,-0.0001
2025030720,-0.0001
2025030720,-0.0001
2025030720,-0.0001
2025030721,-0.0001
2025030721,-0.0001
2025030721,-0.0001
2025030721,-0.0001
2025030722,-0.0001
2025030722,-0.0001
2025030722,-0.0001
2025030722,-0.0001
2025030723,-0.0001
2025030723,-0.0001
2025030723,-0.0001
2025030723,-0.0001
2025030800,-0.0001
2025030800,-0.0001
2025030800,-0.0001
2025030800,-0.0001
2025030801,-0.0001
2025030801,-0.0001
2025030801,-0.0001
2025030801,-0.0001
2025030802,-0.0001
2025030802,-0.0001
2025030802,-0.0001
2025030802,-0.0001
2025030803,-0.0001
2025030803,-0.0001
2025030803,-0.0001
2025030803,-0.0001
2025030804,-0.0001
2025030804,-0.0001
2025030804,-0.0001
2025030804,-0.0001
2025030805,-0.0001
2025030805,-0.0001
2025030805,-0.0001
2025030805,-0.0001
2025030806,-0.0001
2025030806,-0.0001
2025030806,-0.0001
2025030806,-0.0001
2025030807,-0.0001
2025030807,-0.0001
2025030807,-0.0001
2025030807,-0.0001
2025030808,-0.0001
2025030808,-0.0001
2025030808,-0.0001
2025030808,-0.0001
2025030809,-0.0001
2025030809,-0.0001
2025030809,-0.0001
2025030809,-0.0001
2025030810,-0.0001
2025030810,-0.0001
2025030810,-0.0001
2025030810,-0.0001
2025030811,-0.0001
2025030811,-0.0001
2025030811,-0.0001
2025030811,-0.0001
2025030812,-0.0001
2025030812,-0.0001
2025030812,-0.0001
2025030812,-0.0001
2025030813,-0.0001
2025030813,-0.0001
2025030813,-0.0001
2025030813,-0.0001
2025030814,-0.0001
2025030814,-0.0001
2025030814,-0.0001
2025030814,-0.0001
2025030815,-0.0001
2025030815,-0.0001
2025030815,-0.0001
2025030815,-0.0001
2025030816,-0.0001
2025030816,-0.0001
2025030816,-0.0001
2025030816,-0.0001
2025030817,-0.0001
2025030817,-0.0001
2025030817,-0.0001
2025030817,-0.0001
2025030818,-0.0001
2025030818,-0.0001
2025030818,-0.0001
2025030818,-0.0001
2025030819,-0.0001
2025030819,-0.0001
2025030819,-0.0001
2025030819,-0.0001
2025030820,-0.0001
2025030820,-0.0001
2025030820,-0.0001
2025030820,-0.0001
2025030821,-0.0001
2025030821,-0.0001
2025030821,-0.0001
2025030821,-0.0001
2025030822,-0.0001
2025030822,-0.0001
2025030822,-0.0001
2025030822,-0.0001
2025030823,-0.0001
2025030823,-0.0001
2025030823,-0.0001
2025030823,-0.0001
2025030900,-0.0001
2025030900,-0.0001
2025030900,-0.0001
2025030900,-0.0001
2025030901,-0.0001
2025030901,-0.0001
2025030901,-0.0001
2025030901,-0.0001
2025030902,-0.0001
2025030902,-0.0001
2025030902,-0.0001
2025030902,-0.0001
2025030903,-0.0001
2025030903,-0.0001
2025030903,-0.0001
2025030903,-0.0001
2025030904,-0.0001
2025030904,-0.0001
2025030904,-0.0001
2025030904,-0.0001
2025030905,-0.0001
2025030905,-0.0001
2025030905,-0.0001
2025030905,-0.0001
2025030906,-0.0001
2025030906,-0.0001
2025030906,-0.0001
2025030906,-0.0001
2025030907,-0.0001
2025030907,-0.0001
2025030907,-0.0001
2025030907,-0.0001
2025030908,-0.0001
2025030908,-0.0001
2025030908,-0.0001
2025030908,-0.0001
2025030909,-0.0001
2025030909,-0.0001
2025030909,-0.0001
2025030909,-0.0001
2025030910,-0.0001
2025030910,-0.0001
2025030910,-0.0001
2025030910,-0.0001
2025030911,-0.0001
2025030911,-0.0001
2025030911,-0.0001
2025030911,-0.0001
2025030912,-0.0001
2025030912,-0.0001
2025030912,-0.0001
2025030912,-0.0001
2025030913,-0.0001
2025030913,-0.0001
2025030913,-0.0001
2025030913,-0.0001
2025030914,-0.0001
2025030914,-0.0001
2025030914,-0.0001
2025030914,-0.0001
2025030915,-0.0001
2025030915,-0.0001
2025030915,-0.0001
2025030915,-0.0001
2025030916,-0.0001
2025030916,-0.0001
2025030916,-0.0001
2025030916,-0.0001
2025030917,-0.0001
2025030917,-0.0001
2025030917,-0.0001
2025030917,-0.0001
2025030918,-0.0001
2025030918,-0.0001
2025030918,-0.0001
2025030918,-0.0001
2025030919,-0.0001
2025030919,-0.0001
2025030919,-0.0001
2025030919,-0.0001
2025030920,-0.0001
2025030920,-0.0001
2025030920,-0.0001
2025030920,-0.0001
2025030921,-0.0001
2025030921,-0.0001
2025030921,-0.0001
2025030921,-0.0001
2025030922,-0.0001
2025030922,-0.0001
2025030922,-0.0001
2025030922,-0.0001
2025030923,-0.0001
2025030923,-0.0001
2025030923,-0.0001
2025030923,-0.0001
2025031000,-0.0001
2025031000,-0.0001
2025031000,-0.0001
2025031000,-0.0001
2025031001,-0.0001
2025031001,-0.0001
2025031001,-0.0001
2025031001,-0.0001
2025031002,-0.0001
2025031002,-0.0001
2025031002,-0.0001
2025031002,-0.0001
2025031003,-0.0001
2025031003,-0.0001
2025031003,-0.0001
2025031003,-0.0001
2025031004,-0.0001
2025031004,-0.0001
2025031004,-0.0001
2025031004,-0.0001
2025031005,-0.0001
2025031005,-0.0001
2025031005,-0.0001
2025031005,-0.0001
2025031006,-0.0001
2025031006,-0.0001
2025031006,-0.0001
2025031006,-0.0001
2025031007,-0.0001
2025031007,-0.0001
2025031007,-0.0001
2025031007,-0.0001
2025031008,-0.0001
2025031008,-0.0001
2025031008,-0.0001
2025031008,-0.0001
2025031009,-0.0001
2025031009,-0.0001
2025031009,-0.0001
2025031009,-0.0001
2025031010,-0.0001
2025031010,-0.0001
2025031010,-0.0001
2025031010,-0.0001
2025031011,-0.0001
2025031011,-0.0001
2025031011,-0.0001
2025031011,-0.0001
2025031012,-0.0001
2025031012,-0.0001
2025031012,-0.0001
2025031012,-0.0001
2025031013,-0.0001
2025031013,-0.0001
2025031013,-0.0001
2025031013,-0.0001
2025031014,-0.0001
2025031014,-0.0001
2025031014,-0.0001
2025031014,-0.0001
2025031015,-0.0001
2025031015,-0.0001
2025031015,-0.0001
2025031015,-0.0001
2025031016,-0.0001
2025031016,-0.0001
2025031016,-0.0001
2025031016,-0.0001
2025031017,-0.0001
2025031017,-0.0001
2025031017,-0.0001
2025031017,-0.0001
2025031018,-0.0001
2025031018,-0.0001
2025031018,-0.0001
2025031018,-0.0001
2025031019,-0.0001
2025031019,-0.0001
2025031019,-0.0001
2025031019,-0.0001
2025031020,-0.0001
2025031020,-0.0001
2025031020,-0.0001
2025031020,-0.0001
2025031021,-0.0001
2025031021,-0.0001
2025031021,-0.0001
2025031021,-0.0001
2025031022,-0.0001
2025031022,-0.0001
2025031022,-0.0001
2025031022,-0.0001
2025031023,-0.0001
2025031023,-0.0001
2025031023,-0.0001
2025031023,-0.0001
2025031100,-0.0001
2025031100,-0.0001
2025031100,-0.0001
2025031100,-0.0001
2025031101,-0.0001
2025031101,-0.0001
2025031101,-0.0001
2025031101,-0.0001
2025031102,-0.0001
2025031102,-0.0001
2025031102,-0.0001
2025031102,-0.0001
2025031103,-0.0001
2025031103,-0.0001
2025031103,-0.0001
2025031103,-0.0001
2025031104,-0.0001
2025031104,-0.0001
2025031104,-0.0001
2025031104,-0.0001
2025031105,-0.0001
2025031105,-0.0001
2025031105,-0.0001
2025031105,-0.0001
2025031106,-0.0001
2025031106,-0.0001
2025031106,-0.0001
2025031106,-0.0001
2025031107,-0.0001
2025031107,-0.0001
2025031107,-0.0001
2025031107,-0.0001
2025031108,-0.0001
2025031108,-0.0001
2025031108,-0.0001
2025031108,-0.0001
2025031109,-0.0001
2025031109,-0.0001
2025031109,-0.0001
2025031109,-0.0001
2025031110,-0.0001
2025031110,-0.0001
2025031110,-0.0001
2025031110,-0.0001
2025031111,-0.0001
2025031111,-0.0001
2025031111,-0.0001
2025031111,-0.0001
2025031112,-0.0001
2025031112,-0.0001
2025031112,-0.0001
2025031112,-0.0001
2025031113,-0.0001
2025031113,-0.0001
2025031113,-0.0001
2025031113,-0.0001
2025031114,-0.0001
2025031114,-0.0001
2025031114,-0.0001
2025031114,-0.0001
2025031115,-0.0001
2025031115,-0.0001
2025031115,-0.0001
2025031115,-0.0001
2025031116,-0.0001
2025031116,-0.0001
2025031116,-0.0001
2025031116,-0.0001
2025031117,-0.0001
2025031117,-0.0001
2025031117,-0.0001
2025031117,-0.0001
2025031118,-0.0001
2025031118,-0.0001
2025031118,-0.0001
2025031118,-0.0001
2025031119,-0.0001
2025031119,-0.0001
2025031119,-0.0001
2025031119,-0.0001
2025031120,-0.0001
2025031120,-0.0001
2025031120,-0.0001
2025031120,-0.0001
2025031121,-0.0001
2025031121,-0.0001
2025031121,-0.0001
2025031121,-0.0001
2025031122,-0.0001
2025031122,-0.0001
2025031122,-0.0001
2025031122,-0.0001
2025031123,-0.0001
2025031123,-0.0001
2025031123,-0.0001
2025031123,-0.0001
2025031200,-0.0001
2025031200,-0.0001
2025031200,-0.0001
2025031200,-0.0001
2025031201,-0.0001
2025031201,-0.0001
2025031201,-0.0001
2025031201,-0.0001
2025031202,-0.0001
2025031202,-0.0001
2025031202,-0.0001
2025031202,-0.0001
2025031203,-0.0001
2025031203,-0.0001
2025031203,-0.0001
2025031203,-0.0001
2025031204,-0.0001
2025031204,-0.0001
2025031204,-0.0001
2025031204,-0.0001
2025031205,-0.0001
2025031205,-0.0001
2025031205,-0.0001
2025031205,-0.0001
2025031206,-0.0001
2025031206,-0.0001
2025031206,-0.0001
2025031206,-0.0001
2025031207,-0.0001
2025031207,-0.0001
2025031207,-0.0001
2025031207,-0.0001
2025031208,-0.0001
2025031208,-0.0001
2025031208,-0.0001
2025031208,-0.0001
2025031209,-0.0001
2025031209,-0.0001
2025031209,-0.0001
2025031209,-0.0001
2025031210,-0.0001
2025031210,-0.0001
2025031210,-0.0001
2025031210,-0.0001
2025031211,-0.0001
2025031211,-0.0001
2025031211,-0.0001
2025031211,-0.0001
2025031212,-0.0001
2025031212,-0.0001
2025031212,-0.0001
2025031212,-0.0001
2025031213,-0.0001
2025031213,-0.0001
2025031213,-0.0001
2025031213,-0.0001
2025031214,-0.0001
2025031214,-0.0001
2025031214,-0.0001
2025031214,-0.0001
2025031215,-0.0001
2025031215,-0.0001
2025031215,-0.0001
2025031215,-0.0001
2025031216,-0.0001
2025031216,-0.0001
2025031216,-0.0001
2025031216,-0.0001
2025031217,-0.0001
2025031217,-0.0001
2025031217,-0.0001
2025031217,-0.0001
2025031218,-0.0001
2025031218,-0.0001
2025031218,-0.0001
2025031218,-0.0001
2025031219,-0.0001
2025031219,-0.0001
2025031219,-0.0001
2025031219,-0.0001
2025031220,-0.0001
2025031220,-0.0001
2025031220,-0.0001
2025031220,-0.0001
2025031221,-0.0001
2025031221,-0.0001
2025031221,-0.0001
2025031221,-0.0001
2025031222,-0.0001
2025031222,-0.0001
2025031222,-0.0001
2025031222,-0.0001
2025031223,-0.0001
2025031223,-0.0001
2025031223,-0.0001
2025031223,-0.0001
2025031300,-0.0001
2025031300,-0.0001
2025031300,-0.0001
2025031300,-0.0001
2025031301,-0.0001
2025031301,-0.0001
2025031301,-0.0001
2025031301,-0.0001
2025031302,-0.0001
2025031302,-0.0001
2025031302,-0.0001
2025031302,-0.0001
2025031303,-0.0001
2025031303,-0.0001
2025031303,-0.0001
2025031303,-0.0001
2025031304,-0.0001
2025031304,-0.0001
2025031304,-0.0001
2025031304,-0.0001
2025031305,-0.0001
2025031305,-0.0001
2025031305,-0.0001
2025031305,-0.0001
2025031306,-0.0001
2025031306,-0.0001
2025031306,-0.0001
2025031306,-0.0001
2025031307,-0.0001
2025031307,-0.0001
2025031307,-0.0001
2025031307,-0.0001
2025031308,-0.0001
2025031308,-0.0001
2025031308,-0.0001
2025031308,-0.0001
2025031309,-0.0001
2025031309,-0.0001
2025031309,-0.0001
2025031309,-0.0001
2025031310,-0.0001
2025031310,-0.0001
2025031310,-0.0001
2025031310,-0.0001
2025031311,-0.0001
2025031311,-0.0001
2025031311,-0.0001
2025031311,-0.0001
2025031312,-0.0001
2025031312,-0.0001
2025031312,-0.0001
2025031312,-0.0001
2025031313,-0.0001
2025031313,-0.0001
2025031313,-0.0001
2025031313,-0.0001
2025031314,-0.0001
2025031314,-0.0001
2025031314,-0.0001
2025031314,-0.0001
2025031315,-0.0001
2025031315,-0.0001
2025031315,-0.0001
2025031315,-0.0001
2025031316,-0.0001
2025031316,-0.0001
2025031316,-0.0001
2025031316,-0.0001
2025031317,-0.0001
2025031317,-0.0001
2025031317,-0.0001
2025031317,-0.0001
2025031318,-0.0001
2025031318,-0.0001
2025031318,-0.0001
2025031318,-0.0001
2025031319,-0.0001
2025031319,-0.0001
2025031319,-0.0001
2025031319,-0.0001
2025031320,-0.0001
2025031320,-0.0001
2025031320,-0.0001
2025031320,-0.0001
2025031321,-0.0001
2025031321,-0.0001
2025031321,-0.0001
2025031321,-0.0001
2025031322,-0.0001
2025031322,-0.0001
2025031322,-0.0001
2025031322,-0.0001
2025031323,-0.0001
2025031323,-0.0001
2025031323,-0.0001
2025031323,-0.0001
2025031400,-0.0001
2025031400,-0.0001
2025031400,-0.0001
2025031400,-0.0001
2025031401,-0.0001
2025031401,-0.0001
2025031401,-0.0001
2025031401,-0.0001
2025031402,-0.0001
2025031402,-0.0001
2025031402,-0.0001
2025031402,-0.0001
2025031403,-0.0001
2025031403,-0.0001
2025031403,-0.0001
2025031403,-0.0001
2025031404,-0.0001
2025031404,-0.0001
2025031404,-0.0001
2025031404,-0.0001
2025031405,-0.0001
2025031405,-0.0001
2025031405,-0.0001
2025031405,-0.0001
2025031406,-0.0001
2025031406,-0.0001
2025031406,-0.0001
2025031406,-0.0001
2025031407,-0.0001
2025031407,-0.0001
2025031407,-0.0001
2025031407,-0.0001
2025031408,-0.0001
2025031408,-0.0001
2025031408,-0.0001
2025031408,-0.0001
2025031409,-0.0001
2025031409,-0.0001
2025031409,-0.0001
2025031409,-0.0001
2025031410,-0.0001
2025031410,-0.0001
2025031410,-0.0001
2025031410,-0.0001
2025031411,-0.0001
2025031411,-0.0001
2025031411,-0.0001
2025031411,-0.0001
2025031412,-0.0001
2025031412,-0.0001
2025031412,-0.0001
2025031412,-0.0001
2025031413,-0.0001
2025031413,-0.0001
2025031413,-0.0001
2025031413,-0.0001
2025031414,-0.0001
2025031414,-0.0001
2025031414,-0.0001
2025031414,-0.0001
2025031415,-0.0001
2025031415,-0.0001
2025031415,-0.0001
2025031415,-0.0001
2025031416,-0.0001
2025031416,-0.0001
2025031416,-0.0001
2025031416,-0.0001
2025031417,-0.0001
2025031417,-0.0001
2025031417,-0.0001
2025031417,-0.0001
2025031418,-0.0001
2025031418,-0.0001
2025031418,-0.0001
2025031418,-0.0001
2025031419,-0.0001
2025031419,-0.0001
2025031419,-0.0001
2025031419,-0.0001
2025031420,-0.0001
2025031420,-0.0001
2025031420,-0.0001
2025031420,-0.0001
2025031421,-0.0001
2025031421,-0.0001
2025031421,-0.0001
2025031421,-0.0001
2025031422,-0.0001
2025031422,-0.0001
2025031422,-0.0001
2025031422,-0.0001
2025031423,-0.0001
2025031423,-0.0001
2025031423,-0.0001
2025031423,-0.0001
2025031500,-0.0001
2025031500,-0.0001
2025031500,-0.0001
2025031500,-0.0001
2025031501,-0.0001
2025031501,-0.0001
2025031501,-0.0001
2025031501,-0.0001
2025031502,-0.0001
2025031502,-0.0001
2025031502,-0.0001
2025031502,-0.0001
2025031503,-0.0001
2025031503,-0.0001
2025031503,-0.0001
2025031503,-0.0001
2025031504,-0.0001
2025031504,-0.0001
2025031504,-0.0001
2025031504,-0.0001
2025031505,-0.0001
2025031505,-0.0001
2025031505,-0.0001
2025031505,-0.0001
2025031506,-0.0001
2025031506,-0.0001
2025031506,-0.0001
2025031506,-0.0001
2025031507,-0.0001
2025031507,-0.0001
2025031507,-0.0001
2025031507,-0.0001
2025031508,-0.0001
2025031508,-0.0001
2025031508,-0.0001
2025031508,-0.0001
2025031509,-0.0001
2025031509,-0.0001
2025031509,-0.0001
2025031509,-0.0001
2025031510,-0.0001
2025031510,-0.0001
2025031510,-0.0001
2025031510,-0.0001
2025031511,-0.0001
2025031511,-0.0001
2025031511,-0.0001
2025031511,-0.0001
2025031512,-0.0001
2025031512,-0.0001
2025031512,-0.0001
2025031512,-0.0001
2025031513,-0.0001
2025031513,-0.0001
2025031513,-0.0001
2025031513,-0.0001
2025031514,-0.0001
2025031514,-0.0001
2025031514,-0.0001
2025031514,-0.0001
2025031515,-0.0001
2025031515,-0.0001
2025031515,-0.0001
2025031515,-0.0001
2025031516,-0.0001
2025031516,-0.0001
2025031516,-0.0001
2025031516,-0.0001
2025031517,-0.0001
2025031517,-0.0001
2025031517,-0.0001
2025031517,-0.0001
2025031518,-0.0001
2025031518,-0.0001
2025031518,-0.0001
2025031518,-0.0001
2025031519,-0.0001
2025031519,-0.0001
2025031519,-0.0001
2025031519,-0.0001
2025031520,-0.0001
2025031520,-0.0001
2025031520,-0.0001
2025031520,-0.0001
2025031521,-0.0001
2025031521,-0.0001
2025031521,-0.0001
2025031521,-0.0001
2025031522,-0.0001
2025031522,-0.0001
2025031522,-0.0001
2025031522,-0.0001
2025031523,-0.0001
2025031523,-0.0001
2025031523,-0.0001
2025031523,-0.0001
2025031600,-0.0001
2025031600,-0.0001
2025031600,-0.0001
2025031600,-0.0001
2025031601,-0.0001
2025031601,-0.0001
2025031601,-0.0001
2025031601,-0.0001
2025031602,-0.0001
2025031602,-0.0001
2025031602,-0.0001
2025031602,-0.0001
2025031603,-0.0001
2025031603,-0.0001
2025031603,-0.0001
2025031603,-0.0001
2025031604,-0.0001
2025031604,-0.0001
2025031604,-0.0001
2025031604,-0.0001
2025031605,-0.0001
2025031605,-0.0001
2025031605,-0.0001
2025031605,-0.0001
2025031606,-0.0001
2025031606,-0.0001
2025031606,-0.0001
2025031606,-0.0001
2025031607,-0.0001
2025031607,-0.0001
2025031607,-0.0001
2025031607,-0.0001
2025031608,-0.0001
2025031608,-0.0001
2025031608,-0.0001
2025031608,-0.0001
2025031609,-0.0001
2025031609,-0.0001
2025031609,-0.0001
2025031609,-0.0001
2025031610,-0.0001
2025031610,-0.0001
2025031610,-0.0001
2025031610,-0.0001
2025031611,-0.0001
2025031611,-0.0001
2025031611,-0.0001
2025031611,-0.0001
2025031612,-0.0001
2025031612,-0.0001
2025031612,-0.0001
2025031612,-0.0001
2025031613,-0.0001
2025031613,-0.0001
2025031613,-0.0001
2025031613,-0.0001
2025031614,-0.0001
2025031614,-0.0001
2025031614,-0.0001
2025031614,-0.0001
2025031615,-0.0001
2025031615,-0.0001
2025031615,-0.0001
2025031615,-0.0001
2025031616,-0.0001
2025031616,-0.0001
2025031616,-0.0001
2025031616,-0.0001
2025031617,-0.0001
2025031617,-0.0001
2025031617,-0.0001
2025031617,-0.0001
2025031618,-0.0001
2025031618,-0.0001
2025031618,-0.0001
2025031618,-0.0001
2025031619,-0.0001
2025031619,-0.0001
2025031619,-0.0001
2025031619,-0.0001
2025031620,-0.0001
2025031620,-0.0001
2025031620,-0.0001
2025031620,-0.0001
2025031621,-0.0001
2025031621,-0.0001
2025031621,-0.0001
2025031621,-0.0001
2025031622,-0.0001
2025031622,-0.0001
2025031622,-0.0001
2025031622,-0.0001
2025031623,-0.0001
2025031623,-0.0001
2025031623,-0.0001
2025031623,-0.0001
2025031700,-0.0001
2025031700,-0.0001
2025031700,-0.0001
2025031700,-0.0001
2025031701,-0.0001
2025031701,-0.0001
2025031701,-0.0001
2025031701,-0.0001
2025031702,-0.0001
2025031702,-0.0001
2025031702,-0.0001
2025031702,-0.0001
2025031703,-0.0001
2025031703,-0.0001
2025031703,-0.0001
2025031703,-0.0001
2025031704,-0.0001
2025031704,-0.0001
2025031704,-0.0001
2025031704,-0.0001
2025031705,-0.0001
2025031705,-0.0001
2025031705,-0.0001
2025031705,-0.0001
2025031706,-0.0001
2025031706,-0.0001
2025031706,-0.0001
2025031706,-0.0001
2025031707,-0.0001
2025031707,-0.0001
2025031707,-0.0001
2025031707,-0.0001
2025031708,-0.0001
2025031708,-0.0001
2025031708,-0.0001
2025031708,-0.0001
2025031709,-0.0001
2025031709,-0.0001
2025031709,-0.0001
2025031709,-0.0001
2025031710,-0.0001
2025031710,-0.0001
2025031710,-0.0001
2025031710,-0.0001
2025031711,-0.0001
2025031711,-0.0001
2025031711,-0.0001
2025031711,-0.0001
2025031712,-0.0001
2025031712,-0.0001
2025031712,-0.0001
2025031712,-0.0001
2025031713,-0.0001
2025031713,-0.0001
2025031713,-0.0001
2025031713,-0.0001
2025031714,-0.0001
2025031714,-0.0001
2025031714,-0.0001
2025031714,-0.0001
2025031715,-0.0001
2025031715,-0.0001
2025031715,-0.0001
2025031715,-0.0001
2025031716,-0.0001
2025031716,-0.0001
2025031716,-0.0001
2025031716,-0.0001
2025031717,-0.0001
2025031717,-0.0001
2025031717,-0.0001
2025031717,-0.0001
2025031718,-0.0001
2025031718,-0.0001
2025031718,-0.0001
2025031718,-0.0001
2025031719,-0.0001
2025031719,-0.0001
2025031719,-0.0001
2025031719,-0.0001
2025031720,-0.0001
2025031720,-0.0001
2025031720,-0.0001
2025031720,-0.0001
2025031721,-0.0001
2025031721,-0.0001
2025031721,-0.0001
2025031721,-0.0001
2025031722,-0.0001
2025031722,-0.0001
2025031722,-0.0001
2025031722,-0.0001
2025031723,-0.0001
2025031723,-0.0001
2025031723,-0.0001
2025031723,-0.0001
2025031800,-0.0001
2025031800,-0.0001
2025031800,-0.0001
2025031800,-0.0001
2025031801,-0.0001
2025031801,-0.0001
2025031801,-0.0001
2025031801,-0.0001
2025031802,-0.0001
2025031802,-0.0001
2025031802,-0.0001
2025031802,-0.0001
2025031803,-0.0001
2025031803,-0.0001
2025031803,-0.0001
2025031803,-0.0001
2025031804,-0.0001
2025031804,-0.0001
2025031804,-0.0001
2025031804,-0.0001
2025031805,-0.0001
2025031805,-0.0001
2025031805,-0.0001
2025031805,-0.0001
2025031806,-0.0001
2025031806,-0.0001
2025031806,-0.0001
2025031806,-0.0001
2025031807,-0.0001
2025031807,-0.0001
2025031807,-0.0001
2025031807,-0.0001
2025031808,-0.0001
2025031808,-0.0001
2025031808,-0.0001
2025031808,-0.0001
2025031809,-0.0001
2025031809,-0.0001
2025031809,-0.0001
2025031809,-0.0001
2025031810,-0.0001
2025031810,-0.0001
2025031810,-0.0001
2025031810,-0.0001
2025031811,-0.0001
2025031811,-0.0001
2025031811,-0.0001
2025031811,-0.0001
2025031812,-0.0001
2025031812,-0.0001
2025031812,-0.0001
2025031812,-0.0001
2025031813,-0.0001
2025031813,-0.0001
2025031813,-0.0001
2025031813,-0.0001
2025031814,-0.0001
2025031814,-0.0001
2025031814,-0.0001
2025031814,-0.0001
2025031815,-0.0001
2025031815,-0.0001
2025031815,-0.0001
2025031815,-0.0001
2025031816,-0.0001
2025031816,-0.0001
2025031816,-0.0001
2025031816,-0.0001
2025031817,-0.0001
2025031817,-0.0001
2025031817,-0.0001
2025031817,-0.0001
2025031818,-0.0001
2025031818,-0.0001
2025031818,-0.0001
2025031818,-0.0001
2025031819,-0.0001
2025031819,-0.0001
2025031819,-0.0001
2025031819,-0.0001
2025031820,-0.0001
2025031820,-0.0001
2025031820,-0.0001
2025031820,-0.0001
2025031821,-0.0001
2025031821,-0.0001
2025031821,-0.0001
2025031821,-0.0001
2025031822,-0.0001
2025031822,-0.0001
2025031822,-0.0001
2025031822,-0.0001
2025031823,-0.0001
2025031823,-0.0001
2025031823,-0.0001
2025031823,-0.0001
2025031900,-0.0001
2025031900,-0.0001
2025031900,-0.0001
2025031900,-0.0001
2025031901,-0.0001
2025031901,-0.0001
2025031901,-0.0001
2025031901,-0.0001
2025031902,-0.0001
2025031902,-0.0001
2025031902,-0.0001
2025031902,-0.0001
2025031903,-0.0001
2025031903,-0.0001
2025031903,-0.0001
2025031903,-0.0001
2025031904,-0.0001
2025031904,-0.0001
2025031904,-0.0001
2025031904,-0.0001
2025031905,-0.0001
2025031905,-0.0001
2025031905,-0.0001
2025031905,-0.0001
2025031906,-0.0001
2025031906,-0.0001
2025031906,-0.0001
2025031906,-0.0001
2025031907,-0.0001
2025031907,-0.0001
2025031907,-0.0001
2025031907,-0.0001
2025031908,-0.0001
2025031908,-0.0001
2025031908,-0.0001
2025031908,-0.0001
2025031909,-0.0001
2025031909,-0.0001
2025031909,-0.0001
2025031909,-0.0001
2025031910,-0.0001
2025031910,-0.0001
2025031910,-0.0001
2025031910,-0.0001
2025031911,-0.0001
2025031911,-0.0001
2025031911,-0.0001
2025031911,-0.0001
2025031912,-0.0001
2025031912,-0.0001
2025031912,-0.0001
2025031912,-0.0001
2025031913,-0.0001
2025031913,-0.0001
2025031913,-0.0001
2025031913,-0.0001
2025031914,-0.0001
2025031914,-0.0001
2025031914,-0.0001
2025031914,-0.0001
2025031915,-0.0001
2025031915,-0.0001
2025031915,-0.0001
2025031915,-0.0001
2025031916,-0.0001
2025031916,-0.0001
2025031916,-0.0001
2025031916,-0.0001
2025031917,-0.0001
2025031917,-0.0001
2025031917,-0.0001
2025031917,-0.0001
2025031918,-0.0001
2025031918,-0.0001
2025031918,-0.0001
2025031918,-0.0001
2025031919,-0.0001
2025031919,-0.0001
2025031919,-0.0001
2025031919,-0.0001
2025031920,-0.0001
2025031920,-0.0001
2025031920,-0.0001
2025031920,-0.0001
2025031921,-0.0001
2025031921,-0.0001
2025031921,-0.0001
2025031921,-0.0001
2025031922,-0.0001
2025031922,-0.0001
2025031922,-0.0001
2025031922,-0.0001
2025031923,-0.0001
2025031923,-0.0001
2025031923,-0.0001
2025031923,-0.0001
2025032000,-0.0001
2025032000,-0.0001
2025032000,-0.0001
2025032000,-0.0001
2025032001,-0.0001
2025032001,-0.0001
2025032001,-0.0001
2025032001,-0.0001
2025032002,-0.0001
2025032002,-0.0001
2025032002,-0.0001
2025032002,-0.0001
2025032003,-0.0001
2025032003,-0.0001
2025032003,-0.0001
2025032003,-0.0001
2025032004,-0.0001
2025032004,-0.0001
2025032004,-0.0001
2025032004,-0.0001
2025032005,-0.0001
2025032005,-0.0001
2025032005,-0.0001
2025032005,-0.0001
2025032006,-0.0001
2025032006,-0.0001
2025032006,-0.0001
2025032006,-0.0001
2025032007,-0.0001
2025032007,-0.0001
2025032007,-0.0001
2025032007,-0.0001
2025032008,-0.0001
2025032008,-0.0001
2025032008,-0.0001
2025032008,-0.0001
2025032009,-0.0001
2025032009,-0.0001
2025032009,-0.0001
2025032009,-0.0001
2025032010,-0.0001
2025032010,-0.0001
2025032010,-0.0001
2025032010,-0.0001
2025032011,-0.0001
2025032011,-0.0001
2025032011,-0.0001
2025032011,-0.0001
2025032012,-0.0001
2025032012,-0.0001
2025032012,-0.0001
2025032012,-0.0001
2025032013,-0.0001
2025032013,-0.0001
2025032013,-0.0001
2025032013,-0.0001
2025032014,-0.0001
2025032014,-0.0001
2025032014,-0.0001
2025032014,-0.0001
2025032015,-0.0001
2025032015,-0.0001
2025032015,-0.0001
2025032015,-0.0001
2025032016,-0.0001
2025032016,-0.0001
2025032016,-0.0001
2025032016,-0.0001
2025032017,-0.0001
2025032017,-0.0001
2025032017,-0.0001
2025032017,-0.0001
2025032018,-0.0001
2025032018,-0.0001
2025032018,-0.0001
2025032018,-0.0001
2025032019,-0.0001
2025032019,-0.0001
2025032019,-0.0001
2025032019,-0.0001
2025032020,-0.0001
2025032020,-0.0001
2025032020,-0.0001
2025032020,-0.0001
2025032021,-0.0001
2025032021,-0.0001
2025032021,-0.0001
2025032021,-0.0001
2025032022,-0.0001
2025032022,-0.0001
2025032022,-0.0001
2025032022,-0.0001
2025032023,-0.0001
2025032023,-0.0001
2025032023,-0.0001
2025032023,-0.0001
2025032100,-0.0001
2025032100,-0.0001
2025032100,-0.0001
2025032100,-0.0001
2025032101,-0.0001
2025032101,-0.0001
2025032101,-0.0001
2025032101,-0.0001
2025032102,-0.0001
2025032102,-0.0001
2025032102,-0.0001
2025032102,-0.0001
2025032103,-0.0001
2025032103,-0.0001
2025032103,-0.0001
2025032103,-0.0001
2025032104,-0.0001
2025032104,-0.0001
2025032104,-0.0001
2025032104,-0.0001
2025032105,-0.0001
2025032105,-0.0001
2025032105,-0.0001
2025032105,-0.0001
2025032106,-0.0001
2025032106,-0.0001
2025032106,-0.0001
2025032106,-0.0001
2025032107,-0.0001
2025032107,-0.0001
2025032107,-0.0001
2025032107,-0.0001
2025032108,-0.0001
2025032108,-0.0001
2025032108,-0.0001
2025032108,-0.0001
2025032109,-0.0001
2025032109,-0.0001
2025032109,-0.0001
2025032109,-0.0001
2025032110,-0.0001
2025032110,-0.0001
2025032110,-0.0001
2025032110,-0.0001
2025032111,-0.0001
2025032111,-0.0001
2025032111,-0.0001
2025032111,-0.0001
2025032112,-0.0001
2025032112,-0.0001
2025032112,-0.0001
2025032112,-0.0001
2025032113,-0.0001
2025032113,-0.0001
2025032113,-0.0001
2025032113,-0.0001
2025032114,-0.0001
2025032114,-0.0001
2025032114,-0.0001
2025032114,-0.0001
2025032115,-0.0001
2025032115,-0.0001
2025032115,-0.0001
2025032115,-0.0001
2025032116,-0.0001
2025032116,-0.0001
2025032116,-0.0001
2025032116,-0.0001
2025032117,-0.0001
2025032117,-0.0001
2025032117,-0.0001
2025032117,-0.0001
2025032118,-0.0001
2025032118,-0.0001
2025032118,-0.0001
2025032118,-0.0001
2025032119,-0.0001
2025032119,-0.0001
2025032119,-0.0001
2025032119,-0.0001
2025032120,-0.0001
2025032120,-0.0001
2025032120,-0.0001
2025032120,-0.0001
2025032121,-0.0001
2025032121,-0.0001
2025032121,-0.0001
2025032121,-0.0001
2025032122,-0.0001
2025032122,-0.0001
2025032122,-0.0001
2025032122,-0.0001
2025032123,-0.0001
2025032123,-0.0001
2025032123,-0.0001
2025032123,-0.0001
2025032200,-0.0001
2025032200,-0.0001
2025032200,-0.0001
2025032200,-0.0001
2025032201,-0.0001
2025032201,-0.0001
2025032201,-0.0001
2025032201,-0.0001
2025032202,-0.0001
2025032202,-0.0001
2025032202,-0.0001
2025032202,-0.0001
2025032203,-0.0001
2025032203,-0.0001
2025032203,-0.0001
2025032203,-0.0001
2025032204,-0.0001
2025032204,-0.0001
2025032204,-0.0001
2025032204,-0.0001
2025032205,-0.0001
2025032205,-0.0001
2025032205,-0.0001
2025032205,-0.0001
2025032206,-0.0001
2025032206,-0.0001
2025032206,-0.0001
2025032206,-0.0001
2025032207,-0.0001
2025032207,-0.0001
2025032207,-0.0001
2025032207,-0.0001
2025032208,-0.0001
2025032208,-0.0001
2025032208,-0.0001
2025032208,-0.0001
2025032209,-0.0001
2025032209,-0.0001
2025032209,-0.0001
2025032209,-0.0001
2025032210,-0.0001
2025032210,-0.0001
2025032210,-0.0001
2025032210,-0.0001
2025032211,-0.0001
2025032211,-0.0001
2025032211,-0.0001
2025032211,-0.0001
2025032212,-0.0001
2025032212,-0.0001
2025032212,-0.0001
2025032212,-0.0001
2025032213,-0.0001
2025032213,-0.0001
2025032213,-0.0001
2025032213,-0.0001
2025032214,-0.0001
2025032214,-0.0001
2025032214,-0.0001
2025032214,-0.0001
2025032215,-0.0001
2025032215,-0.0001
2025032215,-0.0001
2025032215,-0.0001
2025032216,-0.0001
2025032216,-0.0001
2025032216,-0.0001
2025032216,-0.0001
2025032217,-0.0001
2025032217,-0.0001
2025032217,-0.0001
2025032217,-0.0001
2025032218,-0.0001
2025032218,-0.0001
2025032218,-0.0001
2025032218,-0.0001
2025032219,-0.0001
2025032219,-0.0001
2025032219,-0.0001
2025032219,-0.0001
2025032220,-0.0001
2025032220,-0.0001
2025032220,-0.0001
2025032220,-0.0001
2025032221,-0.0001
2025032221,-0.0001
2025032221,-0.0001
2025032221,-0.0001
2025032222,-0.0001
2025032222,-0.0001
2025032222,-0.0001
2025032222,-0.0001
2025032223,-0.0001
2025032223,-0.0001
2025032223,-0.0001
2025032223,-0.0001
2025032300,-0.0001
2025032300,-0.0001
2025032300,-0.0001
2025032300,-0.0001
2025032301,-0.0001
2025032301,-0.0001
2025032301,-0.0001
2025032301,-0.0001
2025032302,-0.0001
2025032302,-0.0001
2025032302,-0.0001
2025032302,-0.0001
2025032303,-0.0001
2025032303,-0.0001
2025032303,-0.0001
2025032303,-0.0001
2025032304,-0.0001
2025032304,-0.0001
2025032304,-0.0001
2025032304,-0.0001
2025032305,-0.0001
2025032305,-0.0001
2025032305,-0.0001
2025032305,-0.0001
2025032306,-0.0001
2025032306,-0.0001
2025032306,-0.0001
2025032306,-0.0001
2025032307,-0.0001
2025032307,-0.0001
2025032307,-0.0001
2025032307,-0.0001
2025032308,-0.0001
2025032308,-0.0001
2025032308,-0.0001
2025032308,-0.0001
2025032309,-0.0001
2025032309,-0.0001
2025032309,-0.0001
2025032309,-0.0001
2025032310,-0.0001
2025032310,-0.0001
2025032310,-0.0001
2025032310,-0.0001
2025032311,-0.0001
2025032311,-0.0001
2025032311,-0.0001
2025032311,-0.0001
2025032312,-0.0001
2025032312,-0.0001
2025032312,-0.0001
2025032312,-0.0001
2025032313,-0.0001
2025032313,-0.0001
2025032313,-0.0001
2025032313,-0.0001
2025032314,-0.0001
2025032314,-0.0001
2025032314,-0.0001
2025032314,-0.0001
2025032315,-0.0001
2025032315,-0.0001
2025032315,-0.0001
2025032315,-0.0001
2025032316,-0.0001
2025032316,-0.0001
2025032316,-0.0001
2025032316,-0.0001
2025032317,-0.0001
2025032317,-0.0001
2025032317,-0.0001
2025032317,-0.0001
2025032318,-0.0001
2025032318,-0.0001
2025032318,-0.0001
2025032318,-0.0001
2025032319,-0.0001
2025032319,-0.0001
2025032319,-0.0001
2025032319,-0.0001
2025032320,-0.0001
2025032320,-0.0001
2025032320,-0.0001
2025032320,-0.0001
2025032321,-0.0001
2025032321,-0.0001
2025032321,-0.0001
2025032321,-0.0001
2025032322,-0.0001
2025032322,-0.0001
2025032322,-0.0001
2025032322,-0.0001
2025032323,-0.0001
2025032323,-0.0001
2025032323,-0.0001
2025032323,-0.0001
2025032400,-0.0001
2025032400,-0.0001
2025032400,-0.0001
2025032400,-0.0001
2025032401,-0.0001
2025032401,-0.0001
2025032401,-0.0001
2025032401,-0.0001
2025032402,-0.0001
2025032402,-0.0001
2025032402,-0.0001
2025032402,-0.0001
2025032403,-0.0001
2025032403,-0.0001
2025032403,-0.0001
2025032403,-0.0001
2025032404,-0.0001
2025032404,-0.0001
2025032404,-0.0001
2025032404,-0.0001
2025032405,-0.0001
2025032405,-0.0001
2025032405,-0.0001
2025032405,-0.0001
2025032406,-0.0001
2025032406,-0.0001
2025032406,-0.0001
2025032406,-0.0001
2025032407,-0.0001
2025032407,-0.0001
2025032407,-0.0001
2025032407,-0.0001
2025032408,-0.0001
2025032408,-0.0001
2025032408,-0.0001
2025032408,-0.0001
2025032409,-0.0001
2025032409,-0.0001
2025032409,-0.0001
2025032409,-0.0001
2025032410,-0.0001
2025032410,-0.0001
2025032410,-0.0001
2025032410,-0.0001
2025032411,-0.0001
2025032411,-0.0001
2025032411,-0.0001
2025032411,-0.0001
2025032412,-0.0001
2025032412,-0.0001
2025032412,-0.0001
2025032412,-0.0001
2025032413,-0.0001
2025032413,-0.0001
2025032413,-0.0001
2025032413,-0.0001
2025032414,-0.0001
2025032414,-0.0001
2025032414,-0.0001
2025032414,-0.0001
2025032415,-0.0001
2025032415,-0.0001
2025032415,-0.0001
2025032415,-0.0001
2025032416,-0.0001
2025032416,-0.0001
2025032416,-0.0001
2025032416,-0.0001
2025032417,-0.0001
2025032417,-0.0001
2025032417,-0.0001
2025032417,-0.0001
2025032418,-0.0001
2025032418,-0.0001
2025032418,-0.0001
2025032418,-0.0001
2025032419,-0.0001
2025032419,-0.0001
2025032419,-0.0001
2025032419,-0.0001
2025032420,-0.0001
2025032420,-0.0001
2025032420,-0.0001
2025032420,-0.0001
2025032421,-0.0001
2025032421,-0.0001
2025032421,-0.0001
2025032421,-0.0001
2025032422,-0.0001
2025032422,-0.0001
2025032422,-0.0001
2025032422,-0.0001
2025032423,-0.0001
2025032423,-0.0001
2025032423,-0.0001
2025032423,-0.0001
2025032500,-0.0001
2025032500,-0.0001
2025032500,-0.0001
2025032500,-0.0001
2025032501,-0.0001
2025032501,-0.0001
2025032501,-0.0001
2025032501,-0.0001
2025032502,-0.0001
2025032502,-0.0001
2025032502,-0.0001
2025032502,-0.0001
2025032503,-0.0001
2025032503,-0.0001
2025032503,-0.0001
2025032503,-0.0001
2025032504,-0.0001
2025032504,-0.0001
2025032504,-0.0001
2025032504,-0.0001
2025032505,-0.0001
2025032505,-0.0001
2025032505,-0.0001
2025032505,-0.0001
2025032506,-0.0001
2025032506,-0.0001
2025032506,-0.0001
2025032506,-0.0001
2025032507,-0.0001
2025032507,-0.0001
2025032507,-0.0001
2025032507,-0.0001
2025032508,-0.0001
2025032508,-0.0001
2025032508,-0.0001
2025032508,-0.0001
2025032509,-0.0001
2025032509,-0.0001
2025032509,-0.0001
2025032509,-0.0001
2025032510,-0.0001
2025032510,-0.0001
2025032510,-0.0001
2025032510,-0.0001
2025032511,-0.0001
2025032511,-0.0001
2025032511,-0.0001
2025032511,-0.0001
2025032512,-0.0001
2025032512,-0.0001
2025032512,-0.0001
2025032512,-0.0001
2025032513,-0.0001
2025032513,-0.0001
2025032513,-0.0001
2025032513,-0.0001
2025032514,-0.0001
2025032514,-0.0001
2025032514,-0.0001
2025032514,-0.0001
2025032515,-0.0001
2025032515,-0.0001
2025032515,-0.0001
2025032515,-0.0001
2025032516,-0.0001
2025032516,-0.0001
2025032516,-0.0001
2025032516,-0.0001
2025032517,-0.0001
2025032517,-0.0001
2025032517,-0.0001
2025032517,-0.0001
2025032518,-0.0001
2025032518,-0.0001
2025032518,-0.0001
2025032518,-0.0001
2025032519,-0.0001
2025032519,-0.0001
2025032519,-0.0001
2025032519,-0.0001
2025032520,-0.0001
2025032520,-0.0001
2025032520,-0.0001
2025032520,-0.0001
2025032521,-0.0001
2025032521,-0.0001
2025032521,-0.0001
2025032521,-0.0001
2025032522,-0.0001
2025032522,-0.0001
2025032522,-0.0001
2025032522,-0.0001
2025032523,-0.0001
2025032523,-0.0001
2025032523,-0.0001
2025032523,-0.0001
2025032600,-0.0001
2025032600,-0.0001
2025032600,-0.0001
2025032600,-0.0001
2025032601,-0.0001
2025032601,-0.0001
2025032601,-0.0001
2025032601,-0.0001
2025032602,-0.0001
2025032602,-0.0001
2025032602,-0.0001
2025032602,-0.0001
2025032603,-0.0001
2025032603,-0.0001
2025032603,-0.0001
2025032603,-0.0001
2025032604,-0.0001
2025032604,-0.0001
2025032604,-0.0001
2025032604,-0.0001
2025032605,-0.0001
2025032605,-0.0001
2025032605,-0.0001
2025032605,-0.0001
2025032606,-0.0001
2025032606,-0.0001
2025032606,-0.0001
2025032606,-0.0001
2025032607,-0.0001
2025032607,-0.0001
2025032607,-0.0001
2025032607,-0.0001
2025032608,-0.0001
2025032608,-0.0001
2025032608,-0.0001
2025032608,-0.0001
2025032609,-0.0001
2025032609,-0.0001
2025032609,-0.0001
2025032609,-0.0001
2025032610,-0.0001
2025032610,-0.0001
2025032610,-0.0001
2025032610,-0.0001
2025032611,-0.0001
2025032611,-0.0001
2025032611,-0.0001
2025032611,-0.0001
2025032612,-0.0001
2025032612,-0.0001
2025032612,-0.0001
2025032612,-0.0001
2025032613,-0.0001
2025032613,-0.0001
2025032613,-0.0001
2025032613,-0.0001
2025032614,-0.0001
2025032614,-0.0001
2025032614,-0.0001
2025032614,-0.0001
2025032615,-0.0001
2025032615,-0.0001
2025032615,-0.0001
2025032615,-0.0001
2025032616,-0.0001
2025032616,-0.0001
2025032616,-0.0001
2025032616,-0.0001
2025032617,-0.0001
2025032617,-0.0001
2025032617,-0.0001
2025032617,-0.0001
2025032618,-0.0001
2025032618,-0.0001
2025032618,-0.0001
2025032618,-0.0001
2025032619,-0.0001
2025032619,-0.0001
2025032619,-0.0001
2025032619,-0.0001
2025032620,-0.0001
2025032620,-0.0001
2025032620,-0.0001
2025032620,-0.0001
2025032621,-0.0001
2025032621,-0.0001
2025032621,-0.0001
2025032621,-0.0001
2025032622,-0.0001
2025032622,-0.0001
2025032622,-0.0001
2025032622,-0.0001
2025032623,-0.0001
2025032623,-0.0001
2025032623,-0.0001
2025032623,-0.0001
2025032700,-0.0001
2025032700,-0.0001
2025032700,-0.0001
2025032700,-0.0001
2025032701,-0.0001
2025032701,-0.0001
2025032701,-0.0001
2025032701,-0.0001
2025032702,-0.0001
2025032702,-0.0001
2025032702,-0.0001
2025032702,-0.0001
2025032703,-0.0001
2025032703,-0.0001
2025032703,-0.0001
2025032703,-0.0001
2025032704,-0.0001
2025032704,-0.0001
2025032704,-0.0001
2025032704,-0.0001
2025032705,-0.0001
2025032705,-0.0001
2025032705,-0.0001
2025032705,-0.0001
2025032706,-0.0001
2025032706,-0.0001
2025032706,-0.0001
2025032706,-0.0001
2025032707,-0.0001
2025032707,-0.0001
2025032707,-0.0001
2025032707,-0.0001
2025032708,-0.0001
2025032708,-0.0001
2025032708,-0.0001
2025032708,-0.0001
2025032709,-0.0001
2025032709,-0.0001
2025032709,-0.0001
2025032709,-0.0001
2025032710,-0.0001
2025032710,-0.0001
2025032710,-0.0001
2025032710,-0.0001
2025032711,-0.0001
2025032711,-0.0001
2025032711,-0.0001
2025032711,-0.0001
2025032712,-0.0001
2025032712,-0.0001
2025032712,-0.0001
2025032712,-0.0001
2025032713,-0.0001
2025032713,-0.0001
2025032713,-0.0001
2025032713,-0.0001
2025032714,-0.0001
2025032714,-0.0001
2025032714,-0.0001
2025032714,-0.0001
2025032715,-0.0001
2025032715,-0.0001
2025032715,-0.0001
2025032715,-0.0001
2025032716,-0.0001
2025032716,-0.0001
2025032716,-0.0001
2025032716,-0.0001
2025032717,-0.0001
2025032717,-0.0001
2025032717,-0.0001
2025032717,-0.0001
2025032718,-0.0001
2025032718,-0.0001
2025032718,-0.0001
2025032718,-0.0001
2025032719,-0.0001
2025032719,-0.0001
2025032719,-0.0001
2025032719,-0.0001
2025032720,-0.0001
2025032720,-0.0001
2025032720,-0.0001
2025032720,-0.0001
2025032721,-0.0001
2025032721,-0.0001
2025032721,-0.0001
2025032721,-0.0001
2025032722,-0.0001
2025032722,-0.0001
2025032722,-0.0001
2025032722,-0.0001
2025032723,-0.0001
2025032723,-0.0001
2025032723,-0.0001
2025032723,-0.0001
2025032800,-0.0001
2025032800,-0.0001
2025032800,-0.0001
2025032800,-0.0001
2025032801,-0.0001
2025032801,-0.0001
2025032801,-0.0001
2025032801,-0.0001
2025032802,-0.0001
2025032802,-0.0001
2025032802,-0.0001
2025032802,-0.0001
2025032803,-0.0001
2025032803,-0.0001
2025032803,-0.0001
2025032803,-0.0001
2025032804,-0.0001
2025032804,-0.0001
2025032804,-0.0001
2025032804,-0.0001
2025032805,-0.0001
2025032805,-0.0001
2025032805,-0.0001
2025032805,-0.0001
2025032806,-0.0001
2025032806,-0.0001
2025032806,-0.0001
2025032806,-0.0001
2025032807,-0.0001
2025032807,-0.0001
2025032807,-0.0001
2025032807,-0.0001
2025032808,-0.0001
2025032808,-0.0001
2025032808,-0.0001
2025032808,-0.0001
2025032809,-0.0001
2025032809,-0.0001
2025032809,-0.0001
2025032809,-0.0001
2025032810,-0.0001
2025032810,-0.0001
2025032810,-0.0001
2025032810,-0.0001
2025032811,-0.0001
2025032811,-0.0001
2025032811,-0.0001
2025032811,-0.0001
2025032812,-0.0001
2025032812,-0.0001
2025032812,-0.0001
2025032812,-0.0001
2025032813,-0.0001
2025032813,-0.0001
2025032813,-0.0001
2025032813,-0.0001
2025032814,-0.0001
2025032814,-0.0001
2025032814,-0.0001
2025032814,-0.0001
2025032815,-0.0001
2025032815,-0.0001
2025032815,-0.0001
2025032815,-0.0001
2025032816,-0.0001
2025032816,-0.0001
2025032816,-0.0001
2025032816,-0.0001
2025032817,-0.0001
2025032817,-0.0001
2025032817,-0.0001
2025032817,-0.0001
2025032818,-0.0001
2025032818,-0.0001
2025032818,-0.0001
2025032818,-0.0001
2025032819,-0.0001
2025032819,-0.0001
2025032819,-0.0001
2025032819,-0.0001
2025032820,-0.0001
2025032820,-0.0001
2025032820,-0.0001
2025032820,-0.0001
2025032821,-0.0001
2025032821,-0.0001
2025032821,-0.0001
2025032821,-0.0001
2025032822,-0.0001
2025032822,-0.0001
2025032822,-0.0001
2025032822,-0.0001
2025032823,-0.0001
2025032823,-0.0001
2025032823,-0.0001
2025032823,-0.0001
2025032900,-0.0001
2025032900,-0.0001
2025032900,-0.0001
2025032900,-0.0001
2025032901,-0.0001
2025032901,-0.0001
2025032901,-0.0001
2025032901,-0.0001
2025032902,-0.0001
2025032902,-0.0001
2025032902,-0.0001
2025032902,-0.0001
2025032903,-0.0001
2025032903,-0.0001
2025032903,-0.0001
2025032903,-0.0001
2025032904,-0.0001
2025032904,-0.0001
2025032904,-0.0001
2025032904,-0.0001
2025032905,-0.0001
2025032905,-0.0001
2025032905,-0.0001
2025032905,-0.0001
2025032906,-0.0001
2025032906,-0.0001
2025032906,-0.0001
2025032906,-0.0001
2025032907,-0.0001
2025032907,-0.0001
2025032907,-0.0001
2025032907,-0.0001
2025032908,-0.0001
2025032908,-0.0001
2025032908,-0.0001
2025032908,-0.0001
2025032909,-0.0001
2025032909,-0.0001
2025032909,-0.0001
2025032909,-0.0001
2025032910,-0.0001
2025032910,-0.0001
2025032910,-0.0001
2025032910,-0.0001
2025032911,-0.0001
2025032911,-0.0001
2025032911,-0.0001
2025032911,-0.0001
2025032912,-0.0001
2025032912,-0.0001
2025032912,-0.0001
2025032912,-0.0001
2025032913,-0.0001
2025032913,-0.0001
2025032913,-0.0001
2025032913,-0.0001
2025032914,-0.0001
2025032914,-0.0001
2025032914,-0.0001
2025032914,-0.0001
2025032915,-0.0001
2025032915,-0.0001
2025032915,-0.0001
2025032915,-0.0001
2025032916,-0.0001
2025032916,-0.0001
2025032916,-0.0001
2025032916,-0.0001
2025032917,-0.0001
2025032917,-0.0001
2025032917,-0.0001
2025032917,-0.0001
2025032918,-0.0001
2025032918,-0.0001
2025032918,-0.0001
2025032918,-0.0001
2025032919,-0.0001
2025032919,-0.0001
2025032919,-0.0001
2025032919,-0.0001
2025032920,-0.0001
2025032920,-0.0001
2025032920,-0.0001
2025032920,-0.0001
2025032921,-0.0001
2025032921,-0.0001
2025032921,-0.0001
2025032921,-0.0001
2025032922,-0.0001
2025032922,-0.0001
2025032922,-0.0001
2025032922,-0.0001
2025032923,-0.0001
2025032923,-0.0001
2025032923,-0.0001
2025032923,-0.0001
2025033000,-0.0001
2025033000,-0.0001
2025033000,-0.0001
2025033000,-0.0001
2025033001,-0.0001
2025033001,-0.0001
2025033001,-0.0001
2025033001,-0.0001
2025033002,-0.0001
2025033002,-0.0001
2025033002,-0.0001
2025033002,-0.0001
2025033003,-0.0001
2025033003,-0.0001
2025033003,-0.0001
2025033003,-0.0001
2025033004,-0.0001
2025033004,-0.0001
2025033004,-0.0001
2025033004,-0.0001
2025033005,-0.0001
2025033005,-0.0001
2025033005,-0.0001
2025033005,-0.0001
2025033006,-0.0001
2025033006,-0.0001
2025033006,-0.0001
2025033006,-0.0001
2025033007,-0.0001
2025033007,-0.0001
2025033007,-0.0001
2025033007,-0.0001
2025033008,-0.0001
2025033008,-0.0001
2025033008,-0.0001
2025033008,-0.0001
2025033009,-0.0001
2025033009,-0.0001
2025033009,-0.0001
2025033009,-0.0001
2025033010,-0.0001
2025033010,-0.0001
2025033010,-0.0001
2025033010,-0.0001
2025033011,-0.0001
2025033011,-0.0001
2025033011,-0.0001
2025033011,-0.0001
2025033012,-0.0001
2025033012,-0.0001
2025033012,-0.0001
2025033012,-0.0001
2025033013,-0.0001
2025033013,-0.0001
2025033013,-0.0001
2025033013,-0.0001
2025033014,-0.0001
2025033014,-0.0001
2025033014,-0.0001
2025033014,-0.0001
2025033015,-0.0001
2025033015,-0.0001
2025033015,-0.0001
2025033015,-0.0001
2025033016,-0.0001
2025033016,-0.0001
2025033016,-0.0001
2025033016,-0.0001
2025033017,-0.0001
2025033017,-0.0001
2025033017,-0.0001
2025033017,-0.0001
2025033018,-0.0001
2025033018,-0.0001
2025033018,-0.0001
2025033018,-0.0001
2025033019,-0.0001
2025033019,-0.0001
2025033019,-0.0001
2025033019,-0.0001
2025033020,-0.0001
2025033020,-0.0001
2025033020,-0.0001
2025033020,-0.0001
2025033021,-0.0001
2025033021,-0.0001
2025033021,-0.0001
2025033021,-0.0001
2025033022,-0.0001
2025033022,-0.0001
2025033022,-0.0001
2025033022,-0.0001
2025033023,-0.0001
2025033023,-0.0001
2025033023,-0.0001
2025033023,-0.0001
2025033100,-0.0001
2025033100,-0.0001
2025033100,-0.0001
2025033100,-0.0001
2025033101,-0.0001
2025033101,-0.0001
2025033101,-0.0001
2025033101,-0.0001
2025033102,-0.0001
2025033102,-0.0001
2025033102,-0.0001
2025033102,-0.0001
2025033103,-0.0001
2025033103,-0.0001
2025033103,-0.0001
2025033103,-0.0001
2025033104,-0.0001
2025033104,-0.0001
2025033104,-0.0001
2025033104,-0.0001
2025033105,-0.0001
2025033105,-0.0001
2025033105,-0.0001
2025033105,-0.0001
2025033106,-0.0001
2025033106,-0.0001
2025033106,-0.0001
2025033106,-0.0001
2025033107,-0.0001
2025033107,-0.0001
2025033107,-0.0001
2025033107,-0.0001
2025033108,-0.0001
2025033108,-0.0001
2025033108,-0.0001
2025033108,-0.0001
2025033109,-0.0001
2025033109,-0.0001
2025033109,-0.0001
2025033109,-0.0001
2025033110,-0.0001
2025033110,-0.0001
2025033110,-0.0001
2025033110,-0.0001
2025033111,-0.0001
2025033111,-0.0001
2025033111,-0.0001
2025033111,-0.0001
2025033112,-0.0001
2025033112,-0.0001
2025033112,-0.0001
2025033112,-0.0001
2025033113,-0.0001
2025033113,-0.0001
2025033113,-0.0001
2025033113,-0.0001
2025033114,-0.0001
2025033114,-0.0001
2025033114,-0.0001
2025033114,-0.0001
2025033115,-0.0001
2025033115,-0.0001
2025033115,-0.0001
2025033115,-0.0001
2025033116,-0.0001
2025033116,-0.0001
2025033116,-0.0001
2025033116,-0.0001
2025033117,-0.0001
2025033117,-0.0001
2025033117,-0.0001
2025033117,-0.0001
2025033118,-0.0001
2025033118,-0.0001
2025033118,-0.0001
2025033118,-0.0001
2025033119,-0.0001
2025033119,-0.0001
2025033119,-0.0001
2025033119,-0.0001
2025033120,-0.0001
2025033120,-0.0001
2025033120,-0.0001
2025033120,-0.0001
2025033121,-0.0001
2025033121,-0.0001
2025033121,-0.0001
2025033121,-0.0001
2025033122,-0.0001
2025033122,-0.0001
2025033122,-0.0001
2025033122,-0.0001
2025033123,-0.0001
2025033123,-0.0001
2025033123,-0.0001
2025033123,-0.0001
2025040100,-0.0001
2025040100,-0.0001
2025040100,-0.0001
2025040100,-0.0001
2025040101,-0.0001
2025040101,-0.0001
2025040101,-0.0001
2025040101,-0.0001
2025040102,-0.0001
2025040102,-0.0001
2025040102,-0.0001
2025040102,-0.0001
2025040103,-0.0001
2025040103,-0.0001
2025040103,-0.0001
2025040103,-0.0001
2025040104,-0.0001
2025040104,-0.0001
2025040104,-0.0001
2025040104,-0.0001
2025040105,-0.0001
2025040105,-0.0001
2025040105,-0.0001
2025040105,-0.0001
2025040106,-0.0001
2025040106,-0.0001
2025040106,-0.0001
2025040106,-0.0001
2025040107,-0.0001
2025040107,-0.0001
2025040107,-0.0001
2025040107,-0.0001
2025040108,-0.0001
2025040108,-0.0001
2025040108,-0.0001
2025040108,-0.0001
2025040109,-0.0001
2025040109,-0.0001
2025040109,-0.0001
2025040109,-0.0001
2025040110,-0.0001
2025040110,-0.0001
2025040110,-0.0001
2025040110,-0.0001
2025040111,-0.0001
2025040111,-0.0001
2025040111,-0.0001
2025040111,-0.0001
2025040112,-0.0001
2025040112,-0.0001
2025040112,-0.0001
2025040112,-0.0001
2025040113,-0.0001
2025040113,-0.0001
2025040113,-0.0001
2025040113,-0.0001
2025040114,-0.0001
2025040114,-0.0001
2025040114,-0.0001
2025040114,-0.0001
2025040115,-0.0001
2025040115,-0.0001
2025040115,-0.0001
2025040115,-0.0001
2025040116,-0.0001
2025040116,-0.0001
2025040116,-0.0001
2025040116,-0.0001
2025040117,-0.0001
2025040117,-0.0001
2025040117,-0.0001
2025040117,-0.0001
2025040118,-0.0001
2025040118,-0.0001
2025040118,-0.0001
2025040118,-0.0001
2025040119,-0.0001
2025040119,-0.0001
2025040119,-0.0001
2025040119,-0.0001
2025040120,-0.0001
2025040120,-0.0001
2025040120,-0.0001
2025040120,-0.0001
2025040121,-0.0001
2025040121,-0.0001
2025040121,-0.0001
2025040121,-0.0001
2025040122,-0.0001
2025040122,-0.0001
2025040122,-0.0001
2025040122,-0.0001
2025040123,-0.0001
2025040123,-0.0001
2025040123,-0.0001
2025040123,-0.0001
2025040200,-0.0001
2025040200,-0.0001
2025040200,-0.0001
2025040200,-0.0001
2025040201,-0.0001
2025040201,-0.0001
2025040201,-0.0001
2025040201,-0.0001
2025040202,-0.0001
2025040202,-0.0001
2025040202,-0.0001
2025040202,-0.0001
2025040203,-0.0001
2025040203,-0.0001
2025040203,-0.0001
2025040203,-0.0001
2025040204,-0.0001
2025040204,-0.0001
2025040204,-0.0001
2025040204,-0.0001
2025040205,-0.0001
2025040205,-0.0001
2025040205,-0.0001
2025040205,-0.0001
2025040206,-0.0001
2025040206,-0.0001
2025040206,-0.0001
2025040206,-0.0001
2025040207,-0.0001
2025040207,-0.0001
2025040207,-0.0001
2025040207,-0.0001
2025040208,-0.0001
2025040208,-0.0001
2025040208,-0.0001
2025040208,-0.0001
2025040209,-0.0001
2025040209,-0.0001
2025040209,-0.0001
2025040209,-0.0001
2025040210,-0.0001
2025040210,-0.0001
2025040210,-0.0001
2025040210,-0.0001
2025040211,-0.0001
2025040211,-0.0001
2025040211,-0.0001
2025040211,-0.0001
2025040212,-0.0001
2025040212,-0.0001
2025040212,-0.0001
2025040212,-0.0001
2025040213,-0.0001
2025040213,-0.0001
2025040213,-0.0001
2025040213,-0.0001
2025040214,-0.0001
2025040214,-0.0001
2025040214,-0.0001
2025040214,-0.0001
2025040215,-0.0001
2025040215,-0.0001
2025040215,-0.0001
2025040215,-0.0001
2025040216,-0.0001
2025040216,-0.0001
2025040216,-0.0001
2025040216,-0.0001
2025040217,-0.0001
2025040217,-0.0001
2025040217,-0.0001
2025040217,-0.0001
2025040218,-0.0001
2025040218,-0.0001
2025040218,-0.0001
2025040218,-0.0001
2025040219,-0.0001
2025040219,-0.0001
2025040219,-0.0001
2025040219,-0.0001
2025040220,-0.0001
2025040220,-0.0001
2025040220,-0.0001
2025040220,-0.0001
2025040221,-0.0001
2025040221,-0.0001
2025040221,-0.0001
2025040221,-0.0001
2025040222,-0.0001
2025040222,-0.0001
2025040222,-0.0001
2025040222,-0.0001
2025040223,-0.0001
2025040223,-0.0001
2025040223,-0.0001
2025040223,-0.0001
2025040300,-0.0001
2025040300,-0.0001
2025040300,-0.0001
2025040300,-0.0001
2025040301,-0.0001
2025040301,-0.0001
2025040301,-0.0001
2025040301,-0.0001
2025040302,-0.0001
2025040302,-0.0001
2025040302,-0.0001
2025040302,-0.0001
2025040303,-0.0001
2025040303,-0.0001
2025040303,-0.0001
2025040303,-0.0001
2025040304,-0.0001
2025040304,-0.0001
2025040304,-0.0001
2025040304,-0.0001
2025040305,-0.0001
2025040305,-0.0001
2025040305,-0.0001
2025040305,-0.0001
2025040306,-0.0001
2025040306,-0.0001
2025040306,-0.0001
2025040306,-0.0001
2025040307,-0.0001
2025040307,-0.0001
2025040307,-0.0001
2025040307,-0.0001
2025040308,-0.0001
2025040308,-0.0001
2025040308,-0.0001
2025040308,-0.0001
2025040309,-0.0001
2025040309,-0.0001
2025040309,-0.0001
2025040309,-0.0001
2025040310,-0.0001
2025040310,-0.0001
2025040310,-0.0001
2025040310,-0.0001
2025040311,-0.0001
2025040311,-0.0001
2025040311,-0.0001
2025040311,-0.0001
2025040312,-0.0001
2025040312,-0.0001
2025040312,-0.0001
2025040312,-0.0001
2025040313,-0.0001
2025040313,-0.0001
2025040313,-0.0001
2025040313,-0.0001
2025040314,-0.0001
2025040314,-0.0001
2025040314,-0.0001
2025040314,-0.0001
2025040315,-0.0001
2025040315,-0.0001
2025040315,-0.0001
2025040315,-0.0001
2025040316,-0.0001
2025040316,-0.0001
2025040316,-0.0001
2025040316,-0.0001
2025040317,-0.0001
2025040317,-0.0001
2025040317,-0.0001
2025040317,-0.0001
2025040318,-0.0001
2025040318,-0.0001
2025040318,-0.0001
2025040318,-0.0001
2025040319,-0.0001
2025040319,-0.0001
2025040319,-0.0001
2025040319,-0.0001
2025040320,-0.0001
2025040320,-0.0001
2025040320,-0.0001
2025040320,-0.0001
2025040321,-0.0001
2025040321,-0.0001
2025040321,-0.0001
2025040321,-0.0001
2025040322,-0.0001
2025040322,-0.0001
2025040322,-0.0001
2025040322,-0.0001
2025040323,-0.0001
2025040323,-0.0001
2025040323,-0.0001
2025040323,-0.0001
2025040400,-0.0001
2025040400,-0.0001
2025040400,-0.0001
2025040400,-0.0001
2025040401,-0.0001
2025040401,-0.0001
2025040401,-0.0001
2025040401,-0.0001
2025040402,-0.0001
2025040402,-0.0001
2025040402,-0.0001
2025040402,-0.0001
2025040403,-0.0001
2025040403,-0.0001
2025040403,-0.0001
2025040403,-0.0001
2025040404,-0.0001
2025040404,-0.0001
2025040404,-0.0001
2025040404,-0.0001
2025040405,-0.0001
2025040405,-0.0001
2025040405,-0.0001
2025040405,-0.0001
2025040406,-0.0001
2025040406,-0.0001
2025040406,-0.0001
2025040406,-0.0001
2025040407,-0.0001
2025040407,-0.0001
2025040407,-0.0001
2025040407,-0.0001
2025040408,-0.0001
2025040408,-0.0001
2025040408,-0.0001
2025040408,-0.0001
2025040409,-0.0001
2025040409,-0.0001
2025040409,-0.0001
2025040409,-0.0001
2025040410,-0.0001
2025040410,-0.0001
2025040410,-0.0001
2025040410,-0.0001
2025040411,-0.0001
2025040411,-0.0001
2025040411,-0.0001
2025040411,-0.0001
2025040412,-0.0001
2025040412,-0.0001
2025040412,-0.0001
2025040412,-0.0001
2025040413,-0.0001
2025040413,-0.0001
2025040413,-0.0001
2025040413,-0.0001
2025040414,-0.0001
2025040414,-0.0001
2025040414,-0.0001
2025040414,-0.0001
2025040415,-0.0001
2025040415,-0.0001
2025040415,-0.0001
2025040415,-0.0001
2025040416,-0.0001
2025040416,-0.0001
2025040416,-0.0001
2025040416,-0.0001
2025040417,-0.0001
2025040417,-0.0001
2025040417,-0.0001
2025040417,-0.0001
2025040418,-0.0001
2025040418,-0.0001
2025040418,-0.0001
2025040418,-0.0001
2025040419,-0.0001
2025040419,-0.0001
2025040419,-0.0001
2025040419,-0.0001
2025040420,-0.0001
2025040420,-0.0001
2025040420,-0.0001
2025040420,-0.0001
2025040421,-0.0001
2025040421,-0.0001
2025040421,-0.0001
2025040421,-0.0001
2025040422,-0.0001
2025040422,-0.0001
2025040422,-0.0001
2025040422,-0.0001
2025040423,-0.0001
2025040423,-0.0001
2025040423,-0.0001
2025040423,-0.0001
2025040500,-0.0001
2025040500,-0.0001
2025040500,-0.0001
2025040500,-0.0001
2025040501,-0.0001
2025040501,-0.0001
2025040501,-0.0001
2025040501,-0.0001
2025040502,-0.0001
2025040502,-0.0001
2025040502,-0.0001
2025040502,-0.0001
2025040503,-0.0001
2025040503,-0.0001
2025040503,-0.0001
2025040503,-0.0001
2025040504,-0.0001
2025040504,-0.0001
2025040504,-0.0001
2025040504,-0.0001
2025040505,-0.0001
2025040505,-0.0001
2025040505,-0.0001
2025040505,-0.0001
2025040506,-0.0001
2025040506,-0.0001
2025040506,-0.0001
2025040506,-0.0001
2025040507,-0.0001
2025040507,-0.0001
2025040507,-0.0001
2025040507,-0.0001
2025040508,-0.0001
2025040508,-0.0001
2025040508,-0.0001
2025040508,-0.0001
2025040509,-0.0001
2025040509,-0.0001
2025040509,-0.0001
2025040509,-0.0001
2025040510,-0.0001
2025040510,-0.0001
2025040510,-0.0001
2025040510,-0.0001
2025040511,-0.0001
2025040511,-0.0001
2025040511,-0.0001
2025040511,-0.0001
2025040512,-0.0001
2025040512,-0.0001
2025040512,-0.0001
2025040512,-0.0001
2025040513,-0.0001
2025040513,-0.0001
2025040513,-0.0001
2025040513,-0.0001
2025040514,-0.0001
2025040514,-0.0001
2025040514,-0.0001
2025040514,-0.0001
2025040515,-0.0001
2025040515,-0.0001
2025040515,-0.0001
2025040515,-0.0001
2025040516,-0.0001
2025040516,-0.0001
2025040516,-0.0001
2025040516,-0.0001
2025040517,-0.0001
2025040517,-0.0001
2025040517,-0.0001
2025040517,-0.0001
2025040518,-0.0001
2025040518,-0.0001
2025040518,-0.0001
2025040518,-0.0001
2025040519,-0.0001
2025040519,-0.0001
2025040519,-0.0001
2025040519,-0.0001
2025040520,-0.0001
2025040520,-0.0001
2025040520,-0.0001
2025040520,-0.0001
2025040521,-0.0001
2025040521,-0.0001
2025040521,-0.0001
2025040521,-0.0001
2025040522,-0.0001
2025040522,-0.0001
2025040522,-0.0001
2025040522,-0.0001
2025040523,-0.0001
2025040523,-0.0001
2025040523,-0.0001
2025040523,-0.0001
2025040600,-0.0001
2025040600,-0.0001
2025040600,-0.0001
2025040600,-0.0001
2025040601,-0.0001
2025040601,-0.0001
2025040601,-0.0001
2025040601,-0.0001
2025040602,-0.0001
2025040602,-0.0001
2025040602,-0.0001
2025040602,-0.0001
2025040603,-0.0001
2025040603,-0.0001
2025040603,-0.0001
2025040603,-0.0001
2025040604,-0.0001
2025040604,-0.0001
2025040604,-0.0001
2025040604,-0.0001
2025040605,-0.0001
2025040605,-0.0001
2025040605,-0.0001
2025040605,-0.0001
2025040606,-0.0001
2025040606,-0.0001
2025040606,-0.0001
2025040606,-0.0001
2025040607,-0.0001
2025040607,-0.0001
2025040607,-0.0001
2025040607,-0.0001
2025040608,-0.0001
2025040608,-0.0001
2025040608,-0.0001
2025040608,-0.0001
2025040609,-0.0001
2025040609,-0.0001
2025040609,-0.0001
2025040609,-0.0001
2025040610,-0.0001
2025040610,-0.0001
2025040610,-0.0001
2025040610,-0.0001
2025040611,-0.0001
2025040611,-0.0001
2025040611,-0.0001
2025040611,-0.0001
2025040612,-0.0001
2025040612,-0.0001
2025040612,-0.0001
2025040612,-0.0001
2025040613,-0.0001
2025040613,-0.0001
2025040613,-0.0001
2025040613,-0.0001
2025040614,-0.0001
2025040614,-0.0001
2025040614,-0.0001
2025040614,-0.0001
2025040615,-0.0001
2025040615,-0.0001
2025040615,-0.0001
2025040615,-0.0001
2025040616,-0.0001
2025040616,-0.0001
2025040616,-0.0001
2025040616,-0.0001
2025040617,-0.0001
2025040617,-0.0001
2025040617,-0.0001
2025040617,-0.0001
2025040618,-0.0001
2025040618,-0.0001
2025040618,-0.0001
2025040618,-0.0001
2025040619,-0.0001
2025040619,-0.0001
2025040619,-0.0001
2025040619,-0.0001
2025040620,-0.0001
2025040620,-0.0001
2025040620,-0.0001
2025040620,-0.0001
2025040621,-0.0001
2025040621,-0.0001
2025040621,-0.0001
2025040621,-0.0001
2025040622,-0.0001
2025040622,-0.0001
2025040622,-0.0001
2025040622,-0.0001
2025040623,-0.0001
2025040623,-0.0001
2025040623,-0.0001
2025040623,-0.0001
2025040700,-0.0001
2025040700,-0.0001
2025040700,-0.0001
2025040700,-0.0001
2025040701,-0.0001
2025040701,-0.0001
2025040701,-0.0001
2025040701,-0.0001
2025040702,-0.0001
2025040702,-0.0001
2025040702,-0.0001
2025040702,-0.0001
2025040703,-0.0001
2025040703,-0.0001
2025040703,-0.0001
2025040703,-0.0001
2025040704,-0.0001
2025040704,-0.0001
2025040704,-0.0001
2025040704,-0.0001
2025040705,-0.0001
2025040705,-0.0001
2025040705,-0.0001
2025040705,-0.0001
2025040706,-0.0001
2025040706,-0.0001
2025040706,-0.0001
2025040706,-0.0001
2025040707,-0.0001
2025040707,-0.0001
2025040707,-0.0001
2025040707,-0.0001
2025040708,-0.0001
2025040708,-0.0001
2025040708,-0.0001
2025040708,-0.0001
2025040709,-0.0001
2025040709,-0.0001
2025040709,-0.0001
2025040709,-0.0001
2025040710,-0.0001
2025040710,-0.0001
2025040710,-0.0001
2025040710,-0.0001
2025040711,-0.0001
2025040711,-0.0001
2025040711,-0.0001
2025040711,-0.0001
2025040712,-0.0001
2025040712,-0.0001
2025040712,-0.0001
2025040712,-0.0001
2025040713,-0.0001
2025040713,-0.0001
2025040713,-0.0001
2025040713,-0.0001
2025040714,-0.0001
2025040714,-0.0001
2025040714,-0.0001
2025040714,-0.0001
2025040715,-0.0001
2025040715,-0.0001
2025040715,-0.0001
2025040715,-0.0001
2025040716,-0.0001
2025040716,-0.0001
2025040716,-0.0001
2025040716,-0.0001
2025040717,-0.0001
2025040717,-0.0001
2025040717,-0.0001
2025040717,-0.0001
2025040718,-0.0001
2025040718,-0.0001
2025040718,-0.0001
2025040718,-0.0001
2025040719,-0.0001
2025040719,-0.0001
2025040719,-0.0001
2025040719,-0.0001
2025040720,-0.0001
2025040720,-0.0001
2025040720,-0.0001
2025040720,-0.0001
2025040721,-0.0001
2025040721,-0.0001
2025040721,-0.0001
2025040721,-0.0001
2025040722,-0.0001
2025040722,-0.0001
2025040722,-0.0001
2025040722,-0.0001
2025040723,-0.0001
2025040723,-0.0001
2025040723,-0.0001
2025040723,-0.0001
2025040800,-0.0001
2025040800,-0.0001
2025040800,-0.0001
2025040800,-0.0001
2025040801,-0.0001
2025040801,-0.0001
2025040801,-0.0001
2025040801,-0.0001
2025040802,-0.0001
2025040802,-0.0001
2025040802,-0.0001
2025040802,-0.0001
2025040803,-0.0001
2025040803,-0.0001
2025040803,-0.0001
2025040803,-0.0001
2025040804,-0.0001
2025040804,-0.0001
2025040804,-0.0001
2025040804,-0.0001
2025040805,-0.0001
2025040805,-0.0001
2025040805,-0.0001
2025040805,-0.0001
2025040806,-0.0001
2025040806,-0.0001
2025040806,-0.0001
2025040806,-0.0001
2025040807,-0.0001
2025040807,-0.0001
2025040807,-0.0001
2025040807,-0.0001
2025040808,-0.0001
2025040808,-0.0001
2025040808,-0.0001
2025040808,-0.0001
2025040809,-0.0001
2025040809,-0.0001
2025040809,-0.0001
2025040809,-0.0001
2025040810,-0.0001
2025040810,-0.0001
2025040810,-0.0001
2025040810,-0.0001
2025040811,-0.0001
2025040811,-0.0001
2025040811,-0.0001
2025040811,-0.0001
2025040812,-0.0001
2025040812,-0.0001
2025040812,-0.0001
2025040812,-0.0001
2025040813,-0.0001
2025040813,-0.0001
2025040813,-0.0001
2025040813,-0.0001
2025040814,-0.0001
2025040814,-0.0001
2025040814,-0.0001
2025040814,-0.0001
2025040815,-0.0001
2025040815,-0.0001
2025040815,-0.0001
2025040815,-0.0001
2025040816,-0.0001
2025040816,-0.0001
2025040816,-0.0001
2025040816,-0.0001
2025040817,-0.0001
2025040817,-0.0001
2025040817,-0.0001
2025040817,-0.0001
2025040818,-0.0001
2025040818,-0.0001
2025040818,-0.0001
2025040818,-0.0001
2025040819,-0.0001
2025040819,-0.0001
2025040819,-0.0001
2025040819,-0.0001
2025040820,-0.0001
2025040820,-0.0001
2025040820,-0.0001
2025040820,-0.0001
2025040821,-0.0001
2025040821,-0.0001
2025040821,-0.0001
2025040821,-0.0001
2025040822,-0.0001
2025040822,-0.0001
2025040822,-0.0001
2025040822,-0.0001
2025040823,-0.0001
2025040823,-0.0001
2025040823,-0.0001
2025040823,-0.0001
2025040900,-0.0001
2025040900,-0.0001
2025040900,-0.0001
2025040900,-0.0001
2025040901,-0.0001
2025040901,-0.0001
2025040901,-0.0001
2025040901,-0.0001
2025040902,-0.0001
2025040902,-0.0001
2025040902,-0.0001
2025040902,-0.0001
2025040903,-0.0001
2025040903,-0.0001
2025040903,-0.0001
2025040903,-0.0001
2025040904,-0.0001
2025040904,-0.0001
2025040904,-0.0001
2025040904,-0.0001
2025040905,-0.0001
2025040905,-0.0001
2025040905,-0.0001
2025040905,-0.0001
2025040906,-0.0001
2025040906,-0.0001
2025040906,-0.0001
2025040906,-0.0001
2025040907,-0.0001
2025040907,-0.0001
2025040907,-0.0001
2025040907,-0.0001
2025040908,-0.0001
2025040908,-0.0001
2025040908,-0.0001
2025040908,-0.0001
2025040909,-0.0001
2025040909,-0.0001
2025040909,-0.0001
2025040909,-0.0001
2025040910,-0.0001
2025040910,-0.0001
2025040910,-0.0001
2025040910,-0.0001
2025040911,-0.0001
2025040911,-0.0001
2025040911,-0.0001
2025040911,-0.0001
2025040912,-0.0001
2025040912,-0.0001
2025040912,-0.0001
2025040912,-0.0001
2025040913,-0.0001
2025040913,-0.0001
2025040913,-0.0001
2025040913,-0.0001
2025040914,-0.0001
2025040914,-0.0001
2025040914,-0.0001
2025040914,-0.0001
2025040915,-0.0001
2025040915,-0.0001
2025040915,-0.0001
2025040915,-0.0001
2025040916,-0.0001
2025040916,-0.0001
2025040916,-0.0001
2025040916,-0.0001
2025040917,-0.0001
2025040917,-0.0001
2025040917,-0.0001
2025040917,-0.0001
2025040918,-0.0001
2025040918,-0.0001
2025040918,-0.0001
2025040918,-0.0001
2025040919,-0.0001
2025040919,-0.0001
2025040919,-0.0001
2025040919,-0.0001
2025040920,-0.0001
2025040920,-0.0001
2025040920,-0.0001
2025040920,-0.0001
2025040921,-0.0001
2025040921,-0.0001
2025040921,-0.0001
2025040921,-0.0001
2025040922,-0.0001
2025040922,-0.0001
2025040922,-0.0001
2025040922,-0.0001
2025040923,-0.0001
2025040923,-0.0001
2025040923,-0.0001
2025040923,-0.0001
2025041000,-0.0001
2025041000,-0.0001
2025041000,-0.0001
2025041000,-0.0001
2025041001,-0.0001
2025041001,-0.0001
2025041001,-0.0001
2025041001,-0.0001
2025041002,-0.0001
2025041002,-0.0001
2025041002,-0.0001
2025041002,-0.0001
2025041003,-0.0001
2025041003,-0.0001
2025041003,-0.0001
2025041003,-0.0001
2025041004,-0.0001
2025041004,-0.0001
2025041004,-0.0001
2025041004,-0.0001
2025041005,-0.0001
2025041005,-0.0001
2025041005,-0.0001
2025041005,-0.0001
2025041006,-0.0001
2025041006,-0.0001
2025041006,-0.0001
2025041006,-0.0001
2025041007,-0.0001
2025041007,-0.0001
2025041007,-0.0001
2025041007,-0.0001
2025041008,-0.0001
2025041008,-0.0001
2025041008,-0.0001
2025041008,-0.0001
2025041009,-0.0001
2025041009,-0.0001
2025041009,-0.0001
2025041009,-0.0001
2025041010,-0.0001
2025041010,-0.0001
2025041010,-0.0001
2025041010,-0.0001
2025041011,-0.0001
2025041011,-0.0001
2025041011,-0.0001
2025041011,-0.0001
2025041012,-0.0001
2025041012,-0.0001
2025041012,-0.0001
2025041012,-0.0001
2025041013,-0.0001
2025041013,-0.0001
2025041013,-0.0001
2025041013,-0.0001
2025041014,-0.0001
2025041014,-0.0001
2025041014,-0.0001
2025041014,-0.0001
2025041015,-0.0001
2025041015,-0.0001
2025041015,-0.0001
2025041015,-0.0001
2025041016,-0.0001
2025041016,-0.0001
2025041016,-0.0001
2025041016,-0.0001
2025041017,-0.0001
2025041017,-0.0001
2025041017,-0.0001
2025041017,-0.0001
2025041018,-0.0001
2025041018,-0.0001
2025041018,-0.0001
2025041018,-0.0001
2025041019,-0.0001
2025041019,-0.0001
2025041019,-0.0001
2025041019,-0.0001
2025041020,-0.0001
2025041020,-0.0001
2025041020,-0.0001
2025041020,-0.0001
2025041021,-0.0001
2025041021,-0.0001
2025041021,-0.0001
2025041021,-0.0001
2025041022,-0.0001
2025041022,-0.0001
2025041022,-0.0001
2025041022,-0.0001
2025041023,-0.0001
2025041023,-0.0001
2025041023,-0.0001
2025041023,-0.0001
2025041100,-0.0001
2025041100,-0.0001
2025041100,-0.0001
2025041100,-0.0001
2025041101,-0.0001
2025041101,-0.0001
2025041101,-0.0001
2025041101,-0.0001
2025041102,-0.0001
2025041102,-0.0001
2025041102,-0.0001
2025041102,-0.0001
2025041103,-0.0001
2025041103,-0.0001
2025041103,-0.0001
2025041103,-0.0001
2025041104,-0.0001
2025041104,-0.0001
2025041104,-0.0001
2025041104,-0.0001
2025041105,-0.0001
2025041105,-0.0001
2025041105,-0.0001
2025041105,-0.0001
2025041106,-0.0001
2025041106,-0.0001
2025041106,-0.0001
2025041106,-0.0001
2025041107,-0.0001
2025041107,-0.0001
2025041107,-0.0001
2025041107,-0.0001
2025041108,-0.0001
2025041108,-0.0001
2025041108,-0.0001
2025041108,-0.0001
2025041109,-0.0001
2025041109,-0.0001
2025041109,-0.0001
2025041109,-0.0001
2025041110,-0.0001
2025041110,-0.0001
2025041110,-0.0001
2025041110,-0.0001
2025041111,-0.0001
2025041111,-0.0001
2025041111,-0.0001
2025041111,-0.0001
2025041112,-0.0001
2025041112,-0.0001
2025041112,-0.0001
2025041112,-0.0001
2025041113,-0.0001
2025041113,-0.0001
2025041113,-0.0001
2025041113,-0.0001
2025041114,-0.0001
2025041114,-0.0001
2025041114,-0.0001
2025041114,-0.0001
2025041115,-0.0001
2025041115,-0.0001
2025041115,-0.0001
2025041115,-0.0001
2025041116,-0.0001
2025041116,-0.0001
2025041116,-0.0001
2025041116,-0.0001
2025041117,-0.0001
2025041117,-0.0001
2025041117,-0.0001
2025041117,-0.0001
2025041118,-0.0001
2025041118,-0.0001
2025041118,-0.0001
2025041118,-0.0001
2025041119,-0.0001
2025041119,-0.0001
2025041119,-0.0001
2025041119,-0.0001
2025041120,-0.0001
2025041120,-0.0001
2025041120,-0.0001
2025041120,-0.0001
2025041121,-0.0001
2025041121,-0.0001
2025041121,-0.0001
2025041121,-0.0001
2025041122,-0.0001
2025041122,-0.0001
2025041122,-0.0001
2025041122,-0.0001
2025041123,-0.0001
2025041123,-0.0001
2025041123,-0.0001
2025041123,-0.0001
2025041200,-0.0001
2025041200,-0.0001
2025041200,-0.0001
2025041200,-0.0001
2025041201,-0.0001
2025041201,-0.0001
2025041201,-0.0001
2025041201,-0.0001
2025041202,-0.0001
2025041202,-0.0001
2025041202,-0.0001
2025041202,-0.0001
2025041203,-0.0001
2025041203,-0.0001
2025041203,-0.0001
2025041203,-0.0001
2025041204,-0.0001
2025041204,-0.0001
2025041204,-0.0001
2025041204,-0.0001
2025041205,-0.0001
2025041205,-0.0001
2025041205,-0.0001
2025041205,-0.0001
2025041206,-0.0001
2025041206,-0.0001
2025041206,-0.0001
2025041206,-0.0001
2025041207,-0.0001
2025041207,-0.0001
2025041207,-0.0001
2025041207,-0.0001
2025041208,-0.0001
2025041208,-0.0001
2025041208,-0.0001
2025041208,-0.0001
2025041209,-0.0001
2025041209,-0.0001
2025041209,-0.0001
2025041209,-0.0001
2025041210,-0.0001
2025041210,-0.0001
2025041210,-0.0001
2025041210,-0.0001
2025041211,-0.0001
2025041211,-0.0001
2025041211,-0.0001
2025041211,-0.0001
2025041212,-0.0001
2025041212,-0.0001
2025041212,-0.0001
2025041212,-0.0001
2025041213,-0.0001
2025041213,-0.0001
2025041213,-0.0001
2025041213,-0.0001
2025041214,-0.0001
2025041214,-0.0001
2025041214,-0.0001
2025041214,-0.0001
2025041215,-0.0001
2025041215,-0.0001
2025041215,-0.0001
2025041215,-0.0001
2025041216,-0.0001
2025041216,-0.0001
2025041216,-0.0001
2025041216,-0.0001
2025041217,-0.0001
2025041217,-0.0001
2025041217,-0.0001
2025041217,-0.0001
2025041218,-0.0001
2025041218,-0.0001
2025041218,-0.0001
2025041218,-0.0001
2025041219,-0.0001
2025041219,-0.0001
2025041219,-0.0001
2025041219,-0.0001
2025041220,-0.0001
2025041220,-0.0001
2025041220,-0.0001
2025041220,-0.0001
2025041221,-0.0001
2025041221,-0.0001
2025041221,-0.0001
2025041221,-0.0001
2025041222,-0.0001
2025041222,-0.0001
2025041222,-0.0001
2025041222,-0.0001
2025041223,-0.0001
2025041223,-0.0001
2025041223,-0.0001
2025041223,-0.0001
2025041300,-0.0001
2025041300,-0.0001
2025041300,-0.0001
2025041300,-0.0001
2025041301,-0.0001
2025041301,-0.0001
2025041301,-0.0001
2025041301,-0.0001
2025041302,-0.0001
2025041302,-0.0001
2025041302,-0.0001
2025041302,-0.0001
2025041303,-0.0001
2025041303,-0.0001
2025041303,-0.0001
2025041303,-0.0001
2025041304,-0.0001
2025041304,-0.0001
2025041304,-0.0001
2025041304,-0.0001
2025041305,-0.0001
2025041305,-0.0001
2025041305,-0.0001
2025041305,-0.0001
2025041306,-0.0001
2025041306,-0.0001
2025041306,-0.0001
2025041306,-0.0001
2025041307,-0.0001
2025041307,-0.0001
2025041307,-0.0001
2025041307,-0.0001
2025041308,-0.0001
2025041308,-0.0001
2025041308,-0.0001
2025041308,-0.0001
2025041309,-0.0001
2025041309,-0.0001
2025041309,-0.0001
2025041309,-0.0001
2025041310,-0.0001
2025041310,-0.0001
2025041310,-0.0001
2025041310,-0.0001
2025041311,-0.0001
2025041311,-0.0001
2025041311,-0.0001
2025041311,-0.0001
2025041312,-0.0001
2025041312,-0.0001
2025041312,-0.0001
2025041312,-0.0001
2025041313,-0.0001
2025041313,-0.0001
2025041313,-0.0001
2025041313,-0.0001
2025041314,-0.0001
2025041314,-0.0001
2025041314,-0.0001
2025041314,-0.0001
2025041315,-0.0001
2025041315,-0.0001
2025041315,-0.0001
2025041315,-0.0001
2025041316,-0.0001
2025041316,-0.0001
2025041316,-0.0001
2025041316,-0.0001
2025041317,-0.0001
2025041317,-0.0001
2025041317,-0.0001
2025041317,-0.0001
2025041318,-0.0001
2025041318,-0.0001
2025041318,-0.0001
2025041318,-0.0001
2025041319,-0.0001
2025041319,-0.0001
2025041319,-0.0001
2025041319,-0.0001
2025041320,-0.0001
2025041320,-0.0001
2025041320,-0.0001
2025041320,-0.0001
2025041321,-0.0001
2025041321,-0.0001
2025041321,-0.0001
2025041321,-0.0001
2025041322,-0.0001
2025041322,-0.0001
2025041322,-0.0001
2025041322,-0.0001
2025041323,-0.0001
2025041323,-0.0001
2025041323,-0.0001
2025041323,-0.0001
2025041400,-0.0001
2025041400,-0.0001
2025041400,-0.0001
2025041400,-0.0001
2025041401,-0.0001
2025041401,-0.0001
2025041401,-0.0001
2025041401,-0.0001
2025041402,-0.0001
2025041402,-0.0001
2025041402,-0.0001
2025041402,-0.0001
2025041403,-0.0001
2025041403,-0.0001
2025041403,-0.0001
2025041403,-0.0001
2025041404,-0.0001
2025041404,-0.0001
2025041404,-0.0001
2025041404,-0.0001
2025041405,-0.0001
2025041405,-0.0001
2025041405,-0.0001
2025041405,-0.0001
2025041406,-0.0001
2025041406,-0.0001
2025041406,-0.0001
2025041406,-0.0001
2025041407,-0.0001
2025041407,-0.0001
2025041407,-0.0001
2025041407,-0.0001
2025041408,-0.0001
2025041408,-0.0001
2025041408,-0.0001
2025041408,-0.0001
2025041409,-0.0001
2025041409,-0.0001
2025041409,-0.0001
2025041409,-0.0001
2025041410,-0.0001
2025041410,-0.0001
2025041410,-0.0001
2025041410,-0.0001
2025041411,-0.0001
2025041411,-0.0001
2025041411,-0.0001
2025041411,-0.0001
2025041412,-0.0001
2025041412,-0.0001
2025041412,-0.0001
2025041412,-0.0001
2025041413,-0.0001
2025041413,-0.0001
2025041413,-0.0001
2025041413,-0.0001
2025041414,-0.0001
2025041414,-0.0001
2025041414,-0.0001
2025041414,-0.0001
2025041415,-0.0001
2025041415,-0.0001
2025041415,-0.0001
2025041415,-0.0001
2025041416,-0.0001
2025041416,-0.0001
2025041416,-0.0001
2025041416,-0.0001
2025041417,-0.0001
2025041417,-0.0001
2025041417,-0.0001
2025041417,-0.0001
2025041418,-0.0001
2025041418,-0.0001
2025041418,-0.0001
2025041418,-0.0001
2025041419,-0.0001
2025041419,-0.0001
2025041419,-0.0001
2025041419,-0.0001
2025041420,-0.0001
2025041420,-0.0001
2025041420,-0.0001
2025041420,-0.0001
2025041421,-0.0001
2025041421,-0.0001
2025041421,-0.0001
2025041421,-0.0001
2025041422,-0.0001
2025041422,-0.0001
2025041422,-0.0001
2025041422,-0.0001
2025041423,-0.0001
2025041423,-0.0001
2025041423,-0.0001
2025041423,-0.0001
2025041500,-0.0001
2025041500,-0.0001
2025041500,-0.0001
2025041500,-0.0001
2025041501,-0.0001
2025041501,-0.0001
2025041501,-0.0001
2025041501,-0.0001
2025041502,-0.0001
2025041502,-0.0001
2025041502,-0.0001
2025041502,-0.0001
2025041503,-0.0001
2025041503,-0.0001
2025041503,-0.0001
2025041503,-0.0001
2025041504,-0.0001
2025041504,-0.0001
2025041504,-0.0001
2025041504,-0.0001
2025041505,-0.0001
2025041505,-0.0001
2025041505,-0.0001
2025041505,-0.0001
2025041506,-0.0001
2025041506,-0.0001
2025041506,-0.0001
2025041506,-0.0001
2025041507,-0.0001
2025041507,-0.0001
2025041507,-0.0001
2025041507,-0.0001
2025041508,-0.0001
2025041508,-0.0001
2025041508,-0.0001
2025041508,-0.0001
2025041509,-0.0001
2025041509,-0.0001
2025041509,-0.0001
2025041509,-0.0001
2025041510,-0.0001
2025041510,-0.0001
2025041510,-0.0001
2025041510,-0.0001
2025041511,-0.0001
2025041511,-0.0001
2025041511,-0.0001
2025041511,-0.0001
2025041512,-0.0001
2025041512,-0.0001
2025041512,-0.0001
2025041512,-0.0001
2025041513,-0.0001
2025041513,-0.0001
2025041513,-0.0001
2025041513,-0.0001
2025041514,-0.0001
2025041514,-0.0001
2025041514,-0.0001
2025041514,-0.0001
2025041515,-0.0001
2025041515,-0.0001
2025041515,-0.0001
2025041515,-0.0001
2025041516,-0.0001
2025041516,-0.0001
2025041516,-0.0001
2025041516,-0.0001
2025041517,-0.0001
2025041517,-0.0001
2025041517,-0.0001
2025041517,-0.0001
2025041518,-0.0001
2025041518,-0.0001
2025041518,-0.0001
2025041518,-0.0001
2025041519,-0.0001
2025041519,-0.0001
2025041519,-0.0001
2025041519,-0.0001
2025041520,-0.0001
2025041520,-0.0001
2025041520,-0.0001
2025041520,-0.0001
2025041521,-0.0001
2025041521,-0.0001
2025041521,-0.0001
2025041521,-0.0001
2025041522,-0.0001
2025041522,-0.0001
2025041522,-0.0001
2025041522,-0.0001
2025041523,-0.0001
2025041523,-0.0001
2025041523,-0.0001
2025041523,-0.0001
2025041600,-0.0001
2025041600,-0.0001
2025041600,-0.0001
2025041600,-0.0001
2025041601,-0.0001
2025041601,-0.0001
2025041601,-0.0001
2025041601,-0.0001
2025041602,-0.0001
2025041602,-0.0001
2025041602,-0.0001
2025041602,-0.0001
2025041603,-0.0001
2025041603,-0.0001
2025041603,-0.0001
2025041603,-0.0001
2025041604,-0.0001
2025041604,-0.0001
2025041604,-0.0001
2025041604,-0.0001
2025041605,-0.0001
2025041605,-0.0001
2025041605,-0.0001
2025041605,-0.0001
2025041606,-0.0001
2025041606,-0.0001
2025041606,-0.0001
2025041606,-0.0001
2025041607,-0.0001
2025041607,-0.0001
2025041607,-0.0001
2025041607,-0.0001
2025041608,-0.0001
2025041608,-0.0001
2025041608,-0.0001
2025041608,-0.0001
2025041609,-0.0001
2025041609,-0.0001
2025041609,-0.0001
2025041609,-0.0001
2025041610,-0.0001
2025041610,-0.0001
2025041610,-0.0001
2025041610,-0.0001
2025041611,-0.0001
2025041611,-0.0001
2025041611,-0.0001
2025041611,-0.0001
2025041612,-0.0001
2025041612,-0.0001
2025041612,-0.0001
2025041612,-0.0001
2025041613,-0.0001
2025041613,-0.0001
2025041613,-0.0001
2025041613,-0.0001
2025041614,-0.0001
2025041614,-0.0001
2025041614,-0.0001
2025041614,-0.0001
2025041615,-0.0001
2025041615,-0.0001
2025041615,-0.0001
2025041615,-0.0001
2025041616,-0.0001
2025041616,-0.0001
2025041616,-0.0001
2025041616,-0.0001
2025041617,-0.0001
2025041617,-0.0001
2025041617,-0.0001
2025041617,-0.0001
2025041618,-0.0001
2025041618,-0.0001
2025041618,-0.0001
2025041618,-0.0001
2025041619,-0.0001
2025041619,-0.0001
2025041619,-0.0001
2025041619,-0.0001
2025041620,-0.0001
2025041620,-0.0001
2025041620,-0.0001
2025041620,-0.0001
2025041621,-0.0001
2025041621,-0.0001
2025041621,-0.0001
2025041621,-0.0001
2025041622,-0.0001
2025041622,-0.0001
2025041622,-0.0001
2025041622,-0.0001
2025041623,-0.0001
2025041623,-0.0001
2025041623,-0.0001
2025041623,-0.0001
2025041700,-0.0001
2025041700,-0.0001
2025041700,-0.0001
2025041700,-0.0001
2025041701,-0.0001
2025041701,-0.0001
2025041701,-0.0001
2025041701,-0.0001
2025041702,-0.0001
2025041702,-0.0001
2025041702,-0.0001
2025041702,-0.0001
2025041703,-0.0001
2025041703,-0.0001
2025041703,-0.0001
2025041703,-0.0001
2025041704,-0.0001
2025041704,-0.0001
2025041704,-0.0001
2025041704,-0.0001
2025041705,-0.0001
2025041705,-0.0001
2025041705,-0.0001
2025041705,-0.0001
2025041706,-0.0001
2025041706,-0.0001
2025041706,-0.0001
2025041706,-0.0001
2025041707,-0.0001
2025041707,-0.0001
2025041707,-0.0001
2025041707,-0.0001
2025041708,-0.0001
2025041708,-0.0001
2025041708,-0.0001
2025041708,-0.0001
2025041709,-0.0001
2025041709,-0.0001
2025041709,-0.0001
2025041709,-0.0001
2025041710,-0.0001
2025041710,-0.0001
2025041710,-0.0001
2025041710,-0.0001
2025041711,-0.0001
2025041711,-0.0001
2025041711,-0.0001
2025041711,-0.0001
2025041712,-0.0001
2025041712,-0.0001
2025041712,-0.0001
2025041712,-0.0001
2025041713,-0.0001
2025041713,-0.0001
2025041713,-0.0001
2025041713,-0.0001
2025041714,-0.0001
2025041714,-0.0001
2025041714,-0.0001
2025041714,-0.0001
2025041715,-0.0001
2025041715,-0.0001
2025041715,-0.0001
2025041715,-0.0001
2025041716,-0.0001
2025041716,-0.0001
2025041716,-0.0001
2025041716,-0.0001
2025041717,-0.0001
2025041717,-0.0001
2025041717,-0.0001
2025041717,-0.0001
2025041718,-0.0001
2025041718,-0.0001
2025041718,-0.0001
2025041718,-0.0001
2025041719,-0.0001
2025041719,-0.0001
2025041719,-0.0001
2025041719,-0.0001
2025041720,-0.0001
2025041720,-0.0001
2025041720,-0.0001
2025041720,-0.0001
2025041721,-0.0001
2025041721,-0.0001
2025041721,-0.0001
2025041721,-0.0001
2025041722,-0.0001
2025041722,-0.0001
2025041722,-0.0001
2025041722,-0.0001
2025041723,-0.0001
2025041723,-0.0001
2025041723,-0.0001
2025041723,-0.0001
2025041800,-0.0001
2025041800,-0.0001
2025041800,-0.0001
2025041800,-0.0001
2025041801,-0.0001
2025041801,-0.0001
2025041801,-0.0001
2025041801,-0.0001
2025041802,-0.0001
2025041802,-0.0001
2025041802,-0.0001
2025041802,-0.0001
2025041803,-0.0001
2025041803,-0.0001
2025041803,-0.0001
2025041803,-0.0001
2025041804,-0.0001
2025041804,-0.0001
2025041804,-0.0001
2025041804,-0.0001
2025041805,-0.0001
2025041805,-0.0001
2025041805,-0.0001
2025041805,-0.0001
2025041806,-0.0001
2025041806,-0.0001
2025041806,-0.0001
2025041806,-0.0001
2025041807,-0.0001
2025041807,-0.0001
2025041807,-0.0001
2025041807,-0.0001
2025041808,-0.0001
2025041808,-0.0001
2025041808,-0.0001
2025041808,-0.0001
2025041809,-0.0001
2025041809,-0.0001
2025041809,-0.0001
2025041809,-0.0001
2025041810,-0.0001
2025041810,-0.0001
2025041810,-0.0001
2025041810,-0.0001
2025041811,-0.0001
2025041811,-0.0001
2025041811,-0.0001
2025041811,-0.0001
2025041812,-0.0001
2025041812,-0.0001
2025041812,-0.0001
2025041812,-0.0001
2025041813,-0.0001
2025041813,-0.0001
2025041813,-0.0001
2025041813,-0.0001
2025041814,-0.0001
2025041814,-0.0001
2025041814,-0.0001
2025041814,-0.0001
2025041815,-0.0001
2025041815,-0.0001
2025041815,-0.0001
2025041815,-0.0001
2025041816,-0.0001
2025041816,-0.0001
2025041816,-0.0001
2025041816,-0.0001
2025041817,-0.0001
2025041817,-0.0001
2025041817,-0.0001
2025041817,-0.0001
2025041818,-0.0001
2025041818,-0.0001
2025041818,-0.0001
2025041818,-0.0001
2025041819,-0.0001
2025041819,-0.0001
2025041819,-0.0001
2025041819,-0.0001
2025041820,-0.0001
2025041820,-0.0001
2025041820,-0.0001
2025041820,-0.0001
2025041821,-0.0001
2025041821,-0.0001
2025041821,-0.0001
2025041821,-0.0001
2025041822,-0.0001
2025041822,-0.0001
2025041822,-0.0001
2025041822,-0.0001
2025041823,-0.0001
2025041823,-0.0001
2025041823,-0.0001
2025041823,-0.0001
2025041900,-0.0001
2025041900,-0.0001
2025041900,-0.0001
2025041900,-0.0001
2025041901,-0.0001
2025041901,-0.0001
2025041901,-0.0001
2025041901,-0.0001
2025041902,-0.0001
2025041902,-0.0001
2025041902,-0.0001
2025041902,-0.0001
2025041903,-0.0001
2025041903,-0.0001
2025041903,-0.0001
2025041903,-0.0001
2025041904,-0.0001
2025041904,-0.0001
2025041904,-0.0001
2025041904,-0.0001
2025041905,-0.0001
2025041905,-0.0001
2025041905,-0.0001
2025041905,-0.0001
2025041906,-0.0001
2025041906,-0.0001
2025041906,-0.0001
2025041906,-0.0001
2025041907,-0.0001
2025041907,-0.0001
2025041907,-0.0001
2025041907,-0.0001
2025041908,-0.0001
2025041908,-0.0001
2025041908,-0.0001
2025041908,-0.0001
2025041909,-0.0001
2025041909,-0.0001
2025041909,-0.0001
2025041909,-0.0001
2025041910,-0.0001
2025041910,-0.0001
2025041910,-0.0001
2025041910,-0.0001
2025041911,-0.0001
2025041911,-0.0001
2025041911,-0.0001
2025041911,-0.0001
2025041912,-0.0001
2025041912,-0.0001
2025041912,-0.0001
2025041912,-0.0001
2025041913,-0.0001
2025041913,-0.0001
2025041913,-0.0001
2025041913,-0.0001
2025041914,-0.0001
2025041914,-0.0001
2025041914,-0.0001
2025041914,-0.0001
2025041915,-0.0001
2025041915,-0.0001
2025041915,-0.0001
2025041915,-0.0001
2025041916,-0.0001
2025041916,-0.0001
2025041916,-0.0001
2025041916,-0.0001
2025041917,-0.0001
2025041917,-0.0001
2025041917,-0.0001
2025041917,-0.0001
2025041918,-0.0001
2025041918,-0.0001
2025041918,-0.0001
2025041918,-0.0001
2025041919,-0.0001
2025041919,-0.0001
2025041919,-0.0001
2025041919,-0.0001
2025041920,-0.0001
2025041920,-0.0001
2025041920,-0.0001
2025041920,-0.0001
2025041921,-0.0001
2025041921,-0.0001
2025041921,-0.0001
2025041921,-0.0001
2025041922,-0.0001
2025041922,-0.0001
2025041922,-0.0001
2025041922,-0.0001
2025041923,-0.0001
2025041923,-0.0001
2025041923,-0.0001
2025041923,-0.0001
2025042000,-0.0001
2025042000,-0.0001
2025042000,-0.0001
2025042000,-0.0001
2025042001,-0.0001
2025042001,-0.0001
2025042001,-0.0001
2025042001,-0.0001
2025042002,-0.0001
2025042002,-0.0001
2025042002,-0.0001
2025042002,-0.0001
2025042003,-0.0001
2025042003,-0.0001
2025042003,-0.0001
2025042003,-0.0001
2025042004,-0.0001
2025042004,-0.0001
2025042004,-0.0001
2025042004,-0.0001
2025042005,-0.0001
2025042005,-0.0001
2025042005,-0.0001
2025042005,-0.0001
2025042006,-0.0001
2025042006,-0.0001
2025042006,-0.0001
2025042006,-0.0001
2025042007,-0.0001
2025042007,-0.0001
2025042007,-0.0001
2025042007,-0.0001
2025042008,-0.0001
2025042008,-0.0001
2025042008,-0.0001
2025042008,-0.0001
2025042009,-0.0001
2025042009,-0.0001
2025042009,-0.0001
2025042009,-0.0001
2025042010,-0.0001
2025042010,-0.0001
2025042010,-0.0001
2025042010,-0.0001
2025042011,-0.0001
2025042011,-0.0001
2025042011,-0.0001
2025042011,-0.0001
2025042012,-0.0001
2025042012,-0.0001
2025042012,-0.0001
2025042012,-0.0001
2025042013,-0.0001
2025042013,-0.0001
2025042013,-0.0001
2025042013,-0.0001
2025042014,-0.0001
2025042014,-0.0001
2025042014,-0.0001
2025042014,-0.0001
2025042015,-0.0001
2025042015,-0.0001
2025042015,-0.0001
2025042015,-0.0001
2025042016,-0.0001
2025042016,-0.0001
2025042016,-0.0001
2025042016,-0.0001
2025042017,-0.0001
2025042017,-0.0001
2025042017,-0.0001
2025042017,-0.0001
2025042018,-0.0001
2025042018,-0.0001
2025042018,-0.0001
2025042018,-0.0001
2025042019,-0.0001
2025042019,-0.0001
2025042019,-0.0001
2025042019,-0.0001
2025042020,-0.0001
2025042020,-0.0001
2025042020,-0.0001
2025042020,-0.0001
2025042021,-0.0001
2025042021,-0.0001
2025042021,-0.0001
2025042021,-0.0001
2025042022,-0.0001
2025042022,-0.0001
2025042022,-0.0001
2025042022,-0.0001
2025042023,-0.0001
2025042023,-0.0001
2025042023,-0.0001
2025042023,-0.0001
2025042100,-0.0001
2025042100,-0.0001
2025042100,-0.0001
2025042100,-0.0001
2025042101,-0.0001
2025042101,-0.0001
2025042101,-0.0001
2025042101,-0.0001
2025042102,-0.0001
2025042102,-0.0001
2025042102,-0.0001
2025042102,-0.0001
2025042103,-0.0001
2025042103,-0.0001
2025042103,-0.0001
2025042103,-0.0001
2025042104,-0.0001
2025042104,-0.0001
2025042104,-0.0001
2025042104,-0.0001
2025042105,-0.0001
2025042105,-0.0001
2025042105,-0.0001
2025042105,-0.0001
2025042106,-0.0001
2025042106,-0.0001
2025042106,-0.0001
2025042106,-0.0001
2025042107,-0.0001
2025042107,-0.0001
2025042107,-0.0001
2025042107,-0.0001
2025042108,-0.0001
2025042108,-0.0001
2025042108,-0.0001
2025042108,-0.0001
2025042109,-0.0001
2025042109,-0.0001
2025042109,-0.0001
2025042109,-0.0001
2025042110,-0.0001
2025042110,-0.0001
2025042110,-0.0001
2025042110,-0.0001
2025042111,-0.0001
2025042111,-0.0001
2025042111,-0.0001
2025042111,-0.0001
2025042112,-0.0001
2025042112,-0.0001
2025042112,-0.0001
2025042112,-0.0001
2025042113,-0.0001
2025042113,-0.0001
2025042113,-0.0001
2025042113,-0.0001
2025042114,-0.0001
2025042114,-0.0001
2025042114,-0.0001
2025042114,-0.0001
2025042115,-0.0001
2025042115,-0.0001
2025042115,-0.0001
2025042115,-0.0001
2025042116,-0.0001
2025042116,-0.0001
2025042116,-0.0001
2025042116,-0.0001
2025042117,-0.0001
2025042117,-0.0001
2025042117,-0.0001
2025042117,-0.0001
2025042118,-0.0001
2025042118,-0.0001
2025042118,-0.0001
2025042118,-0.0001
2025042119,-0.0001
2025042119,-0.0001
2025042119,-0.0001
2025042119,-0.0001
2025042120,-0.0001
2025042120,-0.0001
2025042120,-0.0001
2025042120,-0.0001
2025042121,-0.0001
2025042121,-0.0001
2025042121,-0.0001
2025042121,-0.0001
2025042122,-0.0001
2025042122,-0.0001
2025042122,-0.0001
2025042122,-0.0001
2025042123,-0.0001
2025042123,-0.0001
2025042123,-0.0001
2025042123,-0.0001
2025042200,-0.0001
2025042200,-0.0001
2025042200,-0.0001
2025042200,-0.0001
2025042201,-0.0001
2025042201,-0.0001
2025042201,-0.0001
2025042201,-0.0001
2025042202,-0.0001
2025042202,-0.0001
2025042202,-0.0001
2025042202,-0.0001
2025042203,-0.0001
2025042203,-0.0001
2025042203,-0.0001
2025042203,-0.0001
2025042204,-0.0001
2025042204,-0.0001
2025042204,-0.0001
2025042204,-0.0001
2025042205,-0.0001
2025042205,-0.0001
2025042205,-0.0001
2025042205,-0.0001
2025042206,-0.0001
2025042206,-0.0001
2025042206,-0.0001
2025042206,-0.0001
2025042207,-0.0001
2025042207,-0.0001
2025042207,-0.0001
2025042207,-0.0001
2025042208,-0.0001
2025042208,-0.0001
2025042208,-0.0001
2025042208,-0.0001
2025042209,-0.0001
2025042209,-0.0001
2025042209,-0.0001
2025042209,-0.0001
2025042210,-0.0001
2025042210,-0.0001
2025042210,-0.0001
2025042210,-0.0001
2025042211,-0.0001
2025042211,-0.0001
2025042211,-0.0001
2025042211,-0.0001
2025042212,-0.0001
2025042212,-0.0001
2025042212,-0.0001
2025042212,-0.0001
2025042213,-0.0001
2025042213,-0.0001
2025042213,-0.0001
2025042213,-0.0001
2025042214,-0.0001
2025042214,-0.0001
2025042214,-0.0001
2025042214,-0.0001
2025042215,-0.0001
2025042215,-0.0001
2025042215,-0.0001
2025042215,-0.0001
2025042216,-0.0001
2025042216,-0.0001
2025042216,-0.0001
2025042216,-0.0001
2025042217,-0.0001
2025042217,-0.0001
2025042217,-0.0001
2025042217,-0.0001
2025042218,-0.0001
2025042218,-0.0001
2025042218,-0.0001
2025042218,-0.0001
2025042219,-0.0001
2025042219,-0.0001
2025042219,-0.0001
2025042219,-0.0001
2025042220,-0.0001
2025042220,-0.0001
2025042220,-0.0001
2025042220,-0.0001
2025042221,-0.0001
2025042221,-0.0001
2025042221,-0.0001
2025042221,-0.0001
2025042222,-0.0001
2025042222,-0.0001
2025042222,-0.0001
2025042222,-0.0001
2025042223,-0.0001
2025042223,-0.0001
2025042223,-0.0001
2025042223,-0.0001
2025042300,-0.0001
2025042300,-0.0001
2025042300,-0.0001
2025042300,-0.0001
2025042301,-0.0001
2025042301,-0.0001
2025042301,-0.0001
2025042301,-0.0001
2025042302,-0.0001
2025042302,-0.0001
2025042302,-0.0001
2025042302,-0.0001
2025042303,-0.0001
2025042303,-0.0001
2025042303,-0.0001
2025042303,-0.0001
2025042304,-0.0001
2025042304,-0.0001
2025042304,-0.0001
2025042304,-0.0001
2025042305,-0.0001
2025042305,-0.0001
2025042305,-0.0001
2025042305,-0.0001
2025042306,-0.0001
2025042306,-0.0001
2025042306,-0.0001
2025042306,-0.0001
2025042307,-0.0001
2025042307,-0.0001
2025042307,-0.0001
2025042307,-0.0001
2025042308,-0.0001
2025042308,-0.0001
2025042308,-0.0001
2025042308,-0.0001
2025042309,-0.0001
2025042309,-0.0001
2025042309,-0.0001
2025042309,-0.0001
2025042310,-0.0001
2025042310,-0.0001
2025042310,-0.0001
2025042310,-0.0001
2025042311,-0.0001
2025042311,-0.0001
2025042311,-0.0001
2025042311,-0.0001
2025042312,-0.0001
2025042312,-0.0001
2025042312,-0.0001
2025042312,-0.0001
2025042313,-0.0001
2025042313,-0.0001
2025042313,-0.0001
2025042313,-0.0001
2025042314,-0.0001
2025042314,-0.0001
2025042314,-0.0001
2025042314,-0.0001
2025042315,-0.0001
2025042315,-0.0001
2025042315,-0.0001
2025042315,-0.0001
2025042316,-0.0001
2025042316,-0.0001
2025042316,-0.0001
2025042316,-0.0001
2025042317,-0.0001
2025042317,-0.0001
2025042317,-0.0001
2025042317,-0.0001
2025042318,-0.0001
2025042318,-0.0001
2025042318,-0.0001
2025042318,-0.0001
2025042319,-0.0001
2025042319,-0.0001
2025042319,-0.0001
2025042319,-0.0001
2025042320,-0.0001
2025042320,-0.0001
2025042320,-0.0001
2025042320,-0.0001
2025042321,-0.0001
2025042321,-0.0001
2025042321,-0.0001
2025042321,-0.0001
2025042322,-0.0001
2025042322,-0.0001
2025042322,-0.0001
2025042322,-0.0001
2025042323,-0.0001
2025042323,-0.0001
2025042323,-0.0001
2025042323,-0.0001
2025042400,-0.0001
2025042400,-0.0001
2025042400,-0.0001
2025042400,-0.0001
2025042401,-0.0001
2025042401,-0.0001
2025042401,-0.0001
2025042401,-0.0001
2025042402,-0.0001
2025042402,-0.0001
2025042402,-0.0001
2025042402,-0.0001
2025042403,-0.0001
2025042403,-0.0001
2025042403,-0.0001
2025042403,-0.0001
2025042404,-0.0001
2025042404,-0.0001
2025042404,-0.0001
2025042404,-0.0001
2025042405,-0.0001
2025042405,-0.0001
2025042405,-0.0001
2025042405,-0.0001
2025042406,-0.0001
2025042406,-0.0001
2025042406,-0.0001
2025042406,-0.0001
2025042407,-0.0001
2025042407,-0.0001
2025042407,-0.0001
2025042407,-0.0001
2025042408,-0.0001
2025042408,-0.0001
2025042408,-0.0001
2025042408,-0.0001
2025042409,-0.0001
2025042409,-0.0001
2025042409,-0.0001
2025042409,-0.0001
2025042410,-0.0001
2025042410,-0.0001
2025042410,-0.0001
2025042410,-0.0001
2025042411,-0.0001
2025042411,-0.0001
2025042411,-0.0001
2025042411,-0.0001
2025042412,-0.0001
2025042412,-0.0001
2025042412,-0.0001
2025042412,-0.0001
2025042413,-0.0001
2025042413,-0.0001
2025042413,-0.0001
2025042413,-0.0001
2025042414,-0.0001
2025042414,-0.0001
2025042414,-0.0001
2025042414,-0.0001
2025042415,-0.0001
2025042415,-0.0001
2025042415,-0.0001
2025042415,-0.0001
2025042416,-0.0001
2025042416,-0.0001
2025042416,-0.0001
2025042416,-0.0001
2025042417,-0.0001
2025042417,-0.0001
2025042417,-0.0001
2025042417,-0.0001
2025042418,-0.0001
2025042418,-0.0001
2025042418,-0.0001
2025042418,-0.0001
2025042419,-0.0001
2025042419,-0.0001
2025042419,-0.0001
2025042419,-0.0001
2025042420,-0.0001
2025042420,-0.0001
2025042420,-0.0001
2025042420,-0.0001
2025042421,-0.0001
2025042421,-0.0001
2025042421,-0.0001
2025042421,-0.0001
2025042422,-0.0001
2025042422,-0.0001
2025042422,-0.0001
2025042422,-0.0001
2025042423,-0.0001
2025042423,-0.0001
2025042423,-0.0001
2025042423,-0.0001
2025042500,-0.0001
2025042500,-0.0001
2025042500,-0.0001
2025042500,-0.0001
2025042501,-0.0001
2025042501,-0.0001
2025042501,-0.0001
2025042501,-0.0001
2025042502,-0.0001
2025042502,-0.0001
2025042502,-0.0001
2025042502,-0.0001
2025042503,-0.0001
2025042503,-0.0001
2025042503,-0.0001
2025042503,-0.0001
2025042504,-0.0001
2025042504,-0.0001
2025042504,-0.0001
2025042504,-0.0001
2025042505,-0.0001
2025042505,-0.0001
2025042505,-0.0001
2025042505,-0.0001
2025042506,-0.0001
2025042506,-0.0001
2025042506,-0.0001
2025042506,-0.0001
2025042507,-0.0001
2025042507,-0.0001
2025042507,-0.0001
2025042507,-0.0001
2025042508,-0.0001
2025042508,-0.0001
2025042508,-0.0001
2025042508,-0.0001
2025042509,-0.0001
2025042509,-0.0001
2025042509,-0.0001
2025042509,-0.0001
2025042510,-0.0001
2025042510,-0.0001
2025042510,-0.0001
2025042510,-0.0001
2025042511,-0.0001
2025042511,-0.0001
2025042511,-0.0001
2025042511,-0.0001
2025042512,-0.0001
2025042512,-0.0001
2025042512,-0.0001
2025042512,-0.0001
2025042513,-0.0001
2025042513,-0.0001
2025042513,-0.0001
2025042513,-0.0001
2025042514,-0.0001
2025042514,-0.0001
2025042514,-0.0001
2025042514,-0.0001
2025042515,-0.0001
2025042515,-0.0001
2025042515,-0.0001
2025042515,-0.0001
2025042516,-0.0001
2025042516,-0.0001
2025042516,-0.0001
2025042516,-0.0001
2025042517,-0.0001
2025042517,-0.0001
2025042517,-0.0001
2025042517,-0.0001
2025042518,-0.0001
2025042518,-0.0001
2025042518,-0.0001
2025042518,-0.0001
2025042519,-0.0001
2025042519,-0.0001
2025042519,-0.0001
2025042519,-0.0001
2025042520,-0.0001
2025042520,-0.0001
2025042520,-0.0001
2025042520,-0.0001
2025042521,-0.0001
2025042521,-0.0001
2025042521,-0.0001
2025042521,-0.0001
2025042522,-0.0001
2025042522,-0.0001
2025042522,-0.0001
2025042522,-0.0001
2025042523,-0.0001
2025042523,-0.0001
2025042523,-0.0001
2025042523,-0.0001
2025042600,-0.0001
2025042600,-0.0001
2025042600,-0.0001
2025042600,-0.0001
2025042601,-0.0001
2025042601,-0.0001
2025042601,-0.0001
2025042601,-0.0001
2025042602,-0.0001
2025042602,-0.0001
2025042602,-0.0001
2025042602,-0.0001
2025042603,-0.0001
2025042603,-0.0001
2025042603,-0.0001
2025042603,-0.0001
2025042604,-0.0001
2025042604,-0.0001
2025042604,-0.0001
2025042604,-0.0001
2025042605,-0.0001
2025042605,-0.0001
2025042605,-0.0001
2025042605,-0.0001
2025042606,-0.0001
2025042606,-0.0001
2025042606,-0.0001
2025042606,-0.0001
2025042607,-0.0001
2025042607,-0.0001
2025042607,-0.0001
2025042607,-0.0001
2025042608,-0.0001
2025042608,-0.0001
2025042608,-0.0001
2025042608,-0.0001
2025042609,-0.0001
2025042609,-0.0001
2025042609,-0.0001
2025042609,-0.0001
2025042610,-0.0001
2025042610,-0.0001
2025042610,-0.0001
2025042610,-0.0001
2025042611,-0.0001
2025042611,-0.0001
2025042611,-0.0001
2025042611,-0.0001
2025042612,-0.0001
2025042612,-0.0001
2025042612,-0.0001
2025042612,-0.0001
2025042613,-0.0001
2025042613,-0.0001
2025042613,-0.0001
2025042613,-0.0001
2025042614,-0.0001
2025042614,-0.0001
2025042614,-0.0001
2025042614,-0.0001
2025042615,-0.0001
2025042615,-0.0001
2025042615,-0.0001
2025042615,-0.0001
2025042616,-0.0001
2025042616,-0.0001
2025042616,-0.0001
2025042616,-0.0001
2025042617,-0.0001
2025042617,-0.0001
2025042617,-0.0001
2025042617,-0.0001
2025042618,-0.0001
2025042618,-0.0001
2025042618,-0.0001
2025042618,-0.0001
2025042619,-0.0001
2025042619,-0.0001
2025042619,-0.0001
2025042619,-0.0001
2025042620,-0.0001
2025042620,-0.0001
2025042620,-0.0001
2025042620,-0.0001
2025042621,-0.0001
2025042621,-0.0001
2025042621,-0.0001
2025042621,-0.0001
2025042622,-0.0001
2025042622,-0.0001
2025042622,-0.0001
2025042622,-0.0001
2025042623,-0.0001
2025042623,-0.0001
2025042623,-0.0001
2025042623,-0.0001
2025042700,-0.0001
2025042700,-0.0001
2025042700,-0.0001
2025042700,-0.0001
2025042701,-0.0001
2025042701,-0.0001
2025042701,-0.0001
2025042701,-0.0001
2025042702,-0.0001
2025042702,-0.0001
2025042702,-0.0001
2025042702,-0.0001
2025042703,-0.0001
2025042703,-0.0001
2025042703,-0.0001
2025042703,-0.0001
2025042704,-0.0001
2025042704,-0.0001
2025042704,-0.0001
2025042704,-0.0001
2025042705,-0.0001
2025042705,-0.0001
2025042705,-0.0001
2025042705,-0.0001
2025042706,-0.0001
2025042706,-0.0001
2025042706,-0.0001
2025042706,-0.0001
2025042707,-0.0001
2025042707,-0.0001
2025042707,-0.0001
2025042707,-0.0001
2025042708,-0.0001
2025042708,-0.0001
2025042708,-0.0001
2025042708,-0.0001
2025042709,-0.0001
2025042709,-0.0001
2025042709,-0.0001
2025042709,-0.0001
2025042710,-0.0001
2025042710,-0.0001
2025042710,-0.0001
2025042710,-0.0001
2025042711,-0.0001
2025042711,-0.0001
2025042711,-0.0001
2025042711,-0.0001
2025042712,-0.0001
2025042712,-0.0001
2025042712,-0.0001
2025042712,-0.0001
2025042713,-0.0001
2025042713,-0.0001
2025042713,-0.0001
2025042713,-0.0001
2025042714,-0.0001
2025042714,-0.0001
2025042714,-0.0001
2025042714,-0.0001
2025042715,-0.0001
2025042715,-0.0001
2025042715,-0.0001
2025042715,-0.0001
2025042716,-0.0001
2025042716,-0.0001
2025042716,-0.0001
2025042716,-0.0001
2025042717,-0.0001
2025042717,-0.0001
2025042717,-0.0001
2025042717,-0.0001
2025042718,-0.0001
2025042718,-0.0001
2025042718,-0.0001
2025042718,-0.0001
2025042719,-0.0001
2025042719,-0.0001
2025042719,-0.0001
2025042719,-0.0001
2025042720,-0.0001
2025042720,-0.0001
2025042720,-0.0001
2025042720,-0.0001
2025042721,-0.0001
2025042721,-0.0001
2025042721,-0.0001
2025042721,-0.0001
2025042722,-0.0001
2025042722,-0.0001
2025042722,-0.0001
2025042722,-0.0001
2025042723,-0.0001
2025042723,-0.0001
2025042723,-0.0001
2025042723,-0.0001
2025042800,-0.0001
2025042800,-0.0001
2025042800,-0.0001
2025042800,-0.0001
2025042801,-0.0001
2025042801,-0.0001
2025042801,-0.0001
2025042801,-0.0001
2025042802,-0.0001
2025042802,-0.0001
2025042802,-0.0001
2025042802,-0.0001
2025042803,-0.0001
2025042803,-0.0001
2025042803,-0.0001
2025042803,-0.0001
2025042804,-0.0001
2025042804,-0.0001
2025042804,-0.0001
2025042804,-0.0001
2025042805,-0.0001
2025042805,-0.0001
2025042805,-0.0001
2025042805,-0.0001
2025042806,-0.0001
2025042806,-0.0001
2025042806,-0.0001
2025042806,-0.0001
2025042807,-0.0001
2025042807,-0.0001
2025042807,-0.0001
2025042807,-0.0001
2025042808,-0.0001
2025042808,-0.0001
2025042808,-0.0001
2025042808,-0.0001
2025042809,-0.0001
2025042809,-0.0001
2025042809,-0.0001
2025042809,-0.0001
2025042810,-0.0001
2025042810,-0.0001
2025042810,-0.0001
2025042810,-0.0001
2025042811,-0.0001
2025042811,-0.0001
2025042811,-0.0001
2025042811,-0.0001
2025042812,-0.0001
2025042812,-0.0001
2025042812,-0.0001
2025042812,-0.0001
2025042813,-0.0001
2025042813,-0.0001
2025042813,-0.0001
2025042813,-0.0001
2025042814,-0.0001
2025042814,-0.0001
2025042814,-0.0001
2025042814,-0.0001
2025042815,-0.0001
2025042815,-0.0001
2025042815,-0.0001
2025042815,-0.0001
2025042816,-0.0001
2025042816,-0.0001
2025042816,-0.0001
2025042816,-0.0001
2025042817,-0.0001
2025042817,-0.0001
2025042817,-0.0001
2025042817,-0.0001
2025042818,-0.0001
2025042818,-0.0001
2025042818,-0.0001
2025042818,-0.0001
2025042819,-0.0001
2025042819,-0.0001
2025042819,-0.0001
2025042819,-0.0001
2025042820,-0.0001
2025042820,-0.0001
2025042820,-0.0001
2025042820,-0.0001
2025042821,-0.0001
2025042821,-0.0001
2025042821,-0.0001
2025042821,-0.0001
2025042822,-0.0001
2025042822,-0.0001
2025042822,-0.0001
2025042822,-0.0001
2025042823,-0.0001
2025042823,-0.0001
2025042823,-0.0001
2025042823,-0.0001
2025042900,-0.0001
2025042900,-0.0001
2025042900,-0.0001
2025042900,-0.0001
2025042901,-0.0001
2025042901,-0.0001
2025042901,-0.0001
2025042901,-0.0001
2025042902,-0.0001
2025042902,-0.0001
2025042902,-0.0001
2025042902,-0.0001
2025042903,-0.0001
2025042903,-0.0001
2025042903,-0.0001
2025042903,-0.0001
2025042904,-0.0001
2025042904,-0.0001
2025042904,-0.0001
2025042904,-0.0001
2025042905,-0.0001
2025042905,-0.0001
2025042905,-0.0001
2025042905,-0.0001
2025042906,-0.0001
2025042906,-0.0001
2025042906,-0.0001
2025042906,-0.0001
2025042907,-0.0001
2025042907,-0.0001
2025042907,-0.0001
2025042907,-0.0001
2025042908,-0.0001
2025042908,-0.0001
2025042908,-0.0001
2025042908,-0.0001
2025042909,-0.0001
2025042909,-0.0001
2025042909,-0.0001
2025042909,-0.0001
2025042910,-0.0001
2025042910,-0.0001
2025042910,-0.0001
2025042910,-0.0001
2025042911,-0.0001
2025042911,-0.0001
2025042911,-0.0001
2025042911,-0.0001
2025042912,-0.0001
2025042912,-0.0001
2025042912,-0.0001
2025042912,-0.0001
2025042913,-0.0001
2025042913,-0.0001
2025042913,-0.0001
2025042913,-0.0001
2025042914,-0.0001
2025042914,-0.0001
2025042914,-0.0001
2025042914,-0.0001
2025042915,-0.0001
2025042915,-0.0001
2025042915,-0.0001
2025042915,-0.0001
2025042916,-0.0001
2025042916,-0.0001
2025042916,-0.0001
2025042916,-0.0001
2025042917,-0.0001
2025042917,-0.0001
2025042917,-0.0001
2025042917,-0.0001
2025042918,-0.0001
2025042918,-0.0001
2025042918,-0.0001
2025042918,-0.0001
2025042919,-0.0001
2025042919,-0.0001
2025042919,-0.0001
2025042919,-0.0001
2025042920,-0.0001
2025042920,-0.0001
2025042920,-0.0001
2025042920,-0.0001
2025042921,-0.0001
2025042921,-0.0001
2025042921,-0.0001
2025042921,-0.0001
2025042922,-0.0001
2025042922,-0.0001
2025042922,-0.0001
2025042922,-0.0001
2025042923,-0.0001
2025042923,-0.0001
2025042923,-0.0001
2025042923,-0.0001
2025043000,-0.0001
2025043000,-0.0001
2025043000,-0.0001
2025043000,-0.0001
2025043001,-0.0001
2025043001,-0.0001
2025043001,-0.0001
2025043001,-0.0001
2025043002,-0.0001
2025043002,-0.0001
2025043002,-0.0001
2025043002,-0.0001
2025043003,-0.0001
2025043003,-0.0001
2025043003,-0.0001
2025043003,-0.0001
2025043004,-0.0001
2025043004,-0.0001
2025043004,-0.0001
2025043004,-0.0001
2025043005,-0.0001
2025043005,-0.0001
2025043005,-0.0001
2025043005,-0.0001
2025043006,-0.0001
2025043006,-0.0001
2025043006,-0.0001
2025043006,-0.0001
2025043007,-0.0001
2025043007,-0.0001
2025043007,-0.0001
2025043007,-0.0001
2025043008,-0.0001
2025043008,-0.0001
2025043008,-0.0001
2025043008,-0.0001
2025043009,-0.0001
2025043009,-0.0001
2025043009,-0.0001
2025043009,-0.0001
2025043010,-0.0001
2025043010,-0.0001
2025043010,-0.0001
2025043010,-0.0001
2025043011,-0.0001
2025043011,-0.0001
2025043011,-0.0001
2025043011,-0.0001
2025043012,-0.0001
2025043012,-0.0001
2025043012,-0.0001
2025043012,-0.0001
2025043013,-0.0001
2025043013,-0.0001
2025043013,-0.0001
2025043013,-0.0001
2025043014,-0.0001
2025043014,-0.0001
2025043014,-0.0001
2025043014,-0.0001
2025043015,-0.0001
2025043015,-0.0001
2025043015,-0.0001
2025043015,-0.0001
2025043016,-0.0001
2025043016,-0.0001
2025043016,-0.0001
2025043016,-0.0001
2025043017,-0.0001
2025043017,-0.0001
2025043017,-0.0001
2025043017,-0.0001
2025043018,-0.0001
2025043018,-0.0001
2025043018,-0.0001
2025043018,-0.0001
2025043019,-0.0001
2025043019,-0.0001
2025043019,-0.0001
2025043019,-0.0001
2025043020,-0.0001
2025043020,-0.0001
2025043020,-0.0001
2025043020,-0.0001
2025043021,-0.0001
2025043021,-0.0001
2025043021,-0.0001
2025043021,-0.0001
2025043022,-0.0001
2025043022,-0.0001
2025043022,-0.0001
2025043022,-0.0001
2025043023,-0.0001
2025043023,-0.0001
2025043023,-0.0001
2025043023,-0.0001
2025050100,-0.0001
2025050100,-0.0001
2025050100,-0.0001
2025050100,-0.0001
2025050101,-0.0001
2025050101,-0.0001
2025050101,-0.0001
2025050101,-0.0001
2025050102,-0.0001
2025050102,-0.0001
2025050102,-0.0001
2025050102,-0.0001
2025050103,-0.0001
2025050103,-0.0001
2025050103,-0.0001
2025050103,-0.0001
2025050104,-0.0001
2025050104,-0.0001
2025050104,-0.0001
2025050104,-0.0001
2025050105,-0.0001
2025050105,-0.0001
2025050105,-0.0001
2025050105,-0.0001
2025050106,-0.0001
2025050106,-0.0001
2025050106,-0.0001
2025050106,-0.0001
2025050107,-0.0001
2025050107,-0.0001
2025050107,-0.0001
2025050107,-0.0001
2025050108,-0.0001
2025050108,-0.0001
2025050108,-0.0001
2025050108,-0.0001
2025050109,-0.0001
2025050109,-0.0001
2025050109,-0.0001
2025050109,-0.0001
2025050110,-0.0001
2025050110,-0.0001
2025050110,-0.0001
2025050110,-0.0001
2025050111,-0.0001
2025050111,-0.0001
2025050111,-0.0001
2025050111,-0.0001
2025050112,-0.0001
2025050112,-0.0001
2025050112,-0.0001
2025050112,-0.0001
2025050113,-0.0001
2025050113,-0.0001
2025050113,-0.0001
2025050113,-0.0001
2025050114,-0.0001
2025050114,-0.0001
2025050114,-0.0001
2025050114,-0.0001
2025050115,-0.0001
2025050115,-0.0001
2025050115,-0.0001
2025050115,-0.0001
2025050116,-0.0001
2025050116,-0.0001
2025050116,-0.0001
2025050116,-0.0001
2025050117,-0.0001
2025050117,-0.0001
2025050117,-0.0001
2025050117,-0.0001
2025050118,-0.0001
2025050118,-0.0001
2025050118,-0.0001
2025050118,-0.0001
2025050119,-0.0001
2025050119,-0.0001
2025050119,-0.0001
2025050119,-0.0001
2025050120,-0.0001
2025050120,-0.0001
2025050120,-0.0001
2025050120,-0.0001
2025050121,-0.0001
2025050121,-0.0001
2025050121,-0.0001
2025050121,-0.0001
2025050122,-0.0001
2025050122,-0.0001
2025050122,-0.0001
2025050122,-0.0001
2025050123,-0.0001
2025050123,-0.0001
2025050123,-0.0001
2025050123,-0.0001
2025050200,-0.0001
2025050200,-0.0001
2025050200,-0.0001
2025050200,-0.0001
2025050201,-0.0001
2025050201,-0.0001
2025050201,-0.0001
2025050201,-0.0001
2025050202,-0.0001
2025050202,-0.0001
2025050202,-0.0001
2025050202,-0.0001
2025050203,-0.0001
2025050203,-0.0001
2025050203,-0.0001
2025050203,-0.0001
2025050204,-0.0001
2025050204,-0.0001
2025050204,-0.0001
2025050204,-0.0001
2025050205,-0.0001
2025050205,-0.0001
2025050205,-0.0001
2025050205,-0.0001
2025050206,-0.0001
2025050206,-0.0001
2025050206,-0.0001
2025050206,-0.0001
2025050207,-0.0001
2025050207,-0.0001
2025050207,-0.0001
2025050207,-0.0001
2025050208,-0.0001
2025050208,-0.0001
2025050208,-0.0001
2025050208,-0.0001
2025050209,-0.0001
2025050209,-0.0001
2025050209,-0.0001
2025050209,-0.0001
2025050210,-0.0001
2025050210,-0.0001
2025050210,-0.0001
2025050210,-0.0001
2025050211,-0.0001
2025050211,-0.0001
2025050211,-0.0001
2025050211,-0.0001
2025050212,-0.0001
2025050212,-0.0001
2025050212,-0.0001
2025050212,-0.0001
2025050213,-0.0001
2025050213,-0.0001
2025050213,-0.0001
2025050213,-0.0001
2025050214,-0.0001
2025050214,-0.0001
2025050214,-0.0001
2025050214,-0.0001
2025050215,-0.0001
2025050215,-0.0001
2025050215,-0.0001
2025050215,-0.0001
2025050216,-0.0001
2025050216,-0.0001
2025050216,-0.0001
2025050216,-0.0001
2025050217,-0.0001
2025050217,-0.0001
2025050217,-0.0001
2025050217,-0.0001
2025050218,-0.0001
2025050218,-0.0001
2025050218,-0.0001
2025050218,-0.0001
2025050219,-0.0001
2025050219,-0.0001
2025050219,-0.0001
2025050219,-0.0001
2025050220,-0.0001
2025050220,-0.0001
2025050220,-0.0001
2025050220,-0.0001
2025050221,-0.0001
2025050221,-0.0001
2025050221,-0.0001
2025050221,-0.0001
2025050222,-0.0001
2025050222,-0.0001
2025050222,-0.0001
2025050222,-0.0001
2025050223,-0.0001
2025050223,-0.0001
2025050223,-0.0001
2025050223,-0.0001
2025050300,-0.0001
2025050300,-0.0001
2025050300,-0.0001
2025050300,-0.0001
2025050301,-0.0001
2025050301,-0.0001
2025050301,-0.0001
2025050301,-0.0001
2025050302,-0.0001
2025050302,-0.0001
2025050302,-0.0001
2025050302,-0.0001
2025050303,-0.0001
2025050303,-0.0001
2025050303,-0.0001
2025050303,-0.0001
2025050304,-0.0001
2025050304,-0.0001
2025050304,-0.0001
2025050304,-0.0001
2025050305,-0.0001
2025050305,-0.0001
2025050305,-0.0001
2025050305,-0.0001
2025050306,-0.0001
2025050306,-0.0001
2025050306,-0.0001
2025050306,-0.0001
2025050307,-0.0001
2025050307,-0.0001
2025050307,-0.0001
2025050307,-0.0001
2025050308,-0.0001
2025050308,-0.0001
2025050308,-0.0001
2025050308,-0.0001
2025050309,-0.0001
2025050309,-0.0001
2025050309,-0.0001
2025050309,-0.0001
2025050310,-0.0001
2025050310,-0.0001
2025050310,-0.0001
2025050310,-0.0001
2025050311,-0.0001
2025050311,-0.0001
2025050311,-0.0001
2025050311,-0.0001
2025050312,-0.0001
2025050312,-0.0001
2025050312,-0.0001
2025050312,-0.0001
2025050313,-0.0001
2025050313,-0.0001
2025050313,-0.0001
2025050313,-0.0001
2025050314,-0.0001
2025050314,-0.0001
2025050314,-0.0001
2025050314,-0.0001
2025050315,-0.0001
2025050315,-0.0001
2025050315,-0.0001
2025050315,-0.0001
2025050316,-0.0001
2025050316,-0.0001
2025050316,-0.0001
2025050316,-0.0001
2025050317,-0.0001
2025050317,-0.0001
2025050317,-0.0001
2025050317,-0.0001
2025050318,-0.0001
2025050318,-0.0001
2025050318,-0.0001
2025050318,-0.0001
2025050319,-0.0001
2025050319,-0.0001
2025050319,-0.0001
2025050319,-0.0001
2025050320,-0.0001
2025050320,-0.0001
2025050320,-0.0001
2025050320,-0.0001
2025050321,-0.0001
2025050321,-0.0001
2025050321,-0.0001
2025050321,-0.0001
2025050322,-0.0001
2025050322,-0.0001
2025050322,-0.0001
2025050322,-0.0001
2025050323,-0.0001
2025050323,-0.0001
2025050323,-0.0001
2025050323,-0.0001
2025050400,-0.0001
2025050400,-0.0001
2025050400,-0.0001
2025050400,-0.0001
2025050401,-0.0001
2025050401,-0.0001
2025050401,-0.0001
2025050401,-0.0001
2025050402,-0.0001
2025050402,-0.0001
2025050402,-0.0001
2025050402,-0.0001
2025050403,-0.0001
2025050403,-0.0001
2025050403,-0.0001
2025050403,-0.0001
2025050404,-0.0001
2025050404,-0.0001
2025050404,-0.0001
2025050404,-0.0001
2025050405,-0.0001
2025050405,-0.0001
2025050405,-0.0001
2025050405,-0.0001
2025050406,-0.0001
2025050406,-0.0001
2025050406,-0.0001
2025050406,-0.0001
2025050407,-0.0001
2025050407,-0.0001
2025050407,-0.0001
2025050407,-0.0001
2025050408,-0.0001
2025050408,-0.0001
2025050408,-0.0001
2025050408,-0.0001
2025050409,-0.0001
2025050409,-0.0001
2025050409,-0.0001
2025050409,-0.0001
2025050410,-0.0001
2025050410,-0.0001
2025050410,-0.0001
2025050410,-0.0001
2025050411,-0.0001
2025050411,-0.0001
2025050411,-0.0001
2025050411,-0.0001
2025050412,-0.0001
2025050412,-0.0001
2025050412,-0.0001
2025050412,-0.0001
2025050413,-0.0001
2025050413,-0.0001
2025050413,-0.0001
2025050413,-0.0001
2025050414,-0.0001
2025050414,-0.0001
2025050414,-0.0001
2025050414,-0.0001
2025050415,-0.0001
2025050415,-0.0001
2025050415,-0.0001
2025050415,-0.0001
2025050416,-0.0001
2025050416,-0.0001
2025050416,-0.0001
2025050416,-0.0001
2025050417,-0.0001
2025050417,-0.0001
2025050417,-0.0001
2025050417,-0.0001
2025050418,-0.0001
2025050418,-0.0001
2025050418,-0.0001
2025050418,-0.0001
2025050419,-0.0001
2025050419,-0.0001
2025050419,-0.0001
2025050419,-0.0001
2025050420,-0.0001
2025050420,-0.0001
2025050420,-0.0001
2025050420,-0.0001
2025050421,-0.0001
2025050421,-0.0001
2025050421,-0.0001
2025050421,-0.0001
2025050422,-0.0001
2025050422,-0.0001
2025050422,-0.0001
2025050422,-0.0001
2025050423,-0.0001
2025050423,-0.0001
2025050423,-0.0001
2025050423,-0.0001
2025050500,-0.0001
2025050500,-0.0001
2025050500,-0.0001
2025050500,-0.0001
2025050501,-0.0001
2025050501,-0.0001
2025050501,-0.0001
2025050501,-0.0001
2025050502,-0.0001
2025050502,-0.0001
2025050502,-0.0001
2025050502,-0.0001
2025050503,-0.0001
2025050503,-0.0001
2025050503,-0.0001
2025050503,-0.0001
2025050504,-0.0001
2025050504,-0.0001
2025050504,-0.0001
2025050504,-0.0001
2025050505,-0.0001
2025050505,-0.0001
2025050505,-0.0001
2025050505,-0.0001
2025050506,-0.0001
2025050506,-0.0001
2025050506,-0.0001
2025050506,-0.0001
2025050507,-0.0001
2025050507,-0.0001
2025050507,-0.0001
2025050507,-0.0001
2025050508,-0.0001
2025050508,-0.0001
2025050508,-0.0001
2025050508,-0.0001
2025050509,-0.0001
2025050509,-0.0001
2025050509,-0.0001
2025050509,-0.0001
2025050510,-0.0001
2025050510,-0.0001
2025050510,-0.0001
2025050510,-0.0001
2025050511,-0.0001
2025050511,-0.0001
2025050511,-0.0001
2025050511,-0.0001
2025050512,-0.0001
2025050512,-0.0001
2025050512,-0.0001
2025050512,-0.0001
2025050513,-0.0001
2025050513,-0.0001
2025050513,-0.0001
2025050513,-0.0001
2025050514,-0.0001
2025050514,-0.0001
2025050514,-0.0001
2025050514,-0.0001
2025050515,-0.0001
2025050515,-0.0001
2025050515,-0.0001
2025050515,-0.0001
2025050516,-0.0001
2025050516,-0.0001
2025050516,-0.0001
2025050516,-0.0001
2025050517,-0.0001
2025050517,-0.0001
2025050517,-0.0001
2025050517,-0.0001
2025050518,-0.0001
2025050518,-0.0001
2025050518,-0.0001
2025050518,-0.0001
2025050519,-0.0001
2025050519,-0.0001
2025050519,-0.0001
2025050519,-0.0001
2025050520,-0.0001
2025050520,-0.0001
2025050520,-0.0001
2025050520,-0.0001
2025050521,-0.0001
2025050521,-0.0001
2025050521,-0.0001
2025050521,-0.0001
2025050522,-0.0001
2025050522,-0.0001
2025050522,-0.0001
2025050522,-0.0001
2025050523,-0.0001
2025050523,-0.0001
2025050523,-0.0001
2025050523,-0.0001
2025050600,-0.0001
2025050600,-0.0001
2025050600,-0.0001
2025050600,-0.0001
2025050601,-0.0001
2025050601,-0.0001
2025050601,-0.0001
2025050601,-0.0001
2025050602,-0.0001
2025050602,-0.0001
2025050602,-0.0001
2025050602,-0.0001
2025050603,-0.0001
2025050603,-0.0001
2025050603,-0.0001
2025050603,-0.0001
2025050604,-0.0001
2025050604,-0.0001
2025050604,-0.0001
2025050604,-0.0001
2025050605,-0.0001
2025050605,-0.0001
2025050605,-0.0001
2025050605,-0.0001
2025050606,-0.0001
2025050606,-0.0001
2025050606,-0.0001
2025050606,-0.0001
2025050607,-0.0001
2025050607,-0.0001
2025050607,-0.0001
2025050607,-0.0001
2025050608,-0.0001
2025050608,-0.0001
2025050608,-0.0001
2025050608,-0.0001
2025050609,-0.0001
2025050609,-0.0001
2025050609,-0.0001
2025050609,-0.0001
2025050610,-0.0001
2025050610,-0.0001
2025050610,-0.0001
2025050610,-0.0001
2025050611,-0.0001
2025050611,-0.0001
2025050611,-0.0001
2025050611,-0.0001
2025050612,-0.0001
2025050612,-0.0001
2025050612,-0.0001
2025050612,-0.0001
2025050613,-0.0001
2025050613,-0.0001
2025050613,-0.0001
2025050613,-0.0001
2025050614,-0.0001
2025050614,-0.0001
2025050614,-0.0001
2025050614,-0.0001
2025050615,-0.0001
2025050615,-0.0001
2025050615,-0.0001
2025050615,-0.0001
2025050616,-0.0001
2025050616,-0.0001
2025050616,-0.0001
2025050616,-0.0001
2025050617,-0.0001
2025050617,-0.0001
2025050617,-0.0001
2025050617,-0.0001
2025050618,-0.0001
2025050618,-0.0001
2025050618,-0.0001
2025050618,-0.0001
2025050619,-0.0001
2025050619,-0.0001
2025050619,-0.0001
2025050619,-0.0001
2025050620,-0.0001
2025050620,-0.0001
2025050620,-0.0001
2025050620,-0.0001
2025050621,-0.0001
2025050621,-0.0001
2025050621,-0.0001
2025050621,-0.0001
2025050622,-0.0001
2025050622,-0.0001
2025050622,-0.0001
2025050622,-0.0001
2025050623,-0.0001
2025050623,-0.0001
2025050623,-0.0001
2025050623,-0.0001
2025050700,-0.0001
2025050700,-0.0001
2025050700,-0.0001
2025050700,-0.0001
2025050701,-0.0001
2025050701,-0.0001
2025050701,-0.0001
2025050701,-0.0001
2025050702,-0.0001
2025050702,-0.0001
2025050702,-0.0001
2025050702,-0.0001
2025050703,-0.0001
2025050703,-0.0001
2025050703,-0.0001
2025050703,-0.0001
2025050704,-0.0001
2025050704,-0.0001
2025050704,-0.0001
2025050704,-0.0001
2025050705,-0.0001
2025050705,-0.0001
2025050705,-0.0001
2025050705,-0.0001
2025050706,-0.0001
2025050706,-0.0001
2025050706,-0.0001
2025050706,-0.0001
2025050707,-0.0001
2025050707,-0.0001
2025050707,-0.0001
2025050707,-0.0001
2025050708,-0.0001
2025050708,-0.0001
2025050708,-0.0001
2025050708,-0.0001
2025050709,-0.0001
2025050709,-0.0001
2025050709,-0.0001
2025050709,-0.0001
2025050710,-0.0001
2025050710,-0.0001
2025050710,-0.0001
2025050710,-0.0001
2025050711,-0.0001
2025050711,-0.0001
2025050711,-0.0001
2025050711,-0.0001
2025050712,-0.0001
2025050712,-0.0001
2025050712,-0.0001
2025050712,-0.0001
2025050713,-0.0001
2025050713,-0.0001
2025050713,-0.0001
2025050713,-0.0001
2025050714,-0.0001
2025050714,-0.0001
2025050714,-0.0001
2025050714,-0.0001
2025050715,-0.0001
2025050715,-0.0001
2025050715,-0.0001
2025050715,-0.0001
2025050716,-0.0001
2025050716,-0.0001
2025050716,-0.0001
2025050716,-0.0001
2025050717,-0.0001
2025050717,-0.0001
2025050717,-0.0001
2025050717,-0.0001
2025050718,-0.0001
2025050718,-0.0001
2025050718,-0.0001
2025050718,-0.0001
2025050719,-0.0001
2025050719,-0.0001
2025050719,-0.0001
2025050719,-0.0001
2025050720,-0.0001
2025050720,-0.0001
2025050720,-0.0001
2025050720,-0.0001
2025050721,-0.0001
2025050721,-0.0001
2025050721,-0.0001
2025050721,-0.0001
2025050722,-0.0001
2025050722,-0.0001
2025050722,-0.0001
2025050722,-0.0001
2025050723,-0.0001
2025050723,-0.0001
2025050723,-0.0001
2025050723,-0.0001
2025050800,-0.0001
2025050800,-0.0001
2025050800,-0.0001
2025050800,-0.0001
2025050801,-0.0001
2025050801,-0.0001
2025050801,-0.0001
2025050801,-0.0001
2025050802,-0.0001
2025050802,-0.0001
2025050802,-0.0001
2025050802,-0.0001
2025050803,-0.0001
2025050803,-0.0001
2025050803,-0.0001
2025050803,-0.0001
2025050804,-0.0001
2025050804,-0.0001
2025050804,-0.0001
2025050804,-0.0001
2025050805,-0.0001
2025050805,-0.0001
2025050805,-0.0001
2025050805,-0.0001
2025050806,-0.0001
2025050806,-0.0001
2025050806,-0.0001
2025050806,-0.0001
2025050807,-0.0001
2025050807,-0.0001
2025050807,-0.0001
2025050807,-0.0001
2025050808,-0.0001
2025050808,-0.0001
2025050808,-0.0001
2025050808,-0.0001
2025050809,-0.0001
2025050809,-0.0001
2025050809,-0.0001
2025050809,-0.0001
2025050810,-0.0001
2025050810,-0.0001
2025050810,-0.0001
2025050810,-0.0001
2025050811,-0.0001
2025050811,-0.0001
2025050811,-0.0001
2025050811,-0.0001
2025050812,-0.0001
2025050812,-0.0001
2025050812,-0.0001
2025050812,-0.0001
2025050813,-0.0001
2025050813,-0.0001
2025050813,-0.0001
2025050813,-0.0001
2025050814,-0.0001
2025050814,-0.0001
2025050814,-0.0001
2025050814,-0.0001
2025050815,-0.0001
2025050815,-0.0001
2025050815,-0.0001
2025050815,-0.0001
2025050816,-0.0001
2025050816,-0.0001
2025050816,-0.0001
2025050816,-0.0001
2025050817,-0.0001
2025050817,-0.0001
2025050817,-0.0001
2025050817,-0.0001
2025050818,-0.0001
2025050818,-0.0001
2025050818,-0.0001
2025050818,-0.0001
2025050819,-0.0001
2025050819,-0.0001
2025050819,-0.0001
2025050819,-0.0001
2025050820,-0.0001
2025050820,-0.0001
2025050820,-0.0001
2025050820,-0.0001
2025050821,-0.0001
2025050821,-0.0001
2025050821,-0.0001
2025050821,-0.0001
2025050822,-0.0001
2025050822,-0.0001
2025050822,-0.0001
2025050822,-0.0001
2025050823,-0.0001
2025050823,-0.0001
2025050823,-0.0001
2025050823,-0.0001
2025050900,-0.0001
2025050900,-0.0001
2025050900,-0.0001
2025050900,-0.0001
2025050901,-0.0001
2025050901,-0.0001
2025050901,-0.0001
2025050901,-0.0001
2025050902,-0.0001
2025050902,-0.0001
2025050902,-0.0001
2025050902,-0.0001
2025050903,-0.0001
2025050903,-0.0001
2025050903,-0.0001
2025050903,-0.0001
2025050904,-0.0001
2025050904,-0.0001
2025050904,-0.0001
2025050904,-0.0001
2025050905,-0.0001
2025050905,-0.0001
2025050905,-0.0001
2025050905,-0.0001
2025050906,-0.0001
2025050906,-0.0001
2025050906,-0.0001
2025050906,-0.0001
2025050907,-0.0001
2025050907,-0.0001
2025050907,-0.0001
2025050907,-0.0001
2025050908,-0.0001
2025050908,-0.0001
2025050908,-0.0001
2025050908,-0.0001
2025050909,-0.0001
2025050909,-0.0001
2025050909,-0.0001
2025050909,-0.0001
2025050910,-0.0001
2025050910,-0.0001
2025050910,-0.0001
2025050910,-0.0001
2025050911,-0.0001
2025050911,-0.0001
2025050911,-0.0001
2025050911,-0.0001
2025050912,-0.0001
2025050912,-0.0001
2025050912,-0.0001
2025050912,-0.0001
2025050913,-0.0001
2025050913,-0.0001
2025050913,-0.0001
2025050913,-0.0001
2025050914,-0.0001
2025050914,-0.0001
2025050914,-0.0001
2025050914,-0.0001
2025050915,-0.0001
2025050915,-0.0001
2025050915,-0.0001
2025050915,-0.0001
2025050916,-0.0001
2025050916,-0.0001
2025050916,-0.0001
2025050916,-0.0001
2025050917,-0.0001
2025050917,-0.0001
2025050917,-0.0001
2025050917,-0.0001
2025050918,-0.0001
2025050918,-0.0001
2025050918,-0.0001
2025050918,-0.0001
2025050919,-0.0001
2025050919,-0.0001
2025050919,-0.0001
2025050919,-0.0001
2025050920,-0.0001
2025050920,-0.0001
2025050920,-0.0001
2025050920,-0.0001
2025050921,-0.0001
2025050921,-0.0001
2025050921,-0.0001
2025050921,-0.0001
2025050922,-0.0001
2025050922,-0.0001
2025050922,-0.0001
2025050922,-0.0001
2025050923,-0.0001
2025050923,-0.0001
2025050923,-0.0001
2025050923,-0.0001
2025051000,-0.0001
2025051000,-0.0001
2025051000,-0.0001
2025051000,-0.0001
2025051001,-0.0001
2025051001,-0.0001
2025051001,-0.0001
2025051001,-0.0001
2025051002,-0.0001
2025051002,-0.0001
2025051002,-0.0001
2025051002,-0.0001
2025051003,-0.0001
2025051003,-0.0001
2025051003,-0.0001
2025051003,-0.0001
2025051004,-0.0001
2025051004,-0.0001
2025051004,-0.0001
2025051004,-0.0001
2025051005,-0.0001
2025051005,-0.0001
2025051005,-0.0001
2025051005,-0.0001
2025051006,-0.0001
2025051006,-0.0001
2025051006,-0.0001
2025051006,-0.0001
2025051007,-0.0001
2025051007,-0.0001
2025051007,-0.0001
2025051007,-0.0001
2025051008,-0.0001
2025051008,-0.0001
2025051008,-0.0001
2025051008,-0.0001
2025051009,-0.0001
2025051009,-0.0001
2025051009,-0.0001
2025051009,-0.0001
2025051010,-0.0001
2025051010,-0.0001
2025051010,-0.0001
2025051010,-0.0001
2025051011,-0.0001
2025051011,-0.0001
2025051011,-0.0001
2025051011,-0.0001
2025051012,-0.0001
2025051012,-0.0001
2025051012,-0.0001
2025051012,-0.0001
2025051013,-0.0001
2025051013,-0.0001
2025051013,-0.0001
2025051013,-0.0001
2025051014,-0.0001
2025051014,-0.0001
2025051014,-0.0001
2025051014,-0.0001
2025051015,-0.0001
2025051015,-0.0001
2025051015,-0.0001
2025051015,-0.0001
2025051016,-0.0001
2025051016,-0.0001
2025051016,-0.0001
2025051016,-0.0001
2025051017,-0.0001
2025051017,-0.0001
2025051017,-0.0001
2025051017,-0.0001
2025051018,-0.0001
2025051018,-0.0001
2025051018,-0.0001
2025051018,-0.0001
2025051019,-0.0001
2025051019,-0.0001
2025051019,-0.0001
2025051019,-0.0001
2025051020,-0.0001
2025051020,-0.0001
2025051020,-0.0001
2025051020,-0.0001
2025051021,-0.0001
2025051021,-0.0001
2025051021,-0.0001
2025051021,-0.0001
2025051022,-0.0001
2025051022,-0.0001
2025051022,-0.0001
2025051022,-0.0001
2025051023,-0.0001
2025051023,-0.0001
2025051023,-0.0001
2025051023,-0.0001
2025051100,-0.0001
2025051100,-0.0001
2025051100,-0.0001
2025051100,-0.0001
2025051101,-0.0001
2025051101,-0.0001
2025051101,-0.0001
2025051101,-0.0001
2025051102,-0.0001
2025051102,-0.0001
2025051102,-0.0001
2025051102,-0.0001
2025051103,-0.0001
2025051103,-0.0001
2025051103,-0.0001
2025051103,-0.0001
2025051104,-0.0001
2025051104,-0.0001
2025051104,-0.0001
2025051104,-0.0001
2025051105,-0.0001
2025051105,-0.0001
2025051105,-0.0001
2025051105,-0.0001
2025051106,-0.0001
2025051106,-0.0001
2025051106,-0.0001
2025051106,-0.0001
2025051107,-0.0001
2025051107,-0.0001
2025051107,-0.0001
2025051107,-0.0001
2025051108,-0.0001
2025051108,-0.0001
2025051108,-0.0001
2025051108,-0.0001
2025051109,-0.0001
2025051109,-0.0001
2025051109,-0.0001
2025051109,-0.0001
2025051110,-0.0001
2025051110,-0.0001
2025051110,-0.0001
2025051110,-0.0001
2025051111,-0.0001
2025051111,-0.0001
2025051111,-0.0001
2025051111,-0.0001
2025051112,-0.0001
2025051112,-0.0001
2025051112,-0.0001
2025051112,-0.0001
2025051113,-0.0001
2025051113,-0.0001
2025051113,-0.0001
2025051113,-0.0001
2025051114,-0.0001
2025051114,-0.0001
2025051114,-0.0001
2025051114,-0.0001
2025051115,-0.0001
2025051115,-0.0001
2025051115,-0.0001
2025051115,-0.0001
2025051116,-0.0001
2025051116,-0.0001
2025051116,-0.0001
2025051116,-0.0001
2025051117,-0.0001
2025051117,-0.0001
2025051117,-0.0001
2025051117,-0.0001
2025051118,-0.0001
2025051118,-0.0001
2025051118,-0.0001
2025051118,-0.0001
2025051119,-0.0001
2025051119,-0.0001
2025051119,-0.0001
2025051119,-0.0001
2025051120,-0.0001
2025051120,-0.0001
2025051120,-0.0001
2025051120,-0.0001
2025051121,-0.0001
2025051121,-0.0001
2025051121,-0.0001
2025051121,-0.0001
2025051122,-0.0001
2025051122,-0.0001
2025051122,-0.0001
2025051122,-0.0001
2025051123,-0.0001
2025051123,-0.0001
2025051123,-0.0001
2025051123,-0.0001
2025051200,-0.0001
2025051200,-0.0001
2025051200,-0.0001
2025051200,-0.0001
2025051201,-0.0001
2025051201,-0.0001
2025051201,-0.0001
2025051201,-0.0001
2025051202,-0.0001
2025051202,-0.0001
2025051202,-0.0001
2025051202,-0.0001
2025051203,-0.0001
2025051203,-0.0001
2025051203,-0.0001
2025051203,-0.0001
2025051204,-0.0001
2025051204,-0.0001
2025051204,-0.0001
2025051204,-0.0001
2025051205,-0.0001
2025051205,-0.0001
2025051205,-0.0001
2025051205,-0.0001
2025051206,-0.0001
2025051206,-0.0001
2025051206,-0.0001
2025051206,-0.0001
2025051207,-0.0001
2025051207,-0.0001
2025051207,-0.0001
2025051207,-0.0001
2025051208,-0.0001
2025051208,-0.0001
2025051208,-0.0001
2025051208,-0.0001
2025051209,-0.0001
2025051209,-0.0001
2025051209,-0.0001
2025051209,-0.0001
2025051210,-0.0001
2025051210,-0.0001
2025051210,-0.0001
2025051210,-0.0001
2025051211,-0.0001
2025051211,-0.0001
2025051211,-0.0001
2025051211,-0.0001
2025051212,-0.0001
2025051212,-0.0001
2025051212,-0.0001
2025051212,-0.0001
2025051213,-0.0001
2025051213,-0.0001
2025051213,-0.0001
2025051213,-0.0001
2025051214,-0.0001
2025051214,-0.0001
2025051214,-0.0001
2025051214,-0.0001
2025051215,-0.0001
2025051215,-0.0001
2025051215,-0.0001
2025051215,-0.0001
2025051216,-0.0001
2025051216,-0.0001
2025051216,-0.0001
2025051216,-0.0001
2025051217,-0.0001
2025051217,-0.0001
2025051217,-0.0001
2025051217,-0.0001
2025051218,-0.0001
2025051218,-0.0001
2025051218,-0.0001
2025051218,-0.0001
2025051219,-0.0001
2025051219,-0.0001
2025051219,-0.0001
2025051219,-0.0001
2025051220,-0.0001
2025051220,-0.0001
2025051220,-0.0001
2025051220,-0.0001
2025051221,-0.0001
2025051221,-0.0001
2025051221,-0.0001
2025051221,-0.0001
2025051222,-0.0001
2025051222,-0.0001
2025051222,-0.0001
2025051222,-0.0001
2025051223,-0.0001
2025051223,-0.0001
2025051223,-0.0001
2025051223,-0.0001
2025051300,-0.0001
2025051300,-0.0001
2025051300,-0.0001
2025051300,-0.0001
2025051301,-0.0001
2025051301,-0.0001
2025051301,-0.0001
2025051301,-0.0001
2025051302,-0.0001
2025051302,-0.0001
2025051302,-0.0001
2025051302,-0.0001
2025051303,-0.0001
2025051303,-0.0001
2025051303,-0.0001
2025051303,-0.0001
2025051304,-0.0001
2025051304,-0.0001
2025051304,-0.0001
2025051304,-0.0001
2025051305,-0.0001
2025051305,-0.0001
2025051305,-0.0001
2025051305,-0.0001
2025051306,-0.0001
2025051306,-0.0001
2025051306,-0.0001
2025051306,-0.0001
2025051307,-0.0001
2025051307,-0.0001
2025051307,-0.0001
2025051307,-0.0001
2025051308,-0.0001
2025051308,-0.0001
2025051308,-0.0001
2025051308,-0.0001
2025051309,-0.0001
2025051309,-0.0001
2025051309,-0.0001
2025051309,-0.0001
2025051310,-0.0001
2025051310,-0.0001
2025051310,-0.0001
2025051310,-0.0001
2025051311,-0.0001
2025051311,-0.0001
2025051311,-0.0001
2025051311,-0.0001
2025051312,-0.0001
2025051312,-0.0001
2025051312,-0.0001
2025051312,-0.0001
2025051313,-0.0001
2025051313,-0.0001
2025051313,-0.0001
2025051313,-0.0001
2025051314,-0.0001
2025051314,-0.0001
2025051314,-0.0001
2025051314,-0.0001
2025051315,-0.0001
2025051315,-0.0001
2025051315,-0.0001
2025051315,-0.0001
2025051316,-0.0001
2025051316,-0.0001
2025051316,-0.0001
2025051316,-0.0001
2025051317,-0.0001
2025051317,-0.0001
2025051317,-0.0001
2025051317,-0.0001
2025051318,-0.0001
2025051318,-0.0001
2025051318,-0.0001
2025051318,-0.0001
2025051319,-0.0001
2025051319,-0.0001
2025051319,-0.0001
2025051319,-0.0001
2025051320,-0.0001
2025051320,-0.0001
2025051320,-0.0001
2025051320,-0.0001
2025051321,-0.0001
2025051321,-0.0001
2025051321,-0.0001
2025051321,-0.0001
2025051322,-0.0001
2025051322,-0.0001
2025051322,-0.0001
2025051322,-0.0001
2025051323,-0.0001
2025051323,-0.0001
2025051323,-0.0001
2025051323,-0.0001
2025051400,-0.0001
2025051400,-0.0001
2025051400,-0.0001
2025051400,-0.0001
2025051401,-0.0001
2025051401,-0.0001
2025051401,-0.0001
2025051401,-0.0001
2025051402,-0.0001
2025051402,-0.0001
2025051402,-0.0001
2025051402,-0.0001
2025051403,-0.0001
2025051403,-0.0001
2025051403,-0.0001
2025051403,-0.0001
2025051404,-0.0001
2025051404,-0.0001
2025051404,-0.0001
2025051404,-0.0001
2025051405,-0.0001
2025051405,-0.0001
2025051405,-0.0001
2025051405,-0.0001
2025051406,-0.0001
2025051406,-0.0001
2025051406,-0.0001
2025051406,-0.0001
2025051407,-0.0001
2025051407,-0.0001
2025051407,-0.0001
2025051407,-0.0001
2025051408,-0.0001
2025051408,-0.0001
2025051408,-0.0001
2025051408,-0.0001
2025051409,-0.0001
2025051409,-0.0001
2025051409,-0.0001
2025051409,-0.0001
2025051410,-0.0001
2025051410,-0.0001
2025051410,-0.0001
2025051410,-0.0001
2025051411,-0.0001
2025051411,-0.0001
2025051411,-0.0001
2025051411,-0.0001
2025051412,-0.0001
2025051412,-0.0001
2025051412,-0.0001
2025051412,-0.0001
2025051413,-0.0001
2025051413,-0.0001
2025051413,-0.0001
2025051413,-0.0001
2025051414,-0.0001
2025051414,-0.0001
2025051414,-0.0001
2025051414,-0.0001
2025051415,-0.0001
2025051415,-0.0001
2025051415,-0.0001
2025051415,-0.0001
2025051416,-0.0001
2025051416,-0.0001
2025051416,-0.0001
2025051416,-0.0001
2025051417,-0.0001
2025051417,-0.0001
2025051417,-0.0001
2025051417,-0.0001
2025051418,-0.0001
2025051418,-0.0001
2025051418,-0.0001
2025051418,-0.0001
2025051419,-0.0001
2025051419,-0.0001
2025051419,-0.0001
2025051419,-0.0001
2025051420,-0.0001
2025051420,-0.0001
2025051420,-0.0001
2025051420,-0.0001
2025051421,-0.0001
2025051421,-0.0001
2025051421,-0.0001
2025051421,-0.0001
2025051422,-0.0001
2025051422,-0.0001
2025051422,-0.0001
2025051422,-0.0001
2025051423,-0.0001
2025051423,-0.0001
2025051423,-0.0001
2025051423,-0.0001
2025051500,-0.0001
2025051500,-0.0001
2025051500,-0.0001
2025051500,-0.0001
2025051501,-0.0001
2025051501,-0.0001
2025051501,-0.0001
2025051501,-0.0001
2025051502,-0.0001
2025051502,-0.0001
2025051502,-0.0001
2025051502,-0.0001
2025051503,-0.0001
2025051503,-0.0001
2025051503,-0.0001
2025051503,-0.0001
2025051504,-0.0001
2025051504,-0.0001
2025051504,-0.0001
2025051504,-0.0001
2025051505,-0.0001
2025051505,-0.0001
2025051505,-0.0001
2025051505,-0.0001
2025051506,-0.0001
2025051506,-0.0001
2025051506,-0.0001
2025051506,-0.0001
2025051507,-0.0001
2025051507,-0.0001
2025051507,-0.0001
2025051507,-0.0001
2025051508,-0.0001
2025051508,-0.0001
2025051508,-0.0001
2025051508,-0.0001
2025051509,-0.0001
2025051509,-0.0001
2025051509,-0.0001
2025051509,-0.0001
2025051510,-0.0001
2025051510,-0.0001
2025051510,-0.0001
2025051510,-0.0001
2025051511,-0.0001
2025051511,-0.0001
2025051511,-0.0001
2025051511,-0.0001
2025051512,-0.0001
2025051512,-0.0001
2025051512,-0.0001
2025051512,-0.0001
2025051513,-0.0001
2025051513,-0.0001
2025051513,-0.0001
2025051513,-0.0001
2025051514,-0.0001
2025051514,-0.0001
2025051514,-0.0001
2025051514,-0.0001
2025051515,-0.0001
2025051515,-0.0001
2025051515,-0.0001
2025051515,-0.0001
2025051516,-0.0001
2025051516,-0.0001
2025051516,-0.0001
2025051516,-0.0001
2025051517,-0.0001
2025051517,-0.0001
2025051517,-0.0001
2025051517,-0.0001
2025051518,-0.0001
2025051518,-0.0001
2025051518,-0.0001
2025051518,-0.0001
2025051519,-0.0001
2025051519,-0.0001
2025051519,-0.0001
2025051519,-0.0001
2025051520,-0.0001
2025051520,-0.0001
2025051520,-0.0001
2025051520,-0.0001
2025051521,-0.0001
2025051521,-0.0001
2025051521,-0.0001
2025051521,-0.0001
2025051522,-0.0001
2025051522,-0.0001
2025051522,-0.0001
2025051522,-0.0001
2025051523,-0.0001
2025051523,-0.0001
2025051523,-0.0001
2025051523,-0.0001
2025051600,-0.0001
2025051600,-0.0001
2025051600,-0.0001
2025051600,-0.0001
2025051601,-0.0001
2025051601,-0.0001
2025051601,-0.0001
2025051601,-0.0001
2025051602,-0.0001
2025051602,-0.0001
2025051602,-0.0001
2025051602,-0.0001
2025051603,-0.0001
2025051603,-0.0001
2025051603,-0.0001
2025051603,-0.0001
2025051604,-0.0001
2025051604,-0.0001
2025051604,-0.0001
2025051604,-0.0001
2025051605,-0.0001
2025051605,-0.0001
2025051605,-0.0001
2025051605,-0.0001
2025051606,-0.0001
2025051606,-0.0001
2025051606,-0.0001
2025051606,-0.0001
2025051607,-0.0001
2025051607,-0.0001
2025051607,-0.0001
2025051607,-0.0001
2025051608,-0.0001
2025051608,-0.0001
2025051608,-0.0001
2025051608,-0.0001
2025051609,-0.0001
2025051609,-0.0001
2025051609,-0.0001
2025051609,-0.0001
2025051610,-0.0001
2025051610,-0.0001
2025051610,-0.0001
2025051610,-0.0001
2025051611,-0.0001
2025051611,-0.0001
2025051611,-0.0001
2025051611,-0.0001
2025051612,-0.0001
2025051612,-0.0001
2025051612,-0.0001
2025051612,-0.0001
2025051613,-0.0001
2025051613,-0.0001
2025051613,-0.0001
2025051613,-0.0001
2025051614,-0.0001
2025051614,-0.0001
2025051614,-0.0001
2025051614,-0.0001
2025051615,-0.0001
2025051615,-0.0001
2025051615,-0.0001
2025051615,-0.0001
2025051616,-0.0001
2025051616,-0.0001
2025051616,-0.0001
2025051616,-0.0001
2025051617,-0.0001
2025051617,-0.0001
2025051617,-0.0001
2025051617,-0.0001
2025051618,-0.0001
2025051618,-0.0001
2025051618,-0.0001
2025051618,-0.0001
2025051619,-0.0001
2025051619,-0.0001
2025051619,-0.0001
2025051619,-0.0001
2025051620,-0.0001
2025051620,-0.0001
2025051620,-0.0001
2025051620,-0.0001
2025051621,-0.0001
2025051621,-0.0001
2025051621,-0.0001
2025051621,-0.0001
2025051622,-0.0001
2025051622,-0.0001
2025051622,-0.0001
2025051622,-0.0001
2025051623,-0.0001
2025051623,-0.0001
2025051623,-0.0001
2025051623,-0.0001
2025051700,-0.0001
2025051700,-0.0001
2025051700,-0.0001
2025051700,-0.0001
2025051701,-0.0001
2025051701,-0.0001
2025051701,-0.0001
2025051701,-0.0001
2025051702,-0.0001
2025051702,-0.0001
2025051702,-0.0001
2025051702,-0.0001
2025051703,-0.0001
2025051703,-0.0001
2025051703,-0.0001
2025051703,-0.0001
2025051704,-0.0001
2025051704,-0.0001
2025051704,-0.0001
2025051704,-0.0001
2025051705,-0.0001
2025051705,-0.0001
2025051705,-0.0001
2025051705,-0.0001
2025051706,-0.0001
2025051706,-0.0001
2025051706,-0.0001
2025051706,-0.0001
2025051707,-0.0001
2025051707,-0.0001
2025051707,-0.0001
2025051707,-0.0001
2025051708,-0.0001
2025051708,-0.0001
2025051708,-0.0001
2025051708,-0.0001
2025051709,-0.0001
2025051709,-0.0001
2025051709,-0.0001
2025051709,-0.0001
2025051710,-0.0001
2025051710,-0.0001
2025051710,-0.0001
2025051710,-0.0001
2025051711,-0.0001
2025051711,-0.0001
2025051711,-0.0001
2025051711,-0.0001
2025051712,-0.0001
2025051712,-0.0001
2025051712,-0.0001
2025051712,-0.0001
2025051713,-0.0001
2025051713,-0.0001
2025051713,-0.0001
2025051713,-0.0001
2025051714,-0.0001
2025051714,-0.0001
2025051714,-0.0001
2025051714,-0.0001
2025051715,-0.0001
2025051715,-0.0001
2025051715,-0.0001
2025051715,-0.0001
2025051716,-0.0001
2025051716,-0.0001
2025051716,-0.0001
2025051716,-0.0001
2025051717,-0.0001
2025051717,-0.0001
2025051717,-0.0001
2025051717,-0.0001
2025051718,-0.0001
2025051718,-0.0001
2025051718,-0.0001
2025051718,-0.0001
2025051719,-0.0001
2025051719,-0.0001
2025051719,-0.0001
2025051719,-0.0001
2025051720,-0.0001
2025051720,-0.0001
2025051720,-0.0001
2025051720,-0.0001
2025051721,-0.0001
2025051721,-0.0001
2025051721,-0.0001
2025051721,-0.0001
2025051722,-0.0001
2025051722,-0.0001
2025051722,-0.0001
2025051722,-0.0001
2025051723,-0.0001
2025051723,-0.0001
2025051723,-0.0001
2025051723,-0.0001
2025051800,-0.0001
2025051800,-0.0001
2025051800,-0.0001
2025051800,-0.0001
2025051801,-0.0001
2025051801,-0.0001
2025051801,-0.0001
2025051801,-0.0001
2025051802,-0.0001
2025051802,-0.0001
2025051802,-0.0001
2025051802,-0.0001
2025051803,-0.0001
2025051803,-0.0001
2025051803,-0.0001
2025051803,-0.0001
2025051804,-0.0001
2025051804,-0.0001
2025051804,-0.0001
2025051804,-0.0001
2025051805,-0.0001
2025051805,-0.0001
2025051805,-0.0001
2025051805,-0.0001
2025051806,-0.0001
2025051806,-0.0001
2025051806,-0.0001
2025051806,-0.0001
2025051807,-0.0001
2025051807,-0.0001
2025051807,-0.0001
2025051807,-0.0001
2025051808,-0.0001
2025051808,-0.0001
2025051808,-0.0001
2025051808,-0.0001
2025051809,-0.0001
2025051809,-0.0001
2025051809,-0.0001
2025051809,-0.0001
2025051810,-0.0001
2025051810,-0.0001
2025051810,-0.0001
2025051810,-0.0001
2025051811,-0.0001
2025051811,-0.0001
2025051811,-0.0001
2025051811,-0.0001
2025051812,-0.0001
2025051812,-0.0001
2025051812,-0.0001
2025051812,-0.0001
2025051813,-0.0001
2025051813,-0.0001
2025051813,-0.0001
2025051813,-0.0001
2025051814,-0.0001
2025051814,-0.0001
2025051814,-0.0001
2025051814,-0.0001
2025051815,-0.0001
2025051815,-0.0001
2025051815,-0.0001
2025051815,-0.0001
2025051816,-0.0001
2025051816,-0.0001
2025051816,-0.0001
2025051816,-0.0001
2025051817,-0.0001
2025051817,-0.0001
2025051817,-0.0001
2025051817,-0.0001
2025051818,-0.0001
2025051818,-0.0001
2025051818,-0.0001
2025051818,-0.0001
2025051819,-0.0001
2025051819,-0.0001
2025051819,-0.0001
2025051819,-0.0001
2025051820,-0.0001
2025051820,-0.0001
2025051820,-0.0001
2025051820,-0.0001
2025051821,-0.0001
2025051821,-0.0001
2025051821,-0.0001
2025051821,-0.0001
2025051822,-0.0001
2025051822,-0.0001
2025051822,-0.0001
2025051822,-0.0001
2025051823,-0.0001
2025051823,-0.0001
2025051823,-0.0001
2025051823,-0.0001
2025051900,-0.0001
2025051900,-0.0001
2025051900,-0.0001
2025051900,-0.0001
2025051901,-0.0001
2025051901,-0.0001
2025051901,-0.0001
2025051901,-0.0001
2025051902,-0.0001
2025051902,-0.0001
2025051902,-0.0001
2025051902,-0.0001
2025051903,-0.0001
2025051903,-0.0001
2025051903,-0.0001
2025051903,-0.0001
2025051904,-0.0001
2025051904,-0.0001
2025051904,-0.0001
2025051904,-0.0001
2025051905,-0.0001
2025051905,-0.0001
2025051905,-0.0001
2025051905,-0.0001
2025051906,-0.0001
2025051906,-0.0001
2025051906,-0.0001
2025051906,-0.0001
2025051907,-0.0001
2025051907,-0.0001
2025051907,-0.0001
2025051907,-0.0001
2025051908,-0.0001
2025051908,-0.0001
2025051908,-0.0001
2025051908,-0.0001
2025051909,-0.0001
2025051909,-0.0001
2025051909,-0.0001
2025051909,-0.0001
2025051910,-0.0001
2025051910,-0.0001
2025051910,-0.0001
2025051910,-0.0001
2025051911,-0.0001
2025051911,-0.0001
2025051911,-0.0001
2025051911,-0.0001
2025051912,-0.0001
2025051912,-0.0001
2025051912,-0.0001
2025051912,-0.0001
2025051913,-0.0001
2025051913,-0.0001
2025051913,-0.0001
2025051913,-0.0001
2025051914,-0.0001
2025051914,-0.0001
2025051914,-0.0001
2025051914,-0.0001
2025051915,-0.0001
2025051915,-0.0001
2025051915,-0.0001
2025051915,-0.0001
2025051916,-0.0001
2025051916,-0.0001
2025051916,-0.0001
2025051916,-0.0001
2025051917,-0.0001
2025051917,-0.0001
2025051917,-0.0001
2025051917,-0.0001
2025051918,-0.0001
2025051918,-0.0001
2025051918,-0.0001
2025051918,-0.0001
2025051919,-0.0001
2025051919,-0.0001
2025051919,-0.0001
2025051919,-0.0001
2025051920,-0.0001
2025051920,-0.0001
2025051920,-0.0001
2025051920,-0.0001
2025051921,-0.0001
2025051921,-0.0001
2025051921,-0.0001
2025051921,-0.0001
2025051922,-0.0001
2025051922,-0.0001
2025051922,-0.0001
2025051922,-0.0001
2025051923,-0.0001
2025051923,-0.0001
2025051923,-0.0001
2025051923,-0.0001
2025052000,-0.0001
2025052000,-0.0001
2025052000,-0.0001
2025052000,-0.0001
2025052001,-0.0001
2025052001,-0.0001
2025052001,-0.0001
2025052001,-0.0001
2025052002,-0.0001
2025052002,-0.0001
2025052002,-0.0001
2025052002,-0.0001
2025052003,-0.0001
2025052003,-0.0001
2025052003,-0.0001
2025052003,-0.0001
2025052004,-0.0001
2025052004,-0.0001
2025052004,-0.0001
2025052004,-0.0001
2025052005,-0.0001
2025052005,-0.0001
2025052005,-0.0001
2025052005,-0.0001
2025052006,-0.0001
2025052006,-0.0001
2025052006,-0.0001
2025052006,-0.0001
2025052007,-0.0001
2025052007,-0.0001
2025052007,-0.0001
2025052007,-0.0001
2025052008,-0.0001
2025052008,-0.0001
2025052008,-0.0001
2025052008,-0.0001
2025052009,-0.0001
2025052009,-0.0001
2025052009,-0.0001
2025052009,-0.0001
2025052010,-0.0001
2025052010,-0.0001
2025052010,-0.0001
2025052010,-0.0001
2025052011,-0.0001
2025052011,-0.0001
2025052011,-0.0001
2025052011,-0.0001
2025052012,-0.0001
2025052012,-0.0001
2025052012,-0.0001
2025052012,-0.0001
2025052013,-0.0001
2025052013,-0.0001
2025052013,-0.0001
2025052013,-0.0001
2025052014,-0.0001
2025052014,-0.0001
2025052014,-0.0001
2025052014,-0.0001
2025052015,-0.0001
2025052015,-0.0001
2025052015,-0.0001
2025052015,-0.0001
2025052016,-0.0001
2025052016,-0.0001
2025052016,-0.0001
2025052016,-0.0001
2025052017,-0.0001
2025052017,-0.0001
2025052017,-0.0001
2025052017,-0.0001
2025052018,-0.0001
2025052018,-0.0001
2025052018,-0.0001
2025052018,-0.0001
2025052019,-0.0001
2025052019,-0.0001
2025052019,-0.0001
2025052019,-0.0001
2025052020,-0.0001
2025052020,-0.0001
2025052020,-0.0001
2025052020,-0.0001
2025052021,-0.0001
2025052021,-0.0001
2025052021,-0.0001
2025052021,-0.0001
2025052022,-0.0001
2025052022,-0.0001
2025052022,-0.0001
2025052022,-0.0001
2025052023,-0.0001
2025052023,-0.0001
2025052023,-0.0001
2025052023,-0.0001
2025052100,-0.0001
2025052100,-0.0001
2025052100,-0.0001
2025052100,-0.0001
2025052101,-0.0001
2025052101,-0.0001
2025052101,-0.0001
2025052101,-0.0001
2025052102,-0.0001
2025052102,-0.0001
2025052102,-0.0001
2025052102,-0.0001
2025052103,-0.0001
2025052103,-0.0001
2025052103,-0.0001
2025052103,-0.0001
2025052104,-0.0001
2025052104,-0.0001
2025052104,-0.0001
2025052104,-0.0001
2025052105,-0.0001
2025052105,-0.0001
2025052105,-0.0001
2025052105,-0.0001
2025052106,-0.0001
2025052106,-0.0001
2025052106,-0.0001
2025052106,-0.0001
2025052107,-0.0001
2025052107,-0.0001
2025052107,-0.0001
2025052107,-0.0001
2025052108,-0.0001
2025052108,-0.0001
2025052108,-0.0001
2025052108,-0.0001
2025052109,-0.0001
2025052109,-0.0001
2025052109,-0.0001
2025052109,-0.0001
2025052110,-0.0001
2025052110,-0.0001
2025052110,-0.0001
2025052110,-0.0001
2025052111,-0.0001
2025052111,-0.0001
2025052111,-0.0001
2025052111,-0.0001
2025052112,-0.0001
2025052112,-0.0001
2025052112,-0.0001
2025052112,-0.0001
2025052113,-0.0001
2025052113,-0.0001
2025052113,-0.0001
2025052113,-0.0001
2025052114,-0.0001
2025052114,-0.0001
2025052114,-0.0001
2025052114,-0.0001
2025052115,-0.0001
2025052115,-0.0001
2025052115,-0.0001
2025052115,-0.0001
2025052116,-0.0001
2025052116,-0.0001
2025052116,-0.0001
2025052116,-0.0001
2025052117,-0.0001
2025052117,-0.0001
2025052117,-0.0001
2025052117,-0.0001
2025052118,-0.0001
2025052118,-0.0001
2025052118,-0.0001
2025052118,-0.0001
2025052119,-0.0001
2025052119,-0.0001
2025052119,-0.0001
2025052119,-0.0001
2025052120,-0.0001
2025052120,-0.0001
2025052120,-0.0001
2025052120,-0.0001
2025052121,-0.0001
2025052121,-0.0001
2025052121,-0.0001
2025052121,-0.0001
2025052122,-0.0001
2025052122,-0.0001
2025052122,-0.0001
2025052122,-0.0001
2025052123,-0.0001
2025052123,-0.0001
2025052123,-0.0001
2025052123,-0.0001
2025052200,-0.0001
2025052200,-0.0001
2025052200,-0.0001
2025052200,-0.0001
2025052201,-0.0001
2025052201,-0.0001
2025052201,-0.0001
2025052201,-0.0001
2025052202,-0.0001
2025052202,-0.0001
2025052202,-0.0001
2025052202,-0.0001
2025052203,-0.0001
2025052203,-0.0001
2025052203,-0.0001
2025052203,-0.0001
2025052204,-0.0001
2025052204,-0.0001
2025052204,-0.0001
2025052204,-0.0001
2025052205,-0.0001
2025052205,-0.0001
2025052205,-0.0001
2025052205,-0.0001
2025052206,-0.0001
2025052206,-0.0001
2025052206,-0.0001
2025052206,-0.0001
2025052207,-0.0001
2025052207,-0.0001
2025052207,-0.0001
2025052207,-0.0001
2025052208,-0.0001
2025052208,-0.0001
2025052208,-0.0001
2025052208,-0.0001
2025052209,-0.0001
2025052209,-0.0001
2025052209,-0.0001
2025052209,-0.0001
2025052210,-0.0001
2025052210,-0.0001
2025052210,-0.0001
2025052210,-0.0001
2025052211,-0.0001
2025052211,-0.0001
2025052211,-0.0001
2025052211,-0.0001
2025052212,-0.0001
2025052212,-0.0001
2025052212,-0.0001
2025052212,-0.0001
2025052213,-0.0001
2025052213,-0.0001
2025052213,-0.0001
2025052213,-0.0001
2025052214,-0.0001
2025052214,-0.0001
2025052214,-0.0001
2025052214,-0.0001
2025052215,-0.0001
2025052215,-0.0001
2025052215,-0.0001
2025052215,-0.0001
2025052216,-0.0001
2025052216,-0.0001
2025052216,-0.0001
2025052216,-0.0001
2025052217,-0.0001
2025052217,-0.0001
2025052217,-0.0001
2025052217,-0.0001
2025052218,-0.0001
2025052218,-0.0001
2025052218,-0.0001
2025052218,-0.0001
2025052219,-0.0001
2025052219,-0.0001
2025052219,-0.0001
2025052219,-0.0001
2025052220,-0.0001
2025052220,-0.0001
2025052220,-0.0001
2025052220,-0.0001
2025052221,-0.0001
2025052221,-0.0001
2025052221,-0.0001
2025052221,-0.0001
2025052222,-0.0001
2025052222,-0.0001
2025052222,-0.0001
2025052222,-0.0001
2025052223,-0.0001
2025052223,-0.0001
2025052223,-0.0001
2025052223,-0.0001
2025052300,-0.0001
2025052300,-0.0001
2025052300,-0.0001
2025052300,-0.0001
2025052301,-0.0001
2025052301,-0.0001
2025052301,-0.0001
2025052301,-0.0001
2025052302,-0.0001
2025052302,-0.0001
2025052302,-0.0001
2025052302,-0.0001
2025052303,-0.0001
2025052303,-0.0001
2025052303,-0.0001
2025052303,-0.0001
2025052304,-0.0001
2025052304,-0.0001
2025052304,-0.0001
2025052304,-0.0001
2025052305,-0.0001
2025052305,-0.0001
2025052305,-0.0001
2025052305,-0.0001
2025052306,-0.0001
2025052306,-0.0001
2025052306,-0.0001
2025052306,-0.0001
2025052307,-0.0001
2025052307,-0.0001
2025052307,-0.0001
2025052307,-0.0001
2025052308,-0.0001
2025052308,-0.0001
2025052308,-0.0001
2025052308,-0.0001
2025052309,-0.0001
2025052309,-0.0001
2025052309,-0.0001
2025052309,-0.0001
2025052310,-0.0001
2025052310,-0.0001
2025052310,-0.0001
2025052310,-0.0001
2025052311,-0.0001
2025052311,-0.0001
2025052311,-0.0001
2025052311,-0.0001
2025052312,-0.0001
2025052312,-0.0001
2025052312,-0.0001
2025052312,-0.0001
2025052313,-0.0001
2025052313,-0.0001
2025052313,-0.0001
2025052313,-0.0001
2025052314,-0.0001
2025052314,-0.0001
2025052314,-0.0001
2025052314,-0.0001
2025052315,-0.0001
2025052315,-0.0001
2025052315,-0.0001
2025052315,-0.0001
2025052316,-0.0001
2025052316,-0.0001
2025052316,-0.0001
2025052316,-0.0001
2025052317,-0.0001
2025052317,-0.0001
2025052317,-0.0001
2025052317,-0.0001
2025052318,-0.0001
2025052318,-0.0001
2025052318,-0.0001
2025052318,-0.0001
2025052319,-0.0001
2025052319,-0.0001
2025052319,-0.0001
2025052319,-0.0001
2025052320,-0.0001
2025052320,-0.0001
2025052320,-0.0001
2025052320,-0.0001
2025052321,-0.0001
2025052321,-0.0001
2025052321,-0.0001
2025052321,-0.0001
2025052322,-0.0001
2025052322,-0.0001
2025052322,-0.0001
2025052322,-0.0001
2025052323,-0.0001
2025052323,-0.0001
2025052323,-0.0001
2025052323,-0.0001
2025052400,-0.0001
2025052400,-0.0001
2025052400,-0.0001
2025052400,-0.0001
2025052401,-0.0001
2025052401,-0.0001
2025052401,-0.0001
2025052401,-0.0001
2025052402,-0.0001
2025052402,-0.0001
2025052402,-0.0001
2025052402,-0.0001
2025052403,-0.0001
2025052403,-0.0001
2025052403,-0.0001
2025052403,-0.0001
2025052404,-0.0001
2025052404,-0.0001
2025052404,-0.0001
2025052404,-0.0001
2025052405,-0.0001
2025052405,-0.0001
2025052405,-0.0001
2025052405,-0.0001
2025052406,-0.0001
2025052406,-0.0001
2025052406,-0.0001
2025052406,-0.0001
2025052407,-0.0001
2025052407,-0.0001
2025052407,-0.0001
2025052407,-0.0001
2025052408,-0.0001
2025052408,-0.0001
2025052408,-0.0001
2025052408,-0.0001
2025052409,-0.0001
2025052409,-0.0001
2025052409,-0.0001
2025052409,-0.0001
2025052410,-0.0001
2025052410,-0.0001
2025052410,-0.0001
2025052410,-0.0001
2025052411,-0.0001
2025052411,-0.0001
2025052411,-0.0001
2025052411,-0.0001
2025052412,-0.0001
2025052412,-0.0001
2025052412,-0.0001
2025052412,-0.0001
2025052413,-0.0001
2025052413,-0.0001
2025052413,-0.0001
2025052413,-0.0001
2025052414,-0.0001
2025052414,-0.0001
2025052414,-0.0001
2025052414,-0.0001
2025052415,-0.0001
2025052415,-0.0001
2025052415,-0.0001
2025052415,-0.0001
2025052416,-0.0001
2025052416,-0.0001
2025052416,-0.0001
2025052416,-0.0001
2025052417,-0.0001
2025052417,-0.0001
2025052417,-0.0001
2025052417,-0.0001
2025052418,-0.0001
2025052418,-0.0001
2025052418,-0.0001
2025052418,-0.0001
2025052419,-0.0001
2025052419,-0.0001
2025052419,-0.0001
2025052419,-0.0001
2025052420,-0.0001
2025052420,-0.0001
2025052420,-0.0001
2025052420,-0.0001
2025052421,-0.0001
2025052421,-0.0001
2025052421,-0.0001
2025052421,-0.0001
2025052422,-0.0001
2025052422,-0.0001
2025052422,-0.0001
2025052422,-0.0001
2025052423,-0.0001
2025052423,-0.0001
2025052423,-0.0001
2025052423,-0.0001
2025052500,-0.0001
2025052500,-0.0001
2025052500,-0.0001
2025052500,-0.0001
2025052501,-0.0001
2025052501,-0.0001
2025052501,-0.0001
2025052501,-0.0001
2025052502,-0.0001
2025052502,-0.0001
2025052502,-0.0001
2025052502,-0.0001
2025052503,-0.0001
2025052503,-0.0001
2025052503,-0.0001
2025052503,-0.0001
2025052504,-0.0001
2025052504,-0.0001
2025052504,-0.0001
2025052504,-0.0001
2025052505,-0.0001
2025052505,-0.0001
2025052505,-0.0001
2025052505,-0.0001
2025052506,-0.0001
2025052506,-0.0001
2025052506,-0.0001
2025052506,-0.0001
2025052507,-0.0001
2025052507,-0.0001
2025052507,-0.0001
2025052507,-0.0001
2025052508,-0.0001
2025052508,-0.0001
2025052508,-0.0001
2025052508,-0.0001
2025052509,-0.0001
2025052509,-0.0001
2025052509,-0.0001
2025052509,-0.0001
2025052510,-0.0001
2025052510,-0.0001
2025052510,-0.0001
2025052510,-0.0001
2025052511,-0.0001
2025052511,-0.0001
2025052511,-0.0001
2025052511,-0.0001
2025052512,-0.0001
2025052512,-0.0001
2025052512,-0.0001
2025052512,-0.0001
2025052513,-0.0001
2025052513,-0.0001
2025052513,-0.0001
2025052513,-0.0001
2025052514,-0.0001
2025052514,-0.0001
2025052514,-0.0001
2025052514,-0.0001
2025052515,-0.0001
2025052515,-0.0001
2025052515,-0.0001
2025052515,-0.0001
2025052516,-0.0001
2025052516,-0.0001
2025052516,-0.0001
2025052516,-0.0001
2025052517,-0.0001
2025052517,-0.0001
2025052517,-0.0001
2025052517,-0.0001
2025052518,-0.0001
2025052518,-0.0001
2025052518,-0.0001
2025052518,-0.0001
2025052519,-0.0001
2025052519,-0.0001
2025052519,-0.0001
2025052519,-0.0001
2025052520,-0.0001
2025052520,-0.0001
2025052520,-0.0001
2025052520,-0.0001
2025052521,-0.0001
2025052521,-0.0001
2025052521,-0.0001
2025052521,-0.0001
2025052522,-0.0001
2025052522,-0.0001
2025052522,-0.0001
2025052522,-0.0001
2025052523,-0.0001
2025052523,-0.0001
2025052523,-0.0001
2025052523,-0.0001
2025052600,-0.0001
2025052600,-0.0001
2025052600,-0.0001
2025052600,-0.0001
2025052601,-0.0001
2025052601,-0.0001
2025052601,-0.0001
2025052601,-0.0001
2025052602,-0.0001
2025052602,-0.0001
2025052602,-0.0001
2025052602,-0.0001
2025052603,-0.0001
2025052603,-0.0001
2025052603,-0.0001
2025052603,-0.0001
2025052604,-0.0001
2025052604,-0.0001
2025052604,-0.0001
2025052604,-0.0001
2025052605,-0.0001
2025052605,-0.0001
2025052605,-0.0001
2025052605,-0.0001
2025052606,-0.0001
2025052606,-0.0001
2025052606,-0.0001
2025052606,-0.0001
2025052607,-0.0001
2025052607,-0.0001
2025052607,-0.0001
2025052607,-0.0001
2025052608,-0.0001
2025052608,-0.0001
2025052608,-0.0001
2025052608,-0.0001
2025052609,-0.0001
2025052609,-0.0001
2025052609,-0.0001
2025052609,-0.0001
2025052610,-0.0001
2025052610,-0.0001
2025052610,-0.0001
2025052610,-0.0001
2025052611,-0.0001
2025052611,-0.0001
2025052611,-0.0001
2025052611,-0.0001
2025052612,-0.0001
2025052612,-0.0001
2025052612,-0.0001
2025052612,-0.0001
2025052613,-0.0001
2025052613,-0.0001
2025052613,-0.0001
2025052613,-0.0001
2025052614,-0.0001
2025052614,-0.0001
2025052614,-0.0001
2025052614,-0.0001
2025052615,-0.0001
2025052615,-0.0001
2025052615,-0.0001
2025052615,-0.0001
2025052616,-0.0001
2025052616,-0.0001
2025052616,-0.0001
2025052616,-0.0001
2025052617,-0.0001
2025052617,-0.0001
2025052617,-0.0001
2025052617,-0.0001
2025052618,-0.0001
2025052618,-0.0001
2025052618,-0.0001
2025052618,-0.0001
2025052619,-0.0001
2025052619,-0.0001
2025052619,-0.0001
2025052619,-0.0001
2025052620,-0.0001
2025052620,-0.0001
2025052620,-0.0001
2025052620,-0.0001
2025052621,-0.0001
2025052621,-0.0001
2025052621,-0.0001
2025052621,-0.0001
2025052622,-0.0001
2025052622,-0.0001
2025052622,-0.0001
2025052622,-0.0001
2025052623,-0.0001
2025052623,-0.0001
2025052623,-0.0001
2025052623,-0.0001
2025052700,-0.0001
2025052700,-0.0001
2025052700,-0.0001
2025052700,-0.0001
2025052701,-0.0001
2025052701,-0.0001
2025052701,-0.0001
2025052701,-0.0001
2025052702,-0.0001
2025052702,-0.0001
2025052702,-0.0001
2025052702,-0.0001
2025052703,-0.0001
2025052703,-0.0001
2025052703,-0.0001
2025052703,-0.0001
2025052704,-0.0001
2025052704,-0.0001
2025052704,-0.0001
2025052704,-0.0001
2025052705,-0.0001
2025052705,-0.0001
2025052705,-0.0001
2025052705,-0.0001
2025052706,-0.0001
2025052706,-0.0001
2025052706,-0.0001
2025052706,-0.0001
2025052707,-0.0001
2025052707,-0.0001
2025052707,-0.0001
2025052707,-0.0001
2025052708,-0.0001
2025052708,-0.0001
2025052708,-0.0001
2025052708,-0.0001
2025052709,-0.0001
2025052709,-0.0001
2025052709,-0.0001
2025052709,-0.0001
2025052710,-0.0001
2025052710,-0.0001
2025052710,-0.0001
2025052710,-0.0001
2025052711,-0.0001
2025052711,-0.0001
2025052711,-0.0001
2025052711,-0.0001
2025052712,-0.0001
2025052712,-0.0001
2025052712,-0.0001
2025052712,-0.0001
2025052713,-0.0001
2025052713,-0.0001
2025052713,-0.0001
2025052713,-0.0001
2025052714,-0.0001
2025052714,-0.0001
2025052714,-0.0001
2025052714,-0.0001
2025052715,-0.0001
2025052715,-0.0001
2025052715,-0.0001
2025052715,-0.0001
2025052716,-0.0001
2025052716,-0.0001
2025052716,-0.0001
2025052716,-0.0001
2025052717,-0.0001
2025052717,-0.0001
2025052717,-0.0001
2025052717,-0.0001
2025052718,-0.0001
2025052718,-0.0001
2025052718,-0.0001
2025052718,-0.0001
2025052719,-0.0001
2025052719,-0.0001
2025052719,-0.0001
2025052719,-0.0001
2025052720,-0.0001
2025052720,-0.0001
2025052720,-0.0001
2025052720,-0.0001
2025052721,-0.0001
2025052721,-0.0001
2025052721,-0.0001
2025052721,-0.0001
2025052722,-0.0001
2025052722,-0.0001
2025052722,-0.0001
2025052722,-0.0001
2025052723,-0.0001
2025052723,-0.0001
2025052723,-0.0001
2025052723,-0.0001
2025052800,-0.0001
2025052800,-0.0001
2025052800,-0.0001
2025052800,-0.0001
2025052801,-0.0001
2025052801,-0.0001
2025052801,-0.0001
2025052801,-0.0001
2025052802,-0.0001
2025052802,-0.0001
2025052802,-0.0001
2025052802,-0.0001
2025052803,-0.0001
2025052803,-0.0001
2025052803,-0.0001
2025052803,-0.0001
2025052804,-0.0001
2025052804,-0.0001
2025052804,-0.0001
2025052804,-0.0001
2025052805,-0.0001
2025052805,-0.0001
2025052805,-0.0001
2025052805,-0.0001
2025052806,-0.0001
2025052806,-0.0001
2025052806,-0.0001
2025052806,-0.0001
2025052807,-0.0001
2025052807,-0.0001
2025052807,-0.0001
2025052807,-0.0001
2025052808,-0.0001
2025052808,-0.0001
2025052808,-0.0001
2025052808,-0.0001
2025052809,-0.0001
2025052809,-0.0001
2025052809,-0.0001
2025052809,-0.0001
2025052810,-0.0001
2025052810,-0.0001
2025052810,-0.0001
2025052810,-0.0001
2025052811,-0.0001
2025052811,-0.0001
2025052811,-0.0001
2025052811,-0.0001
2025052812,-0.0001
2025052812,-0.0001
2025052812,-0.0001
2025052812,-0.0001
2025052813,-0.0001
2025052813,-0.0001
2025052813,-0.0001
2025052813,-0.0001
2025052814,-0.0001
2025052814,-0.0001
2025052814,-0.0001
2025052814,-0.0001
2025052815,-0.0001
2025052815,-0.0001
2025052815,-0.0001
2025052815,-0.0001
2025052816,-0.0001
2025052816,-0.0001
2025052816,-0.0001
2025052816,-0.0001
2025052817,-0.0001
2025052817,-0.0001
2025052817,-0.0001
2025052817,-0.0001
2025052818,-0.0001
2025052818,-0.0001
2025052818,-0.0001
2025052818,-0.0001
2025052819,-0.0001
2025052819,-0.0001
2025052819,-0.0001
2025052819,-0.0001
2025052820,-0.0001
2025052820,-0.0001
2025052820,-0.0001
2025052820,-0.0001
2025052821,-0.0001
2025052821,-0.0001
2025052821,-0.0001
2025052821,-0.0001
2025052822,-0.0001
2025052822,-0.0001
2025052822,-0.0001
2025052822,-0.0001
2025052823,-0.0001
2025052823,-0.0001
2025052823,-0.0001
2025052823,-0.0001
2025052900,-0.0001
2025052900,-0.0001
2025052900,-0.0001
2025052900,-0.0001
2025052901,-0.0001
2025052901,-0.0001
2025052901,-0.0001
2025052901,-0.0001
2025052902,-0.0001
2025052902,-0.0001
2025052902,-0.0001
2025052902,-0.0001
2025052903,-0.0001
2025052903,-0.0001
2025052903,-0.0001
2025052903,-0.0001
2025052904,-0.0001
2025052904,-0.0001
2025052904,-0.0001
2025052904,-0.0001
2025052905,-0.0001
2025052905,-0.0001
2025052905,-0.0001
2025052905,-0.0001
2025052906,-0.0001
2025052906,-0.0001
2025052906,-0.0001
2025052906,-0.0001
2025052907,-0.0001
2025052907,-0.0001
2025052907,-0.0001
2025052907,-0.0001
2025052908,-0.0001
2025052908,-0.0001
2025052908,-0.0001
2025052908,-0.0001
2025052909,-0.0001
2025052909,-0.0001
2025052909,-0.0001
2025052909,-0.0001
2025052910,-0.0001
2025052910,-0.0001
2025052910,-0.0001
2025052910,-0.0001
2025052911,-0.0001
2025052911,-0.0001
2025052911,-0.0001
2025052911,-0.0001
2025052912,-0.0001
2025052912,-0.0001
2025052912,-0.0001
2025052912,-0.0001
2025052913,-0.0001
2025052913,-0.0001
2025052913,-0.0001
2025052913,-0.0001
2025052914,-0.0001
2025052914,-0.0001
2025052914,-0.0001
2025052914,-0.0001
2025052915,-0.0001
2025052915,-0.0001
2025052915,-0.0001
2025052915,-0.0001
2025052916,-0.0001
2025052916,-0.0001
2025052916,-0.0001
2025052916,-0.0001
2025052917,-0.0001
2025052917,-0.0001
2025052917,-0.0001
2025052917,-0.0001
2025052918,-0.0001
2025052918,-0.0001
2025052918,-0.0001
2025052918,-0.0001
2025052919,-0.0001
2025052919,-0.0001
2025052919,-0.0001
2025052919,-0.0001
2025052920,-0.0001
2025052920,-0.0001
2025052920,-0.0001
2025052920,-0.0001
2025052921,-0.0001
2025052921,-0.0001
2025052921,-0.0001
2025052921,-0.0001
2025052922,-0.0001
2025052922,-0.0001
2025052922,-0.0001
2025052922,-0.0001
2025052923,-0.0001
2025052923,-0.0001
2025052923,-0.0001
2025052923,-0.0001
2025053000,-0.0001
2025053000,-0.0001
2025053000,-0.0001
2025053000,-0.0001
2025053001,-0.0001
2025053001,-0.0001
2025053001,-0.0001
2025053001,-0.0001
2025053002,-0.0001
2025053002,-0.0001
2025053002,-0.0001
2025053002,-0.0001
2025053003,-0.0001
2025053003,-0.0001
2025053003,-0.0001
2025053003,-0.0001
2025053004,-0.0001
2025053004,-0.0001
2025053004,-0.0001
2025053004,-0.0001
2025053005,-0.0001
2025053005,-0.0001
2025053005,-0.0001
2025053005,-0.0001
2025053006,-0.0001
2025053006,-0.0001
2025053006,-0.0001
2025053006,-0.0001
2025053007,-0.0001
2025053007,-0.0001
2025053007,-0.0001
2025053007,-0.0001
2025053008,-0.0001
2025053008,-0.0001
2025053008,-0.0001
2025053008,-0.0001
2025053009,-0.0001
2025053009,-0.0001
2025053009,-0.0001
2025053009,-0.0001
2025053010,-0.0001
2025053010,-0.0001
2025053010,-0.0001
2025053010,-0.0001
2025053011,-0.0001
2025053011,-0.0001
2025053011,-0.0001
2025053011,-0.0001
2025053012,-0.0001
2025053012,-0.0001
2025053012,-0.0001
2025053012,-0.0001
2025053013,-0.0001
2025053013,-0.0001
2025053013,-0.0001
2025053013,-0.0001
2025053014,-0.0001
2025053014,-0.0001
2025053014,-0.0001
2025053014,-0.0001
2025053015,-0.0001
2025053015,-0.0001
2025053015,-0.0001
2025053015,-0.0001
2025053016,-0.0001
2025053016,-0.0001
2025053016,-0.0001
2025053016,-0.0001
2025053017,-0.0001
2025053017,-0.0001
2025053017,-0.0001
2025053017,-0.0001
2025053018,-0.0001
2025053018,-0.0001
2025053018,-0.0001
2025053018,-0.0001
2025053019,-0.0001
2025053019,-0.0001
2025053019,-0.0001
2025053019,-0.0001
2025053020,-0.0001
2025053020,-0.0001
2025053020,-0.0001
2025053020,-0.0001
2025053021,-0.0001
2025053021,-0.0001
2025053021,-0.0001
2025053021,-0.0001
2025053022,-0.0001
2025053022,-0.0001
2025053022,-0.0001
2025053022,-0.0001
2025053023,-0.0001
2025053023,-0.0001
2025053023,-0.0001
2025053023,-0.0001
2025053100,-0.0001
2025053100,-0.0001
2025053100,-0.0001
2025053100,-0.0001
2025053101,-0.0001
2025053101,-0.0001
2025053101,-0.0001
2025053101,-0.0001
2025053102,-0.0001
2025053102,-0.0001
2025053102,-0.0001
2025053102,-0.0001
2025053103,-0.0001
2025053103,-0.0001
2025053103,-0.0001
2025053103,-0.0001
2025053104,-0.0001
2025053104,-0.0001
2025053104,-0.0001
2025053104,-0.0001
2025053105,-0.0001
2025053105,-0.0001
2025053105,-0.0001
2025053105,-0.0001
2025053106,-0.0001
2025053106,-0.0001
2025053106,-0.0001
2025053106,-0.0001
2025053107,-0.0001
2025053107,-0.0001
2025053107,-0.0001
2025053107,-0.0001
2025053108,-0.0001
2025053108,-0.0001
2025053108,-0.0001
2025053108,-0.0001
2025053109,-0.0001
2025053109,-0.0001
2025053109,-0.0001
2025053109,-0.0001
2025053110,-0.0001
2025053110,-0.0001
2025053110,-0.0001
2025053110,-0.0001
2025053111,-0.0001
2025053111,-0.0001
2025053111,-0.0001
2025053111,-0.0001
2025053112,-0.0001
2025053112,-0.0001
2025053112,-0.0001
2025053112,-0.0001
2025053113,-0.0001
2025053113,-0.0001
2025053113,-0.0001
2025053113,-0.0001
2025053114,-0.0001
2025053114,-0.0001
2025053114,-0.0001
2025053114,-0.0001
2025053115,-0.0001
2025053115,-0.0001
2025053115,-0.0001
2025053115,-0.0001
2025053116,-0.0001
2025053116,-0.0001
2025053116,-0.0001
2025053116,-0.0001
2025053117,-0.0001
2025053117,-0.0001
2025053117,-0.0001
2025053117,-0.0001
2025053118,-0.0001
2025053118,-0.0001
2025053118,-0.0001
2025053118,-0.0001
2025053119,-0.0001
2025053119,-0.0001
2025053119,-0.0001
2025053119,-0.0001
2025053120,-0.0001
2025053120,-0.0001
2025053120,-0.0001
2025053120,-0.0001
2025053121,-0.0001
2025053121,-0.0001
2025053121,-0.0001
2025053121,-0.0001
2025053122,-0.0001
2025053122,-0.0001
2025053122,-0.0001
2025053122,-0.0001
2025053123,-0.0001
2025053123,-0.0001
2025053123,-0.0001
2025053123,-0.0001
2025060100,-0.0001
2025060100,-0.0001
2025060100,-0.0001
2025060100,-0.0001
2025060101,-0.0001
2025060101,-0.0001
2025060101,-0.0001
2025060101,-0.0001
2025060102,-0.0001
2025060102,-0.0001
2025060102,-0.0001
2025060102,-0.0001
2025060103,-0.0001
2025060103,-0.0001
2025060103,-0.0001
2025060103,-0.0001
2025060104,-0.0001
2025060104,-0.0001
2025060104,-0.0001
2025060104,-0.0001
2025060105,-0.0001
2025060105,-0.0001
2025060105,-0.0001
2025060105,-0.0001
2025060106,-0.0001
2025060106,-0.0001
2025060106,-0.0001
2025060106,-0.0001
2025060107,-0.0001
2025060107,-0.0001
2025060107,-0.0001
2025060107,-0.0001
2025060108,-0.0001
2025060108,-0.0001
2025060108,-0.0001
2025060108,-0.0001
2025060109,-0.0001
2025060109,-0.0001
2025060109,-0.0001
2025060109,-0.0001
2025060110,-0.0001
2025060110,-0.0001
2025060110,-0.0001
2025060110,-0.0001
2025060111,-0.0001
2025060111,-0.0001
2025060111,-0.0001
2025060111,-0.0001
2025060112,-0.0001
2025060112,-0.0001
2025060112,-0.0001
2025060112,-0.0001
2025060113,-0.0001
2025060113,-0.0001
2025060113,-0.0001
2025060113,-0.0001
2025060114,-0.0001
2025060114,-0.0001
2025060114,-0.0001
2025060114,-0.0001
2025060115,-0.0001
2025060115,-0.0001
2025060115,-0.0001
2025060115,-0.0001
2025060116,-0.0001
2025060116,-0.0001
2025060116,-0.0001
2025060116,-0.0001
2025060117,-0.0001
2025060117,-0.0001
2025060117,-0.0001
2025060117,-0.0001
2025060118,-0.0001
2025060118,-0.0001
2025060118,-0.0001
2025060118,-0.0001
2025060119,-0.0001
2025060119,-0.0001
2025060119,-0.0001
2025060119,-0.0001
2025060120,-0.0001
2025060120,-0.0001
2025060120,-0.0001
2025060120,-0.0001
2025060121,-0.0001
2025060121,-0.0001
2025060121,-0.0001
2025060121,-0.0001
2025060122,-0.0001
2025060122,-0.0001
2025060122,-0.0001
2025060122,-0.0001
2025060123,-0.0001
2025060123,-0.0001
2025060123,-0.0001
2025060123,-0.0001
2025060200,-0.0001
2025060200,-0.0001
2025060200,-0.0001
2025060200,-0.0001
2025060201,-0.0001
2025060201,-0.0001
2025060201,-0.0001
2025060201,-0.0001
2025060202,-0.0001
2025060202,-0.0001
2025060202,-0.0001
2025060202,-0.0001
2025060203,-0.0001
2025060203,-0.0001
2025060203,-0.0001
2025060203,-0.0001
2025060204,-0.0001
2025060204,-0.0001
2025060204,-0.0001
2025060204,-0.0001
2025060205,-0.0001
2025060205,-0.0001
2025060205,-0.0001
2025060205,-0.0001
2025060206,-0.0001
2025060206,-0.0001
2025060206,-0.0001
2025060206,-0.0001
2025060207,-0.0001
2025060207,-0.0001
2025060207,-0.0001
2025060207,-0.0001
2025060208,-0.0001
2025060208,-0.0001
2025060208,-0.0001
2025060208,-0.0001
2025060209,-0.0001
2025060209,-0.0001
2025060209,-0.0001
2025060209,-0.0001
2025060210,-0.0001
2025060210,-0.0001
2025060210,-0.0001
2025060210,-0.0001
2025060211,-0.0001
2025060211,-0.0001
2025060211,-0.0001
2025060211,-0.0001
2025060212,-0.0001
2025060212,-0.0001
2025060212,-0.0001
2025060212,-0.0001
2025060213,-0.0001
2025060213,-0.0001
2025060213,-0.0001
2025060213,-0.0001
2025060214,-0.0001
2025060214,-0.0001
2025060214,-0.0001
2025060214,-0.0001
2025060215,-0.0001
2025060215,-0.0001
2025060215,-0.0001
2025060215,-0.0001
2025060216,-0.0001
2025060216,-0.0001
2025060216,-0.0001
2025060216,-0.0001
2025060217,-0.0001
2025060217,-0.0001
2025060217,-0.0001
2025060217,-0.0001
2025060218,-0.0001
2025060218,-0.0001
2025060218,-0.0001
2025060218,-0.0001
2025060219,-0.0001
2025060219,-0.0001
2025060219,-0.0001
2025060219,-0.0001
2025060220,-0.0001
2025060220,-0.0001
2025060220,-0.0001
2025060220,-0.0001
2025060221,-0.0001
2025060221,-0.0001
2025060221,-0.0001
2025060221,-0.0001
2025060222,-0.0001
2025060222,-0.0001
2025060222,-0.0001
2025060222,-0.0001
2025060223,-0.0001
2025060223,-0.0001
2025060223,-0.0001
2025060223,-0.0001
2025060300,-0.0001
2025060300,-0.0001
2025060300,-0.0001
2025060300,-0.0001
2025060301,-0.0001
2025060301,-0.0001
2025060301,-0.0001
2025060301,-0.0001
2025060302,-0.0001
2025060302,-0.0001
2025060302,-0.0001
2025060302,-0.0001
2025060303,-0.0001
2025060303,-0.0001
2025060303,-0.0001
2025060303,-0.0001
2025060304,-0.0001
2025060304,-0.0001
2025060304,-0.0001
2025060304,-0.0001
2025060305,-0.0001
2025060305,-0.0001
2025060305,-0.0001
2025060305,-0.0001
2025060306,-0.0001
2025060306,-0.0001
2025060306,-0.0001
2025060306,-0.0001
2025060307,-0.0001
2025060307,-0.0001
2025060307,-0.0001
2025060307,-0.0001
2025060308,-0.0001
2025060308,-0.0001
2025060308,-0.0001
2025060308,-0.0001
2025060309,-0.0001
2025060309,-0.0001
2025060309,-0.0001
2025060309,-0.0001
2025060310,-0.0001
2025060310,-0.0001
2025060310,-0.0001
2025060310,-0.0001
2025060311,-0.0001
2025060311,-0.0001
2025060311,-0.0001
2025060311,-0.0001
2025060312,-0.0001
2025060312,-0.0001
2025060312,-0.0001
2025060312,-0.0001
2025060313,-0.0001
2025060313,-0.0001
2025060313,-0.0001
2025060313,-0.0001
2025060314,-0.0001
2025060314,-0.0001
2025060314,-0.0001
2025060314,-0.0001
2025060315,-0.0001
2025060315,-0.0001
2025060315,-0.0001
2025060315,-0.0001
2025060316,-0.0001
2025060316,-0.0001
2025060316,-0.0001
2025060316,-0.0001
2025060317,-0.0001
2025060317,-0.0001
2025060317,-0.0001
2025060317,-0.0001
2025060318,-0.0001
2025060318,-0.0001
2025060318,-0.0001
2025060318,-0.0001
2025060319,-0.0001
2025060319,-0.0001
2025060319,-0.0001
2025060319,-0.0001
2025060320,-0.0001
2025060320,-0.0001
2025060320,-0.0001
2025060320,-0.0001
2025060321,-0.0001
2025060321,-0.0001
2025060321,-0.0001
2025060321,-0.0001
2025060322,-0.0001
2025060322,-0.0001
2025060322,-0.0001
2025060322,-0.0001
2025060323,-0.0001
2025060323,-0.0001
2025060323,-0.0001
2025060323,-0.0001
2025060400,-0.0001
2025060400,-0.0001
2025060400,-0.0001
2025060400,-0.0001
2025060401,-0.0001
2025060401,-0.0001
2025060401,-0.0001
2025060401,-0.0001
2025060402,-0.0001
2025060402,-0.0001
2025060402,-0.0001
2025060402,-0.0001
2025060403,-0.0001
2025060403,-0.0001
2025060403,-0.0001
2025060403,-0.0001
2025060404,-0.0001
2025060404,-0.0001
2025060404,-0.0001
2025060404,-0.0001
2025060405,-0.0001
2025060405,-0.0001
2025060405,-0.0001
2025060405,-0.0001
2025060406,-0.0001
2025060406,-0.0001
2025060406,-0.0001
2025060406,-0.0001
2025060407,-0.0001
2025060407,-0.0001
2025060407,-0.0001
2025060407,-0.0001
2025060408,-0.0001
2025060408,-0.0001
2025060408,-0.0001
2025060408,-0.0001
2025060409,-0.0001
2025060409,-0.0001
2025060409,-0.0001
2025060409,-0.0001
2025060410,-0.0001
2025060410,-0.0001
2025060410,-0.0001
2025060410,-0.0001
2025060411,-0.0001
2025060411,-0.0001
2025060411,-0.0001
2025060411,-0.0001
2025060412,-0.0001
2025060412,-0.0001
2025060412,-0.0001
2025060412,-0.0001
2025060413,-0.0001
2025060413,-0.0001
2025060413,-0.0001
2025060413,-0.0001
2025060414,-0.0001
2025060414,-0.0001
2025060414,-0.0001
2025060414,-0.0001
2025060415,-0.0001
2025060415,-0.0001
2025060415,-0.0001
2025060415,-0.0001
2025060416,-0.0001
2025060416,-0.0001
2025060416,-0.0001
2025060416,-0.0001
2025060417,-0.0001
2025060417,-0.0001
2025060417,-0.0001
2025060417,-0.0001
2025060418,-0.0001
2025060418,-0.0001
2025060418,-0.0001
2025060418,-0.0001
2025060419,-0.0001
2025060419,-0.0001
2025060419,-0.0001
2025060419,-0.0001
2025060420,-0.0001
2025060420,-0.0001
2025060420,-0.0001
2025060420,-0.0001
2025060421,-0.0001
2025060421,-0.0001
2025060421,-0.0001
2025060421,-0.0001
2025060422,-0.0001
2025060422,-0.0001
2025060422,-0.0001
2025060422,-0.0001
2025060423,-0.0001
2025060423,-0.0001
2025060423,-0.0001
2025060423,-0.0001
2025060500,-0.0001
2025060500,-0.0001
2025060500,-0.0001
2025060500,-0.0001
2025060501,-0.0001
2025060501,-0.0001
2025060501,-0.0001
2025060501,-0.0001
2025060502,-0.0001
2025060502,-0.0001
2025060502,-0.0001
2025060502,-0.0001
2025060503,-0.0001
2025060503,-0.0001
2025060503,-0.0001
2025060503,-0.0001
2025060504,-0.0001
2025060504,-0.0001
2025060504,-0.0001
2025060504,-0.0001
2025060505,-0.0001
2025060505,-0.0001
2025060505,-0.0001
2025060505,-0.0001
2025060506,-0.0001
2025060506,-0.0001
2025060506,-0.0001
2025060506,-0.0001
2025060507,-0.0001
2025060507,-0.0001
2025060507,-0.0001
2025060507,-0.0001
2025060508,-0.0001
2025060508,-0.0001
2025060508,-0.0001
2025060508,-0.0001
2025060509,-0.0001
2025060509,-0.0001
2025060509,-0.0001
2025060509,-0.0001
2025060510,-0.0001
2025060510,-0.0001
2025060510,-0.0001
2025060510,-0.0001
2025060511,-0.0001
2025060511,-0.0001
2025060511,-0.0001
2025060511,-0.0001
2025060512,-0.0001
2025060512,-0.0001
2025060512,-0.0001
2025060512,-0.0001
2025060513,-0.0001
2025060513,-0.0001
2025060513,-0.0001
2025060513,-0.0001
2025060514,-0.0001
2025060514,-0.0001
2025060514,-0.0001
2025060514,-0.0001
2025060515,-0.0001
2025060515,-0.0001
2025060515,-0.0001
2025060515,-0.0001
2025060516,-0.0001
2025060516,-0.0001
2025060516,-0.0001
2025060516,-0.0001
2025060517,-0.0001
2025060517,-0.0001
2025060517,-0.0001
2025060517,-0.0001
2025060518,-0.0001
2025060518,-0.0001
2025060518,-0.0001
2025060518,-0.0001
2025060519,-0.0001
2025060519,-0.0001
2025060519,-0.0001
2025060519,-0.0001
2025060520,-0.0001
2025060520,-0.0001
2025060520,-0.0001
2025060520,-0.0001
2025060521,-0.0001
2025060521,-0.0001
2025060521,-0.0001
2025060521,-0.0001
2025060522,-0.0001
2025060522,-0.0001
2025060522,-0.0001
2025060522,-0.0001
2025060523,-0.0001
2025060523,-0.0001
2025060523,-0.0001
2025060523,-0.0001
2025060600,-0.0001
2025060600,-0.0001
2025060600,-0.0001
2025060600,-0.0001
2025060601,-0.0001
2025060601,-0.0001
2025060601,-0.0001
2025060601,-0.0001
2025060602,-0.0001
2025060602,-0.0001
2025060602,-0.0001
2025060602,-0.0001
2025060603,-0.0001
2025060603,-0.0001
2025060603,-0.0001
2025060603,-0.0001
2025060604,-0.0001
2025060604,-0.0001
2025060604,-0.0001
2025060604,-0.0001
2025060605,-0.0001
2025060605,-0.0001
2025060605,-0.0001
2025060605,-0.0001
2025060606,-0.0001
2025060606,-0.0001
2025060606,-0.0001
2025060606,-0.0001
2025060607,-0.0001
2025060607,-0.0001
2025060607,-0.0001
2025060607,-0.0001
2025060608,-0.0001
2025060608,-0.0001
2025060608,-0.0001
2025060608,-0.0001
2025060609,-0.0001
2025060609,-0.0001
2025060609,-0.0001
2025060609,-0.0001
2025060610,-0.0001
2025060610,-0.0001
2025060610,-0.0001
2025060610,-0.0001
2025060611,-0.0001
2025060611,-0.0001
2025060611,-0.0001
2025060611,-0.0001
2025060612,-0.0001
2025060612,-0.0001
2025060612,-0.0001
2025060612,-0.0001
2025060613,-0.0001
2025060613,-0.0001
2025060613,-0.0001
2025060613,-0.0001
2025060614,-0.0001
2025060614,-0.0001
2025060614,-0.0001
2025060614,-0.0001
2025060615,-0.0001
2025060615,-0.0001
2025060615,-0.0001
2025060615,-0.0001
2025060616,-0.0001
2025060616,-0.0001
2025060616,-0.0001
2025060616,-0.0001
2025060617,-0.0001
2025060617,-0.0001
2025060617,-0.0001
2025060617,-0.0001
2025060618,-0.0001
2025060618,-0.0001
2025060618,-0.0001
2025060618,-0.0001
2025060619,-0.0001
2025060619,-0.0001
2025060619,-0.0001
2025060619,-0.0001
2025060620,-0.0001
2025060620,-0.0001
2025060620,-0.0001
2025060620,-0.0001
2025060621,-0.0001
2025060621,-0.0001
2025060621,-0.0001
2025060621,-0.0001
2025060622,-0.0001
2025060622,-0.0001
2025060622,-0.0001
2025060622,-0.0001
2025060623,-0.0001
2025060623,-0.0001
2025060623,-0.0001
2025060623,-0.0001
2025060700,-0.0001
2025060700,-0.0001
2025060700,-0.0001
2025060700,-0.0001
2025060701,-0.0001
2025060701,-0.0001
2025060701,-0.0001
2025060701,-0.0001
2025060702,-0.0001
2025060702,-0.0001
2025060702,-0.0001
2025060702,-0.0001
2025060703,-0.0001
2025060703,-0.0001
2025060703,-0.0001
2025060703,-0.0001
2025060704,-0.0001
2025060704,-0.0001
2025060704,-0.0001
2025060704,-0.0001
2025060705,-0.0001
2025060705,-0.0001
2025060705,-0.0001
2025060705,-0.0001
2025060706,-0.0001
2025060706,-0.0001
2025060706,-0.0001
2025060706,-0.0001
2025060707,-0.0001
2025060707,-0.0001
2025060707,-0.0001
2025060707,-0.0001
2025060708,-0.0001
2025060708,-0.0001
2025060708,-0.0001
2025060708,-0.0001
2025060709,-0.0001
2025060709,-0.0001
2025060709,-0.0001
2025060709,-0.0001
2025060710,-0.0001
2025060710,-0.0001
2025060710,-0.0001
2025060710,-0.0001
2025060711,-0.0001
2025060711,-0.0001
2025060711,-0.0001
2025060711,-0.0001
2025060712,-0.0001
2025060712,-0.0001
2025060712,-0.0001
2025060712,-0.0001
2025060713,-0.0001
2025060713,-0.0001
2025060713,-0.0001
2025060713,-0.0001
2025060714,-0.0001
2025060714,-0.0001
2025060714,-0.0001
2025060714,-0.0001
2025060715,-0.0001
2025060715,-0.0001
2025060715,-0.0001
2025060715,-0.0001
2025060716,-0.0001
2025060716,-0.0001
2025060716,-0.0001
2025060716,-0.0001
2025060717,-0.0001
2025060717,-0.0001
2025060717,-0.0001
2025060717,-0.0001
2025060718,-0.0001
2025060718,-0.0001
2025060718,-0.0001
2025060718,-0.0001
2025060719,-0.0001
2025060719,-0.0001
2025060719,-0.0001
2025060719,-0.0001
2025060720,-0.0001
2025060720,-0.0001
2025060720,-0.0001
2025060720,-0.0001
2025060721,-0.0001
2025060721,-0.0001
2025060721,-0.0001
2025060721,-0.0001
2025060722,-0.0001
2025060722,-0.0001
2025060722,-0.0001
2025060722,-0.0001
2025060723,-0.0001
2025060723,-0.0001
2025060723,-0.0001
2025060723,-0.0001
2025060800,-0.0001
2025060800,-0.0001
2025060800,-0.0001
2025060800,-0.0001
2025060801,-0.0001
2025060801,-0.0001
2025060801,-0.0001
2025060801,-0.0001
2025060802,-0.0001
2025060802,-0.0001
2025060802,-0.0001
2025060802,-0.0001
2025060803,-0.0001
2025060803,-0.0001
2025060803,-0.0001
2025060803,-0.0001
2025060804,-0.0001
2025060804,-0.0001
2025060804,-0.0001
2025060804,-0.0001
2025060805,-0.0001
2025060805,-0.0001
2025060805,-0.0001
2025060805,-0.0001
2025060806,-0.0001
2025060806,-0.0001
2025060806,-0.0001
2025060806,-0.0001
2025060807,-0.0001
2025060807,-0.0001
2025060807,-0.0001
2025060807,-0.0001
2025060808,-0.0001
2025060808,-0.0001
2025060808,-0.0001
2025060808,-0.0001
2025060809,-0.0001
2025060809,-0.0001
2025060809,-0.0001
2025060809,-0.0001
2025060810,-0.0001
2025060810,-0.0001
2025060810,-0.0001
2025060810,-0.0001
2025060811,-0.0001
2025060811,-0.0001
2025060811,-0.0001
2025060811,-0.0001
2025060812,-0.0001
2025060812,-0.0001
2025060812,-0.0001
2025060812,-0.0001
2025060813,-0.0001
2025060813,-0.0001
2025060813,-0.0001
2025060813,-0.0001
2025060814,-0.0001
2025060814,-0.0001
2025060814,-0.0001
2025060814,-0.0001
2025060815,-0.0001
2025060815,-0.0001
2025060815,-0.0001
2025060815,-0.0001
2025060816,-0.0001
2025060816,-0.0001
2025060816,-0.0001
2025060816,-0.0001
2025060817,-0.0001
2025060817,-0.0001
2025060817,-0.0001
2025060817,-0.0001
2025060818,-0.0001
2025060818,-0.0001
2025060818,-0.0001
2025060818,-0.0001
2025060819,-0.0001
2025060819,-0.0001
2025060819,-0.0001
2025060819,-0.0001
2025060820,-0.0001
2025060820,-0.0001
2025060820,-0.0001
2025060820,-0.0001
2025060821,-0.0001
2025060821,-0.0001
2025060821,-0.0001
2025060821,-0.0001
2025060822,-0.0001
2025060822,-0.0001
2025060822,-0.0001
2025060822,-0.0001
2025060823,-0.0001
2025060823,-0.0001
2025060823,-0.0001
2025060823,-0.0001
2025060900,-0.0001
2025060900,-0.0001
2025060900,-0.0001
2025060900,-0.0001
2025060901,-0.0001
2025060901,-0.0001
2025060901,-0.0001
2025060901,-0.0001
2025060902,-0.0001
2025060902,-0.0001
2025060902,-0.0001
2025060902,-0.0001
2025060903,-0.0001
2025060903,-0.0001
2025060903,-0.0001
2025060903,-0.0001
2025060904,-0.0001
2025060904,-0.0001
2025060904,-0.0001
2025060904,-0.0001
2025060905,-0.0001
2025060905,-0.0001
2025060905,-0.0001
2025060905,-0.0001
2025060906,-0.0001
2025060906,-0.0001
2025060906,-0.0001
2025060906,-0.0001
2025060907,-0.0001
2025060907,-0.0001
2025060907,-0.0001
2025060907,-0.0001
2025060908,-0.0001
2025060908,-0.0001
2025060908,-0.0001
2025060908,-0.0001
2025060909,-0.0001
2025060909,-0.0001
2025060909,-0.0001
2025060909,-0.0001
2025060910,-0.0001
2025060910,-0.0001
2025060910,-0.0001
2025060910,-0.0001
2025060911,-0.0001
2025060911,-0.0001
2025060911,-0.0001
2025060911,-0.0001
2025060912,-0.0001
2025060912,-0.0001
2025060912,-0.0001
2025060912,-0.0001
2025060913,-0.0001
2025060913,-0.0001
2025060913,-0.0001
2025060913,-0.0001
2025060914,-0.0001
2025060914,-0.0001
2025060914,-0.0001
2025060914,-0.0001
2025060915,-0.0001
2025060915,-0.0001
2025060915,-0.0001
2025060915,-0.0001
2025060916,-0.0001
2025060916,-0.0001
2025060916,-0.0001
2025060916,-0.0001
2025060917,-0.0001
2025060917,-0.0001
2025060917,-0.0001
2025060917,-0.0001
2025060918,-0.0001
2025060918,-0.0001
2025060918,-0.0001
2025060918,-0.0001
2025060919,-0.0001
2025060919,-0.0001
2025060919,-0.0001
2025060919,-0.0001
2025060920,-0.0001
2025060920,-0.0001
2025060920,-0.0001
2025060920,-0.0001
2025060921,-0.0001
2025060921,-0.0001
2025060921,-0.0001
2025060921,-0.0001
2025060922,-0.0001
2025060922,-0.0001
2025060922,-0.0001
2025060922,-0.0001
2025060923,-0.0001
2025060923,-0.0001
2025060923,-0.0001
2025060923,-0.0001
2025061000,-0.0001
2025061000,-0.0001
2025061000,-0.0001
2025061000,-0.0001
2025061001,-0.0001
2025061001,-0.0001
2025061001,-0.0001
2025061001,-0.0001
2025061002,-0.0001
2025061002,-0.0001
2025061002,-0.0001
2025061002,-0.0001
2025061003,-0.0001
2025061003,-0.0001
2025061003,-0.0001
2025061003,-0.0001
2025061004,-0.0001
2025061004,-0.0001
2025061004,-0.0001
2025061004,-0.0001
2025061005,-0.0001
2025061005,-0.0001
2025061005,-0.0001
2025061005,-0.0001
2025061006,-0.0001
2025061006,-0.0001
2025061006,-0.0001
2025061006,-0.0001
2025061007,-0.0001
2025061007,-0.0001
2025061007,-0.0001
2025061007,-0.0001
2025061008,-0.0001
2025061008,-0.0001
2025061008,-0.0001
2025061008,-0.0001
2025061009,-0.0001
2025061009,-0.0001
2025061009,-0.0001
2025061009,-0.0001
2025061010,-0.0001
2025061010,-0.0001
2025061010,-0.0001
2025061010,-0.0001
2025061011,-0.0001
2025061011,-0.0001
2025061011,-0.0001
2025061011,-0.0001
2025061012,-0.0001
2025061012,-0.0001
2025061012,-0.0001
2025061012,-0.0001
2025061013,-0.0001
2025061013,-0.0001
2025061013,-0.0001
2025061013,-0.0001
2025061014,-0.0001
2025061014,-0.0001
2025061014,-0.0001
2025061014,-0.0001
2025061015,-0.0001
2025061015,-0.0001
2025061015,-0.0001
2025061015,-0.0001
2025061016,-0.0001
2025061016,-0.0001
2025061016,-0.0001
2025061016,-0.0001
2025061017,-0.0001
2025061017,-0.0001
2025061017,-0.0001
2025061017,-0.0001
2025061018,-0.0001
2025061018,-0.0001
2025061018,-0.0001
2025061018,-0.0001
2025061019,-0.0001
2025061019,-0.0001
2025061019,-0.0001
2025061019,-0.0001
2025061020,-0.0001
2025061020,-0.0001
2025061020,-0.0001
2025061020,-0.0001
2025061021,-0.0001
2025061021,-0.0001
2025061021,-0.0001
2025061021,-0.0001
2025061022,-0.0001
2025061022,-0.0001
2025061022,-0.0001
2025061022,-0.0001
2025061023,-0.0001
2025061023,-0.0001
2025061023,-0.0001
2025061023,-0.0001
2025061100,-0.0001
2025061100,-0.0001
2025061100,-0.0001
2025061100,-0.0001
2025061101,-0.0001
2025061101,-0.0001
2025061101,-0.0001
2025061101,-0.0001
2025061102,-0.0001
2025061102,-0.0001
2025061102,-0.0001
2025061102,-0.0001
2025061103,-0.0001
2025061103,-0.0001
2025061103,-0.0001
2025061103,-0.0001
2025061104,-0.0001
2025061104,-0.0001
2025061104,-0.0001
2025061104,-0.0001
2025061105,-0.0001
2025061105,-0.0001
2025061105,-0.0001
2025061105,-0.0001
2025061106,-0.0001
2025061106,-0.0001
2025061106,-0.0001
2025061106,-0.0001
2025061107,-0.0001
2025061107,-0.0001
2025061107,-0.0001
2025061107,-0.0001
2025061108,-0.0001
2025061108,-0.0001
2025061108,-0.0001
2025061108,-0.0001
2025061109,-0.0001
2025061109,-0.0001
2025061109,-0.0001
2025061109,-0.0001
2025061110,-0.0001
2025061110,-0.0001
2025061110,-0.0001
2025061110,-0.0001
2025061111,-0.0001
2025061111,-0.0001
2025061111,-0.0001
2025061111,-0.0001
2025061112,-0.0001
2025061112,-0.0001
2025061112,-0.0001
2025061112,-0.0001
2025061113,-0.0001
2025061113,-0.0001
2025061113,-0.0001
2025061113,-0.0001
2025061114,-0.0001
2025061114,-0.0001
2025061114,-0.0001
2025061114,-0.0001
2025061115,-0.0001
2025061115,-0.0001
2025061115,-0.0001
2025061115,-0.0001
2025061116,-0.0001
2025061116,-0.0001
2025061116,-0.0001
2025061116,-0.0001
2025061117,-0.0001
2025061117,-0.0001
2025061117,-0.0001
2025061117,-0.0001
2025061118,-0.0001
2025061118,-0.0001
2025061118,-0.0001
2025061118,-0.0001
2025061119,-0.0001
2025061119,-0.0001
2025061119,-0.0001
2025061119,-0.0001
2025061120,-0.0001
2025061120,-0.0001
2025061120,-0.0001
2025061120,-0.0001
2025061121,-0.0001
2025061121,-0.0001
2025061121,-0.0001
2025061121,-0.0001
2025061122,-0.0001
2025061122,-0.0001
2025061122,-0.0001
2025061122,-0.0001
2025061123,-0.0001
2025061123,-0.0001
2025061123,-0.0001
2025061123,-0.0001
2025061200,-0.0001
2025061200,-0.0001
2025061200,-0.0001
2025061200,-0.0001
2025061201,-0.0001
2025061201,-0.0001
2025061201,-0.0001
2025061201,-0.0001
2025061202,-0.0001
2025061202,-0.0001
2025061202,-0.0001
2025061202,-0.0001
2025061203,-0.0001
2025061203,-0.0001
2025061203,-0.0001
2025061203,-0.0001
2025061204,-0.0001
2025061204,-0.0001
2025061204,-0.0001
2025061204,-0.0001
2025061205,-0.0001
2025061205,-0.0001
2025061205,-0.0001
2025061205,-0.0001
2025061206,-0.0001
2025061206,-0.0001
2025061206,-0.0001
2025061206,-0.0001
2025061207,-0.0001
2025061207,-0.0001
2025061207,-0.0001
2025061207,-0.0001
2025061208,-0.0001
2025061208,-0.0001
2025061208,-0.0001
2025061208,-0.0001
2025061209,-0.0001
2025061209,-0.0001
2025061209,-0.0001
2025061209,-0.0001
2025061210,-0.0001
2025061210,-0.0001
2025061210,-0.0001
2025061210,-0.0001
2025061211,-0.0001
2025061211,-0.0001
2025061211,-0.0001
2025061211,-0.0001
2025061212,-0.0001
2025061212,-0.0001
2025061212,-0.0001
2025061212,-0.0001
2025061213,-0.0001
2025061213,-0.0001
2025061213,-0.0001
2025061213,-0.0001
2025061214,-0.0001
2025061214,-0.0001
2025061214,-0.0001
2025061214,-0.0001
2025061215,-0.0001
2025061215,-0.0001
2025061215,-0.0001
2025061215,-0.0001
2025061216,-0.0001
2025061216,-0.0001
2025061216,-0.0001
2025061216,-0.0001
2025061217,-0.0001
2025061217,-0.0001
2025061217,-0.0001
2025061217,-0.0001
2025061218,-0.0001
2025061218,-0.0001
2025061218,-0.0001
2025061218,-0.0001
2025061219,-0.0001
2025061219,-0.0001
2025061219,-0.0001
2025061219,-0.0001
2025061220,-0.0001
2025061220,-0.0001
2025061220,-0.0001
2025061220,-0.0001
2025061221,-0.0001
2025061221,-0.0001
2025061221,-0.0001
2025061221,-0.0001
2025061222,-0.0001
2025061222,-0.0001
2025061222,-0.0001
2025061222,-0.0001
2025061223,-0.0001
2025061223,-0.0001
2025061223,-0.0001
2025061223,-0.0001
2025061300,-0.0001
2025061300,-0.0001
2025061300,-0.0001
2025061300,-0.0001
2025061301,-0.0001
2025061301,-0.0001
2025061301,-0.0001
2025061301,-0.0001
2025061302,-0.0001
2025061302,-0.0001
2025061302,-0.0001
2025061302,-0.0001
2025061303,-0.0001
2025061303,-0.0001
2025061303,-0.0001
2025061303,-0.0001
2025061304,-0.0001
2025061304,-0.0001
2025061304,-0.0001
2025061304,-0.0001
2025061305,-0.0001
2025061305,-0.0001
2025061305,-0.0001
2025061305,-0.0001
2025061306,-0.0001
2025061306,-0.0001
2025061306,-0.0001
2025061306,-0.0001
2025061307,-0.0001
2025061307,-0.0001
2025061307,-0.0001
2025061307,-0.0001
2025061308,-0.0001
2025061308,-0.0001
2025061308,-0.0001
2025061308,-0.0001
2025061309,-0.0001
2025061309,-0.0001
2025061309,-0.0001
2025061309,-0.0001
2025061310,-0.0001
2025061310,-0.0001
2025061310,-0.0001
2025061310,-0.0001
2025061311,-0.0001
2025061311,-0.0001
2025061311,-0.0001
2025061311,-0.0001
2025061312,-0.0001
2025061312,-0.0001
2025061312,-0.0001
2025061312,-0.0001
2025061313,-0.0001
2025061313,-0.0001
2025061313,-0.0001
2025061313,-0.0001
2025061314,-0.0001
2025061314,-0.0001
2025061314,-0.0001
2025061314,-0.0001
2025061315,-0.0001
2025061315,-0.0001
2025061315,-0.0001
2025061315,-0.0001
2025061316,-0.0001
2025061316,-0.0001
2025061316,-0.0001
2025061316,-0.0001
2025061317,-0.0001
2025061317,-0.0001
2025061317,-0.0001
2025061317,-0.0001
2025061318,-0.0001
2025061318,-0.0001
2025061318,-0.0001
2025061318,-0.0001
2025061319,-0.0001
2025061319,-0.0001
2025061319,-0.0001
2025061319,-0.0001
2025061320,-0.0001
2025061320,-0.0001
2025061320,-0.0001
2025061320,-0.0001
2025061321,-0.0001
2025061321,-0.0001
2025061321,-0.0001
2025061321,-0.0001
2025061322,-0.0001
2025061322,-0.0001
2025061322,-0.0001
2025061322,-0.0001
2025061323,-0.0001
2025061323,-0.0001
2025061323,-0.0001
2025061323,-0.0001
2025061400,-0.0001
2025061400,-0.0001
2025061400,-0.0001
2025061400,-0.0001
2025061401,-0.0001
2025061401,-0.0001
2025061401,-0.0001
2025061401,-0.0001
2025061402,-0.0001
2025061402,-0.0001
2025061402,-0.0001
2025061402,-0.0001
2025061403,-0.0001
2025061403,-0.0001
2025061403,-0.0001
2025061403,-0.0001
2025061404,-0.0001
2025061404,-0.0001
2025061404,-0.0001
2025061404,-0.0001
2025061405,-0.0001
2025061405,-0.0001
2025061405,-0.0001
2025061405,-0.0001
2025061406,-0.0001
2025061406,-0.0001
2025061406,-0.0001
2025061406,-0.0001
2025061407,-0.0001
2025061407,-0.0001
2025061407,-0.0001
2025061407,-0.0001
2025061408,-0.0001
2025061408,-0.0001
2025061408,-0.0001
2025061408,-0.0001
2025061409,-0.0001
2025061409,-0.0001
2025061409,-0.0001
2025061409,-0.0001
2025061410,-0.0001
2025061410,-0.0001
2025061410,-0.0001
2025061410,-0.0001
2025061411,-0.0001
2025061411,-0.0001
2025061411,-0.0001
2025061411,-0.0001
2025061412,-0.0001
2025061412,-0.0001
2025061412,-0.0001
2025061412,-0.0001
2025061413,-0.0001
2025061413,-0.0001
2025061413,-0.0001
2025061413,-0.0001
2025061414,-0.0001
2025061414,-0.0001
2025061414,-0.0001
2025061414,-0.0001
2025061415,-0.0001
2025061415,-0.0001
2025061415,-0.0001
2025061415,-0.0001
2025061416,-0.0001
2025061416,-0.0001
2025061416,-0.0001
2025061416,-0.0001
2025061417,-0.0001
2025061417,-0.0001
2025061417,-0.0001
2025061417,-0.0001
2025061418,-0.0001
2025061418,-0.0001
2025061418,-0.0001
2025061418,-0.0001
2025061419,-0.0001
2025061419,-0.0001
2025061419,-0.0001
2025061419,-0.0001
2025061420,-0.0001
2025061420,-0.0001
2025061420,-0.0001
2025061420,-0.0001
2025061421,-0.0001
2025061421,-0.0001
2025061421,-0.0001
2025061421,-0.0001
2025061422,-0.0001
2025061422,-0.0001
2025061422,-0.0001
2025061422,-0.0001
2025061423,-0.0001
2025061423,-0.0001
2025061423,-0.0001
2025061423,-0.0001
2025061500,-0.0001
2025061500,-0.0001
2025061500,-0.0001
2025061500,-0.0001
2025061501,-0.0001
2025061501,-0.0001
2025061501,-0.0001
2025061501,-0.0001
2025061502,-0.0001
2025061502,-0.0001
2025061502,-0.0001
2025061502,-0.0001
2025061503,-0.0001
2025061503,-0.0001
2025061503,-0.0001
2025061503,-0.0001
2025061504,-0.0001
2025061504,-0.0001
2025061504,-0.0001
2025061504,-0.0001
2025061505,-0.0001
2025061505,-0.0001
2025061505,-0.0001
2025061505,-0.0001
2025061506,-0.0001
2025061506,-0.0001
2025061506,-0.0001
2025061506,-0.0001
2025061507,-0.0001
2025061507,-0.0001
2025061507,-0.0001
2025061507,-0.0001
2025061508,-0.0001
2025061508,-0.0001
2025061508,-0.0001
2025061508,-0.0001
2025061509,-0.0001
2025061509,-0.0001
2025061509,-0.0001
2025061509,-0.0001
2025061510,-0.0001
2025061510,-0.0001
2025061510,-0.0001
2025061510,-0.0001
2025061511,-0.0001
2025061511,-0.0001
2025061511,-0.0001
2025061511,-0.0001
2025061512,-0.0001
2025061512,-0.0001
2025061512,-0.0001
2025061512,-0.0001
2025061513,-0.0001
2025061513,-0.0001
2025061513,-0.0001
2025061513,-0.0001
2025061514,-0.0001
2025061514,-0.0001
2025061514,-0.0001
2025061514,-0.0001
2025061515,-0.0001
2025061515,-0.0001
2025061515,-0.0001
2025061515,-0.0001
2025061516,-0.0001
2025061516,-0.0001
2025061516,-0.0001
2025061516,-0.0001
2025061517,-0.0001
2025061517,-0.0001
2025061517,-0.0001
2025061517,-0.0001
2025061518,-0.0001
2025061518,-0.0001
2025061518,-0.0001
2025061518,-0.0001
2025061519,-0.0001
2025061519,-0.0001
2025061519,-0.0001
2025061519,-0.0001
2025061520,-0.0001
2025061520,-0.0001
2025061520,-0.0001
2025061520,-0.0001
2025061521,-0.0001
2025061521,-0.0001
2025061521,-0.0001
2025061521,-0.0001
2025061522,-0.0001
2025061522,-0.0001
2025061522,-0.0001
2025061522,-0.0001
2025061523,-0.0001
2025061523,-0.0001
2025061523,-0.0001
2025061523,-0.0001
2025061600,-0.0001
2025061600,-0.0001
2025061600,-0.0001
2025061600,-0.0001
2025061601,-0.0001
2025061601,-0.0001
2025061601,-0.0001
2025061601,-0.0001
2025061602,-0.0001
2025061602,-0.0001
2025061602,-0.0001
2025061602,-0.0001
2025061603,-0.0001
2025061603,-0.0001
2025061603,-0.0001
2025061603,-0.0001
2025061604,-0.0001
2025061604,-0.0001
2025061604,-0.0001
2025061604,-0.0001
2025061605,-0.0001
2025061605,-0.0001
2025061605,-0.0001
2025061605,-0.0001
2025061606,-0.0001
2025061606,-0.0001
2025061606,-0.0001
2025061606,-0.0001
2025061607,-0.0001
2025061607,-0.0001
2025061607,-0.0001
2025061607,-0.0001
2025061608,-0.0001
2025061608,-0.0001
2025061608,-0.0001
2025061608,-0.0001
2025061609,-0.0001
2025061609,-0.0001
2025061609,-0.0001
2025061609,-0.0001
2025061610,-0.0001
2025061610,-0.0001
2025061610,-0.0001
2025061610,-0.0001
2025061611,-0.0001
2025061611,-0.0001
2025061611,-0.0001
2025061611,-0.0001
2025061612,-0.0001
2025061612,-0.0001
2025061612,-0.0001
2025061612,-0.0001
2025061613,-0.0001
2025061613,-0.0001
2025061613,-0.0001
2025061613,-0.0001
2025061614,-0.0001
2025061614,-0.0001
2025061614,-0.0001
2025061614,-0.0001
2025061615,-0.0001
2025061615,-0.0001
2025061615,-0.0001
2025061615,-0.0001
2025061616,-0.0001
2025061616,-0.0001
2025061616,-0.0001
2025061616,-0.0001
2025061617,-0.0001
2025061617,-0.0001
2025061617,-0.0001
2025061617,-0.0001
2025061618,-0.0001
2025061618,-0.0001
2025061618,-0.0001
2025061618,-0.0001
2025061619,-0.0001
2025061619,-0.0001
2025061619,-0.0001
2025061619,-0.0001
2025061620,-0.0001
2025061620,-0.0001
2025061620,-0.0001
2025061620,-0.0001
2025061621,-0.0001
2025061621,-0.0001
2025061621,-0.0001
2025061621,-0.0001
2025061622,-0.0001
2025061622,-0.0001
2025061622,-0.0001
2025061622,-0.0001
2025061623,-0.0001
2025061623,-0.0001
2025061623,-0.0001
2025061623,-0.0001
2025061700,-0.0001
2025061700,-0.0001
2025061700,-0.0001
2025061700,-0.0001
2025061701,-0.0001
2025061701,-0.0001
2025061701,-0.0001
2025061701,-0.0001
2025061702,-0.0001
2025061702,-0.0001
2025061702,-0.0001
2025061702,-0.0001
2025061703,-0.0001
2025061703,-0.0001
2025061703,-0.0001
2025061703,-0.0001
2025061704,-0.0001
2025061704,-0.0001
2025061704,-0.0001
2025061704,-0.0001
2025061705,-0.0001
2025061705,-0.0001
2025061705,-0.0001
2025061705,-0.0001
2025061706,-0.0001
2025061706,-0.0001
2025061706,-0.0001
2025061706,-0.0001
2025061707,-0.0001
2025061707,-0.0001
2025061707,-0.0001
2025061707,-0.0001
2025061708,-0.0001
2025061708,-0.0001
2025061708,-0.0001
2025061708,-0.0001
2025061709,-0.0001
2025061709,-0.0001
2025061709,-0.0001
2025061709,-0.0001
2025061710,-0.0001
2025061710,-0.0001
2025061710,-0.0001
2025061710,-0.0001
2025061711,-0.0001
2025061711,-0.0001
2025061711,-0.0001
2025061711,-0.0001
2025061712,-0.0001
2025061712,-0.0001
2025061712,-0.0001
2025061712,-0.0001
2025061713,-0.0001
2025061713,-0.0001
2025061713,-0.0001
2025061713,-0.0001
2025061714,-0.0001
2025061714,-0.0001
2025061714,-0.0001
2025061714,-0.0001
2025061715,-0.0001
2025061715,-0.0001
2025061715,-0.0001
2025061715,-0.0001
2025061716,-0.0001
2025061716,-0.0001
2025061716,-0.0001
2025061716,-0.0001
2025061717,-0.0001
2025061717,-0.0001
2025061717,-0.0001
2025061717,-0.0001
2025061718,-0.0001
2025061718,-0.0001
2025061718,-0.0001
2025061718,-0.0001
2025061719,-0.0001
2025061719,-0.0001
2025061719,-0.0001
2025061719,-0.0001
2025061720,-0.0001
2025061720,-0.0001
2025061720,-0.0001
2025061720,-0.0001
2025061721,-0.0001
2025061721,-0.0001
2025061721,-0.0001
2025061721,-0.0001
2025061722,-0.0001
2025061722,-0.0001
2025061722,-0.0001
2025061722,-0.0001
2025061723,-0.0001
2025061723,-0.0001
2025061723,-0.0001
2025061723,-0.0001
2025061800,-0.0001
2025061800,-0.0001
2025061800,-0.0001
2025061800,-0.0001
2025061801,-0.0001
2025061801,-0.0001
2025061801,-0.0001
2025061801,-0.0001
2025061802,-0.0001
2025061802,-0.0001
2025061802,-0.0001
2025061802,-0.0001
2025061803,-0.0001
2025061803,-0.0001
2025061803,-0.0001
2025061803,-0.0001
2025061804,-0.0001
2025061804,-0.0001
2025061804,-0.0001
2025061804,-0.0001
2025061805,-0.0001
2025061805,-0.0001
2025061805,-0.0001
2025061805,-0.0001
2025061806,-0.0001
2025061806,-0.0001
2025061806,-0.0001
2025061806,-0.0001
2025061807,-0.0001
2025061807,-0.0001
2025061807,-0.0001
2025061807,-0.0001
2025061808,-0.0001
2025061808,-0.0001
2025061808,-0.0001
2025061808,-0.0001
2025061809,-0.0001
2025061809,-0.0001
2025061809,-0.0001
2025061809,-0.0001
2025061810,-0.0001
2025061810,-0.0001
2025061810,-0.0001
2025061810,-0.0001
2025061811,-0.0001
2025061811,-0.0001
2025061811,-0.0001
2025061811,-0.0001
2025061812,-0.0001
2025061812,-0.0001
2025061812,-0.0001
2025061812,-0.0001
2025061813,-0.0001
2025061813,-0.0001
2025061813,-0.0001
2025061813,-0.0001
2025061814,-0.0001
2025061814,-0.0001
2025061814,-0.0001
2025061814,-0.0001
2025061815,-0.0001
2025061815,-0.0001
2025061815,-0.0001
2025061815,-0.0001
2025061816,-0.0001
2025061816,-0.0001
2025061816,-0.0001
2025061816,-0.0001
2025061817,-0.0001
2025061817,-0.0001
2025061817,-0.0001
2025061817,-0.0001
2025061818,-0.0001
2025061818,-0.0001
2025061818,-0.0001
2025061818,-0.0001
2025061819,-0.0001
2025061819,-0.0001
2025061819,-0.0001
2025061819,-0.0001
2025061820,-0.0001
2025061820,-0.0001
2025061820,-0.0001
2025061820,-0.0001
2025061821,-0.0001
2025061821,-0.0001
2025061821,-0.0001
2025061821,-0.0001
2025061822,-0.0001
2025061822,-0.0001
2025061822,-0.0001
2025061822,-0.0001
2025061823,-0.0001
2025061823,-0.0001
2025061823,-0.0001
2025061823,-0.0001
2025061900,-0.0001
2025061900,-0.0001
2025061900,-0.0001
2025061900,-0.0001
2025061901,-0.0001
2025061901,-0.0001
2025061901,-0.0001
2025061901,-0.0001
2025061902,-0.0001
2025061902,-0.0001
2025061902,-0.0001
2025061902,-0.0001
2025061903,-0.0001
2025061903,-0.0001
2025061903,-0.0001
2025061903,-0.0001
2025061904,-0.0001
2025061904,-0.0001
2025061904,-0.0001
2025061904,-0.0001
2025061905,-0.0001
2025061905,-0.0001
2025061905,-0.0001
2025061905,-0.0001
2025061906,-0.0001
2025061906,-0.0001
2025061906,-0.0001
2025061906,-0.0001
2025061907,-0.0001
2025061907,-0.0001
2025061907,-0.0001
2025061907,-0.0001
2025061908,-0.0001
2025061908,-0.0001
2025061908,-0.0001
2025061908,-0.0001
2025061909,-0.0001
2025061909,-0.0001
2025061909,-0.0001
2025061909,-0.0001
2025061910,-0.0001
2025061910,-0.0001
2025061910,-0.0001
2025061910,-0.0001
2025061911,-0.0001
2025061911,-0.0001
2025061911,-0.0001
2025061911,-0.0001
2025061912,-0.0001
2025061912,-0.0001
2025061912,-0.0001
2025061912,-0.0001
2025061913,-0.0001
2025061913,-0.0001
2025061913,-0.0001
2025061913,-0.0001
2025061914,-0.0001
2025061914,-0.0001
2025061914,-0.0001
2025061914,-0.0001
2025061915,-0.0001
2025061915,-0.0001
2025061915,-0.0001
2025061915,-0.0001
2025061916,-0.0001
2025061916,-0.0001
2025061916,-0.0001
2025061916,-0.0001
2025061917,-0.0001
2025061917,-0.0001
2025061917,-0.0001
2025061917,-0.0001
2025061918,-0.0001
2025061918,-0.0001
2025061918,-0.0001
2025061918,-0.0001
2025061919,-0.0001
2025061919,-0.0001
2025061919,-0.0001
2025061919,-0.0001
2025061920,-0.0001
2025061920,-0.0001
2025061920,-0.0001
2025061920,-0.0001
2025061921,-0.0001
2025061921,-0.0001
2025061921,-0.0001
2025061921,-0.0001
2025061922,-0.0001
2025061922,-0.0001
2025061922,-0.0001
2025061922,-0.0001
2025061923,-0.0001
2025061923,-0.0001
2025061923,-0.0001
2025061923,-0.0001
2025062000,-0.0001
2025062000,-0.0001
2025062000,-0.0001
2025062000,-0.0001
2025062001,-0.0001
2025062001,-0.0001
2025062001,-0.0001
2025062001,-0.0001
2025062002,-0.0001
2025062002,-0.0001
2025062002,-0.0001
2025062002,-0.0001
2025062003,-0.0001
2025062003,-0.0001
2025062003,-0.0001
2025062003,-0.0001
2025062004,-0.0001
2025062004,-0.0001
2025062004,-0.0001
2025062004,-0.0001
2025062005,-0.0001
2025062005,-0.0001
2025062005,-0.0001
2025062005,-0.0001
2025062006,-0.0001
2025062006,-0.0001
2025062006,-0.0001
2025062006,-0.0001
2025062007,-0.0001
2025062007,-0.0001
2025062007,-0.0001
2025062007,-0.0001
2025062008,-0.0001
2025062008,-0.0001
2025062008,-0.0001
2025062008,-0.0001
2025062009,-0.0001
2025062009,-0.0001
2025062009,-0.0001
2025062009,-0.0001
2025062010,-0.0001
2025062010,-0.0001
2025062010,-0.0001
2025062010,-0.0001
2025062011,-0.0001
2025062011,-0.0001
2025062011,-0.0001
2025062011,-0.0001
2025062012,-0.0001
2025062012,-0.0001
2025062012,-0.0001
2025062012,-0.0001
2025062013,-0.0001
2025062013,-0.0001
2025062013,-0.0001
2025062013,-0.0001
2025062014,-0.0001
2025062014,-0.0001
2025062014,-0.0001
2025062014,-0.0001
2025062015,-0.0001
2025062015,-0.0001
2025062015,-0.0001
2025062015,-0.0001
2025062016,-0.0001
2025062016,-0.0001
2025062016,-0.0001
2025062016,-0.0001
2025062017,-0.0001
2025062017,-0.0001
2025062017,-0.0001
2025062017,-0.0001
2025062018,-0.0001
2025062018,-0.0001
2025062018,-0.0001
2025062018,-0.0001
2025062019,-0.0001
2025062019,-0.0001
2025062019,-0.0001
2025062019,-0.0001
2025062020,-0.0001
2025062020,-0.0001
2025062020,-0.0001
2025062020,-0.0001
2025062021,-0.0001
2025062021,-0.0001
2025062021,-0.0001
2025062021,-0.0001
2025062022,-0.0001
2025062022,-0.0001
2025062022,-0.0001
2025062022,-0.0001
2025062023,-0.0001
2025062023,-0.0001
2025062023,-0.0001
2025062023,-0.0001
2025062100,-0.0001
2025062100,-0.0001
2025062100,-0.0001
2025062100,-0.0001
2025062101,-0.0001
2025062101,-0.0001
2025062101,-0.0001
2025062101,-0.0001
2025062102,-0.0001
2025062102,-0.0001
2025062102,-0.0001
2025062102,-0.0001
2025062103,-0.0001
2025062103,-0.0001
2025062103,-0.0001
2025062103,-0.0001
2025062104,-0.0001
2025062104,-0.0001
2025062104,-0.0001
2025062104,-0.0001
2025062105,-0.0001
2025062105,-0.0001
2025062105,-0.0001
2025062105,-0.0001
2025062106,-0.0001
2025062106,-0.0001
2025062106,-0.0001
2025062106,-0.0001
2025062107,-0.0001
2025062107,-0.0001
2025062107,-0.0001
2025062107,-0.0001
2025062108,-0.0001
2025062108,-0.0001
2025062108,-0.0001
2025062108,-0.0001
2025062109,-0.0001
2025062109,-0.0001
2025062109,-0.0001
2025062109,-0.0001
2025062110,-0.0001
2025062110,-0.0001
2025062110,-0.0001
2025062110,-0.0001
2025062111,-0.0001
2025062111,-0.0001
2025062111,-0.0001
2025062111,-0.0001
2025062112,-0.0001
2025062112,-0.0001
2025062112,-0.0001
2025062112,-0.0001
2025062113,-0.0001
2025062113,-0.0001
2025062113,-0.0001
2025062113,-0.0001
2025062114,-0.0001
2025062114,-0.0001
2025062114,-0.0001
2025062114,-0.0001
2025062115,-0.0001
2025062115,-0.0001
2025062115,-0.0001
2025062115,-0.0001
2025062116,-0.0001
2025062116,-0.0001
2025062116,-0.0001
2025062116,-0.0001
2025062117,-0.0001
2025062117,-0.0001
2025062117,-0.0001
2025062117,-0.0001
2025062118,-0.0001
2025062118,-0.0001
2025062118,-0.0001
2025062118,-0.0001
2025062119,-0.0001
2025062119,-0.0001
2025062119,-0.0001
2025062119,-0.0001
2025062120,-0.0001
2025062120,-0.0001
2025062120,-0.0001
2025062120,-0.0001
2025062121,-0.0001
2025062121,-0.0001
2025062121,-0.0001
2025062121,-0.0001
2025062122,-0.0001
2025062122,-0.0001
2025062122,-0.0001
2025062122,-0.0001
2025062123,-0.0001
2025062123,-0.0001
2025062123,-0.0001
2025062123,-0.0001
2025062200,-0.0001
2025062200,-0.0001
2025062200,-0.0001
2025062200,-0.0001
2025062201,-0.0001
2025062201,-0.0001
2025062201,-0.0001
2025062201,-0.0001
2025062202,-0.0001
2025062202,-0.0001
2025062202,-0.0001
2025062202,-0.0001
2025062203,-0.0001
2025062203,-0.0001
2025062203,-0.0001
2025062203,-0.0001
2025062204,-0.0001
2025062204,-0.0001
2025062204,-0.0001
2025062204,-0.0001
2025062205,-0.0001
2025062205,-0.0001
2025062205,-0.0001
2025062205,-0.0001
2025062206,-0.0001
2025062206,-0.0001
2025062206,-0.0001
2025062206,-0.0001
2025062207,-0.0001
2025062207,-0.0001
2025062207,-0.0001
2025062207,-0.0001
2025062208,-0.0001
2025062208,-0.0001
2025062208,-0.0001
2025062208,-0.0001
2025062209,-0.0001
2025062209,-0.0001
2025062209,-0.0001
2025062209,-0.0001
2025062210,-0.0001
2025062210,-0.0001
2025062210,-0.0001
2025062210,-0.0001
2025062211,-0.0001
2025062211,-0.0001
2025062211,-0.0001
2025062211,-0.0001
2025062212,-0.0001
2025062212,-0.0001
2025062212,-0.0001
2025062212,-0.0001
2025062213,-0.0001
2025062213,-0.0001
2025062213,-0.0001
2025062213,-0.0001
2025062214,-0.0001
2025062214,-0.0001
2025062214,-0.0001
2025062214,-0.0001
2025062215,-0.0001
2025062215,-0.0001
2025062215,-0.0001
2025062215,-0.0001
2025062216,-0.0001
2025062216,-0.0001
2025062216,-0.0001
2025062216,-0.0001
2025062217,-0.0001
2025062217,-0.0001
2025062217,-0.0001
2025062217,-0.0001
2025062218,-0.0001
2025062218,-0.0001
2025062218,-0.0001
2025062218,-0.0001
2025062219,-0.0001
2025062219,-0.0001
2025062219,-0.0001
2025062219,-0.0001
2025062220,-0.0001
2025062220,-0.0001
2025062220,-0.0001
2025062220,-0.0001
2025062221,-0.0001
2025062221,-0.0001
2025062221,-0.0001
2025062221,-0.0001
2025062222,-0.0001
2025062222,-0.0001
2025062222,-0.0001
2025062222,-0.0001
2025062223,-0.0001
2025062223,-0.0001
2025062223,-0.0001
2025062223,-0.0001
2025062300,-0.0001
2025062300,-0.0001
2025062300,-0.0001
2025062300,-0.0001
2025062301,-0.0001
2025062301,-0.0001
2025062301,-0.0001
2025062301,-0.0001
2025062302,-0.0001
2025062302,-0.0001
2025062302,-0.0001
2025062302,-0.0001
2025062303,-0.0001
2025062303,-0.0001
2025062303,-0.0001
2025062303,-0.0001
2025062304,-0.0001
2025062304,-0.0001
2025062304,-0.0001
2025062304,-0.0001
2025062305,-0.0001
2025062305,-0.0001
2025062305,-0.0001
2025062305,-0.0001
2025062306,-0.0001
2025062306,-0.0001
2025062306,-0.0001
2025062306,-0.0001
2025062307,-0.0001
2025062307,-0.0001
2025062307,-0.0001
2025062307,-0.0001
2025062308,-0.0001
2025062308,-0.0001
2025062308,-0.0001
2025062308,-0.0001
2025062309,-0.0001
2025062309,-0.0001
2025062309,-0.0001
2025062309,-0.0001
2025062310,-0.0001
2025062310,-0.0001
2025062310,-0.0001
2025062310,-0.0001
2025062311,-0.0001
2025062311,-0.0001
2025062311,-0.0001
2025062311,-0.0001
2025062312,-0.0001
2025062312,-0.0001
2025062312,-0.0001
2025062312,-0.0001
2025062313,-0.0001
2025062313,-0.0001
2025062313,-0.0001
2025062313,-0.0001
2025062314,-0.0001
2025062314,-0.0001
2025062314,-0.0001
2025062314,-0.0001
2025062315,-0.0001
2025062315,-0.0001
2025062315,-0.0001
2025062315,-0.0001
2025062316,-0.0001
2025062316,-0.0001
2025062316,-0.0001
2025062316,-0.0001
2025062317,-0.0001
2025062317,-0.0001
2025062317,-0.0001
2025062317,-0.0001
2025062318,-0.0001
2025062318,-0.0001
2025062318,-0.0001
2025062318,-0.0001
2025062319,-0.0001
2025062319,-0.0001
2025062319,-0.0001
2025062319,-0.0001
2025062320,-0.0001
2025062320,-0.0001
2025062320,-0.0001
2025062320,-0.0001
2025062321,-0.0001
2025062321,-0.0001
2025062321,-0.0001
2025062321,-0.0001
2025062322,-0.0001
2025062322,-0.0001
2025062322,-0.0001
2025062322,-0.0001
2025062323,-0.0001
2025062323,-0.0001
2025062323,-0.0001
2025062323,-0.0001
2025062400,-0.0001
2025062400,-0.0001
2025062400,-0.0001
2025062400,-0.0001
2025062401,-0.0001
2025062401,-0.0001
2025062401,-0.0001
2025062401,-0.0001
2025062402,-0.0001
2025062402,-0.0001
2025062402,-0.0001
2025062402,-0.0001
2025062403,-0.0001
2025062403,-0.0001
2025062403,-0.0001
2025062403,-0.0001
2025062404,-0.0001
2025062404,-0.0001
2025062404,-0.0001
2025062404,-0.0001
2025062405,-0.0001
2025062405,-0.0001
2025062405,-0.0001
2025062405,-0.0001
2025062406,-0.0001
2025062406,-0.0001
2025062406,-0.0001
2025062406,-0.0001
2025062407,-0.0001
2025062407,-0.0001
2025062407,-0.0001
2025062407,-0.0001
2025062408,-0.0001
2025062408,-0.0001
2025062408,-0.0001
2025062408,-0.0001
2025062409,-0.0001
2025062409,-0.0001
2025062409,-0.0001
2025062409,-0.0001
2025062410,-0.0001
2025062410,-0.0001
2025062410,-0.0001
2025062410,-0.0001
2025062411,-0.0001
2025062411,-0.0001
2025062411,-0.0001
2025062411,-0.0001
2025062412,-0.0001
2025062412,-0.0001
2025062412,-0.0001
2025062412,-0.0001
2025062413,-0.0001
2025062413,-0.0001
2025062413,-0.0001
2025062413,-0.0001
2025062414,-0.0001
2025062414,-0.0001
2025062414,-0.0001
2025062414,-0.0001
2025062415,-0.0001
2025062415,-0.0001
2025062415,-0.0001
2025062415,-0.0001
2025062416,-0.0001
2025062416,-0.0001
2025062416,-0.0001
2025062416,-0.0001
2025062417,-0.0001
2025062417,-0.0001
2025062417,-0.0001
2025062417,-0.0001
2025062418,-0.0001
2025062418,-0.0001
2025062418,-0.0001
2025062418,-0.0001
2025062419,-0.0001
2025062419,-0.0001
2025062419,-0.0001
2025062419,-0.0001
2025062420,-0.0001
2025062420,-0.0001
2025062420,-0.0001
2025062420,-0.0001
2025062421,-0.0001
2025062421,-0.0001
2025062421,-0.0001
2025062421,-0.0001
2025062422,-0.0001
2025062422,-0.0001
2025062422,-0.0001
2025062422,-0.0001
2025062423,-0.0001
2025062423,-0.0001
2025062423,-0.0001
2025062423,-0.0001
2025062500,-0.0001
2025062500,-0.0001
2025062500,-0.0001
2025062500,-0.0001
2025062501,-0.0001
2025062501,-0.0001
2025062501,-0.0001
2025062501,-0.0001
2025062502,-0.0001
2025062502,-0.0001
2025062502,-0.0001
2025062502,-0.0001
2025062503,-0.0001
2025062503,-0.0001
2025062503,-0.0001
2025062503,-0.0001
2025062504,-0.0001
2025062504,-0.0001
2025062504,-0.0001
2025062504,-0.0001
2025062505,-0.0001
2025062505,-0.0001
2025062505,-0.0001
2025062505,-0.0001
2025062506,-0.0001
2025062506,-0.0001
2025062506,-0.0001
2025062506,-0.0001
2025062507,-0.0001
2025062507,-0.0001
2025062507,-0.0001
2025062507,-0.0001
2025062508,-0.0001
2025062508,-0.0001
2025062508,-0.0001
2025062508,-0.0001
2025062509,-0.0001
2025062509,-0.0001
2025062509,-0.0001
2025062509,-0.0001
2025062510,-0.0001
2025062510,-0.0001
2025062510,-0.0001
2025062510,-0.0001
2025062511,-0.0001
2025062511,-0.0001
2025062511,-0.0001
2025062511,-0.0001
2025062512,-0.0001
2025062512,-0.0001
2025062512,-0.0001
2025062512,-0.0001
2025062513,-0.0001
2025062513,-0.0001
2025062513,-0.0001
2025062513,-0.0001
2025062514,-0.0001
2025062514,-0.0001
2025062514,-0.0001
2025062514,-0.0001
2025062515,-0.0001
2025062515,-0.0001
2025062515,-0.0001
2025062515,-0.0001
2025062516,-0.0001
2025062516,-0.0001
2025062516,-0.0001
2025062516,-0.0001
2025062517,-0.0001
2025062517,-0.0001
2025062517,-0.0001
2025062517,-0.0001
2025062518,-0.0001
2025062518,-0.0001
2025062518,-0.0001
2025062518,-0.0001
2025062519,-0.0001
2025062519,-0.0001
2025062519,-0.0001
2025062519,-0.0001
2025062520,-0.0001
2025062520,-0.0001
2025062520,-0.0001
2025062520,-0.0001
2025062521,-0.0001
2025062521,-0.0001
2025062521,-0.0001
2025062521,-0.0001
2025062522,-0.0001
2025062522,-0.0001
2025062522,-0.0001
2025062522,-0.0001
2025062523,-0.0001
2025062523,-0.0001
2025062523,-0.0001
2025062523,-0.0001
2025062600,-0.0001
2025062600,-0.0001
2025062600,-0.0001
2025062600,-0.0001
2025062601,-0.0001
2025062601,-0.0001
2025062601,-0.0001
2025062601,-0.0001
2025062602,-0.0001
2025062602,-0.0001
2025062602,-0.0001
2025062602,-0.0001
2025062603,-0.0001
2025062603,-0.0001
2025062603,-0.0001
2025062603,-0.0001
2025062604,-0.0001
2025062604,-0.0001
2025062604,-0.0001
2025062604,-0.0001
2025062605,-0.0001
2025062605,-0.0001
2025062605,-0.0001
2025062605,-0.0001
2025062606,-0.0001
2025062606,-0.0001
2025062606,-0.0001
2025062606,-0.0001
2025062607,-0.0001
2025062607,-0.0001
2025062607,-0.0001
2025062607,-0.0001
2025062608,-0.0001
2025062608,-0.0001
2025062608,-0.0001
2025062608,-0.0001
2025062609,-0.0001
2025062609,-0.0001
2025062609,-0.0001
2025062609,-0.0001
2025062610,-0.0001
2025062610,-0.0001
2025062610,-0.0001
2025062610,-0.0001
2025062611,-0.0001
2025062611,-0.0001
2025062611,-0.0001
2025062611,-0.0001
2025062612,-0.0001
2025062612,-0.0001
2025062612,-0.0001
2025062612,-0.0001
2025062613,-0.0001
2025062613,-0.0001
2025062613,-0.0001
2025062613,-0.0001
2025062614,-0.0001
2025062614,-0.0001
2025062614,-0.0001
2025062614,-0.0001
2025062615,-0.0001
2025062615,-0.0001
2025062615,-0.0001
2025062615,-0.0001
2025062616,-0.0001
2025062616,-0.0001
2025062616,-0.0001
2025062616,-0.0001
2025062617,-0.0001
2025062617,-0.0001
2025062617,-0.0001
2025062617,-0.0001
2025062618,-0.0001
2025062618,-0.0001
2025062618,-0.0001
2025062618,-0.0001
2025062619,-0.0001
2025062619,-0.0001
2025062619,-0.0001
2025062619,-0.0001
2025062620,-0.0001
2025062620,-0.0001
2025062620,-0.0001
2025062620,-0.0001
2025062621,-0.0001
2025062621,-0.0001
2025062621,-0.0001
2025062621,-0.0001
2025062622,-0.0001
2025062622,-0.0001
2025062622,-0.0001
2025062622,-0.0001
2025062623,-0.0001
2025062623,-0.0001
2025062623,-0.0001
2025062623,-0.0001
2025062700,-0.0001
2025062700,-0.0001
2025062700,-0.0001
2025062700,-0.0001
2025062701,-0.0001
2025062701,-0.0001
2025062701,-0.0001
2025062701,-0.0001
2025062702,-0.0001
2025062702,-0.0001
2025062702,-0.0001
2025062702,-0.0001
2025062703,-0.0001
2025062703,-0.0001
2025062703,-0.0001
2025062703,-0.0001
2025062704,-0.0001
2025062704,-0.0001
2025062704,-0.0001
2025062704,-0.0001
2025062705,-0.0001
2025062705,-0.0001
2025062705,-0.0001
2025062705,-0.0001
2025062706,-0.0001
2025062706,-0.0001
2025062706,-0.0001
2025062706,-0.0001
2025062707,-0.0001
2025062707,-0.0001
2025062707,-0.0001
2025062707,-0.0001
2025062708,-0.0001
2025062708,-0.0001
2025062708,-0.0001
2025062708,-0.0001
2025062709,-0.0001
2025062709,-0.0001
2025062709,-0.0001
2025062709,-0.0001
2025062710,-0.0001
2025062710,-0.0001
2025062710,-0.0001
2025062710,-0.0001
2025062711,-0.0001
2025062711,-0.0001
2025062711,-0.0001
2025062711,-0.0001
2025062712,-0.0001
2025062712,-0.0001
2025062712,-0.0001
2025062712,-0.0001
2025062713,-0.0001
2025062713,-0.0001
2025062713,-0.0001
2025062713,-0.0001
2025062714,-0.0001
2025062714,-0.0001
2025062714,-0.0001
2025062714,-0.0001
2025062715,-0.0001
2025062715,-0.0001
2025062715,-0.0001
2025062715,-0.0001
2025062716,-0.0001
2025062716,-0.0001
2025062716,-0.0001
2025062716,-0.0001
2025062717,-0.0001
2025062717,-0.0001
2025062717,-0.0001
2025062717,-0.0001
2025062718,-0.0001
2025062718,-0.0001
2025062718,-0.0001
2025062718,-0.0001
2025062719,-0.0001
2025062719,-0.0001
2025062719,-0.0001
2025062719,-0.0001
2025062720,-0.0001
2025062720,-0.0001
2025062720,-0.0001
2025062720,-0.0001
2025062721,-0.0001
2025062721,-0.0001
2025062721,-0.0001
2025062721,-0.0001
2025062722,-0.0001
2025062722,-0.0001
2025062722,-0.0001
2025062722,-0.0001
2025062723,-0.0001
2025062723,-0.0001
2025062723,-0.0001
2025062723,-0.0001
2025062800,-0.0001
2025062800,-0.0001
2025062800,-0.0001
2025062800,-0.0001
2025062801,-0.0001
2025062801,-0.0001
2025062801,-0.0001
2025062801,-0.0001
2025062802,-0.0001
2025062802,-0.0001
2025062802,-0.0001
2025062802,-0.0001
2025062803,-0.0001
2025062803,-0.0001
2025062803,-0.0001
2025062803,-0.0001
2025062804,-0.0001
2025062804,-0.0001
2025062804,-0.0001
2025062804,-0.0001
2025062805,-0.0001
2025062805,-0.0001
2025062805,-0.0001
2025062805,-0.0001
2025062806,-0.0001
2025062806,-0.0001
2025062806,-0.0001
2025062806,-0.0001
2025062807,-0.0001
2025062807,-0.0001
2025062807,-0.0001
2025062807,-0.0001
2025062808,-0.0001
2025062808,-0.0001
2025062808,-0.0001
2025062808,-0.0001
2025062809,-0.0001
2025062809,-0.0001
2025062809,-0.0001
2025062809,-0.0001
2025062810,-0.0001
2025062810,-0.0001
2025062810,-0.0001
2025062810,-0.0001
2025062811,-0.0001
2025062811,-0.0001
2025062811,-0.0001
2025062811,-0.0001
2025062812,-0.0001
2025062812,-0.0001
2025062812,-0.0001
2025062812,-0.0001
2025062813,-0.0001
2025062813,-0.0001
2025062813,-0.0001
2025062813,-0.0001
2025062814,-0.0001
2025062814,-0.0001
2025062814,-0.0001
2025062814,-0.0001
2025062815,-0.0001
2025062815,-0.0001
2025062815,-0.0001
2025062815,-0.0001
2025062816,-0.0001
2025062816,-0.0001
2025062816,-0.0001
2025062816,-0.0001
2025062817,-0.0001
2025062817,-0.0001
2025062817,-0.0001
2025062817,-0.0001
2025062818,-0.0001
2025062818,-0.0001
2025062818,-0.0001
2025062818,-0.0001
2025062819,-0.0001
2025062819,-0.0001
2025062819,-0.0001
2025062819,-0.0001
2025062820,-0.0001
2025062820,-0.0001
2025062820,-0.0001
2025062820,-0.0001
2025062821,-0.0001
2025062821,-0.0001
2025062821,-0.0001
2025062821,-0.0001
2025062822,-0.0001
2025062822,-0.0001
2025062822,-0.0001
2025062822,-0.0001
2025062823,-0.0001
2025062823,-0.0001
2025062823,-0.0001
2025062823,-0.0001
2025062900,-0.0001
2025062900,-0.0001
2025062900,-0.0001
2025062900,-0.0001
2025062901,-0.0001
2025062901,-0.0001
2025062901,-0.0001
2025062901,-0.0001
2025062902,-0.0001
2025062902,-0.0001
2025062902,-0.0001
2025062902,-0.0001
2025062903,-0.0001
2025062903,-0.0001
2025062903,-0.0001
2025062903,-0.0001
2025062904,-0.0001
2025062904,-0.0001
2025062904,-0.0001
2025062904,-0.0001
2025062905,-0.0001
2025062905,-0.0001
2025062905,-0.0001
2025062905,-0.0001
2025062906,-0.0001
2025062906,-0.0001
2025062906,-0.0001
2025062906,-0.0001
2025062907,-0.0001
2025062907,-0.0001
2025062907,-0.0001
2025062907,-0.0001
2025062908,-0.0001
2025062908,-0.0001
2025062908,-0.0001
2025062908,-0.0001
2025062909,-0.0001
2025062909,-0.0001
2025062909,-0.0001
2025062909,-0.0001
2025062910,-0.0001
2025062910,-0.0001
2025062910,-0.0001
2025062910,-0.0001
2025062911,-0.0001
2025062911,-0.0001
2025062911,-0.0001
2025062911,-0.0001
2025062912,-0.0001
2025062912,-0.0001
2025062912,-0.0001
2025062912,-0.0001
2025062913,-0.0001
2025062913,-0.0001
2025062913,-0.0001
2025062913,-0.0001
2025062914,-0.0001
2025062914,-0.0001
2025062914,-0.0001
2025062914,-0.0001
2025062915,-0.0001
2025062915,-0.0001
2025062915,-0.0001
2025062915,-0.0001
2025062916,-0.0001
2025062916,-0.0001
2025062916,-0.0001
2025062916,-0.0001
2025062917,-0.0001
2025062917,-0.0001
2025062917,-0.0001
2025062917,-0.0001
2025062918,-0.0001
2025062918,-0.0001
2025062918,-0.0001
2025062918,-0.0001
2025062919,-0.0001
2025062919,-0.0001
2025062919,-0.0001
2025062919,-0.0001
2025062920,-0.0001
2025062920,-0.0001
2025062920,-0.0001
2025062920,-0.0001
2025062921,-0.0001
2025062921,-0.0001
2025062921,-0.0001
2025062921,-0.0001
2025062922,-0.0001
2025062922,-0.0001
2025062922,-0.0001
2025062922,-0.0001
2025062923,-0.0001
2025062923,-0.0001
2025062923,-0.0001
2025062923,-0.0001
2025063000,-0.0001
2025063000,-0.0001
2025063000,-0.0001
2025063000,-0.0001
2025063001,-0.0001
2025063001,-0.0001
2025063001,-0.0001
2025063001,-0.0001
2025063002,-0.0001
2025063002,-0.0001
2025063002,-0.0001
2025063002,-0.0001
2025063003,-0.0001
2025063003,-0.0001
2025063003,-0.0001
2025063003,-0.0001
2025063004,-0.0001
2025063004,-0.0001
2025063004,-0.0001
2025063004,-0.0001
2025063005,-0.0001
2025063005,-0.0001
2025063005,-0.0001
2025063005,-0.0001
2025063006,-0.0001
2025063006,-0.0001
2025063006,-0.0001
2025063006,-0.0001
2025063007,-0.0001
2025063007,-0.0001
2025063007,-0.0001
2025063007,-0.0001
2025063008,-0.0001
2025063008,-0.0001
2025063008,-0.0001
2025063008,-0.0001
2025063009,-0.0001
2025063009,-0.0001
2025063009,-0.0001
2025063009,-0.0001
2025063010,-0.0001
2025063010,-0.0001
2025063010,-0.0001
2025063010,-0.0001
2025063011,-0.0001
2025063011,-0.0001
2025063011,-0.0001
2025063011,-0.0001
2025063012,-0.0001
2025063012,-0.0001
2025063012,-0.0001
2025063012,-0.0001
2025063013,-0.0001
2025063013,-0.0001
2025063013,-0.0001
2025063013,-0.0001
2025063014,-0.0001
2025063014,-0.0001
2025063014,-0.0001
2025063014,-0.0001
2025063015,-0.0001
2025063015,-0.0001
2025063015,-0.0001
2025063015,-0.0001
2025063016,-0.0001
2025063016,-0.0001
2025063016,-0.0001
2025063016,-0.0001
2025063017,-0.0001
2025063017,-0.0001
2025063017,-0.0001
2025063017,-0.0001
2025063018,-0.0001
2025063018,-0.0001
2025063018,-0.0001
2025063018,-0.0001
2025063019,-0.0001
2025063019,-0.0001
2025063019,-0.0001
2025063019,-0.0001
2025063020,-0.0001
2025063020,-0.0001
2025063020,-0.0001
2025063020,-0.0001
2025063021,-0.0001
2025063021,-0.0001
2025063021,-0.0001
2025063021,-0.0001
2025063022,-0.0001
2025063022,-0.0001
2025063022,-0.0001
2025063022,-0.0001
2025063023,-0.0001
2025063023,-0.0001
2025063023,-0.0001
2025063023,-0.0001
2025070100,-0.0001
2025070100,-0.0001
2025070100,-0.0001
2025070100,-0.0001
2025070101,-0.0001
2025070101,-0.0001
2025070101,-0.0001
2025070101,-0.0001
2025070102,-0.0001
2025070102,-0.0001
2025070102,-0.0001
2025070102,-0.0001
2025070103,-0.0001
2025070103,-0.0001
2025070103,-0.0001
2025070103,-0.0001
2025070104,-0.0001
2025070104,-0.0001
2025070104,-0.0001
2025070104,-0.0001
2025070105,-0.0001
2025070105,-0.0001
2025070105,-0.0001
2025070105,-0.0001
2025070106,-0.0001
2025070106,-0.0001
2025070106,-0.0001
2025070106,-0.0001
2025070107,-0.0001
2025070107,-0.0001
2025070107,-0.0001
2025070107,-0.0001
2025070108,-0.0001
2025070108,-0.0001
2025070108,-0.0001
2025070108,-0.0001
2025070109,-0.0001
2025070109,-0.0001
2025070109,-0.0001
2025070109,-0.0001
2025070110,-0.0001
2025070110,-0.0001
2025070110,-0.0001
2025070110,-0.0001
2025070111,-0.0001
2025070111,-0.0001
2025070111,-0.0001
2025070111,-0.0001
2025070112,-0.0001
2025070112,-0.0001
2025070112,-0.0001
2025070112,-0.0001
2025070113,-0.0001
2025070113,-0.0001
2025070113,-0.0001
2025070113,-0.0001
2025070114,-0.0001
2025070114,-0.0001
2025070114,-0.0001
2025070114,-0.0001
2025070115,-0.0001
2025070115,-0.0001
2025070115,-0.0001
2025070115,-0.0001
2025070116,-0.0001
2025070116,-0.0001
2025070116,-0.0001
2025070116,-0.0001
2025070117,-0.0001
2025070117,-0.0001
2025070117,-0.0001
2025070117,-0.0001
2025070118,-0.0001
2025070118,-0.0001
2025070118,-0.0001
2025070118,-0.0001
2025070119,-0.0001
2025070119,-0.0001
2025070119,-0.0001
2025070119,-0.0001
2025070120,-0.0001
2025070120,-0.0001
2025070120,-0.0001
2025070120,-0.0001
2025070121,-0.0001
2025070121,-0.0001
2025070121,-0.0001
2025070121,-0.0001
2025070122,-0.0001
2025070122,-0.0001
2025070122,-0.0001
2025070122,-0.0001
2025070123,-0.0001
2025070123,-0.0001
2025070123,-0.0001
2025070123,-0.0001
2025070200,-0.0001
2025070200,-0.0001
2025070200,-0.0001
2025070200,-0.0001
2025070201,-0.0001
2025070201,-0.0001
2025070201,-0.0001
2025070201,-0.0001
2025070202,-0.0001
2025070202,-0.0001
2025070202,-0.0001
2025070202,-0.0001
2025070203,-0.0001
2025070203,-0.0001
2025070203,-0.0001
2025070203,-0.0001
2025070204,-0.0001
2025070204,-0.0001
2025070204,-0.0001
2025070204,-0.0001
2025070205,-0.0001
2025070205,-0.0001
2025070205,-0.0001
2025070205,-0.0001
2025070206,-0.0001
2025070206,-0.0001
2025070206,-0.0001
2025070206,-0.0001
2025070207,-0.0001
2025070207,-0.0001
2025070207,-0.0001
2025070207,-0.0001
2025070208,-0.0001
2025070208,-0.0001
2025070208,-0.0001
2025070208,-0.0001
2025070209,-0.0001
2025070209,-0.0001
2025070209,-0.0001
2025070209,-0.0001
2025070210,-0.0001
2025070210,-0.0001
2025070210,-0.0001
2025070210,-0.0001
2025070211,-0.0001
2025070211,-0.0001
2025070211,-0.0001
2025070211,-0.0001
2025070212,-0.0001
2025070212,-0.0001
2025070212,-0.0001
2025070212,-0.0001
2025070213,-0.0001
2025070213,-0.0001
2025070213,-0.0001
2025070213,-0.0001
2025070214,-0.0001
2025070214,-0.0001
2025070214,-0.0001
2025070214,-0.0001
2025070215,-0.0001
2025070215,-0.0001
2025070215,-0.0001
2025070215,-0.0001
2025070216,-0.0001
2025070216,-0.0001
2025070216,-0.0001
2025070216,-0.0001
2025070217,-0.0001
2025070217,-0.0001
2025070217,-0.0001
2025070217,-0.0001
2025070218,-0.0001
2025070218,-0.0001
2025070218,-0.0001
2025070218,-0.0001
2025070219,-0.0001
2025070219,-0.0001
2025070219,-0.0001
2025070219,-0.0001
2025070220,-0.0001
2025070220,-0.0001
2025070220,-0.0001
2025070220,-0.0001
2025070221,-0.0001
2025070221,-0.0001
2025070221,-0.0001
2025070221,-0.0001
2025070222,-0.0001
2025070222,-0.0001
2025070222,-0.0001
2025070222,-0.0001
2025070223,-0.0001
2025070223,-0.0001
2025070223,-0.0001
2025070223,-0.0001
2025070300,-0.0001
2025070300,-0.0001
2025070300,-0.0001
2025070300,-0.0001
2025070301,-0.0001
2025070301,-0.0001
2025070301,-0.0001
2025070301,-0.0001
2025070302,-0.0001
2025070302,-0.0001
2025070302,-0.0001
2025070302,-0.0001
2025070303,-0.0001
2025070303,-0.0001
2025070303,-0.0001
2025070303,-0.0001
2025070304,-0.0001
2025070304,-0.0001
2025070304,-0.0001
2025070304,-0.0001
2025070305,-0.0001
2025070305,-0.0001
2025070305,-0.0001
2025070305,-0.0001
2025070306,-0.0001
2025070306,-0.0001
2025070306,-0.0001
2025070306,-0.0001
2025070307,-0.0001
2025070307,-0.0001
2025070307,-0.0001
2025070307,-0.0001
2025070308,-0.0001
2025070308,-0.0001
2025070308,-0.0001
2025070308,-0.0001
2025070309,-0.0001
2025070309,-0.0001
2025070309,-0.0001
2025070309,-0.0001
2025070310,-0.0001
2025070310,-0.0001
2025070310,-0.0001
2025070310,-0.0001
2025070311,-0.0001
2025070311,-0.0001
2025070311,-0.0001
2025070311,-0.0001
2025070312,-0.0001
2025070312,-0.0001
2025070312,-0.0001
2025070312,-0.0001
2025070313,-0.0001
2025070313,-0.0001
2025070313,-0.0001
2025070313,-0.0001
2025070314,-0.0001
2025070314,-0.0001
2025070314,-0.0001
2025070314,-0.0001
2025070315,-0.0001
2025070315,-0.0001
2025070315,-0.0001
2025070315,-0.0001
2025070316,-0.0001
2025070316,-0.0001
2025070316,-0.0001
2025070316,-0.0001
2025070317,-0.0001
2025070317,-0.0001
2025070317,-0.0001
2025070317,-0.0001
2025070318,-0.0001
2025070318,-0.0001
2025070318,-0.0001
2025070318,-0.0001
2025070319,-0.0001
2025070319,-0.0001
2025070319,-0.0001
2025070319,-0.0001
2025070320,-0.0001
2025070320,-0.0001
2025070320,-0.0001
2025070320,-0.0001
2025070321,-0.0001
2025070321,-0.0001
2025070321,-0.0001
2025070321,-0.0001
2025070322,-0.0001
2025070322,-0.0001
2025070322,-0.0001
2025070322,-0.0001
2025070323,-0.0001
2025070323,-0.0001
2025070323,-0.0001
2025070323,-0.0001
2025070400,-0.0001
2025070400,-0.0001
2025070400,-0.0001
2025070400,-0.0001
2025070401,-0.0001
2025070401,-0.0001
2025070401,-0.0001
2025070401,-0.0001
2025070402,-0.0001
2025070402,-0.0001
2025070402,-0.0001
2025070402,-0.0001
2025070403,-0.0001
2025070403,-0.0001
2025070403,-0.0001
2025070403,-0.0001
2025070404,-0.0001
2025070404,-0.0001
2025070404,-0.0001
2025070404,-0.0001
2025070405,-0.0001
2025070405,-0.0001
2025070405,-0.0001
2025070405,-0.0001
2025070406,-0.0001
2025070406,-0.0001
2025070406,-0.0001
2025070406,-0.0001
2025070407,-0.0001
2025070407,-0.0001
2025070407,-0.0001
2025070407,-0.0001
2025070408,-0.0001
2025070408,-0.0001
2025070408,-0.0001
2025070408,-0.0001
2025070409,-0.0001
2025070409,-0.0001
2025070409,-0.0001
2025070409,-0.0001
2025070410,-0.0001
2025070410,-0.0001
2025070410,-0.0001
2025070410,-0.0001
2025070411,-0.0001
2025070411,-0.0001
2025070411,-0.0001
2025070411,-0.0001
2025070412,-0.0001
2025070412,-0.0001
2025070412,-0.0001
2025070412,-0.0001
2025070413,-0.0001
2025070413,-0.0001
2025070413,-0.0001
2025070413,-0.0001
2025070414,-0.0001
2025070414,-0.0001
2025070414,-0.0001
2025070414,-0.0001
2025070415,-0.0001
2025070415,-0.0001
2025070415,-0.0001
2025070415,-0.0001
2025070416,-0.0001
2025070416,-0.0001
2025070416,-0.0001
2025070416,-0.0001
2025070417,-0.0001
2025070417,-0.0001
2025070417,-0.0001
2025070417,-0.0001
2025070418,-0.0001
2025070418,-0.0001
2025070418,-0.0001
2025070418,-0.0001
2025070419,-0.0001
2025070419,-0.0001
2025070419,-0.0001
2025070419,-0.0001
2025070420,-0.0001
2025070420,-0.0001
2025070420,-0.0001
2025070420,-0.0001
2025070421,-0.0001
2025070421,-0.0001
2025070421,-0.0001
2025070421,-0.0001
2025070422,-0.0001
2025070422,-0.0001
2025070422,-0.0001
2025070422,-0.0001
2025070423,-0.0001
2025070423,-0.0001
2025070423,-0.0001
2025070423,-0.0001
2025070500,-0.0001
2025070500,-0.0001
2025070500,-0.0001
2025070500,-0.0001
2025070501,-0.0001
2025070501,-0.0001
2025070501,-0.0001
2025070501,-0.0001
2025070502,-0.0001
2025070502,-0.0001
2025070502,-0.0001
2025070502,-0.0001
2025070503,-0.0001
2025070503,-0.0001
2025070503,-0.0001
2025070503,-0.0001
2025070504,-0.0001
2025070504,-0.0001
2025070504,-0.0001
2025070504,-0.0001
2025070505,-0.0001
2025070505,-0.0001
2025070505,-0.0001
2025070505,-0.0001
2025070506,-0.0001
2025070506,-0.0001
2025070506,-0.0001
2025070506,-0.0001
2025070507,-0.0001
2025070507,-0.0001
2025070507,-0.0001
2025070507,-0.0001
2025070508,-0.0001
2025070508,-0.0001
2025070508,-0.0001
2025070508,-0.0001
2025070509,-0.0001
2025070509,-0.0001
2025070509,-0.0001
2025070509,-0.0001
2025070510,-0.0001
2025070510,-0.0001
2025070510,-0.0001
2025070510,-0.0001
2025070511,-0.0001
2025070511,-0.0001
2025070511,-0.0001
2025070511,-0.0001
2025070512,-0.0001
2025070512,-0.0001
2025070512,-0.0001
2025070512,-0.0001
2025070513,-0.0001
2025070513,-0.0001
2025070513,-0.0001
2025070513,-0.0001
2025070514,-0.0001
2025070514,-0.0001
2025070514,-0.0001
2025070514,-0.0001
2025070515,-0.0001
2025070515,-0.0001
2025070515,-0.0001
2025070515,-0.0001
2025070516,-0.0001
2025070516,-0.0001
2025070516,-0.0001
2025070516,-0.0001
2025070517,-0.0001
2025070517,-0.0001
2025070517,-0.0001
2025070517,-0.0001
2025070518,-0.0001
2025070518,-0.0001
2025070518,-0.0001
2025070518,-0.0001
2025070519,-0.0001
2025070519,-0.0001
2025070519,-0.0001
2025070519,-0.0001
2025070520,-0.0001
2025070520,-0.0001
2025070520,-0.0001
2025070520,-0.0001
2025070521,-0.0001
2025070521,-0.0001
2025070521,-0.0001
2025070521,-0.0001
2025070522,-0.0001
2025070522,-0.0001
2025070522,-0.0001
2025070522,-0.0001
2025070523,-0.0001
2025070523,-0.0001
2025070523,-0.0001
2025070523,-0.0001
2025070600,-0.0001
2025070600,-0.0001
2025070600,-0.0001
2025070600,-0.0001
2025070601,-0.0001
2025070601,-0.0001
2025070601,-0.0001
2025070601,-0.0001
2025070602,-0.0001
2025070602,-0.0001
2025070602,-0.0001
2025070602,-0.0001
2025070603,-0.0001
2025070603,-0.0001
2025070603,-0.0001
2025070603,-0.0001
2025070604,-0.0001
2025070604,-0.0001
2025070604,-0.0001
2025070604,-0.0001
2025070605,-0.0001
2025070605,-0.0001
2025070605,-0.0001
2025070605,-0.0001
2025070606,-0.0001
2025070606,-0.0001
2025070606,-0.0001
2025070606,-0.0001
2025070607,-0.0001
2025070607,-0.0001
2025070607,-0.0001
2025070607,-0.0001
2025070608,-0.0001
2025070608,-0.0001
2025070608,-0.0001
2025070608,-0.0001
2025070609,-0.0001
2025070609,-0.0001
2025070609,-0.0001
2025070609,-0.0001
2025070610,-0.0001
2025070610,-0.0001
2025070610,-0.0001
2025070610,-0.0001
2025070611,-0.0001
2025070611,-0.0001
2025070611,-0.0001
2025070611,-0.0001
2025070612,-0.0001
2025070612,-0.0001
2025070612,-0.0001
2025070612,-0.0001
2025070613,-0.0001
2025070613,-0.0001
2025070613,-0.0001
2025070613,-0.0001
2025070614,-0.0001
2025070614,-0.0001
2025070614,-0.0001
2025070614,-0.0001
2025070615,-0.0001
2025070615,-0.0001
2025070615,-0.0001
2025070615,-0.0001
2025070616,-0.0001
2025070616,-0.0001
2025070616,-0.0001
2025070616,-0.0001
2025070617,-0.0001
2025070617,-0.0001
2025070617,-0.0001
2025070617,-0.0001
2025070618,-0.0001
2025070618,-0.0001
2025070618,-0.0001
2025070618,-0.0001
2025070619,-0.0001
2025070619,-0.0001
2025070619,-0.0001
2025070619,-0.0001
2025070620,-0.0001
2025070620,-0.0001
2025070620,-0.0001
2025070620,-0.0001
2025070621,-0.0001
2025070621,-0.0001
2025070621,-0.0001
2025070621,-0.0001
2025070622,-0.0001
2025070622,-0.0001
2025070622,-0.0001
2025070622,-0.0001
2025070623,-0.0001
2025070623,-0.0001
2025070623,-0.0001
2025070623,-0.0001
2025070700,-0.0001
2025070700,-0.0001
2025070700,-0.0001
2025070700,-0.0001
2025070701,-0.0001
2025070701,-0.0001
2025070701,-0.0001
2025070701,-0.0001
2025070702,-0.0001
2025070702,-0.0001
2025070702,-0.0001
2025070702,-0.0001
2025070703,-0.0001
2025070703,-0.0001
2025070703,-0.0001
2025070703,-0.0001
2025070704,-0.0001
2025070704,-0.0001
2025070704,-0.0001
2025070704,-0.0001
2025070705,-0.0001
2025070705,-0.0001
2025070705,-0.0001
2025070705,-0.0001
2025070706,-0.0001
2025070706,-0.0001
2025070706,-0.0001
2025070706,-0.0001
2025070707,-0.0001
2025070707,-0.0001
2025070707,-0.0001
2025070707,-0.0001
2025070708,-0.0001
2025070708,-0.0001
2025070708,-0.0001
2025070708,-0.0001
2025070709,-0.0001
2025070709,-0.0001
2025070709,-0.0001
2025070709,-0.0001
2025070710,-0.0001
2025070710,-0.0001
2025070710,-0.0001
2025070710,-0.0001
2025070711,-0.0001
2025070711,-0.0001
2025070711,-0.0001
2025070711,-0.0001
2025070712,-0.0001
2025070712,-0.0001
2025070712,-0.0001
2025070712,-0.0001
2025070713,-0.0001
2025070713,-0.0001
2025070713,-0.0001
2025070713,-0.0001
2025070714,-0.0001
2025070714,-0.0001
2025070714,-0.0001
2025070714,-0.0001
2025070715,-0.0001
2025070715,-0.0001
2025070715,-0.0001
2025070715,-0.0001
2025070716,-0.0001
2025070716,-0.0001
2025070716,-0.0001
2025070716,-0.0001
2025070717,-0.0001
2025070717,-0.0001
2025070717,-0.0001
2025070717,-0.0001
2025070718,-0.0001
2025070718,-0.0001
2025070718,-0.0001
2025070718,-0.0001
2025070719,-0.0001
2025070719,-0.0001
2025070719,-0.0001
2025070719,-0.0001
2025070720,-0.0001
2025070720,-0.0001
2025070720,-0.0001
2025070720,-0.0001
2025070721,-0.0001
2025070721,-0.0001
2025070721,-0.0001
2025070721,-0.0001
2025070722,-0.0001
2025070722,-0.0001
2025070722,-0.0001
2025070722,-0.0001
2025070723,-0.0001
2025070723,-0.0001
2025070723,-0.0001
2025070723,-0.0001
2025070800,-0.0001
2025070800,-0.0001
2025070800,-0.0001
2025070800,-0.0001
2025070801,-0.0001
2025070801,-0.0001
2025070801,-0.0001
2025070801,-0.0001
2025070802,-0.0001
2025070802,-0.0001
2025070802,-0.0001
2025070802,-0.0001
2025070803,-0.0001
2025070803,-0.0001
2025070803,-0.0001
2025070803,-0.0001
2025070804,-0.0001
2025070804,-0.0001
2025070804,-0.0001
2025070804,-0.0001
2025070805,-0.0001
2025070805,-0.0001
2025070805,-0.0001
2025070805,-0.0001
2025070806,-0.0001
2025070806,-0.0001
2025070806,-0.0001
2025070806,-0.0001
2025070807,-0.0001
2025070807,-0.0001
2025070807,-0.0001
2025070807,-0.0001
2025070808,-0.0001
2025070808,-0.0001
2025070808,-0.0001
2025070808,-0.0001
2025070809,-0.0001
2025070809,-0.0001
2025070809,-0.0001
2025070809,-0.0001
2025070810,-0.0001
2025070810,-0.0001
2025070810,-0.0001
2025070810,-0.0001
2025070811,-0.0001
2025070811,-0.0001
2025070811,-0.0001
2025070811,-0.0001
2025070812,-0.0001
2025070812,-0.0001
2025070812,-0.0001
2025070812,-0.0001
2025070813,-0.0001
2025070813,-0.0001
2025070813,-0.0001
2025070813,-0.0001
2025070814,-0.0001
2025070814,-0.0001
2025070814,-0.0001
2025070814,-0.0001
2025070815,-0.0001
2025070815,-0.0001
2025070815,-0.0001
2025070815,-0.0001
2025070816,-0.0001
2025070816,-0.0001
2025070816,-0.0001
2025070816,-0.0001
2025070817,-0.0001
2025070817,-0.0001
2025070817,-0.0001
2025070817,-0.0001
2025070818,-0.0001
2025070818,-0.0001
2025070818,-0.0001
2025070818,-0.0001
2025070819,-0.0001
2025070819,-0.0001
2025070819,-0.0001
2025070819,-0.0001
2025070820,-0.0001
2025070820,-0.0001
2025070820,-0.0001
2025070820,-0.0001
2025070821,-0.0001
2025070821,-0.0001
2025070821,-0.0001
2025070821,-0.0001
2025070822,-0.0001
2025070822,-0.0001
2025070822,-0.0001
2025070822,-0.0001
2025070823,-0.0001
2025070823,-0.0001
2025070823,-0.0001
2025070823,-0.0001
2025070900,-0.0001
2025070900,-0.0001
2025070900,-0.0001
2025070900,-0.0001
2025070901,-0.0001
2025070901,-0.0001
2025070901,-0.0001
2025070901,-0.0001
2025070902,-0.0001
2025070902,-0.0001
2025070902,-0.0001
2025070902,-0.0001
2025070903,-0.0001
2025070903,-0.0001
2025070903,-0.0001
2025070903,-0.0001
2025070904,-0.0001
2025070904,-0.0001
2025070904,-0.0001
2025070904,-0.0001
2025070905,-0.0001
2025070905,-0.0001
2025070905,-0.0001
2025070905,-0.0001
2025070906,-0.0001
2025070906,-0.0001
2025070906,-0.0001
2025070906,-0.0001
2025070907,-0.0001
2025070907,-0.0001
2025070907,-0.0001
2025070907,-0.0001
2025070908,-0.0001
2025070908,-0.0001
2025070908,-0.0001
2025070908,-0.0001
2025070909,-0.0001
2025070909,-0.0001
2025070909,-0.0001
2025070909,-0.0001
2025070910,-0.0001
2025070910,-0.0001
2025070910,-0.0001
2025070910,-0.0001
2025070911,-0.0001
2025070911,-0.0001
2025070911,-0.0001
2025070911,-0.0001
2025070912,-0.0001
2025070912,-0.0001
2025070912,-0.0001
2025070912,-0.0001
2025070913,-0.0001
2025070913,-0.0001
2025070913,-0.0001
2025070913,-0.0001
2025070914,-0.0001
2025070914,-0.0001
2025070914,-0.0001
2025070914,-0.0001
2025070915,-0.0001
2025070915,-0.0001
2025070915,-0.0001
2025070915,-0.0001
2025070916,-0.0001
2025070916,-0.0001
2025070916,-0.0001
2025070916,-0.0001
2025070917,-0.0001
2025070917,-0.0001
2025070917,-0.0001
2025070917,-0.0001
2025070918,-0.0001
2025070918,-0.0001
2025070918,-0.0001
2025070918,-0.0001
2025070919,-0.0001
2025070919,-0.0001
2025070919,-0.0001
2025070919,-0.0001
2025070920,-0.0001
2025070920,-0.0001
2025070920,-0.0001
2025070920,-0.0001
2025070921,-0.0001
2025070921,-0.0001
2025070921,-0.0001
2025070921,-0.0001
2025070922,-0.0001
2025070922,-0.0001
2025070922,-0.0001
2025070922,-0.0001
2025070923,-0.0001
2025070923,-0.0001
2025070923,-0.0001
2025070923,-0.0001
2025071000,-0.0001
2025071000,-0.0001
2025071000,-0.0001
2025071000,-0.0001
2025071001,-0.0001
2025071001,-0.0001
2025071001,-0.0001
2025071001,-0.0001
2025071002,-0.0001
2025071002,-0.0001
2025071002,-0.0001
2025071002,-0.0001
2025071003,-0.0001
2025071003,-0.0001
2025071003,-0.0001
2025071003,-0.0001
2025071004,-0.0001
2025071004,-0.0001
2025071004,-0.0001
2025071004,-0.0001
2025071005,-0.0001
2025071005,-0.0001
2025071005,-0.0001
2025071005,-0.0001
2025071006,-0.0001
2025071006,-0.0001
2025071006,-0.0001
2025071006,-0.0001
2025071007,-0.0001
2025071007,-0.0001
2025071007,-0.0001
2025071007,-0.0001
2025071008,-0.0001
2025071008,-0.0001
2025071008,-0.0001
2025071008,-0.0001
2025071009,-0.0001
2025071009,-0.0001
2025071009,-0.0001
2025071009,-0.0001
2025071010,-0.0001
2025071010,-0.0001
2025071010,-0.0001
2025071010,-0.0001
2025071011,-0.0001
2025071011,-0.0001
2025071011,-0.0001
2025071011,-0.0001
2025071012,-0.0001
2025071012,-0.0001
2025071012,-0.0001
2025071012,-0.0001
2025071013,-0.0001
2025071013,-0.0001
2025071013,-0.0001
2025071013,-0.0001
2025071014,-0.0001
2025071014,-0.0001
2025071014,-0.0001
2025071014,-0.0001
2025071015,-0.0001
2025071015,-0.0001
2025071015,-0.0001
2025071015,-0.0001
2025071016,-0.0001
2025071016,-0.0001
2025071016,-0.0001
2025071016,-0.0001
2025071017,-0.0001
2025071017,-0.0001
2025071017,-0.0001
2025071017,-0.0001
2025071018,-0.0001
2025071018,-0.0001
2025071018,-0.0001
2025071018,-0.0001
2025071019,-0.0001
2025071019,-0.0001
2025071019,-0.0001
2025071019,-0.0001
2025071020,-0.0001
2025071020,-0.0001
2025071020,-0.0001
2025071020,-0.0001
2025071021,-0.0001
2025071021,-0.0001
2025071021,-0.0001
2025071021,-0.0001
2025071022,-0.0001
2025071022,-0.0001
2025071022,-0.0001
2025071022,-0.0001
2025071023,-0.0001
2025071023,-0.0001
2025071023,-0.0001
2025071023,-0.0001
2025071100,-0.0001
2025071100,-0.0001
2025071100,-0.0001
2025071100,-0.0001
2025071101,-0.0001
2025071101,-0.0001
2025071101,-0.0001
2025071101,-0.0001
2025071102,-0.0001
2025071102,-0.0001
2025071102,-0.0001
2025071102,-0.0001
2025071103,-0.0001
2025071103,-0.0001
2025071103,-0.0001
2025071103,-0.0001
2025071104,-0.0001
2025071104,-0.0001
2025071104,-0.0001
2025071104,-0.0001
2025071105,-0.0001
2025071105,-0.0001
2025071105,-0.0001
2025071105,-0.0001
2025071106,-0.0001
2025071106,-0.0001
2025071106,-0.0001
2025071106,-0.0001
2025071107,-0.0001
2025071107,-0.0001
2025071107,-0.0001
2025071107,-0.0001
2025071108,-0.0001
2025071108,-0.0001
2025071108,-0.0001
2025071108,-0.0001
2025071109,-0.0001
2025071109,-0.0001
2025071109,-0.0001
2025071109,-0.0001
2025071110,-0.0001
2025071110,-0.0001
2025071110,-0.0001
2025071110,-0.0001
2025071111,-0.0001
2025071111,-0.0001
2025071111,-0.0001
2025071111,-0.0001
2025071112,-0.0001
2025071112,-0.0001
2025071112,-0.0001
2025071112,-0.0001
2025071113,-0.0001
2025071113,-0.0001
2025071113,-0.0001
2025071113,-0.0001
2025071114,-0.0001
2025071114,-0.0001
2025071114,-0.0001
2025071114,-0.0001
2025071115,-0.0001
2025071115,-0.0001
2025071115,-0.0001
2025071115,-0.0001
2025071116,-0.0001
2025071116,-0.0001
2025071116,-0.0001
2025071116,-0.0001
2025071117,-0.0001
2025071117,-0.0001
2025071117,-0.0001
2025071117,-0.0001
2025071118,-0.0001
2025071118,-0.0001
2025071118,-0.0001
2025071118,-0.0001
2025071119,-0.0001
2025071119,-0.0001
2025071119,-0.0001
2025071119,-0.0001
2025071120,-0.0001
2025071120,-0.0001
2025071120,-0.0001
2025071120,-0.0001
2025071121,-0.0001
2025071121,-0.0001
2025071121,-0.0001
2025071121,-0.0001
2025071122,-0.0001
2025071122,-0.0001
2025071122,-0.0001
2025071122,-0.0001
2025071123,-0.0001
2025071123,-0.0001
2025071123,-0.0001
2025071123,-0.0001
2025071200,-0.0001
2025071200,-0.0001
2025071200,-0.0001
2025071200,-0.0001
2025071201,-0.0001
2025071201,-0.0001
2025071201,-0.0001
2025071201,-0.0001
2025071202,-0.0001
2025071202,-0.0001
2025071202,-0.0001
2025071202,-0.0001
2025071203,-0.0001
2025071203,-0.0001
2025071203,-0.0001
2025071203,-0.0001
2025071204,-0.0001
2025071204,-0.0001
2025071204,-0.0001
2025071204,-0.0001
2025071205,-0.0001
2025071205,-0.0001
2025071205,-0.0001
2025071205,-0.0001
2025071206,-0.0001
2025071206,-0.0001
2025071206,-0.0001
2025071206,-0.0001
2025071207,-0.0001
2025071207,-0.0001
2025071207,-0.0001
2025071207,-0.0001
2025071208,-0.0001
2025071208,-0.0001
2025071208,-0.0001
2025071208,-0.0001
2025071209,-0.0001
2025071209,-0.0001
2025071209,-0.0001
2025071209,-0.0001
2025071210,-0.0001
2025071210,-0.0001
2025071210,-0.0001
2025071210,-0.0001
2025071211,-0.0001
2025071211,-0.0001
2025071211,-0.0001
2025071211,-0.0001
2025071212,-0.0001
2025071212,-0.0001
2025071212,-0.0001
2025071212,-0.0001
2025071213,-0.0001
2025071213,-0.0001
2025071213,-0.0001
2025071213,-0.0001
2025071214,-0.0001
2025071214,-0.0001
2025071214,-0.0001
2025071214,-0.0001
2025071215,-0.0001
2025071215,-0.0001
2025071215,-0.0001
2025071215,-0.0001
2025071216,-0.0001
2025071216,-0.0001
2025071216,-0.0001
2025071216,-0.0001
2025071217,-0.0001
2025071217,-0.0001
2025071217,-0.0001
2025071217,-0.0001
2025071218,-0.0001
2025071218,-0.0001
2025071218,-0.0001
2025071218,-0.0001
2025071219,-0.0001
2025071219,-0.0001
2025071219,-0.0001
2025071219,-0.0001
2025071220,-0.0001
2025071220,-0.0001
2025071220,-0.0001
2025071220,-0.0001
2025071221,-0.0001
2025071221,-0.0001
2025071221,-0.0001
2025071221,-0.0001
2025071222,-0.0001
2025071222,-0.0001
2025071222,-0.0001
2025071222,-0.0001
2025071223,-0.0001
2025071223,-0.0001
2025071223,-0.0001
2025071223,-0.0001
2025071300,-0.0001
2025071300,-0.0001
2025071300,-0.0001
2025071300,-0.0001
2025071301,-0.0001
2025071301,-0.0001
2025071301,-0.0001
2025071301,-0.0001
2025071302,-0.0001
2025071302,-0.0001
2025071302,-0.0001
2025071302,-0.0001
2025071303,-0.0001
2025071303,-0.0001
2025071303,-0.0001
2025071303,-0.0001
2025071304,-0.0001
2025071304,-0.0001
2025071304,-0.0001
2025071304,-0.0001
2025071305,-0.0001
2025071305,-0.0001
2025071305,-0.0001
2025071305,-0.0001
2025071306,-0.0001
2025071306,-0.0001
2025071306,-0.0001
2025071306,-0.0001
2025071307,-0.0001
2025071307,-0.0001
2025071307,-0.0001
2025071307,-0.0001
2025071308,-0.0001
2025071308,-0.0001
2025071308,-0.0001
2025071308,-0.0001
2025071309,-0.0001
2025071309,-0.0001
2025071309,-0.0001
2025071309,-0.0001
2025071310,-0.0001
2025071310,-0.0001
2025071310,-0.0001
2025071310,-0.0001
2025071311,-0.0001
2025071311,-0.0001
2025071311,-0.0001
2025071311,-0.0001
2025071312,-0.0001
2025071312,-0.0001
2025071312,-0.0001
2025071312,-0.0001
2025071313,-0.0001
2025071313,-0.0001
2025071313,-0.0001
2025071313,-0.0001
2025071314,-0.0001
2025071314,-0.0001
2025071314,-0.0001
2025071314,-0.0001
2025071315,-0.0001
2025071315,-0.0001
2025071315,-0.0001
2025071315,-0.0001
2025071316,-0.0001
2025071316,-0.0001
2025071316,-0.0001
2025071316,-0.0001
2025071317,-0.0001
2025071317,-0.0001
2025071317,-0.0001
2025071317,-0.0001
2025071318,-0.0001
2025071318,-0.0001
2025071318,-0.0001
2025071318,-0.0001
2025071319,-0.0001
2025071319,-0.0001
2025071319,-0.0001
2025071319,-0.0001
2025071320,-0.0001
2025071320,-0.0001
2025071320,-0.0001
2025071320,-0.0001
2025071321,-0.0001
2025071321,-0.0001
2025071321,-0.0001
2025071321,-0.0001
2025071322,-0.0001
2025071322,-0.0001
2025071322,-0.0001
2025071322,-0.0001
2025071323,-0.0001
2025071323,-0.0001
2025071323,-0.0001
2025071323,-0.0001
2025071400,-0.0001
2025071400,-0.0001
2025071400,-0.0001
2025071400,-0.0001
2025071401,-0.0001
2025071401,-0.0001
2025071401,-0.0001
2025071401,-0.0001
2025071402,-0.0001
2025071402,-0.0001
2025071402,-0.0001
2025071402,-0.0001
2025071403,-0.0001
2025071403,-0.0001
2025071403,-0.0001
2025071403,-0.0001
2025071404,-0.0001
2025071404,-0.0001
2025071404,-0.0001
2025071404,-0.0001
2025071405,-0.0001
2025071405,-0.0001
2025071405,-0.0001
2025071405,-0.0001
2025071406,-0.0001
2025071406,-0.0001
2025071406,-0.0001
2025071406,-0.0001
2025071407,-0.0001
2025071407,-0.0001
2025071407,-0.0001
2025071407,-0.0001
2025071408,-0.0001
2025071408,-0.0001
2025071408,-0.0001
2025071408,-0.0001
2025071409,-0.0001
2025071409,-0.0001
2025071409,-0.0001
2025071409,-0.0001
2025071410,-0.0001
2025071410,-0.0001
2025071410,-0.0001
2025071410,-0.0001
2025071411,-0.0001
2025071411,-0.0001
2025071411,-0.0001
2025071411,-0.0001
2025071412,-0.0001
2025071412,-0.0001
2025071412,-0.0001
2025071412,-0.0001
2025071413,-0.0001
2025071413,-0.0001
2025071413,-0.0001
2025071413,-0.0001
2025071414,-0.0001
2025071414,-0.0001
2025071414,-0.0001
2025071414,-0.0001
2025071415,-0.0001
2025071415,-0.0001
2025071415,-0.0001
2025071415,-0.0001
2025071416,-0.0001
2025071416,-0.0001
2025071416,-0.0001
2025071416,-0.0001
2025071417,-0.0001
2025071417,-0.0001
2025071417,-0.0001
2025071417,-0.0001
2025071418,-0.0001
2025071418,-0.0001
2025071418,-0.0001
2025071418,-0.0001
2025071419,-0.0001
2025071419,-0.0001
2025071419,-0.0001
2025071419,-0.0001
2025071420,-0.0001
2025071420,-0.0001
2025071420,-0.0001
2025071420,-0.0001
2025071421,-0.0001
2025071421,-0.0001
2025071421,-0.0001
2025071421,-0.0001
2025071422,-0.0001
2025071422,-0.0001
2025071422,-0.0001
2025071422,-0.0001
2025071423,-0.0001
2025071423,-0.0001
2025071423,-0.0001
2025071423,-0.0001
2025071500,-0.0001
2025071500,-0.0001
2025071500,-0.0001
2025071500,-0.0001
2025071501,-0.0001
2025071501,-0.0001
2025071501,-0.0001
2025071501,-0.0001
2025071502,-0.0001
2025071502,-0.0001
2025071502,-0.0001
2025071502,-0.0001
2025071503,-0.0001
2025071503,-0.0001
2025071503,-0.0001
2025071503,-0.0001
2025071504,-0.0001
2025071504,-0.0001
2025071504,-0.0001
2025071504,-0.0001
2025071505,-0.0001
2025071505,-0.0001
2025071505,-0.0001
2025071505,-0.0001
2025071506,-0.0001
2025071506,-0.0001
2025071506,-0.0001
2025071506,-0.0001
2025071507,-0.0001
2025071507,-0.0001
2025071507,-0.0001
2025071507,-0.0001
2025071508,-0.0001
2025071508,-0.0001
2025071508,-0.0001
2025071508,-0.0001
2025071509,-0.0001
2025071509,-0.0001
2025071509,-0.0001
2025071509,-0.0001
2025071510,-0.0001
2025071510,-0.0001
2025071510,-0.0001
2025071510,-0.0001
2025071511,-0.0001
2025071511,-0.0001
2025071511,-0.0001
2025071511,-0.0001
2025071512,-0.0001
2025071512,-0.0001
2025071512,-0.0001
2025071512,-0.0001
2025071513,-0.0001
2025071513,-0.0001
2025071513,-0.0001
2025071513,-0.0001
2025071514,-0.0001
2025071514,-0.0001
2025071514,-0.0001
2025071514,-0.0001
2025071515,-0.0001
2025071515,-0.0001
2025071515,-0.0001
2025071515,-0.0001
2025071516,-0.0001
2025071516,-0.0001
2025071516,-0.0001
2025071516,-0.0001
2025071517,-0.0001
2025071517,-0.0001
2025071517,-0.0001
2025071517,-0.0001
2025071518,-0.0001
2025071518,-0.0001
2025071518,-0.0001
2025071518,-0.0001
2025071519,-0.0001
2025071519,-0.0001
2025071519,-0.0001
2025071519,-0.0001
2025071520,-0.0001
2025071520,-0.0001
2025071520,-0.0001
2025071520,-0.0001
2025071521,-0.0001
2025071521,-0.0001
2025071521,-0.0001
2025071521,-0.0001
2025071522,-0.0001
2025071522,-0.0001
2025071522,-0.0001
2025071522,-0.0001
2025071523,-0.0001
2025071523,-0.0001
2025071523,-0.0001
2025071523,-0.0001
2025071600,-0.0001
2025071600,-0.0001
2025071600,-0.0001
2025071600,-0.0001
2025071601,-0.0001
2025071601,-0.0001
2025071601,-0.0001
2025071601,-0.0001
2025071602,-0.0001
2025071602,-0.0001
2025071602,-0.0001
2025071602,-0.0001
2025071603,-0.0001
2025071603,-0.0001
2025071603,-0.0001
2025071603,-0.0001
2025071604,-0.0001
2025071604,-0.0001
2025071604,-0.0001
2025071604,-0.0001
2025071605,-0.0001
2025071605,-0.0001
2025071605,-0.0001
2025071605,-0.0001
2025071606,-0.0001
2025071606,-0.0001
2025071606,-0.0001
2025071606,-0.0001
2025071607,-0.0001
2025071607,-0.0001
2025071607,-0.0001
2025071607,-0.0001
2025071608,-0.0001
2025071608,-0.0001
2025071608,-0.0001
2025071608,-0.0001
2025071609,-0.0001
2025071609,-0.0001
2025071609,-0.0001
2025071609,-0.0001
2025071610,-0.0001
2025071610,-0.0001
2025071610,-0.0001
2025071610,-0.0001
2025071611,-0.0001
2025071611,-0.0001
2025071611,-0.0001
2025071611,-0.0001
2025071612,-0.0001
2025071612,-0.0001
2025071612,-0.0001
2025071612,-0.0001
2025071613,-0.0001
2025071613,-0.0001
2025071613,-0.0001
2025071613,-0.0001
2025071614,-0.0001
2025071614,-0.0001
2025071614,-0.0001
2025071614,-0.0001
2025071615,-0.0001
2025071615,-0.0001
2025071615,-0.0001
2025071615,-0.0001
2025071616,-0.0001
2025071616,-0.0001
2025071616,-0.0001
2025071616,-0.0001
2025071617,-0.0001
2025071617,-0.0001
2025071617,-0.0001
2025071617,-0.0001
2025071618,-0.0001
2025071618,-0.0001
2025071618,-0.0001
2025071618,-0.0001
2025071619,-0.0001
2025071619,-0.0001
2025071619,-0.0001
2025071619,-0.0001
2025071620,-0.0001
2025071620,-0.0001
2025071620,-0.0001
2025071620,-0.0001
2025071621,-0.0001
2025071621,-0.0001
2025071621,-0.0001
2025071621,-0.0001
2025071622,-0.0001
2025071622,-0.0001
2025071622,-0.0001
2025071622,-0.0001
2025071623,-0.0001
2025071623,-0.0001
2025071623,-0.0001
2025071623,-0.0001
2025071700,-0.0001
2025071700,-0.0001
2025071700,-0.0001
2025071700,-0.0001
2025071701,-0.0001
2025071701,-0.0001
2025071701,-0.0001
2025071701,-0.0001
2025071702,-0.0001
2025071702,-0.0001
2025071702,-0.0001
2025071702,-0.0001
2025071703,-0.0001
2025071703,-0.0001
2025071703,-0.0001
2025071703,-0.0001
2025071704,-0.0001
2025071704,-0.0001
2025071704,-0.0001
2025071704,-0.0001
2025071705,-0.0001
2025071705,-0.0001
2025071705,-0.0001
2025071705,-0.0001
2025071706,-0.0001
2025071706,-0.0001
2025071706,-0.0001
2025071706,-0.0001
2025071707,-0.0001
2025071707,-0.0001
2025071707,-0.0001
2025071707,-0.0001
2025071708,-0.0001
2025071708,-0.0001
2025071708,-0.0001
2025071708,-0.0001
2025071709,-0.0001
2025071709,-0.0001
2025071709,-0.0001
2025071709,-0.0001
2025071710,-0.0001
2025071710,-0.0001
2025071710,-0.0001
2025071710,-0.0001
2025071711,-0.0001
2025071711,-0.0001
2025071711,-0.0001
2025071711,-0.0001
2025071712,-0.0001
2025071712,-0.0001
2025071712,-0.0001
2025071712,-0.0001
2025071713,-0.0001
2025071713,-0.0001
2025071713,-0.0001
2025071713,-0.0001
2025071714,-0.0001
2025071714,-0.0001
2025071714,-0.0001
2025071714,-0.0001
2025071715,-0.0001
2025071715,-0.0001
2025071715,-0.0001
2025071715,-0.0001
2025071716,-0.0001
2025071716,-0.0001
2025071716,-0.0001
2025071716,-0.0001
2025071717,-0.0001
2025071717,-0.0001
2025071717,-0.0001
2025071717,-0.0001
2025071718,-0.0001
2025071718,-0.0001
2025071718,-0.0001
2025071718,-0.0001
2025071719,-0.0001
2025071719,-0.0001
2025071719,-0.0001
2025071719,-0.0001
2025071720,-0.0001
2025071720,-0.0001
2025071720,-0.0001
2025071720,-0.0001
2025071721,-0.0001
2025071721,-0.0001
2025071721,-0.0001
2025071721,-0.0001
2025071722,-0.0001
2025071722,-0.0001
2025071722,-0.0001
2025071722,-0.0001
2025071723,-0.0001
2025071723,-0.0001
2025071723,-0.0001
2025071723,-0.0001
2025071800,-0.0001
2025071800,-0.0001
2025071800,-0.0001
2025071800,-0.0001
2025071801,-0.0001
2025071801,-0.0001
2025071801,-0.0001
2025071801,-0.0001
2025071802,-0.0001
2025071802,-0.0001
2025071802,-0.0001
2025071802,-0.0001
2025071803,-0.0001
2025071803,-0.0001
2025071803,-0.0001
2025071803,-0.0001
2025071804,-0.0001
2025071804,-0.0001
2025071804,-0.0001
2025071804,-0.0001
2025071805,-0.0001
2025071805,-0.0001
2025071805,-0.0001
2025071805,-0.0001
2025071806,-0.0001
2025071806,-0.0001
2025071806,-0.0001
2025071806,-0.0001
2025071807,-0.0001
2025071807,-0.0001
2025071807,-0.0001
2025071807,-0.0001
2025071808,-0.0001
2025071808,-0.0001
2025071808,-0.0001
2025071808,-0.0001
2025071809,-0.0001
2025071809,-0.0001
2025071809,-0.0001
2025071809,-0.0001
2025071810,-0.0001
2025071810,-0.0001
2025071810,-0.0001
2025071810,-0.0001
2025071811,-0.0001
2025071811,-0.0001
2025071811,-0.0001
2025071811,-0.0001
2025071812,-0.0001
2025071812,-0.0001
2025071812,-0.0001
2025071812,-0.0001
2025071813,-0.0001
2025071813,-0.0001
2025071813,-0.0001
2025071813,-0.0001
2025071814,-0.0001
2025071814,-0.0001
2025071814,-0.0001
2025071814,-0.0001
2025071815,-0.0001
2025071815,-0.0001
2025071815,-0.0001
2025071815,-0.0001
2025071816,-0.0001
2025071816,-0.0001
2025071816,-0.0001
2025071816,-0.0001
2025071817,-0.0001
2025071817,-0.0001
2025071817,-0.0001
2025071817,-0.0001
2025071818,-0.0001
2025071818,-0.0001
2025071818,-0.0001
2025071818,-0.0001
2025071819,-0.0001
2025071819,-0.0001
2025071819,-0.0001
2025071819,-0.0001
2025071820,-0.0001
2025071820,-0.0001
2025071820,-0.0001
2025071820,-0.0001
2025071821,-0.0001
2025071821,-0.0001
2025071821,-0.0001
2025071821,-0.0001
2025071822,-0.0001
2025071822,-0.0001
2025071822,-0.0001
2025071822,-0.0001
2025071823,-0.0001
2025071823,-0.0001
2025071823,-0.0001
2025071823,-0.0001
2025071900,-0.0001
2025071900,-0.0001
2025071900,-0.0001
2025071900,-0.0001
2025071901,-0.0001
2025071901,-0.0001
2025071901,-0.0001
2025071901,-0.0001
2025071902,-0.0001
2025071902,-0.0001
2025071902,-0.0001
2025071902,-0.0001
2025071903,-0.0001
2025071903,-0.0001
2025071903,-0.0001
2025071903,-0.0001
2025071904,-0.0001
2025071904,-0.0001
2025071904,-0.0001
2025071904,-0.0001
2025071905,-0.0001
2025071905,-0.0001
2025071905,-0.0001
2025071905,-0.0001
2025071906,-0.0001
2025071906,-0.0001
2025071906,-0.0001
2025071906,-0.0001
2025071907,-0.0001
2025071907,-0.0001
2025071907,-0.0001
2025071907,-0.0001
2025071908,-0.0001
2025071908,-0.0001
2025071908,-0.0001
2025071908,-0.0001
2025071909,-0.0001
2025071909,-0.0001
2025071909,-0.0001
2025071909,-0.0001
2025071910,-0.0001
2025071910,-0.0001
2025071910,-0.0001
2025071910,-0.0001
2025071911,-0.0001
2025071911,-0.0001
2025071911,-0.0001
2025071911,-0.0001
2025071912,-0.0001
2025071912,-0.0001
2025071912,-0.0001
2025071912,-0.0001
2025071913,-0.0001
2025071913,-0.0001
2025071913,-0.0001
2025071913,-0.0001
2025071914,-0.0001
2025071914,-0.0001
2025071914,-0.0001
2025071914,-0.0001
2025071915,-0.0001
2025071915,-0.0001
2025071915,-0.0001
2025071915,-0.0001
2025071916,-0.0001
2025071916,-0.0001
2025071916,-0.0001
2025071916,-0.0001
2025071917,-0.0001
2025071917,-0.0001
2025071917,-0.0001
2025071917,-0.0001
2025071918,-0.0001
2025071918,-0.0001
2025071918,-0.0001
2025071918,-0.0001
2025071919,-0.0001
2025071919,-0.0001
2025071919,-0.0001
2025071919,-0.0001
2025071920,-0.0001
2025071920,-0.0001
2025071920,-0.0001
2025071920,-0.0001
2025071921,-0.0001
2025071921,-0.0001
2025071921,-0.0001
2025071921,-0.0001
2025071922,-0.0001
2025071922,-0.0001
2025071922,-0.0001
2025071922,-0.0001
2025071923,-0.0001
2025071923,-0.0001
2025071923,-0.0001
2025071923,-0.0001
2025072000,-0.0001
2025072000,-0.0001
2025072000,-0.0001
2025072000,-0.0001
2025072001,-0.0001
2025072001,-0.0001
2025072001,-0.0001
2025072001,-0.0001
2025072002,-0.0001
2025072002,-0.0001
2025072002,-0.0001
2025072002,-0.0001
2025072003,-0.0001
2025072003,-0.0001
2025072003,-0.0001
2025072003,-0.0001
2025072004,-0.0001
2025072004,-0.0001
2025072004,-0.0001
2025072004,-0.0001
2025072005,-0.0001
2025072005,-0.0001
2025072005,-0.0001
2025072005,-0.0001
2025072006,-0.0001
2025072006,-0.0001
2025072006,-0.0001
2025072006,-0.0001
2025072007,-0.0001
2025072007,-0.0001
2025072007,-0.0001
2025072007,-0.0001
2025072008,-0.0001
2025072008,-0.0001
2025072008,-0.0001
2025072008,-0.0001
2025072009,-0.0001
2025072009,-0.0001
2025072009,-0.0001
2025072009,-0.0001
2025072010,-0.0001
2025072010,-0.0001
2025072010,-0.0001
2025072010,-0.0001
2025072011,-0.0001
2025072011,-0.0001
2025072011,-0.0001
2025072011,-0.0001
2025072012,-0.0001
2025072012,-0.0001
2025072012,-0.0001
2025072012,-0.0001
2025072013,-0.0001
2025072013,-0.0001
2025072013,-0.0001
2025072013,-0.0001
2025072014,-0.0001
2025072014,-0.0001
2025072014,-0.0001
2025072014,-0.0001
2025072015,-0.0001
2025072015,-0.0001
2025072015,-0.0001
2025072015,-0.0001
2025072016,-0.0001
2025072016,-0.0001
2025072016,-0.0001
2025072016,-0.0001
2025072017,-0.0001
2025072017,-0.0001
2025072017,-0.0001
2025072017,-0.0001
2025072018,-0.0001
2025072018,-0.0001
2025072018,-0.0001
2025072018,-0.0001
2025072019,-0.0001
2025072019,-0.0001
2025072019,-0.0001
2025072019,-0.0001
2025072020,-0.0001
2025072020,-0.0001
2025072020,-0.0001
2025072020,-0.0001
2025072021,-0.0001
2025072021,-0.0001
2025072021,-0.0001
2025072021,-0.0001
2025072022,-0.0001
2025072022,-0.0001
2025072022,-0.0001
2025072022,-0.0001
2025072023,-0.0001
2025072023,-0.0001
2025072023,-0.0001
2025072023,-0.0001
2025072100,-0.0001
2025072100,-0.0001
2025072100,-0.0001
2025072100,-0.0001
2025072101,-0.0001
2025072101,-0.0001
2025072101,-0.0001
2025072101,-0.0001
2025072102,-0.0001
2025072102,-0.0001
2025072102,-0.0001
2025072102,-0.0001
2025072103,-0.0001
2025072103,-0.0001
2025072103,-0.0001
2025072103,-0.0001
2025072104,-0.0001
2025072104,-0.0001
2025072104,-0.0001
2025072104,-0.0001
2025072105,-0.0001
2025072105,-0.0001
2025072105,-0.0001
2025072105,-0.0001
2025072106,-0.0001
2025072106,-0.0001
2025072106,-0.0001
2025072106,-0.0001
2025072107,-0.0001
2025072107,-0.0001
2025072107,-0.0001
2025072107,-0.0001
2025072108,-0.0001
2025072108,-0.0001
2025072108,-0.0001
2025072108,-0.0001
2025072109,-0.0001
2025072109,-0.0001
2025072109,-0.0001
2025072109,-0.0001
2025072110,-0.0001
2025072110,-0.0001
2025072110,-0.0001
2025072110,-0.0001
2025072111,-0.0001
2025072111,-0.0001
2025072111,-0.0001
2025072111,-0.0001
2025072112,-0.0001
2025072112,-0.0001
2025072112,-0.0001
2025072112,-0.0001
2025072113,-0.0001
2025072113,-0.0001
2025072113,-0.0001
2025072113,-0.0001
2025072114,-0.0001
2025072114,-0.0001
2025072114,-0.0001
2025072114,-0.0001
2025072115,-0.0001
2025072115,-0.0001
2025072115,-0.0001
2025072115,-0.0001
2025072116,-0.0001
2025072116,-0.0001
2025072116,-0.0001
2025072116,-0.0001
2025072117,-0.0001
2025072117,-0.0001
2025072117,-0.0001
2025072117,-0.0001
2025072118,-0.0001
2025072118,-0.0001
2025072118,-0.0001
2025072118,-0.0001
2025072119,-0.0001
2025072119,-0.0001
2025072119,-0.0001
2025072119,-0.0001
2025072120,-0.0001
2025072120,-0.0001
2025072120,-0.0001
2025072120,-0.0001
2025072121,-0.0001
2025072121,-0.0001
2025072121,-0.0001
2025072121,-0.0001
2025072122,-0.0001
2025072122,-0.0001
2025072122,-0.0001
2025072122,-0.0001
2025072123,-0.0001
2025072123,-0.0001
2025072123,-0.0001
2025072123,-0.0001
2025072200,-0.0001
2025072200,-0.0001
2025072200,-0.0001
2025072200,-0.0001
2025072201,-0.0001
2025072201,-0.0001
2025072201,-0.0001
2025072201,-0.0001
2025072202,-0.0001
2025072202,-0.0001
2025072202,-0.0001
2025072202,-0.0001
2025072203,-0.0001
2025072203,-0.0001
2025072203,-0.0001
2025072203,-0.0001
2025072204,-0.0001
2025072204,-0.0001
2025072204,-0.0001
2025072204,-0.0001
2025072205,-0.0001
2025072205,-0.0001
2025072205,-0.0001
2025072205,-0.0001
2025072206,-0.0001
2025072206,-0.0001
2025072206,-0.0001
2025072206,-0.0001
2025072207,-0.0001
2025072207,-0.0001
2025072207,-0.0001
2025072207,-0.0001
2025072208,-0.0001
2025072208,-0.0001
2025072208,-0.0001
2025072208,-0.0001
2025072209,-0.0001
2025072209,-0.0001
2025072209,-0.0001
2025072209,-0.0001
2025072210,-0.0001
2025072210,-0.0001
2025072210,-0.0001
2025072210,-0.0001
2025072211,-0.0001
2025072211,-0.0001
2025072211,-0.0001
2025072211,-0.0001
2025072212,-0.0001
2025072212,-0.0001
2025072212,-0.0001
2025072212,-0.0001
2025072213,-0.0001
2025072213,-0.0001
2025072213,-0.0001
2025072213,-0.0001
2025072214,-0.0001
2025072214,-0.0001
2025072214,-0.0001
2025072214,-0.0001
2025072215,-0.0001
2025072215,-0.0001
2025072215,-0.0001
2025072215,-0.0001
2025072216,-0.0001
2025072216,-0.0001
2025072216,-0.0001
2025072216,-0.0001
2025072217,-0.0001
2025072217,-0.0001
2025072217,-0.0001
2025072217,-0.0001
2025072218,-0.0001
2025072218,-0.0001
2025072218,-0.0001
2025072218,-0.0001
2025072219,-0.0001
2025072219,-0.0001
2025072219,-0.0001
2025072219,-0.0001
2025072220,-0.0001
2025072220,-0.0001
2025072220,-0.0001
2025072220,-0.0001
2025072221,-0.0001
2025072221,-0.0001
2025072221,-0.0001
2025072221,-0.0001
2025072222,-0.0001
2025072222,-0.0001
2025072222,-0.0001
2025072222,-0.0001
2025072223,-0.0001
2025072223,-0.0001
2025072223,-0.0001
2025072223,-0.0001
2025072300,-0.0001
2025072300,-0.0001
2025072300,-0.0001
2025072300,-0.0001
2025072301,-0.0001
2025072301,-0.0001
2025072301,-0.0001
2025072301,-0.0001
2025072302,-0.0001
2025072302,-0.0001
2025072302,-0.0001
2025072302,-0.0001
2025072303,-0.0001
2025072303,-0.0001
2025072303,-0.0001
2025072303,-0.0001
2025072304,-0.0001
2025072304,-0.0001
2025072304,-0.0001
2025072304,-0.0001
2025072305,-0.0001
2025072305,-0.0001
2025072305,-0.0001
2025072305,-0.0001
2025072306,-0.0001
2025072306,-0.0001
2025072306,-0.0001
2025072306,-0.0001
2025072307,-0.0001
2025072307,-0.0001
2025072307,-0.0001
2025072307,-0.0001
2025072308,-0.0001
2025072308,-0.0001
2025072308,-0.0001
2025072308,-0.0001
2025072309,-0.0001
2025072309,-0.0001
2025072309,-0.0001
2025072309,-0.0001
2025072310,-0.0001
2025072310,-0.0001
2025072310,-0.0001
2025072310,-0.0001
2025072311,-0.0001
2025072311,-0.0001
2025072311,-0.0001
2025072311,-0.0001
2025072312,-0.0001
2025072312,-0.0001
2025072312,-0.0001
2025072312,-0.0001
2025072313,-0.0001
2025072313,-0.0001
2025072313,-0.0001
2025072313,-0.0001
2025072314,-0.0001
2025072314,-0.0001
2025072314,-0.0001
2025072314,-0.0001
2025072315,-0.0001
2025072315,-0.0001
2025072315,-0.0001
2025072315,-0.0001
2025072316,-0.0001
2025072316,-0.0001
2025072316,-0.0001
2025072316,-0.0001
2025072317,-0.0001
2025072317,-0.0001
2025072317,-0.0001
2025072317,-0.0001
2025072318,-0.0001
2025072318,-0.0001
2025072318,-0.0001
2025072318,-0.0001
2025072319,-0.0001
2025072319,-0.0001
2025072319,-0.0001
2025072319,-0.0001
2025072320,-0.0001
2025072320,-0.0001
2025072320,-0.0001
2025072320,-0.0001
2025072321,-0.0001
2025072321,-0.0001
2025072321,-0.0001
2025072321,-0.0001
2025072322,-0.0001
2025072322,-0.0001
2025072322,-0.0001
2025072322,-0.0001
2025072323,-0.0001
2025072323,-0.0001
2025072323,-0.0001
2025072323,-0.0001
2025072400,-0.0001
2025072400,-0.0001
2025072400,-0.0001
2025072400,-0.0001
2025072401,-0.0001
2025072401,-0.0001
2025072401,-0.0001
2025072401,-0.0001
2025072402,-0.0001
2025072402,-0.0001
2025072402,-0.0001
2025072402,-0.0001
2025072403,-0.0001
2025072403,-0.0001
2025072403,-0.0001
2025072403,-0.0001
2025072404,-0.0001
2025072404,-0.0001
2025072404,-0.0001
2025072404,-0.0001
2025072405,-0.0001
2025072405,-0.0001
2025072405,-0.0001
2025072405,-0.0001
2025072406,-0.0001
2025072406,-0.0001
2025072406,-0.0001
2025072406,-0.0001
2025072407,-0.0001
2025072407,-0.0001
2025072407,-0.0001
2025072407,-0.0001
2025072408,-0.0001
2025072408,-0.0001
2025072408,-0.0001
2025072408,-0.0001
2025072409,-0.0001
2025072409,-0.0001
2025072409,-0.0001
2025072409,-0.0001
2025072410,-0.0001
2025072410,-0.0001
2025072410,-0.0001
2025072410,-0.0001
2025072411,-0.0001
2025072411,-0.0001
2025072411,-0.0001
2025072411,-0.0001
2025072412,-0.0001
2025072412,-0.0001
2025072412,-0.0001
2025072412,-0.0001
2025072413,-0.0001
2025072413,-0.0001
2025072413,-0.0001
2025072413,-0.0001
2025072414,-0.0001
2025072414,-0.0001
2025072414,-0.0001
2025072414,-0.0001
2025072415,-0.0001
2025072415,-0.0001
2025072415,-0.0001
2025072415,-0.0001
2025072416,-0.0001
2025072416,-0.0001
2025072416,-0.0001
2025072416,-0.0001
2025072417,-0.0001
2025072417,-0.0001
2025072417,-0.0001
2025072417,-0.0001
2025072418,-0.0001
2025072418,-0.0001
2025072418,-0.0001
2025072418,-0.0001
2025072419,-0.0001
2025072419,-0.0001
2025072419,-0.0001
2025072419,-0.0001
2025072420,-0.0001
2025072420,-0.0001
2025072420,-0.0001
2025072420,-0.0001
2025072421,-0.0001
2025072421,-0.0001
2025072421,-0.0001
2025072421,-0.0001
2025072422,-0.0001
2025072422,-0.0001
2025072422,-0.0001
2025072422,-0.0001
2025072423,-0.0001
2025072423,-0.0001
2025072423,-0.0001
2025072423,-0.0001
2025072500,-0.0001
2025072500,-0.0001
2025072500,-0.0001
2025072500,-0.0001
2025072501,-0.0001
2025072501,-0.0001
2025072501,-0.0001
2025072501,-0.0001
2025072502,-0.0001
2025072502,-0.0001
2025072502,-0.0001
2025072502,-0.0001
2025072503,-0.0001
2025072503,-0.0001
2025072503,-0.0001
2025072503,-0.0001
2025072504,-0.0001
2025072504,-0.0001
2025072504,-0.0001
2025072504,-0.0001
2025072505,-0.0001
2025072505,-0.0001
2025072505,-0.0001
2025072505,-0.0001
2025072506,-0.0001
2025072506,-0.0001
2025072506,-0.0001
2025072506,-0.0001
2025072507,-0.0001
2025072507,-0.0001
2025072507,-0.0001
2025072507,-0.0001
2025072508,-0.0001
2025072508,-0.0001
2025072508,-0.0001
2025072508,-0.0001
2025072509,-0.0001
2025072509,-0.0001
2025072509,-0.0001
2025072509,-0.0001
2025072510,-0.0001
2025072510,-0.0001
2025072510,-0.0001
2025072510,-0.0001
2025072511,-0.0001
2025072511,-0.0001
2025072511,-0.0001
2025072511,-0.0001
2025072512,-0.0001
2025072512,-0.0001
2025072512,-0.0001
2025072512,-0.0001
2025072513,-0.0001
2025072513,-0.0001
2025072513,-0.0001
2025072513,-0.0001
2025072514,-0.0001
2025072514,-0.0001
2025072514,-0.0001
2025072514,-0.0001
2025072515,-0.0001
2025072515,-0.0001
2025072515,-0.0001
2025072515,-0.0001
2025072516,-0.0001
2025072516,-0.0001
2025072516,-0.0001
2025072516,-0.0001
2025072517,-0.0001
2025072517,-0.0001
2025072517,-0.0001
2025072517,-0.0001
2025072518,-0.0001
2025072518,-0.0001
2025072518,-0.0001
2025072518,-0.0001
2025072519,-0.0001
2025072519,-0.0001
2025072519,-0.0001
2025072519,-0.0001
2025072520,-0.0001
2025072520,-0.0001
2025072520,-0.0001
2025072520,-0.0001
2025072521,-0.0001
2025072521,-0.0001
2025072521,-0.0001
2025072521,-0.0001
2025072522,-0.0001
2025072522,-0.0001
2025072522,-0.0001
2025072522,-0.0001
2025072523,-0.0001
2025072523,-0.0001
2025072523,-0.0001
2025072523,-0.0001
2025072600,-0.0001
2025072600,-0.0001
2025072600,-0.0001
2025072600,-0.0001
2025072601,-0.0001
2025072601,-0.0001
2025072601,-0.0001
2025072601,-0.0001
2025072602,-0.0001
2025072602,-0.0001
2025072602,-0.0001
2025072602,-0.0001
2025072603,-0.0001
2025072603,-0.0001
2025072603,-0.0001
2025072603,-0.0001
2025072604,-0.0001
2025072604,-0.0001
2025072604,-0.0001
2025072604,-0.0001
2025072605,-0.0001
2025072605,-0.0001
2025072605,-0.0001
2025072605,-0.0001
2025072606,-0.0001
2025072606,-0.0001
2025072606,-0.0001
2025072606,-0.0001
2025072607,-0.0001
2025072607,-0.0001
2025072607,-0.0001
2025072607,-0.0001
2025072608,-0.0001
2025072608,-0.0001
2025072608,-0.0001
2025072608,-0.0001
2025072609,-0.0001
2025072609,-0.0001
2025072609,-0.0001
2025072609,-0.0001
2025072610,-0.0001
2025072610,-0.0001
2025072610,-0.0001
2025072610,-0.0001
2025072611,-0.0001
2025072611,-0.0001
2025072611,-0.0001
2025072611,-0.0001
2025072612,-0.0001
2025072612,-0.0001
2025072612,-0.0001
2025072612,-0.0001
2025072613,-0.0001
2025072613,-0.0001
2025072613,-0.0001
2025072613,-0.0001
2025072614,-0.0001
2025072614,-0.0001
2025072614,-0.0001
2025072614,-0.0001
2025072615,-0.0001
2025072615,-0.0001
2025072615,-0.0001
2025072615,-0.0001
2025072616,-0.0001
2025072616,-0.0001
2025072616,-0.0001
2025072616,-0.0001
2025072617,-0.0001
2025072617,-0.0001
2025072617,-0.0001
2025072617,-0.0001
2025072618,-0.0001
2025072618,-0.0001
2025072618,-0.0001
2025072618,-0.0001
2025072619,-0.0001
2025072619,-0.0001
2025072619,-0.0001
2025072619,-0.0001
2025072620,-0.0001
2025072620,-0.0001
2025072620,-0.0001
2025072620,-0.0001
2025072621,-0.0001
2025072621,-0.0001
2025072621,-0.0001
2025072621,-0.0001
2025072622,-0.0001
2025072622,-0.0001
2025072622,-0.0001
2025072622,-0.0001
2025072623,-0.0001
2025072623,-0.0001
2025072623,-0.0001
2025072623,-0.0001
2025072700,-0.0001
2025072700,-0.0001
2025072700,-0.0001
2025072700,-0.0001
2025072701,-0.0001
2025072701,-0.0001
2025072701,-0.0001
2025072701,-0.0001
2025072702,-0.0001
2025072702,-0.0001
2025072702,-0.0001
2025072702,-0.0001
2025072703,-0.0001
2025072703,-0.0001
2025072703,-0.0001
2025072703,-0.0001
2025072704,-0.0001
2025072704,-0.0001
2025072704,-0.0001
2025072704,-0.0001
2025072705,-0.0001
2025072705,-0.0001
2025072705,-0.0001
2025072705,-0.0001
2025072706,-0.0001
2025072706,-0.0001
2025072706,-0.0001
2025072706,-0.0001
2025072707,-0.0001
2025072707,-0.0001
2025072707,-0.0001
2025072707,-0.0001
2025072708,-0.0001
2025072708,-0.0001
2025072708,-0.0001
2025072708,-0.0001
2025072709,-0.0001
2025072709,-0.0001
2025072709,-0.0001
2025072709,-0.0001
2025072710,-0.0001
2025072710,-0.0001
2025072710,-0.0001
2025072710,-0.0001
2025072711,-0.0001
2025072711,-0.0001
2025072711,-0.0001
2025072711,-0.0001
2025072712,-0.0001
2025072712,-0.0001
2025072712,-0.0001
2025072712,-0.0001
2025072713,-0.0001
2025072713,-0.0001
2025072713,-0.0001
2025072713,-0.0001
2025072714,-0.0001
2025072714,-0.0001
2025072714,-0.0001
2025072714,-0.0001
2025072715,-0.0001
2025072715,-0.0001
2025072715,-0.0001
2025072715,-0.0001
2025072716,-0.0001
2025072716,-0.0001
2025072716,-0.0001
2025072716,-0.0001
2025072717,-0.0001
2025072717,-0.0001
2025072717,-0.0001
2025072717,-0.0001
2025072718,-0.0001
2025072718,-0.0001
2025072718,-0.0001
2025072718,-0.0001
2025072719,-0.0001
2025072719,-0.0001
2025072719,-0.0001
2025072719,-0.0001
2025072720,-0.0001
2025072720,-0.0001
2025072720,-0.0001
2025072720,-0.0001
2025072721,-0.0001
2025072721,-0.0001
2025072721,-0.0001
2025072721,-0.0001
2025072722,-0.0001
2025072722,-0.0001
2025072722,-0.0001
2025072722,-0.0001
2025072723,-0.0001
2025072723,-0.0001
2025072723,-0.0001
2025072723,-0.0001
2025072800,-0.0001
2025072800,-0.0001
2025072800,-0.0001
2025072800,-0.0001
2025072801,-0.0001
2025072801,-0.0001
2025072801,-0.0001
2025072801,-0.0001
2025072802,-0.0001
2025072802,-0.0001
2025072802,-0.0001
2025072802,-0.0001
2025072803,-0.0001
2025072803,-0.0001
2025072803,-0.0001
2025072803,-0.0001
2025072804,-0.0001
2025072804,-0.0001
2025072804,-0.0001
2025072804,-0.0001
2025072805,-0.0001
2025072805,-0.0001
2025072805,-0.0001
2025072805,-0.0001
2025072806,-0.0001
2025072806,-0.0001
2025072806,-0.0001
2025072806,-0.0001
2025072807,-0.0001
2025072807,-0.0001
2025072807,-0.0001
2025072807,-0.0001
2025072808,-0.0001
2025072808,-0.0001
2025072808,-0.0001
2025072808,-0.0001
2025072809,-0.0001
2025072809,-0.0001
2025072809,-0.0001
2025072809,-0.0001
2025072810,-0.0001
2025072810,-0.0001
2025072810,-0.0001
2025072810,-0.0001
2025072811,-0.0001
2025072811,-0.0001
2025072811,-0.0001
2025072811,-0.0001
2025072812,-0.0001
2025072812,-0.0001
2025072812,-0.0001
2025072812,-0.0001
2025072813,-0.0001
2025072813,-0.0001
2025072813,-0.0001
2025072813,-0.0001
2025072814,-0.0001
2025072814,-0.0001
2025072814,-0.0001
2025072814,-0.0001
2025072815,-0.0001
2025072815,-0.0001
2025072815,-0.0001
2025072815,-0.0001
2025072816,-0.0001
2025072816,-0.0001
2025072816,-0.0001
2025072816,-0.0001
2025072817,-0.0001
2025072817,-0.0001
2025072817,-0.0001
2025072817,-0.0001
2025072818,-0.0001
2025072818,-0.0001
2025072818,-0.0001
2025072818,-0.0001
2025072819,-0.0001
2025072819,-0.0001
2025072819,-0.0001
2025072819,-0.0001
2025072820,-0.0001
2025072820,-0.0001
2025072820,-0.0001
2025072820,-0.0001
2025072821,-0.0001
2025072821,-0.0001
2025072821,-0.0001
2025072821,-0.0001
2025072822,-0.0001
2025072822,-0.0001
2025072822,-0.0001
2025072822,-0.0001
2025072823,-0.0001
2025072823,-0.0001
2025072823,-0.0001
2025072823,-0.0001
2025072900,-0.0001
2025072900,-0.0001
2025072900,-0.0001
2025072900,-0.0001
2025072901,-0.0001
2025072901,-0.0001
2025072901,-0.0001
2025072901,-0.0001
2025072902,-0.0001
2025072902,-0.0001
2025072902,-0.0001
2025072902,-0.0001
2025072903,-0.0001
2025072903,-0.0001
2025072903,-0.0001
2025072903,-0.0001
2025072904,-0.0001
2025072904,-0.0001
2025072904,-0.0001
2025072904,-0.0001
2025072905,-0.0001
2025072905,-0.0001
2025072905,-0.0001
2025072905,-0.0001
2025072906,-0.0001
2025072906,-0.0001
2025072906,-0.0001
2025072906,-0.0001
2025072907,-0.0001
2025072907,-0.0001
2025072907,-0.0001
2025072907,-0.0001
2025072908,-0.0001
2025072908,-0.0001
2025072908,-0.0001
2025072908,-0.0001
2025072909,-0.0001
2025072909,-0.0001
2025072909,-0.0001
2025072909,-0.0001
2025072910,-0.0001
2025072910,-0.0001
2025072910,-0.0001
2025072910,-0.0001
2025072911,-0.0001
2025072911,-0.0001
2025072911,-0.0001
2025072911,-0.0001
2025072912,-0.0001
2025072912,-0.0001
2025072912,-0.0001
2025072912,-0.0001
2025072913,-0.0001
2025072913,-0.0001
2025072913,-0.0001
2025072913,-0.0001
2025072914,-0.0001
2025072914,-0.0001
2025072914,-0.0001
2025072914,-0.0001
2025072915,-0.0001
2025072915,-0.0001
2025072915,-0.0001
2025072915,-0.0001
2025072916,-0.0001
2025072916,-0.0001
2025072916,-0.0001
2025072916,-0.0001
2025072917,-0.0001
2025072917,-0.0001
2025072917,-0.0001
2025072917,-0.0001
2025072918,-0.0001
2025072918,-0.0001
2025072918,-0.0001
2025072918,-0.0001
2025072919,-0.0001
2025072919,-0.0001
2025072919,-0.0001
2025072919,-0.0001
2025072920,-0.0001
2025072920,-0.0001
2025072920,-0.0001
2025072920,-0.0001
2025072921,-0.0001
2025072921,-0.0001
2025072921,-0.0001
2025072921,-0.0001
2025072922,-0.0001
2025072922,-0.0001
2025072922,-0.0001
2025072922,-0.0001
2025072923,-0.0001
2025072923,-0.0001
2025072923,-0.0001
2025072923,-0.0001
2025073000,-0.0001
2025073000,-0.0001
2025073000,-0.0001
2025073000,-0.0001
2025073001,-0.0001
2025073001,-0.0001
2025073001,-0.0001
2025073001,-0.0001
2025073002,-0.0001
2025073002,-0.0001
2025073002,-0.0001
2025073002,-0.0001
2025073003,-0.0001
2025073003,-0.0001
2025073003,-0.0001
2025073003,-0.0001
2025073004,-0.0001
2025073004,-0.0001
2025073004,-0.0001
2025073004,-0.0001
2025073005,-0.0001
2025073005,-0.0001
2025073005,-0.0001
2025073005,-0.0001
2025073006,-0.0001
2025073006,-0.0001
2025073006,-0.0001
2025073006,-0.0001
2025073007,-0.0001
2025073007,-0.0001
2025073007,-0.0001
2025073007,-0.0001
2025073008,-0.0001
2025073008,-0.0001
2025073008,-0.0001
2025073008,-0.0001
2025073009,-0.0001
2025073009,-0.0001
2025073009,-0.0001
2025073009,-0.0001
2025073010,-0.0001
2025073010,-0.0001
2025073010,-0.0001
2025073010,-0.0001
2025073011,-0.0001
2025073011,-0.0001
2025073011,-0.0001
2025073011,-0.0001
2025073012,-0.0001
2025073012,-0.0001
2025073012,-0.0001
2025073012,-0.0001
2025073013,-0.0001
2025073013,-0.0001
2025073013,-0.0001
2025073013,-0.0001
2025073014,-0.0001
2025073014,-0.0001
2025073014,-0.0001
2025073014,-0.0001
2025073015,-0.0001
2025073015,-0.0001
2025073015,-0.0001
2025073015,-0.0001
2025073016,-0.0001
2025073016,-0.0001
2025073016,-0.0001
2025073016,-0.0001
2025073017,-0.0001
2025073017,-0.0001
2025073017,-0.0001
2025073017,-0.0001
2025073018,-0.0001
2025073018,-0.0001
2025073018,-0.0001
2025073018,-0.0001
2025073019,-0.0001
2025073019,-0.0001
2025073019,-0.0001
2025073019,-0.0001
2025073020,-0.0001
2025073020,-0.0001
2025073020,-0.0001
2025073020,-0.0001
2025073021,-0.0001
2025073021,-0.0001
2025073021,-0.0001
2025073021,-0.0001
2025073022,-0.0001
2025073022,-0.0001
2025073022,-0.0001
2025073022,-0.0001
2025073023,-0.0001
2025073023,-0.0001
2025073023,-0.0001
2025073023,-0.0001
2025073100,-0.0001
2025073100,-0.0001
2025073100,-0.0001
2025073100,-0.0001
2025073101,-0.0001
2025073101,-0.0001
2025073101,-0.0001
2025073101,-0.0001
2025073102,-0.0001
2025073102,-0.0001
2025073102,-0.0001
2025073102,-0.0001
2025073103,-0.0001
2025073103,-0.0001
2025073103,-0.0001
2025073103,-0.0001
2025073104,-0.0001
2025073104,-0.0001
2025073104,-0.0001
2025073104,-0.0001
2025073105,-0.0001
2025073105,-0.0001
2025073105,-0.0001
2025073105,-0.0001
2025073106,-0.0001
2025073106,-0.0001
2025073106,-0.0001
2025073106,-0.0001
2025073107,-0.0001
2025073107,-0.0001
2025073107,-0.0001
2025073107,-0.0001
2025073108,-0.0001
2025073108,-0.0001
2025073108,-0.0001
2025073108,-0.0001
2025073109,-0.0001
2025073109,-0.0001
2025073109,-0.0001
2025073109,-0.0001
2025073110,-0.0001
2025073110,-0.0001
2025073110,-0.0001
2025073110,-0.0001
2025073111,-0.0001
2025073111,-0.0001
2025073111,-0.0001
2025073111,-0.0001
2025073112,-0.0001
2025073112,-0.0001
2025073112,-0.0001
2025073112,-0.0001
2025073113,-0.0001
2025073113,-0.0001
2025073113,-0.0001
2025073113,-0.0001
2025073114,-0.0001
2025073114,-0.0001
2025073114,-0.0001
2025073114,-0.0001
2025073115,-0.0001
2025073115,-0.0001
2025073115,-0.0001
2025073115,-0.0001
2025073116,-0.0001
2025073116,-0.0001
2025073116,-0.0001
2025073116,-0.0001
2025073117,-0.0001
2025073117,-0.0001
2025073117,-0.0001
2025073117,-0.0001
2025073118,-0.0001
2025073118,-0.0001
2025073118,-0.0001
2025073118,-0.0001
2025073119,-0.0001
2025073119,-0.0001
2025073119,-0.0001
2025073119,-0.0001
2025073120,-0.0001
2025073120,-0.0001
2025073120,-0.0001
2025073120,-0.0001
2025073121,-0.0001
2025073121,-0.0001
2025073121,-0.0001
2025073121,-0.0001
2025073122,-0.0001
2025073122,-0.0001
2025073122,-0.0001
2025073122,-0.0001
2025073123,-0.0001
2025073123,-0.0001
2025073123,-0.0001
2025073123,-0.0001
2025080100,-0.0001
2025080100,-0.0001
2025080100,-0.0001
2025080100,-0.0001
2025080101,-0.0001
2025080101,-0.0001
2025080101,-0.0001
2025080101,-0.0001
2025080102,-0.0001
2025080102,-0.0001
2025080102,-0.0001
2025080102,-0.0001
2025080103,-0.0001
2025080103,-0.0001
2025080103,-0.0001
2025080103,-0.0001
2025080104,-0.0001
2025080104,-0.0001
2025080104,-0.0001
2025080104,-0.0001
2025080105,-0.0001
2025080105,-0.0001
2025080105,-0.0001
2025080105,-0.0001
2025080106,-0.0001
2025080106,-0.0001
2025080106,-0.0001
2025080106,-0.0001
2025080107,-0.0001
2025080107,-0.0001
2025080107,-0.0001
2025080107,-0.0001
2025080108,-0.0001
2025080108,-0.0001
2025080108,-0.0001
2025080108,-0.0001
2025080109,-0.0001
2025080109,-0.0001
2025080109,-0.0001
2025080109,-0.0001
2025080110,-0.0001
2025080110,-0.0001
2025080110,-0.0001
2025080110,-0.0001
2025080111,-0.0001
2025080111,-0.0001
2025080111,-0.0001
2025080111,-0.0001
2025080112,-0.0001
2025080112,-0.0001
2025080112,-0.0001
2025080112,-0.0001
2025080113,-0.0001
2025080113,-0.0001
2025080113,-0.0001
2025080113,-0.0001
2025080114,-0.0001
2025080114,-0.0001
2025080114,-0.0001
2025080114,-0.0001
2025080115,-0.0001
2025080115,-0.0001
2025080115,-0.0001
2025080115,-0.0001
2025080116,-0.0001
2025080116,-0.0001
2025080116,-0.0001
2025080116,-0.0001
2025080117,-0.0001
2025080117,-0.0001
2025080117,-0.0001
2025080117,-0.0001
2025080118,-0.0001
2025080118,-0.0001
2025080118,-0.0001
2025080118,-0.0001
2025080119,-0.0001
2025080119,-0.0001
2025080119,-0.0001
2025080119,-0.0001
2025080120,-0.0001
2025080120,-0.0001
2025080120,-0.0001
2025080120,-0.0001
2025080121,-0.0001
2025080121,-0.0001
2025080121,-0.0001
2025080121,-0.0001
2025080122,-0.0001
2025080122,-0.0001
2025080122,-0.0001
2025080122,-0.0001
2025080123,-0.0001
2025080123,-0.0001
2025080123,-0.0001
2025080123,-0.0001
2025080200,-0.0001
2025080200,-0.0001
2025080200,-0.0001
2025080200,-0.0001
2025080201,-0.0001
2025080201,-0.0001
2025080201,-0.0001
2025080201,-0.0001
2025080202,-0.0001
2025080202,-0.0001
2025080202,-0.0001
2025080202,-0.0001
2025080203,-0.0001
2025080203,-0.0001
2025080203,-0.0001
2025080203,-0.0001
2025080204,-0.0001
2025080204,-0.0001
2025080204,-0.0001
2025080204,-0.0001
2025080205,-0.0001
2025080205,-0.0001
2025080205,-0.0001
2025080205,-0.0001
2025080206,-0.0001
2025080206,-0.0001
2025080206,-0.0001
2025080206,-0.0001
2025080207,-0.0001
2025080207,-0.0001
2025080207,-0.0001
2025080207,-0.0001
2025080208,-0.0001
2025080208,-0.0001
2025080208,-0.0001
2025080208,-0.0001
2025080209,-0.0001
2025080209,-0.0001
2025080209,-0.0001
2025080209,-0.0001
2025080210,-0.0001
2025080210,-0.0001
2025080210,-0.0001
2025080210,-0.0001
2025080211,-0.0001
2025080211,-0.0001
2025080211,-0.0001
2025080211,-0.0001
2025080212,-0.0001
2025080212,-0.0001
2025080212,-0.0001
2025080212,-0.0001
2025080213,-0.0001
2025080213,-0.0001
2025080213,-0.0001
2025080213,-0.0001
2025080214,-0.0001
2025080214,-0.0001
2025080214,-0.0001
2025080214,-0.0001
2025080215,-0.0001
2025080215,-0.0001
2025080215,-0.0001
2025080215,-0.0001
2025080216,-0.0001
2025080216,-0.0001
2025080216,-0.0001
2025080216,-0.0001
2025080217,-0.0001
2025080217,-0.0001
2025080217,-0.0001
2025080217,-0.0001
2025080218,-0.0001
2025080218,-0.0001
2025080218,-0.0001
2025080218,-0.0001
2025080219,-0.0001
2025080219,-0.0001
2025080219,-0.0001
2025080219,-0.0001
2025080220,-0.0001
2025080220,-0.0001
2025080220,-0.0001
2025080220,-0.0001
2025080221,-0.0001
2025080221,-0.0001
2025080221,-0.0001
2025080221,-0.0001
2025080222,-0.0001
2025080222,-0.0001
2025080222,-0.0001
2025080222,-0.0001
2025080223,-0.0001
2025080223,-0.0001
2025080223,-0.0001
2025080223,-0.0001
2025080300,-0.0001
2025080300,-0.0001
2025080300,-0.0001
2025080300,-0.0001
2025080301,-0.0001
2025080301,-0.0001
2025080301,-0.0001
2025080301,-0.0001
2025080302,-0.0001
2025080302,-0.0001
2025080302,-0.0001
2025080302,-0.0001
2025080303,-0.0001
2025080303,-0.0001
2025080303,-0.0001
2025080303,-0.0001
2025080304,-0.0001
2025080304,-0.0001
2025080304,-0.0001
2025080304,-0.0001
2025080305,-0.0001
2025080305,-0.0001
2025080305,-0.0001
2025080305,-0.0001
2025080306,-0.0001
2025080306,-0.0001
2025080306,-0.0001
2025080306,-0.0001
2025080307,-0.0001
2025080307,-0.0001
2025080307,-0.0001
2025080307,-0.0001
2025080308,-0.0001
2025080308,-0.0001
2025080308,-0.0001
2025080308,-0.0001
2025080309,-0.0001
2025080309,-0.0001
2025080309,-0.0001
2025080309,-0.0001
2025080310,-0.0001
2025080310,-0.0001
2025080310,-0.0001
2025080310,-0.0001
2025080311,-0.0001
2025080311,-0.0001
2025080311,-0.0001
2025080311,-0.0001
2025080312,-0.0001
2025080312,-0.0001
2025080312,-0.0001
2025080312,-0.0001
2025080313,-0.0001
2025080313,-0.0001
2025080313,-0.0001
2025080313,-0.0001
2025080314,-0.0001
2025080314,-0.0001
2025080314,-0.0001
2025080314,-0.0001
2025080315,-0.0001
2025080315,-0.0001
2025080315,-0.0001
2025080315,-0.0001
2025080316,-0.0001
2025080316,-0.0001
2025080316,-0.0001
2025080316,-0.0001
2025080317,-0.0001
2025080317,-0.0001
2025080317,-0.0001
2025080317,-0.0001
2025080318,-0.0001
2025080318,-0.0001
2025080318,-0.0001
2025080318,-0.0001
2025080319,-0.0001
2025080319,-0.0001
2025080319,-0.0001
2025080319,-0.0001
2025080320,-0.0001
2025080320,-0.0001
2025080320,-0.0001
2025080320,-0.0001
2025080321,-0.0001
2025080321,-0.0001
2025080321,-0.0001
2025080321,-0.0001
2025080322,-0.0001
2025080322,-0.0001
2025080322,-0.0001
2025080322,-0.0001
2025080323,-0.0001
2025080323,-0.0001
2025080323,-0.0001
2025080323,-0.0001
2025080400,-0.0001
2025080400,-0.0001
2025080400,-0.0001
2025080400,-0.0001
2025080401,-0.0001
2025080401,-0.0001
2025080401,-0.0001
2025080401,-0.0001
2025080402,-0.0001
2025080402,-0.0001
2025080402,-0.0001
2025080402,-0.0001
2025080403,-0.0001
2025080403,-0.0001
2025080403,-0.0001
2025080403,-0.0001
2025080404,-0.0001
2025080404,-0.0001
2025080404,-0.0001
2025080404,-0.0001
2025080405,-0.0001
2025080405,-0.0001
2025080405,-0.0001
2025080405,-0.0001
2025080406,-0.0001
2025080406,-0.0001
2025080406,-0.0001
2025080406,-0.0001
2025080407,-0.0001
2025080407,-0.0001
2025080407,-0.0001
2025080407,-0.0001
2025080408,-0.0001
2025080408,-0.0001
2025080408,-0.0001
2025080408,-0.0001
2025080409,-0.0001
2025080409,-0.0001
2025080409,-0.0001
2025080409,-0.0001
2025080410,-0.0001
2025080410,-0.0001
2025080410,-0.0001
2025080410,-0.0001
2025080411,-0.0001
2025080411,-0.0001
2025080411,-0.0001
2025080411,-0.0001
2025080412,-0.0001
2025080412,-0.0001
2025080412,-0.0001
2025080412,-0.0001
2025080413,-0.0001
2025080413,-0.0001
2025080413,-0.0001
2025080413,-0.0001
2025080414,-0.0001
2025080414,-0.0001
2025080414,-0.0001
2025080414,-0.0001
2025080415,-0.0001
2025080415,-0.0001
2025080415,-0.0001
2025080415,-0.0001
2025080416,-0.0001
2025080416,-0.0001
2025080416,-0.0001
2025080416,-0.0001
2025080417,-0.0001
2025080417,-0.0001
2025080417,-0.0001
2025080417,-0.0001
2025080418,-0.0001
2025080418,-0.0001
2025080418,-0.0001
2025080418,-0.0001
2025080419,-0.0001
2025080419,-0.0001
2025080419,-0.0001
2025080419,-0.0001
2025080420,-0.0001
2025080420,-0.0001
2025080420,-0.0001
2025080420,-0.0001
2025080421,-0.0001
2025080421,-0.0001
2025080421,-0.0001
2025080421,-0.0001
2025080422,-0.0001
2025080422,-0.0001
2025080422,-0.0001
2025080422,-0.0001
2025080423,-0.0001
2025080423,-0.0001
2025080423,-0.0001
2025080423,-0.0001
2025080500,-0.0001
2025080500,-0.0001
2025080500,-0.0001
2025080500,-0.0001
2025080501,-0.0001
2025080501,-0.0001
2025080501,-0.0001
2025080501,-0.0001
2025080502,-0.0001
2025080502,-0.0001
2025080502,-0.0001
2025080502,-0.0001
2025080503,-0.0001
2025080503,-0.0001
2025080503,-0.0001
2025080503,-0.0001
2025080504,-0.0001
2025080504,-0.0001
2025080504,-0.0001
2025080504,-0.0001
2025080505,-0.0001
2025080505,-0.0001
2025080505,-0.0001
2025080505,-0.0001
2025080506,-0.0001
2025080506,-0.0001
2025080506,-0.0001
2025080506,-0.0001
2025080507,-0.0001
2025080507,-0.0001
2025080507,-0.0001
2025080507,-0.0001
2025080508,-0.0001
2025080508,-0.0001
2025080508,-0.0001
2025080508,-0.0001
2025080509,-0.0001
2025080509,-0.0001
2025080509,-0.0001
2025080509,-0.0001
2025080510,-0.0001
2025080510,-0.0001
2025080510,-0.0001
2025080510,-0.0001
2025080511,-0.0001
2025080511,-0.0001
2025080511,-0.0001
2025080511,-0.0001
2025080512,-0.0001
2025080512,-0.0001
2025080512,-0.0001
2025080512,-0.0001
2025080513,-0.0001
2025080513,-0.0001
2025080513,-0.0001
2025080513,-0.0001
2025080514,-0.0001
2025080514,-0.0001
2025080514,-0.0001
2025080514,-0.0001
2025080515,-0.0001
2025080515,-0.0001
2025080515,-0.0001
2025080515,-0.0001
2025080516,-0.0001
2025080516,-0.0001
2025080516,-0.0001
2025080516,-0.0001
2025080517,-0.0001
2025080517,-0.0001
2025080517,-0.0001
2025080517,-0.0001
2025080518,-0.0001
2025080518,-0.0001
2025080518,-0.0001
2025080518,-0.0001
2025080519,-0.0001
2025080519,-0.0001
2025080519,-0.0001
2025080519,-0.0001
2025080520,-0.0001
2025080520,-0.0001
2025080520,-0.0001
2025080520,-0.0001
2025080521,-0.0001
2025080521,-0.0001
2025080521,-0.0001
2025080521,-0.0001
2025080522,-0.0001
2025080522,-0.0001
2025080522,-0.0001
2025080522,-0.0001
2025080523,-0.0001
2025080523,-0.0001
2025080523,-0.0001
2025080523,-0.0001
2025080600,-0.0001
2025080600,-0.0001
2025080600,-0.0001
2025080600,-0.0001
2025080601,-0.0001
2025080601,-0.0001
2025080601,-0.0001
2025080601,-0.0001
2025080602,-0.0001
2025080602,-0.0001
2025080602,-0.0001
2025080602,-0.0001
2025080603,-0.0001
2025080603,-0.0001
2025080603,-0.0001
2025080603,-0.0001
2025080604,-0.0001
2025080604,-0.0001
2025080604,-0.0001
2025080604,-0.0001
2025080605,-0.0001
2025080605,-0.0001
2025080605,-0.0001
2025080605,-0.0001
2025080606,-0.0001
2025080606,-0.0001
2025080606,-0.0001
2025080606,-0.0001
2025080607,-0.0001
2025080607,-0.0001
2025080607,-0.0001
2025080607,-0.0001
2025080608,-0.0001
2025080608,-0.0001
2025080608,-0.0001
2025080608,-0.0001
2025080609,-0.0001
2025080609,-0.0001
2025080609,-0.0001
2025080609,-0.0001
2025080610,-0.0001
2025080610,-0.0001
2025080610,-0.0001
2025080610,-0.0001
2025080611,-0.0001
2025080611,-0.0001
2025080611,-0.0001
2025080611,-0.0001
2025080612,-0.0001
2025080612,-0.0001
2025080612,-0.0001
2025080612,-0.0001
2025080613,-0.0001
2025080613,-0.0001
2025080613,-0.0001
2025080613,-0.0001
2025080614,-0.0001
2025080614,-0.0001
2025080614,-0.0001
2025080614,-0.0001
2025080615,-0.0001
2025080615,-0.0001
2025080615,-0.0001
2025080615,-0.0001
2025080616,-0.0001
2025080616,-0.0001
2025080616,-0.0001
2025080616,-0.0001
2025080617,-0.0001
2025080617,-0.0001
2025080617,-0.0001
2025080617,-0.0001
2025080618,-0.0001
2025080618,-0.0001
2025080618,-0.0001
2025080618,-0.0001
2025080619,-0.0001
2025080619,-0.0001
2025080619,-0.0001
2025080619,-0.0001
2025080620,-0.0001
2025080620,-0.0001
2025080620,-0.0001
2025080620,-0.0001
2025080621,-0.0001
2025080621,-0.0001
2025080621,-0.0001
2025080621,-0.0001
2025080622,-0.0001
2025080622,-0.0001
2025080622,-0.0001
2025080622,-0.0001
2025080623,-0.0001
2025080623,-0.0001
2025080623,-0.0001
2025080623,-0.0001
2025080700,-0.0001
2025080700,-0.0001
2025080700,-0.0001
2025080700,-0.0001
2025080701,-0.0001
2025080701,-0.0001
2025080701,-0.0001
2025080701,-0.0001
2025080702,-0.0001
2025080702,-0.0001
2025080702,-0.0001
2025080702,-0.0001
2025080703,-0.0001
2025080703,-0.0001
2025080703,-0.0001
2025080703,-0.0001
2025080704,-0.0001
2025080704,-0.0001
2025080704,-0.0001
2025080704,-0.0001
2025080705,-0.0001
2025080705,-0.0001
2025080705,-0.0001
2025080705,-0.0001
2025080706,-0.0001
2025080706,-0.0001
2025080706,-0.0001
2025080706,-0.0001
2025080707,-0.0001
2025080707,-0.0001
2025080707,-0.0001
2025080707,-0.0001
2025080708,-0.0001
2025080708,-0.0001
2025080708,-0.0001
2025080708,-0.0001
2025080709,-0.0001
2025080709,-0.0001
2025080709,-0.0001
2025080709,-0.0001
2025080710,-0.0001
2025080710,-0.0001
2025080710,-0.0001
2025080710,-0.0001
2025080711,-0.0001
2025080711,-0.0001
2025080711,-0.0001
2025080711,-0.0001
2025080712,-0.0001
2025080712,-0.0001
2025080712,-0.0001
2025080712,-0.0001
2025080713,-0.0001
2025080713,-0.0001
2025080713,-0.0001
2025080713,-0.0001
2025080714,-0.0001
2025080714,-0.0001
2025080714,-0.0001
2025080714,-0.0001
2025080715,-0.0001
2025080715,-0.0001
2025080715,-0.0001
2025080715,-0.0001
2025080716,-0.0001
2025080716,-0.0001
2025080716,-0.0001
2025080716,-0.0001
2025080717,-0.0001
2025080717,-0.0001
2025080717,-0.0001
2025080717,-0.0001
2025080718,-0.0001
2025080718,-0.0001
2025080718,-0.0001
2025080718,-0.0001
2025080719,-0.0001
2025080719,-0.0001
2025080719,-0.0001
2025080719,-0.0001
2025080720,-0.0001
2025080720,-0.0001
2025080720,-0.0001
2025080720,-0.0001
2025080721,-0.0001
2025080721,-0.0001
2025080721,-0.0001
2025080721,-0.0001
2025080722,-0.0001
2025080722,-0.0001
2025080722,-0.0001
2025080722,-0.0001
2025080723,-0.0001
2025080723,-0.0001
2025080723,-0.0001
2025080723,-0.0001
2025080800,-0.0001
2025080800,-0.0001
2025080800,-0.0001
2025080800,-0.0001
2025080801,-0.0001
2025080801,-0.0001
2025080801,-0.0001
2025080801,-0.0001
2025080802,-0.0001
2025080802,-0.0001
2025080802,-0.0001
2025080802,-0.0001
2025080803,-0.0001
2025080803,-0.0001
2025080803,-0.0001
2025080803,-0.0001
2025080804,-0.0001
2025080804,-0.0001
2025080804,-0.0001
2025080804,-0.0001
2025080805,-0.0001
2025080805,-0.0001
2025080805,-0.0001
2025080805,-0.0001
2025080806,-0.0001
2025080806,-0.0001
2025080806,-0.0001
2025080806,-0.0001
2025080807,-0.0001
2025080807,-0.0001
2025080807,-0.0001
2025080807,-0.0001
2025080808,-0.0001
2025080808,-0.0001
2025080808,-0.0001
2025080808,-0.0001
2025080809,-0.0001
2025080809,-0.0001
2025080809,-0.0001
2025080809,-0.0001
2025080810,-0.0001
2025080810,-0.0001
2025080810,-0.0001
2025080810,-0.0001
2025080811,-0.0001
2025080811,-0.0001
2025080811,-0.0001
2025080811,-0.0001
2025080812,-0.0001
2025080812,-0.0001
2025080812,-0.0001
2025080812,-0.0001
2025080813,-0.0001
2025080813,-0.0001
2025080813,-0.0001
2025080813,-0.0001
2025080814,-0.0001
2025080814,-0.0001
2025080814,-0.0001
2025080814,-0.0001
2025080815,-0.0001
2025080815,-0.0001
2025080815,-0.0001
2025080815,-0.0001
2025080816,-0.0001
2025080816,-0.0001
2025080816,-0.0001
2025080816,-0.0001
2025080817,-0.0001
2025080817,-0.0001
2025080817,-0.0001
2025080817,-0.0001
2025080818,-0.0001
2025080818,-0.0001
2025080818,-0.0001
2025080818,-0.0001
2025080819,-0.0001
2025080819,-0.0001
2025080819,-0.0001
2025080819,-0.0001
2025080820,-0.0001
2025080820,-0.0001
2025080820,-0.0001
2025080820,-0.0001
2025080821,-0.0001
2025080821,-0.0001
2025080821,-0.0001
2025080821,-0.0001
2025080822,-0.0001
2025080822,-0.0001
2025080822,-0.0001
2025080822,-0.0001
2025080823,-0.0001
2025080823,-0.0001
2025080823,-0.0001
2025080823,-0.0001
2025080900,-0.0001
2025080900,-0.0001
2025080900,-0.0001
2025080900,-0.0001
2025080901,-0.0001
2025080901,-0.0001
2025080901,-0.0001
2025080901,-0.0001
2025080902,-0.0001
2025080902,-0.0001
2025080902,-0.0001
2025080902,-0.0001
2025080903,-0.0001
2025080903,-0.0001
2025080903,-0.0001
2025080903,-0.0001
2025080904,-0.0001
2025080904,-0.0001
2025080904,-0.0001
2025080904,-0.0001
2025080905,-0.0001
2025080905,-0.0001
2025080905,-0.0001
2025080905,-0.0001
2025080906,-0.0001
2025080906,-0.0001
2025080906,-0.0001
2025080906,-0.0001
2025080907,-0.0001
2025080907,-0.0001
2025080907,-0.0001
2025080907,-0.0001
2025080908,-0.0001
2025080908,-0.0001
2025080908,-0.0001
2025080908,-0.0001
2025080909,-0.0001
2025080909,-0.0001
2025080909,-0.0001
2025080909,-0.0001
2025080910,-0.0001
2025080910,-0.0001
2025080910,-0.0001
2025080910,-0.0001
2025080911,-0.0001
2025080911,-0.0001
2025080911,-0.0001
2025080911,-0.0001
2025080912,-0.0001
2025080912,-0.0001
2025080912,-0.0001
2025080912,-0.0001
2025080913,-0.0001
2025080913,-0.0001
2025080913,-0.0001
2025080913,-0.0001
2025080914,-0.0001
2025080914,-0.0001
2025080914,-0.0001
2025080914,-0.0001
2025080915,-0.0001
2025080915,-0.0001
2025080915,-0.0001
2025080915,-0.0001
2025080916,-0.0001
2025080916,-0.0001
2025080916,-0.0001
2025080916,-0.0001
2025080917,-0.0001
2025080917,-0.0001
2025080917,-0.0001
2025080917,-0.0001
2025080918,-0.0001
2025080918,-0.0001
2025080918,-0.0001
2025080918,-0.0001
2025080919,-0.0001
2025080919,-0.0001
2025080919,-0.0001
2025080919,-0.0001
2025080920,-0.0001
2025080920,-0.0001
2025080920,-0.0001
2025080920,-0.0001
2025080921,-0.0001
2025080921,-0.0001
2025080921,-0.0001
2025080921,-0.0001
2025080922,-0.0001
2025080922,-0.0001
2025080922,-0.0001
2025080922,-0.0001
2025080923,-0.0001
2025080923,-0.0001
2025080923,-0.0001
2025080923,-0.0001
2025081000,-0.0001
2025081000,-0.0001
2025081000,-0.0001
2025081000,-0.0001
2025081001,-0.0001
2025081001,-0.0001
2025081001,-0.0001
2025081001,-0.0001
2025081002,-0.0001
2025081002,-0.0001
2025081002,-0.0001
2025081002,-0.0001
2025081003,-0.0001
2025081003,-0.0001
2025081003,-0.0001
2025081003,-0.0001
2025081004,-0.0001
2025081004,-0.0001
2025081004,-0.0001
2025081004,-0.0001
2025081005,-0.0001
2025081005,-0.0001
2025081005,-0.0001
2025081005,-0.0001
2025081006,-0.0001
2025081006,-0.0001
2025081006,-0.0001
2025081006,-0.0001
2025081007,-0.0001
2025081007,-0.0001
2025081007,-0.0001
2025081007,-0.0001
2025081008,-0.0001
2025081008,-0.0001
2025081008,-0.0001
2025081008,-0.0001
2025081009,-0.0001
2025081009,-0.0001
2025081009,-0.0001
2025081009,-0.0001
2025081010,-0.0001
2025081010,-0.0001
2025081010,-0.0001
2025081010,-0.0001
2025081011,-0.0001
2025081011,-0.0001
2025081011,-0.0001
2025081011,-0.0001
2025081012,-0.0001
2025081012,-0.0001
2025081012,-0.0001
2025081012,-0.0001
2025081013,-0.0001
2025081013,-0.0001
2025081013,-0.0001
2025081013,-0.0001
2025081014,-0.0001
2025081014,-0.0001
2025081014,-0.0001
2025081014,-0.0001
2025081015,-0.0001
2025081015,-0.0001
2025081015,-0.0001
2025081015,-0.0001
2025081016,-0.0001
2025081016,-0.0001
2025081016,-0.0001
2025081016,-0.0001
2025081017,-0.0001
2025081017,-0.0001
2025081017,-0.0001
2025081017,-0.0001
2025081018,-0.0001
2025081018,-0.0001
2025081018,-0.0001
2025081018,-0.0001
2025081019,-0.0001
2025081019,-0.0001
2025081019,-0.0001
2025081019,-0.0001
2025081020,-0.0001
2025081020,-0.0001
2025081020,-0.0001
2025081020,-0.0001
2025081021,-0.0001
2025081021,-0.0001
2025081021,-0.0001
2025081021,-0.0001
2025081022,-0.0001
2025081022,-0.0001
2025081022,-0.0001
2025081022,-0.0001
2025081023,-0.0001
2025081023,-0.0001
2025081023,-0.0001
2025081023,-0.0001
2025081100,-0.0001
2025081100,-0.0001
2025081100,-0.0001
2025081100,-0.0001
2025081101,-0.0001
2025081101,-0.0001
2025081101,-0.0001
2025081101,-0.0001
2025081102,-0.0001
2025081102,-0.0001
2025081102,-0.0001
2025081102,-0.0001
2025081103,-0.0001
2025081103,-0.0001
2025081103,-0.0001
2025081103,-0.0001
2025081104,-0.0001
2025081104,-0.0001
2025081104,-0.0001
2025081104,-0.0001
2025081105,-0.0001
2025081105,-0.0001
2025081105,-0.0001
2025081105,-0.0001
2025081106,-0.0001
2025081106,-0.0001
2025081106,-0.0001
2025081106,-0.0001
2025081107,-0.0001
2025081107,-0.0001
2025081107,-0.0001
2025081107,-0.0001
2025081108,-0.0001
2025081108,-0.0001
2025081108,-0.0001
2025081108,-0.0001
2025081109,-0.0001
2025081109,-0.0001
2025081109,-0.0001
2025081109,-0.0001
2025081110,-0.0001
2025081110,-0.0001
2025081110,-0.0001
2025081110,-0.0001
2025081111,-0.0001
2025081111,-0.0001
2025081111,-0.0001
2025081111,-0.0001
2025081112,-0.0001
2025081112,-0.0001
2025081112,-0.0001
2025081112,-0.0001
2025081113,-0.0001
2025081113,-0.0001
2025081113,-0.0001
2025081113,-0.0001
2025081114,-0.0001
2025081114,-0.0001
2025081114,-0.0001
2025081114,-0.0001
2025081115,-0.0001
2025081115,-0.0001
2025081115,-0.0001
2025081115,-0.0001
2025081116,-0.0001
2025081116,-0.0001
2025081116,-0.0001
2025081116,-0.0001
2025081117,-0.0001
2025081117,-0.0001
2025081117,-0.0001
2025081117,-0.0001
2025081118,-0.0001
2025081118,-0.0001
2025081118,-0.0001
2025081118,-0.0001
2025081119,-0.0001
2025081119,-0.0001
2025081119,-0.0001
2025081119,-0.0001
2025081120,-0.0001
2025081120,-0.0001
2025081120,-0.0001
2025081120,-0.0001
2025081121,-0.0001
2025081121,-0.0001
2025081121,-0.0001
2025081121,-0.0001
2025081122,-0.0001
2025081122,-0.0001
2025081122,-0.0001
2025081122,-0.0001
2025081123,-0.0001
2025081123,-0.0001
2025081123,-0.0001
2025081123,-0.0001
2025081200,-0.0001
2025081200,-0.0001
2025081200,-0.0001
2025081200,-0.0001
2025081201,-0.0001
2025081201,-0.0001
2025081201,-0.0001
2025081201,-0.0001
2025081202,-0.0001
2025081202,-0.0001
2025081202,-0.0001
2025081202,-0.0001
2025081203,-0.0001
2025081203,-0.0001
2025081203,-0.0001
2025081203,-0.0001
2025081204,-0.0001
2025081204,-0.0001
2025081204,-0.0001
2025081204,-0.0001
2025081205,-0.0001
2025081205,-0.0001
2025081205,-0.0001
2025081205,-0.0001
2025081206,-0.0001
2025081206,-0.0001
2025081206,-0.0001
2025081206,-0.0001
2025081207,-0.0001
2025081207,-0.0001
2025081207,-0.0001
2025081207,-0.0001
2025081208,-0.0001
2025081208,-0.0001
2025081208,-0.0001
2025081208,-0.0001
2025081209,-0.0001
2025081209,-0.0001
2025081209,-0.0001
2025081209,-0.0001
2025081210,-0.0001
2025081210,-0.0001
2025081210,-0.0001
2025081210,-0.0001
2025081211,-0.0001
2025081211,-0.0001
2025081211,-0.0001
2025081211,-0.0001
2025081212,-0.0001
2025081212,-0.0001
2025081212,-0.0001
2025081212,-0.0001
2025081213,-0.0001
2025081213,-0.0001
2025081213,-0.0001
2025081213,-0.0001
2025081214,-0.0001
2025081214,-0.0001
2025081214,-0.0001
2025081214,-0.0001
2025081215,-0.0001
2025081215,-0.0001
2025081215,-0.0001
2025081215,-0.0001
2025081216,-0.0001
2025081216,-0.0001
2025081216,-0.0001
2025081216,-0.0001
2025081217,-0.0001
2025081217,-0.0001
2025081217,-0.0001
2025081217,-0.0001
2025081218,-0.0001
2025081218,-0.0001
2025081218,-0.0001
2025081218,-0.0001
2025081219,-0.0001
2025081219,-0.0001
2025081219,-0.0001
2025081219,-0.0001
2025081220,-0.0001
2025081220,-0.0001
2025081220,-0.0001
2025081220,-0.0001
2025081221,-0.0001
2025081221,-0.0001
2025081221,-0.0001
2025081221,-0.0001
2025081222,-0.0001
2025081222,-0.0001
2025081222,-0.0001
2025081222,-0.0001
2025081223,-0.0001
2025081223,-0.0001
2025081223,-0.0001
2025081223,-0.0001
2025081300,-0.0001
2025081300,-0.0001
2025081300,-0.0001
2025081300,-0.0001
2025081301,-0.0001
2025081301,-0.0001
2025081301,-0.0001
2025081301,-0.0001
2025081302,-0.0001
2025081302,-0.0001
2025081302,-0.0001
2025081302,-0.0001
2025081303,-0.0001
2025081303,-0.0001
2025081303,-0.0001
2025081303,-0.0001
2025081304,-0.0001
2025081304,-0.0001
2025081304,-0.0001
2025081304,-0.0001
2025081305,-0.0001
2025081305,-0.0001
2025081305,-0.0001
2025081305,-0.0001
2025081306,-0.0001
2025081306,-0.0001
2025081306,-0.0001
2025081306,-0.0001
2025081307,-0.0001
2025081307,-0.0001
2025081307,-0.0001
2025081307,-0.0001
2025081308,-0.0001
2025081308,-0.0001
2025081308,-0.0001
2025081308,-0.0001
2025081309,-0.0001
2025081309,-0.0001
2025081309,-0.0001
2025081309,-0.0001
2025081310,-0.0001
2025081310,-0.0001
2025081310,-0.0001
2025081310,-0.0001
2025081311,-0.0001
2025081311,-0.0001
2025081311,-0.0001
2025081311,-0.0001
2025081312,-0.0001
2025081312,-0.0001
2025081312,-0.0001
2025081312,-0.0001
2025081313,-0.0001
2025081313,-0.0001
2025081313,-0.0001
2025081313,-0.0001
2025081314,-0.0001
2025081314,-0.0001
2025081314,-0.0001
2025081314,-0.0001
2025081315,-0.0001
2025081315,-0.0001
2025081315,-0.0001
2025081315,-0.0001
2025081316,-0.0001
2025081316,-0.0001
2025081316,-0.0001
2025081316,-0.0001
2025081317,-0.0001
2025081317,-0.0001
2025081317,-0.0001
2025081317,-0.0001
2025081318,-0.0001
2025081318,-0.0001
2025081318,-0.0001
2025081318,-0.0001
2025081319,-0.0001
2025081319,-0.0001
2025081319,-0.0001
2025081319,-0.0001
2025081320,-0.0001
2025081320,-0.0001
2025081320,-0.0001
2025081320,-0.0001
2025081321,-0.0001
2025081321,-0.0001
2025081321,-0.0001
2025081321,-0.0001
2025081322,-0.0001
2025081322,-0.0001
2025081322,-0.0001
2025081322,-0.0001
2025081323,-0.0001
2025081323,-0.0001
2025081323,-0.0001
2025081323,-0.0001
2025081400,-0.0001
2025081400,-0.0001
2025081400,-0.0001
2025081400,-0.0001
2025081401,-0.0001
2025081401,-0.0001
2025081401,-0.0001
2025081401,-0.0001
2025081402,-0.0001
2025081402,-0.0001
2025081402,-0.0001
2025081402,-0.0001
2025081403,-0.0001
2025081403,-0.0001
2025081403,-0.0001
2025081403,-0.0001
2025081404,-0.0001
2025081404,-0.0001
2025081404,-0.0001
2025081404,-0.0001
2025081405,-0.0001
2025081405,-0.0001
2025081405,-0.0001
2025081405,-0.0001
2025081406,-0.0001
2025081406,-0.0001
2025081406,-0.0001
2025081406,-0.0001
2025081407,-0.0001
2025081407,-0.0001
2025081407,-0.0001
2025081407,-0.0001
2025081408,-0.0001
2025081408,-0.0001
2025081408,-0.0001
2025081408,-0.0001
2025081409,-0.0001
2025081409,-0.0001
2025081409,-0.0001
2025081409,-0.0001
2025081410,-0.0001
2025081410,-0.0001
2025081410,-0.0001
2025081410,-0.0001
2025081411,-0.0001
2025081411,-0.0001
2025081411,-0.0001
2025081411,-0.0001
2025081412,-0.0001
2025081412,-0.0001
2025081412,-0.0001
2025081412,-0.0001
2025081413,-0.0001
2025081413,-0.0001
2025081413,-0.0001
2025081413,-0.0001
2025081414,-0.0001
2025081414,-0.0001
2025081414,-0.0001
2025081414,-0.0001
2025081415,-0.0001
2025081415,-0.0001
2025081415,-0.0001
2025081415,-0.0001
2025081416,-0.0001
2025081416,-0.0001
2025081416,-0.0001
2025081416,-0.0001
2025081417,-0.0001
2025081417,-0.0001
2025081417,-0.0001
2025081417,-0.0001
2025081418,-0.0001
2025081418,-0.0001
2025081418,-0.0001
2025081418,-0.0001
2025081419,-0.0001
2025081419,-0.0001
2025081419,-0.0001
2025081419,-0.0001
2025081420,-0.0001
2025081420,-0.0001
2025081420,-0.0001
2025081420,-0.0001
2025081421,-0.0001
2025081421,-0.0001
2025081421,-0.0001
2025081421,-0.0001
2025081422,-0.0001
2025081422,-0.0001
2025081422,-0.0001
2025081422,-0.0001
2025081423,-0.0001
2025081423,-0.0001
2025081423,-0.0001
2025081423,-0.0001
2025081500,-0.0001
2025081500,-0.0001
2025081500,-0.0001
2025081500,-0.0001
2025081501,-0.0001
2025081501,-0.0001
2025081501,-0.0001
2025081501,-0.0001
2025081502,-0.0001
2025081502,-0.0001
2025081502,-0.0001
2025081502,-0.0001
2025081503,-0.0001
2025081503,-0.0001
2025081503,-0.0001
2025081503,-0.0001
2025081504,-0.0001
2025081504,-0.0001
2025081504,-0.0001
2025081504,-0.0001
2025081505,-0.0001
2025081505,-0.0001
2025081505,-0.0001
2025081505,-0.0001
2025081506,-0.0001
2025081506,-0.0001
2025081506,-0.0001
2025081506,-0.0001
2025081507,-0.0001
2025081507,-0.0001
2025081507,-0.0001
2025081507,-0.0001
2025081508,-0.0001
2025081508,-0.0001
2025081508,-0.0001
2025081508,-0.0001
2025081509,-0.0001
2025081509,-0.0001
2025081509,-0.0001
2025081509,-0.0001
2025081510,-0.0001
2025081510,-0.0001
2025081510,-0.0001
2025081510,-0.0001
2025081511,-0.0001
2025081511,-0.0001
2025081511,-0.0001
2025081511,-0.0001
2025081512,-0.0001
2025081512,-0.0001
2025081512,-0.0001
2025081512,-0.0001
2025081513,-0.0001
2025081513,-0.0001
2025081513,-0.0001
2025081513,-0.0001
2025081514,-0.0001
2025081514,-0.0001
2025081514,-0.0001
2025081514,-0.0001
2025081515,-0.0001
2025081515,-0.0001
2025081515,-0.0001
2025081515,-0.0001
2025081516,-0.0001
2025081516,-0.0001
2025081516,-0.0001
2025081516,-0.0001
2025081517,-0.0001
2025081517,-0.0001
2025081517,-0.0001
2025081517,-0.0001
2025081518,-0.0001
2025081518,-0.0001
2025081518,-0.0001
2025081518,-0.0001
2025081519,-0.0001
2025081519,-0.0001
2025081519,-0.0001
2025081519,-0.0001
2025081520,-0.0001
2025081520,-0.0001
2025081520,-0.0001
2025081520,-0.0001
2025081521,-0.0001
2025081521,-0.0001
2025081521,-0.0001
2025081521,-0.0001
2025081522,-0.0001
2025081522,-0.0001
2025081522,-0.0001
2025081522,-0.0001
2025081523,-0.0001
2025081523,-0.0001
2025081523,-0.0001
2025081523,-0.0001
2025081600,-0.0001
2025081600,-0.0001
2025081600,-0.0001
2025081600,-0.0001
2025081601,-0.0001
2025081601,-0.0001
2025081601,-0.0001
2025081601,-0.0001
2025081602,-0.0001
2025081602,-0.0001
2025081602,-0.0001
2025081602,-0.0001
2025081603,-0.0001
2025081603,-0.0001
2025081603,-0.0001
2025081603,-0.0001
2025081604,-0.0001
2025081604,-0.0001
2025081604,-0.0001
2025081604,-0.0001
2025081605,-0.0001
2025081605,-0.0001
2025081605,-0.0001
2025081605,-0.0001
2025081606,-0.0001
2025081606,-0.0001
2025081606,-0.0001
2025081606,-0.0001
2025081607,-0.0001
2025081607,-0.0001
2025081607,-0.0001
2025081607,-0.0001
2025081608,-0.0001
2025081608,-0.0001
2025081608,-0.0001
2025081608,-0.0001
2025081609,-0.0001
2025081609,-0.0001
2025081609,-0.0001
2025081609,-0.0001
2025081610,-0.0001
2025081610,-0.0001
2025081610,-0.0001
2025081610,-0.0001
2025081611,-0.0001
2025081611,-0.0001
2025081611,-0.0001
2025081611,-0.0001
2025081612,-0.0001
2025081612,-0.0001
2025081612,-0.0001
2025081612,-0.0001
2025081613,-0.0001
2025081613,-0.0001
2025081613,-0.0001
2025081613,-0.0001
2025081614,-0.0001
2025081614,-0.0001
2025081614,-0.0001
2025081614,-0.0001
2025081615,-0.0001
2025081615,-0.0001
2025081615,-0.0001
2025081615,-0.0001
2025081616,-0.0001
2025081616,-0.0001
2025081616,-0.0001
2025081616,-0.0001
2025081617,-0.0001
2025081617,-0.0001
2025081617,-0.0001
2025081617,-0.0001
2025081618,-0.0001
2025081618,-0.0001
2025081618,-0.0001
2025081618,-0.0001
2025081619,-0.0001
2025081619,-0.0001
2025081619,-0.0001
2025081619,-0.0001
2025081620,-0.0001
2025081620,-0.0001
2025081620,-0.0001
2025081620,-0.0001
2025081621,-0.0001
2025081621,-0.0001
2025081621,-0.0001
2025081621,-0.0001
2025081622,-0.0001
2025081622,-0.0001
2025081622,-0.0001
2025081622,-0.0001
2025081623,-0.0001
2025081623,-0.0001
2025081623,-0.0001
2025081623,-0.0001
2025081700,-0.0001
2025081700,-0.0001
2025081700,-0.0001
2025081700,-0.0001
2025081701,-0.0001
2025081701,-0.0001
2025081701,-0.0001
2025081701,-0.0001
2025081702,-0.0001
2025081702,-0.0001
2025081702,-0.0001
2025081702,-0.0001
2025081703,-0.0001
2025081703,-0.0001
2025081703,-0.0001
2025081703,-0.0001
2025081704,-0.0001
2025081704,-0.0001
2025081704,-0.0001
2025081704,-0.0001
2025081705,-0.0001
2025081705,-0.0001
2025081705,-0.0001
2025081705,-0.0001
2025081706,-0.0001
2025081706,-0.0001
2025081706,-0.0001
2025081706,-0.0001
2025081707,-0.0001
2025081707,-0.0001
2025081707,-0.0001
2025081707,-0.0001
2025081708,-0.0001
2025081708,-0.0001
2025081708,-0.0001
2025081708,-0.0001
2025081709,-0.0001
2025081709,-0.0001
2025081709,-0.0001
2025081709,-0.0001
2025081710,-0.0001
2025081710,-0.0001
2025081710,-0.0001
2025081710,-0.0001
2025081711,-0.0001
2025081711,-0.0001
2025081711,-0.0001
2025081711,-0.0001
2025081712,-0.0001
2025081712,-0.0001
2025081712,-0.0001
2025081712,-0.0001
2025081713,-0.0001
2025081713,-0.0001
2025081713,-0.0001
2025081713,-0.0001
2025081714,-0.0001
2025081714,-0.0001
2025081714,-0.0001
2025081714,-0.0001
2025081715,-0.0001
2025081715,-0.0001
2025081715,-0.0001
2025081715,-0.0001
2025081716,-0.0001
2025081716,-0.0001
2025081716,-0.0001
2025081716,-0.0001
2025081717,-0.0001
2025081717,-0.0001
2025081717,-0.0001
2025081717,-0.0001
2025081718,-0.0001
2025081718,-0.0001
2025081718,-0.0001
2025081718,-0.0001
2025081719,-0.0001
2025081719,-0.0001
2025081719,-0.0001
2025081719,-0.0001
2025081720,-0.0001
2025081720,-0.0001
2025081720,-0.0001
2025081720,-0.0001
2025081721,-0.0001
2025081721,-0.0001
2025081721,-0.0001
2025081721,-0.0001
2025081722,-0.0001
2025081722,-0.0001
2025081722,-0.0001
2025081722,-0.0001
2025081723,-0.0001
2025081723,-0.0001
2025081723,-0.0001
2025081723,-0.0001
2025081800,-0.0001
2025081800,-0.0001
2025081800,-0.0001
2025081800,-0.0001
2025081801,-0.0001
2025081801,-0.0001
2025081801,-0.0001
2025081801,-0.0001
2025081802,-0.0001
2025081802,-0.0001
2025081802,-0.0001
2025081802,-0.0001
2025081803,-0.0001
2025081803,-0.0001
2025081803,-0.0001
2025081803,-0.0001
2025081804,-0.0001
2025081804,-0.0001
2025081804,-0.0001
2025081804,-0.0001
2025081805,-0.0001
2025081805,-0.0001
2025081805,-0.0001
2025081805,-0.0001
2025081806,-0.0001
2025081806,-0.0001
2025081806,-0.0001
2025081806,-0.0001
2025081807,-0.0001
2025081807,-0.0001
2025081807,-0.0001
2025081807,-0.0001
2025081808,-0.0001
2025081808,-0.0001
2025081808,-0.0001
2025081808,-0.0001
2025081809,-0.0001
2025081809,-0.0001
2025081809,-0.0001
2025081809,-0.0001
2025081810,-0.0001
2025081810,-0.0001
2025081810,-0.0001
2025081810,-0.0001
2025081811,-0.0001
2025081811,-0.0001
2025081811,-0.0001
2025081811,-0.0001
2025081812,-0.0001
2025081812,-0.0001
2025081812,-0.0001
2025081812,-0.0001
2025081813,-0.0001
2025081813,-0.0001
2025081813,-0.0001
2025081813,-0.0001
2025081814,-0.0001
2025081814,-0.0001
2025081814,-0.0001
2025081814,-0.0001
2025081815,-0.0001
2025081815,-0.0001
2025081815,-0.0001
2025081815,-0.0001
2025081816,-0.0001
2025081816,-0.0001
2025081816,-0.0001
2025081816,-0.0001
2025081817,-0.0001
2025081817,-0.0001
2025081817,-0.0001
2025081817,-0.0001
2025081818,-0.0001
2025081818,-0.0001
2025081818,-0.0001
2025081818,-0.0001
2025081819,-0.0001
2025081819,-0.0001
2025081819,-0.0001
2025081819,-0.0001
2025081820,-0.0001
2025081820,-0.0001
2025081820,-0.0001
2025081820,-0.0001
2025081821,-0.0001
2025081821,-0.0001
2025081821,-0.0001
2025081821,-0.0001
2025081822,-0.0001
2025081822,-0.0001
2025081822,-0.0001
2025081822,-0.0001
2025081823,-0.0001
2025081823,-0.0001
2025081823,-0.0001
2025081823,-0.0001
2025081900,-0.0001
2025081900,-0.0001
2025081900,-0.0001
2025081900,-0.0001
2025081901,-0.0001
2025081901,-0.0001
2025081901,-0.0001
2025081901,-0.0001
2025081902,-0.0001
2025081902,-0.0001
2025081902,-0.0001
2025081902,-0.0001
2025081903,-0.0001
2025081903,-0.0001
2025081903,-0.0001
2025081903,-0.0001
2025081904,-0.0001
2025081904,-0.0001
2025081904,-0.0001
2025081904,-0.0001
2025081905,-0.0001
2025081905,-0.0001
2025081905,-0.0001
2025081905,-0.0001
2025081906,-0.0001
2025081906,-0.0001
2025081906,-0.0001
2025081906,-0.0001
2025081907,-0.0001
2025081907,-0.0001
2025081907,-0.0001
2025081907,-0.0001
2025081908,-0.0001
2025081908,-0.0001
2025081908,-0.0001
2025081908,-0.0001
2025081909,-0.0001
2025081909,-0.0001
2025081909,-0.0001
2025081909,-0.0001
2025081910,-0.0001
2025081910,-0.0001
2025081910,-0.0001
2025081910,-0.0001
2025081911,-0.0001
2025081911,-0.0001
2025081911,-0.0001
2025081911,-0.0001
2025081912,-0.0001
2025081912,-0.0001
2025081912,-0.0001
2025081912,-0.0001
2025081913,-0.0001
2025081913,-0.0001
2025081913,-0.0001
2025081913,-0.0001
2025081914,-0.0001
2025081914,-0.0001
2025081914,-0.0001
2025081914,-0.0001
2025081915,-0.0001
2025081915,-0.0001
2025081915,-0.0001
2025081915,-0.0001
2025081916,-0.0001
2025081916,-0.0001
2025081916,-0.0001
2025081916,-0.0001
2025081917,-0.0001
2025081917,-0.0001
2025081917,-0.0001
2025081917,-0.0001
2025081918,-0.0001
2025081918,-0.0001
2025081918,-0.0001
2025081918,-0.0001
2025081919,-0.0001
2025081919,-0.0001
2025081919,-0.0001
2025081919,-0.0001
2025081920,-0.0001
2025081920,-0.0001
2025081920,-0.0001
2025081920,-0.0001
2025081921,-0.0001
2025081921,-0.0001
2025081921,-0.0001
2025081921,-0.0001
2025081922,-0.0001
2025081922,-0.0001
2025081922,-0.0001
2025081922,-0.0001
2025081923,-0.0001
2025081923,-0.0001
2025081923,-0.0001
2025081923,-0.0001
2025082000,-0.0001
2025082000,-0.0001
2025082000,-0.0001
2025082000,-0.0001
2025082001,-0.0001
2025082001,-0.0001
2025082001,-0.0001
2025082001,-0.0001
2025082002,-0.0001
2025082002,-0.0001
2025082002,-0.0001
2025082002,-0.0001
2025082003,-0.0001
2025082003,-0.0001
2025082003,-0.0001
2025082003,-0.0001
2025082004,-0.0001
2025082004,-0.0001
2025082004,-0.0001
2025082004,-0.0001
2025082005,-0.0001
2025082005,-0.0001
2025082005,-0.0001
2025082005,-0.0001
2025082006,-0.0001
2025082006,-0.0001
2025082006,-0.0001
2025082006,-0.0001
2025082007,-0.0001
2025082007,-0.0001
2025082007,-0.0001
2025082007,-0.0001
2025082008,-0.0001
2025082008,-0.0001
2025082008,-0.0001
2025082008,-0.0001
2025082009,-0.0001
2025082009,-0.0001
2025082009,-0.0001
2025082009,-0.0001
2025082010,-0.0001
2025082010,-0.0001
2025082010,-0.0001
2025082010,-0.0001
2025082011,-0.0001
2025082011,-0.0001
2025082011,-0.0001
2025082011,-0.0001
2025082012,-0.0001
2025082012,-0.0001
2025082012,-0.0001
2025082012,-0.0001
2025082013,-0.0001
2025082013,-0.0001
2025082013,-0.0001
2025082013,-0.0001
2025082014,-0.0001
2025082014,-0.0001
2025082014,-0.0001
2025082014,-0.0001
2025082015,-0.0001
2025082015,-0.0001
2025082015,-0.0001
2025082015,-0.0001
2025082016,-0.0001
2025082016,-0.0001
2025082016,-0.0001
2025082016,-0.0001
2025082017,-0.0001
2025082017,-0.0001
2025082017,-0.0001
2025082017,-0.0001
2025082018,-0.0001
2025082018,-0.0001
2025082018,-0.0001
2025082018,-0.0001
2025082019,-0.0001
2025082019,-0.0001
2025082019,-0.0001
2025082019,-0.0001
2025082020,-0.0001
2025082020,-0.0001
2025082020,-0.0001
2025082020,-0.0001
2025082021,-0.0001
2025082021,-0.0001
2025082021,-0.0001
2025082021,-0.0001
2025082022,-0.0001
2025082022,-0.0001
2025082022,-0.0001
2025082022,-0.0001
2025082023,-0.0001
2025082023,-0.0001
2025082023,-0.0001
2025082023,-0.0001
2025082100,-0.0001
2025082100,-0.0001
2025082100,-0.0001
2025082100,-0.0001
2025082101,-0.0001
2025082101,-0.0001
2025082101,-0.0001
2025082101,-0.0001
2025082102,-0.0001
2025082102,-0.0001
2025082102,-0.0001
2025082102,-0.0001
2025082103,-0.0001
2025082103,-0.0001
2025082103,-0.0001
2025082103,-0.0001
2025082104,-0.0001
2025082104,-0.0001
2025082104,-0.0001
2025082104,-0.0001
2025082105,-0.0001
2025082105,-0.0001
2025082105,-0.0001
2025082105,-0.0001
2025082106,-0.0001
2025082106,-0.0001
2025082106,-0.0001
2025082106,-0.0001
2025082107,-0.0001
2025082107,-0.0001
2025082107,-0.0001
2025082107,-0.0001
2025082108,-0.0001
2025082108,-0.0001
2025082108,-0.0001
2025082108,-0.0001
2025082109,-0.0001
2025082109,-0.0001
2025082109,-0.0001
2025082109,-0.0001
2025082110,-0.0001
2025082110,-0.0001
2025082110,-0.0001
2025082110,-0.0001
2025082111,-0.0001
2025082111,-0.0001
2025082111,-0.0001
2025082111,-0.0001
2025082112,-0.0001
2025082112,-0.0001
2025082112,-0.0001
2025082112,-0.0001
2025082113,-0.0001
2025082113,-0.0001
2025082113,-0.0001
2025082113,-0.0001
2025082114,-0.0001
2025082114,-0.0001
2025082114,-0.0001
2025082114,-0.0001
2025082115,-0.0001
2025082115,-0.0001
2025082115,-0.0001
2025082115,-0.0001
2025082116,-0.0001
2025082116,-0.0001
2025082116,-0.0001
2025082116,-0.0001
2025082117,-0.0001
2025082117,-0.0001
2025082117,-0.0001
2025082117,-0.0001
2025082118,-0.0001
2025082118,-0.0001
2025082118,-0.0001
2025082118,-0.0001
2025082119,-0.0001
2025082119,-0.0001
2025082119,-0.0001
2025082119,-0.0001
2025082120,-0.0001
2025082120,-0.0001
2025082120,-0.0001
2025082120,-0.0001
2025082121,-0.0001
2025082121,-0.0001
2025082121,-0.0001
2025082121,-0.0001
2025082122,-0.0001
2025082122,-0.0001
2025082122,-0.0001
2025082122,-0.0001
2025082123,-0.0001
2025082123,-0.0001
2025082123,-0.0001
2025082123,-0.0001
2025082200,-0.0001
2025082200,-0.0001
2025082200,-0.0001
2025082200,-0.0001
2025082201,-0.0001
2025082201,-0.0001
2025082201,-0.0001
2025082201,-0.0001
2025082202,-0.0001
2025082202,-0.0001
2025082202,-0.0001
2025082202,-0.0001
2025082203,-0.0001
2025082203,-0.0001
2025082203,-0.0001
2025082203,-0.0001
2025082204,-0.0001
2025082204,-0.0001
2025082204,-0.0001
2025082204,-0.0001
2025082205,-0.0001
2025082205,-0.0001
2025082205,-0.0001
2025082205,-0.0001
2025082206,-0.0001
2025082206,-0.0001
2025082206,-0.0001
2025082206,-0.0001
2025082207,-0.0001
2025082207,-0.0001
2025082207,-0.0001
2025082207,-0.0001
2025082208,-0.0001
2025082208,-0.0001
2025082208,-0.0001
2025082208,-0.0001
2025082209,-0.0001
2025082209,-0.0001
2025082209,-0.0001
2025082209,-0.0001
2025082210,-0.0001
2025082210,-0.0001
2025082210,-0.0001
2025082210,-0.0001
2025082211,-0.0001
2025082211,-0.0001
2025082211,-0.0001
2025082211,-0.0001
2025082212,-0.0001
2025082212,-0.0001
2025082212,-0.0001
2025082212,-0.0001
2025082213,-0.0001
2025082213,-0.0001
2025082213,-0.0001
2025082213,-0.0001
2025082214,-0.0001
2025082214,-0.0001
2025082214,-0.0001
2025082214,-0.0001
2025082215,-0.0001
2025082215,-0.0001
2025082215,-0.0001
2025082215,-0.0001
2025082216,-0.0001
2025082216,-0.0001
2025082216,-0.0001
2025082216,-0.0001
2025082217,-0.0001
2025082217,-0.0001
2025082217,-0.0001
2025082217,-0.0001
2025082218,-0.0001
2025082218,-0.0001
2025082218,-0.0001
2025082218,-0.0001
2025082219,-0.0001
2025082219,-0.0001
2025082219,-0.0001
2025082219,-0.0001
2025082220,-0.0001
2025082220,-0.0001
2025082220,-0.0001
2025082220,-0.0001
2025082221,-0.0001
2025082221,-0.0001
2025082221,-0.0001
2025082221,-0.0001
2025082222,-0.0001
2025082222,-0.0001
2025082222,-0.0001
2025082222,-0.0001
2025082223,-0.0001
2025082223,-0.0001
2025082223,-0.0001
2025082223,-0.0001
2025082300,-0.0001
2025082300,-0.0001
2025082300,-0.0001
2025082300,-0.0001
2025082301,-0.0001
2025082301,-0.0001
2025082301,-0.0001
2025082301,-0.0001
2025082302,-0.0001
2025082302,-0.0001
2025082302,-0.0001
2025082302,-0.0001
2025082303,-0.0001
2025082303,-0.0001
2025082303,-0.0001
2025082303,-0.0001
2025082304,-0.0001
2025082304,-0.0001
2025082304,-0.0001
2025082304,-0.0001
2025082305,-0.0001
2025082305,-0.0001
2025082305,-0.0001
2025082305,-0.0001
2025082306,-0.0001
2025082306,-0.0001
2025082306,-0.0001
2025082306,-0.0001
2025082307,-0.0001
2025082307,-0.0001
2025082307,-0.0001
2025082307,-0.0001
2025082308,-0.0001
2025082308,-0.0001
2025082308,-0.0001
2025082308,-0.0001
2025082309,-0.0001
2025082309,-0.0001
2025082309,-0.0001
2025082309,-0.0001
2025082310,-0.0001
2025082310,-0.0001
2025082310,-0.0001
2025082310,-0.0001
2025082311,-0.0001
2025082311,-0.0001
2025082311,-0.0001
2025082311,-0.0001
2025082312,-0.0001
2025082312,-0.0001
2025082312,-0.0001
2025082312,-0.0001
2025082313,-0.0001
2025082313,-0.0001
2025082313,-0.0001
2025082313,-0.0001
2025082314,-0.0001
2025082314,-0.0001
2025082314,-0.0001
2025082314,-0.0001
2025082315,-0.0001
2025082315,-0.0001
2025082315,-0.0001
2025082315,-0.0001
2025082316,-0.0001
2025082316,-0.0001
2025082316,-0.0001
2025082316,-0.0001
2025082317,-0.0001
2025082317,-0.0001
2025082317,-0.0001
2025082317,-0.0001
2025082318,-0.0001
2025082318,-0.0001
2025082318,-0.0001
2025082318,-0.0001
2025082319,-0.0001
2025082319,-0.0001
2025082319,-0.0001
2025082319,-0.0001
2025082320,-0.0001
2025082320,-0.0001
2025082320,-0.0001
2025082320,-0.0001
2025082321,-0.0001
2025082321,-0.0001
2025082321,-0.0001
2025082321,-0.0001
2025082322,-0.0001
2025082322,-0.0001
2025082322,-0.0001
2025082322,-0.0001
2025082323,-0.0001
2025082323,-0.0001
2025082323,-0.0001
2025082323,-0.0001
2025082400,-0.0001
2025082400,-0.0001
2025082400,-0.0001
2025082400,-0.0001
2025082401,-0.0001
2025082401,-0.0001
2025082401,-0.0001
2025082401,-0.0001
2025082402,-0.0001
2025082402,-0.0001
2025082402,-0.0001
2025082402,-0.0001
2025082403,-0.0001
2025082403,-0.0001
2025082403,-0.0001
2025082403,-0.0001
2025082404,-0.0001
2025082404,-0.0001
2025082404,-0.0001
2025082404,-0.0001
2025082405,-0.0001
2025082405,-0.0001
2025082405,-0.0001
2025082405,-0.0001
2025082406,-0.0001
2025082406,-0.0001
2025082406,-0.0001
2025082406,-0.0001
2025082407,-0.0001
2025082407,-0.0001
2025082407,-0.0001
2025082407,-0.0001
2025082408,-0.0001
2025082408,-0.0001
2025082408,-0.0001
2025082408,-0.0001
2025082409,-0.0001
2025082409,-0.0001
2025082409,-0.0001
2025082409,-0.0001
2025082410,-0.0001
2025082410,-0.0001
2025082410,-0.0001
2025082410,-0.0001
2025082411,-0.0001
2025082411,-0.0001
2025082411,-0.0001
2025082411,-0.0001
2025082412,-0.0001
2025082412,-0.0001
2025082412,-0.0001
2025082412,-0.0001
2025082413,-0.0001
2025082413,-0.0001
2025082413,-0.0001
2025082413,-0.0001
2025082414,-0.0001
2025082414,-0.0001
2025082414,-0.0001
2025082414,-0.0001
2025082415,-0.0001
2025082415,-0.0001
2025082415,-0.0001
2025082415,-0.0001
2025082416,-0.0001
2025082416,-0.0001
2025082416,-0.0001
2025082416,-0.0001
2025082417,-0.0001
2025082417,-0.0001
2025082417,-0.0001
2025082417,-0.0001
2025082418,-0.0001
2025082418,-0.0001
2025082418,-0.0001
2025082418,-0.0001
2025082419,-0.0001
2025082419,-0.0001
2025082419,-0.0001
2025082419,-0.0001
2025082420,-0.0001
2025082420,-0.0001
2025082420,-0.0001
2025082420,-0.0001
2025082421,-0.0001
2025082421,-0.0001
2025082421,-0.0001
2025082421,-0.0001
2025082422,-0.0001
2025082422,-0.0001
2025082422,-0.0001
2025082422,-0.0001
2025082423,-0.0001
2025082423,-0.0001
2025082423,-0.0001
2025082423,-0.0001
2025082500,-0.0001
2025082500,-0.0001
2025082500,-0.0001
2025082500,-0.0001
2025082501,-0.0001
2025082501,-0.0001
2025082501,-0.0001
2025082501,-0.0001
2025082502,-0.0001
2025082502,-0.0001
2025082502,-0.0001
2025082502,-0.0001
2025082503,-0.0001
2025082503,-0.0001
2025082503,-0.0001
2025082503,-0.0001
2025082504,-0.0001
2025082504,-0.0001
2025082504,-0.0001
2025082504,-0.0001
2025082505,-0.0001
2025082505,-0.0001
2025082505,-0.0001
2025082505,-0.0001
2025082506,-0.0001
2025082506,-0.0001
2025082506,-0.0001
2025082506,-0.0001
2025082507,-0.0001
2025082507,-0.0001
2025082507,-0.0001
2025082507,-0.0001
2025082508,-0.0001
2025082508,-0.0001
2025082508,-0.0001
2025082508,-0.0001
2025082509,-0.0001
2025082509,-0.0001
2025082509,-0.0001
2025082509,-0.0001
2025082510,-0.0001
2025082510,-0.0001
2025082510,-0.0001
2025082510,-0.0001
2025082511,-0.0001
2025082511,-0.0001
2025082511,-0.0001
2025082511,-0.0001
2025082512,-0.0001
2025082512,-0.0001
2025082512,-0.0001
2025082512,-0.0001
2025082513,-0.0001
2025082513,-0.0001
2025082513,-0.0001
2025082513,-0.0001
2025082514,-0.0001
2025082514,-0.0001
2025082514,-0.0001
2025082514,-0.0001
2025082515,-0.0001
2025082515,-0.0001
2025082515,-0.0001
2025082515,-0.0001
2025082516,-0.0001
2025082516,-0.0001
2025082516,-0.0001
2025082516,-0.0001
2025082517,-0.0001
2025082517,-0.0001
2025082517,-0.0001
2025082517,-0.0001
2025082518,-0.0001
2025082518,-0.0001
2025082518,-0.0001
2025082518,-0.0001
2025082519,-0.0001
2025082519,-0.0001
2025082519,-0.0001
2025082519,-0.0001
2025082520,-0.0001
2025082520,-0.0001
2025082520,-0.0001
2025082520,-0.0001
2025082521,-0.0001
2025082521,-0.0001
2025082521,-0.0001
2025082521,-0.0001
2025082522,-0.0001
2025082522,-0.0001
2025082522,-0.0001
2025082522,-0.0001
2025082523,-0.0001
2025082523,-0.0001
2025082523,-0.0001
2025082523,-0.0001
2025082600,-0.0001
2025082600,-0.0001
2025082600,-0.0001
2025082600,-0.0001
2025082601,-0.0001
2025082601,-0.0001
2025082601,-0.0001
2025082601,-0.0001
2025082602,-0.0001
2025082602,-0.0001
2025082602,-0.0001
2025082602,-0.0001
2025082603,-0.0001
2025082603,-0.0001
2025082603,-0.0001
2025082603,-0.0001
2025082604,-0.0001
2025082604,-0.0001
2025082604,-0.0001
2025082604,-0.0001
2025082605,-0.0001
2025082605,-0.0001
2025082605,-0.0001
2025082605,-0.0001
2025082606,-0.0001
2025082606,-0.0001
2025082606,-0.0001
2025082606,-0.0001
2025082607,-0.0001
2025082607,-0.0001
2025082607,-0.0001
2025082607,-0.0001
2025082608,-0.0001
2025082608,-0.0001
2025082608,-0.0001
2025082608,-0.0001
2025082609,-0.0001
2025082609,-0.0001
2025082609,-0.0001
2025082609,-0.0001
2025082610,-0.0001
2025082610,-0.0001
2025082610,-0.0001
2025082610,-0.0001
2025082611,-0.0001
2025082611,-0.0001
2025082611,-0.0001
2025082611,-0.0001
2025082612,-0.0001
2025082612,-0.0001
2025082612,-0.0001
2025082612,-0.0001
2025082613,-0.0001
2025082613,-0.0001
2025082613,-0.0001
2025082613,-0.0001
2025082614,-0.0001
2025082614,-0.0001
2025082614,-0.0001
2025082614,-0.0001
2025082615,-0.0001
2025082615,-0.0001
2025082615,-0.0001
2025082615,-0.0001
2025082616,-0.0001
2025082616,-0.0001
2025082616,-0.0001
2025082616,-0.0001
2025082617,-0.0001
2025082617,-0.0001
2025082617,-0.0001
2025082617,-0.0001
2025082618,-0.0001
2025082618,-0.0001
2025082618,-0.0001
2025082618,-0.0001
2025082619,-0.0001
2025082619,-0.0001
2025082619,-0.0001
2025082619,-0.0001
2025082620,-0.0001
2025082620,-0.0001
2025082620,-0.0001
2025082620,-0.0001
2025082621,-0.0001
2025082621,-0.0001
2025082621,-0.0001
2025082621,-0.0001
2025082622,-0.0001
2025082622,-0.0001
2025082622,-0.0001
2025082622,-0.0001
2025082623,-0.0001
2025082623,-0.0001
2025082623,-0.0001
2025082623,-0.0001
2025082700,-0.0001
2025082700,-0.0001
2025082700,-0.0001
2025082700,-0.0001
2025082701,-0.0001
2025082701,-0.0001
2025082701,-0.0001
2025082701,-0.0001
2025082702,-0.0001
2025082702,-0.0001
2025082702,-0.0001
2025082702,-0.0001
2025082703,-0.0001
2025082703,-0.0001
2025082703,-0.0001
2025082703,-0.0001
2025082704,-0.0001
2025082704,-0.0001
2025082704,-0.0001
2025082704,-0.0001
2025082705,-0.0001
2025082705,-0.0001
2025082705,-0.0001
2025082705,-0.0001
2025082706,-0.0001
2025082706,-0.0001
2025082706,-0.0001
2025082706,-0.0001
2025082707,-0.0001
2025082707,-0.0001
2025082707,-0.0001
2025082707,-0.0001
2025082708,-0.0001
2025082708,-0.0001
2025082708,-0.0001
2025082708,-0.0001
2025082709,-0.0001
2025082709,-0.0001
2025082709,-0.0001
2025082709,-0.0001
2025082710,-0.0001
2025082710,-0.0001
2025082710,-0.0001
2025082710,-0.0001
2025082711,-0.0001
2025082711,-0.0001
2025082711,-0.0001
2025082711,-0.0001
2025082712,-0.0001
2025082712,-0.0001
2025082712,-0.0001
2025082712,-0.0001
2025082713,-0.0001
2025082713,-0.0001
2025082713,-0.0001
2025082713,-0.0001
2025082714,-0.0001
2025082714,-0.0001
2025082714,-0.0001
2025082714,-0.0001
2025082715,-0.0001
2025082715,-0.0001
2025082715,-0.0001
2025082715,-0.0001
2025082716,-0.0001
2025082716,-0.0001
2025082716,-0.0001
2025082716,-0.0001
2025082717,-0.0001
2025082717,-0.0001
2025082717,-0.0001
2025082717,-0.0001
2025082718,-0.0001
2025082718,-0.0001
2025082718,-0.0001
2025082718,-0.0001
2025082719,-0.0001
2025082719,-0.0001
2025082719,-0.0001
2025082719,-0.0001
2025082720,-0.0001
2025082720,-0.0001
2025082720,-0.0001
2025082720,-0.0001
2025082721,-0.0001
2025082721,-0.0001
2025082721,-0.0001
2025082721,-0.0001
2025082722,-0.0001
2025082722,-0.0001
2025082722,-0.0001
2025082722,-0.0001
2025082723,-0.0001
2025082723,-0.0001
2025082723,-0.0001
2025082723,-0.0001
2025082800,-0.0001
2025082800,-0.0001
2025082800,-0.0001
2025082800,-0.0001
2025082801,-0.0001
2025082801,-0.0001
2025082801,-0.0001
2025082801,-0.0001
2025082802,-0.0001
2025082802,-0.0001
2025082802,-0.0001
2025082802,-0.0001
2025082803,-0.0001
2025082803,-0.0001
2025082803,-0.0001
2025082803,-0.0001
2025082804,-0.0001
2025082804,-0.0001
2025082804,-0.0001
2025082804,-0.0001
2025082805,-0.0001
2025082805,-0.0001
2025082805,-0.0001
2025082805,-0.0001
2025082806,-0.0001
2025082806,-0.0001
2025082806,-0.0001
2025082806,-0.0001
2025082807,-0.0001
2025082807,-0.0001
2025082807,-0.0001
2025082807,-0.0001
2025082808,-0.0001
2025082808,-0.0001
2025082808,-0.0001
2025082808,-0.0001
2025082809,-0.0001
2025082809,-0.0001
2025082809,-0.0001
2025082809,-0.0001
2025082810,-0.0001
2025082810,-0.0001
2025082810,-0.0001
2025082810,-0.0001
2025082811,-0.0001
2025082811,-0.0001
2025082811,-0.0001
2025082811,-0.0001
2025082812,-0.0001
2025082812,-0.0001
2025082812,-0.0001
2025082812,-0.0001
2025082813,-0.0001
2025082813,-0.0001
2025082813,-0.0001
2025082813,-0.0001
2025082814,-0.0001
2025082814,-0.0001
2025082814,-0.0001
2025082814,-0.0001
2025082815,-0.0001
2025082815,-0.0001
2025082815,-0.0001
2025082815,-0.0001
2025082816,-0.0001
2025082816,-0.0001
2025082816,-0.0001
2025082816,-0.0001
2025082817,-0.0001
2025082817,-0.0001
2025082817,-0.0001
2025082817,-0.0001
2025082818,-0.0001
2025082818,-0.0001
2025082818,-0.0001
2025082818,-0.0001
2025082819,-0.0001
2025082819,-0.0001
2025082819,-0.0001
2025082819,-0.0001
2025082820,-0.0001
2025082820,-0.0001
2025082820,-0.0001
2025082820,-0.0001
2025082821,-0.0001
2025082821,-0.0001
2025082821,-0.0001
2025082821,-0.0001
2025082822,-0.0001
2025082822,-0.0001
2025082822,-0.0001
2025082822,-0.0001
2025082823,-0.0001
2025082823,-0.0001
2025082823,-0.0001
2025082823,-0.0001
2025082900,-0.0001
2025082900,-0.0001
2025082900,-0.0001
2025082900,-0.0001
2025082901,-0.0001
2025082901,-0.0001
2025082901,-0.0001
2025082901,-0.0001
2025082902,-0.0001
2025082902,-0.0001
2025082902,-0.0001
2025082902,-0.0001
2025082903,-0.0001
2025082903,-0.0001
2025082903,-0.0001
2025082903,-0.0001
2025082904,-0.0001
2025082904,-0.0001
2025082904,-0.0001
2025082904,-0.0001
2025082905,-0.0001
2025082905,-0.0001
2025082905,-0.0001
2025082905,-0.0001
2025082906,-0.0001
2025082906,-0.0001
2025082906,-0.0001
2025082906,-0.0001
2025082907,-0.0001
2025082907,-0.0001
2025082907,-0.0001
2025082907,-0.0001
2025082908,-0.0001
2025082908,-0.0001
2025082908,-0.0001
2025082908,-0.0001
2025082909,-0.0001
2025082909,-0.0001
2025082909,-0.0001
2025082909,-0.0001
2025082910,-0.0001
2025082910,-0.0001
2025082910,-0.0001
2025082910,-0.0001
2025082911,-0.0001
2025082911,-0.0001
2025082911,-0.0001
2025082911,-0.0001
2025082912,-0.0001
2025082912,-0.0001
2025082912,-0.0001
2025082912,-0.0001
2025082913,-0.0001
2025082913,-0.0001
2025082913,-0.0001
2025082913,-0.0001
2025082914,-0.0001
2025082914,-0.0001
2025082914,-0.0001
2025082914,-0.0001
2025082915,-0.0001
2025082915,-0.0001
2025082915,-0.0001
2025082915,-0.0001
2025082916,-0.0001
2025082916,-0.0001
2025082916,-0.0001
2025082916,-0.0001
2025082917,-0.0001
2025082917,-0.0001
2025082917,-0.0001
2025082917,-0.0001
2025082918,-0.0001
2025082918,-0.0001
2025082918,-0.0001
2025082918,-0.0001
2025082919,-0.0001
2025082919,-0.0001
2025082919,-0.0001
2025082919,-0.0001
2025082920,-0.0001
2025082920,-0.0001
2025082920,-0.0001
2025082920,-0.0001
2025082921,-0.0001
2025082921,-0.0001
2025082921,-0.0001
2025082921,-0.0001
2025082922,-0.0001
2025082922,-0.0001
2025082922,-0.0001
2025082922,-0.0001
2025082923,-0.0001
2025082923,-0.0001
2025082923,-0.0001
2025082923,-0.0001
2025083000,-0.0001
2025083000,-0.0001
2025083000,-0.0001
2025083000,-0.0001
2025083001,-0.0001
2025083001,-0.0001
2025083001,-0.0001
2025083001,-0.0001
2025083002,-0.0001
2025083002,-0.0001
2025083002,-0.0001
2025083002,-0.0001
2025083003,-0.0001
2025083003,-0.0001
2025083003,-0.0001
2025083003,-0.0001
2025083004,-0.0001
2025083004,-0.0001
2025083004,-0.0001
2025083004,-0.0001
2025083005,-0.0001
2025083005,-0.0001
2025083005,-0.0001
2025083005,-0.0001
2025083006,-0.0001
2025083006,-0.0001
2025083006,-0.0001
2025083006,-0.0001
2025083007,-0.0001
2025083007,-0.0001
2025083007,-0.0001
2025083007,-0.0001
2025083008,-0.0001
2025083008,-0.0001
2025083008,-0.0001
2025083008,-0.0001
2025083009,-0.0001
2025083009,-0.0001
2025083009,-0.0001
2025083009,-0.0001
2025083010,-0.0001
2025083010,-0.0001
2025083010,-0.0001
2025083010,-0.0001
2025083011,-0.0001
2025083011,-0.0001
2025083011,-0.0001
2025083011,-0.0001
2025083012,-0.0001
2025083012,-0.0001
2025083012,-0.0001
2025083012,-0.0001
2025083013,-0.0001
2025083013,-0.0001
2025083013,-0.0001
2025083013,-0.0001
2025083014,-0.0001
2025083014,-0.0001
2025083014,-0.0001
2025083014,-0.0001
2025083015,-0.0001
2025083015,-0.0001
2025083015,-0.0001
2025083015,-0.0001
2025083016,-0.0001
2025083016,-0.0001
2025083016,-0.0001
2025083016,-0.0001
2025083017,-0.0001
2025083017,-0.0001
2025083017,-0.0001
2025083017,-0.0001
2025083018,-0.0001
2025083018,-0.0001
2025083018,-0.0001
2025083018,-0.0001
2025083019,-0.0001
2025083019,-0.0001
2025083019,-0.0001
2025083019,-0.0001
2025083020,-0.0001
2025083020,-0.0001
2025083020,-0.0001
2025083020,-0.0001
2025083021,-0.0001
2025083021,-0.0001
2025083021,-0.0001
2025083021,-0.0001
2025083022,-0.0001
2025083022,-0.0001
2025083022,-0.0001
2025083022,-0.0001
2025083023,-0.0001
2025083023,-0.0001
2025083023,-0.0001
2025083023,-0.0001
2025083100,-0.0001
2025083100,-0.0001
2025083100,-0.0001
2025083100,-0.0001
2025083101,-0.0001
2025083101,-0.0001
2025083101,-0.0001
2025083101,-0.0001
2025083102,-0.0001
2025083102,-0.0001
2025083102,-0.0001
2025083102,-0.0001
2025083103,-0.0001
2025083103,-0.0001
2025083103,-0.0001
2025083103,-0.0001
2025083104,-0.0001
2025083104,-0.0001
2025083104,-0.0001
2025083104,-0.0001
2025083105,-0.0001
2025083105,-0.0001
2025083105,-0.0001
2025083105,-0.0001
2025083106,-0.0001
2025083106,-0.0001
2025083106,-0.0001
2025083106,-0.0001
2025083107,-0.0001
2025083107,-0.0001
2025083107,-0.0001
2025083107,-0.0001
2025083108,-0.0001
2025083108,-0.0001
2025083108,-0.0001
2025083108,-0.0001
2025083109,-0.0001
2025083109,-0.0001
2025083109,-0.0001
2025083109,-0.0001
2025083110,-0.0001
2025083110,-0.0001
2025083110,-0.0001
2025083110,-0.0001
2025083111,-0.0001
2025083111,-0.0001
2025083111,-0.0001
2025083111,-0.0001
2025083112,-0.0001
2025083112,-0.0001
2025083112,-0.0001
2025083112,-0.0001
2025083113,-0.0001
2025083113,-0.0001
2025083113,-0.0001
2025083113,-0.0001
2025083114,-0.0001
2025083114,-0.0001
2025083114,-0.0001
2025083114,-0.0001
2025083115,-0.0001
2025083115,-0.0001
2025083115,-0.0001
2025083115,-0.0001
2025083116,-0.0001
2025083116,-0.0001
2025083116,-0.0001
2025083116,-0.0001
2025083117,-0.0001
2025083117,-0.0001
2025083117,-0.0001
2025083117,-0.0001
2025083118,-0.0001
2025083118,-0.0001
2025083118,-0.0001
2025083118,-0.0001
2025083119,-0.0001
2025083119,-0.0001
2025083119,-0.0001
2025083119,-0.0001
2025083120,-0.0001
2025083120,-0.0001
2025083120,-0.0001
2025083120,-0.0001
2025083121,-0.0001
2025083121,-0.0001
2025083121,-0.0001
2025083121,-0.0001
2025083122,-0.0001
2025083122,-0.0001
2025083122,-0.0001
2025083122,-0.0001
2025083123,-0.0001
2025083123,-0.0001
2025083123,-0.0001
2025083123,-0.0001
2025090100,-0.0001
2025090100,-0.0001
2025090100,-0.0001
2025090100,-0.0001
2025090101,-0.0001
2025090101,-0.0001
2025090101,-0.0001
2025090101,-0.0001
2025090102,-0.0001
2025090102,-0.0001
2025090102,-0.0001
2025090102,-0.0001
2025090103,-0.0001
2025090103,-0.0001
2025090103,-0.0001
2025090103,-0.0001
2025090104,-0.0001
2025090104,-0.0001
2025090104,-0.0001
2025090104,-0.0001
2025090105,-0.0001
2025090105,-0.0001
2025090105,-0.0001
2025090105,-0.0001
2025090106,-0.0001
2025090106,-0.0001
2025090106,-0.0001
2025090106,-0.0001
2025090107,-0.0001
2025090107,-0.0001
2025090107,-0.0001
2025090107,-0.0001
2025090108,-0.0001
2025090108,-0.0001
2025090108,-0.0001
2025090108,-0.0001
2025090109,-0.0001
2025090109,-0.0001
2025090109,-0.0001
2025090109,-0.0001
2025090110,-0.0001
2025090110,-0.0001
2025090110,-0.0001
2025090110,-0.0001
2025090111,-0.0001
2025090111,-0.0001
2025090111,-0.0001
2025090111,-0.0001
2025090112,-0.0001
2025090112,-0.0001
2025090112,-0.0001
2025090112,-0.0001
2025090113,-0.0001
2025090113,-0.0001
2025090113,-0.0001
2025090113,-0.0001
2025090114,-0.0001
2025090114,-0.0001
2025090114,-0.0001
2025090114,-0.0001
2025090115,-0.0001
2025090115,-0.0001
2025090115,-0.0001
2025090115,-0.0001
2025090116,-0.0001
2025090116,-0.0001
2025090116,-0.0001
2025090116,-0.0001
2025090117,-0.0001
2025090117,-0.0001
2025090117,-0.0001
2025090117,-0.0001
2025090118,-0.0001
2025090118,-0.0001
2025090118,-0.0001
2025090118,-0.0001
2025090119,-0.0001
2025090119,-0.0001
2025090119,-0.0001
2025090119,-0.0001
2025090120,-0.0001
2025090120,-0.0001
2025090120,-0.0001
2025090120,-0.0001
2025090121,-0.0001
2025090121,-0.0001
2025090121,-0.0001
2025090121,-0.0001
2025090122,-0.0001
2025090122,-0.0001
2025090122,-0.0001
2025090122,-0.0001
2025090123,-0.0001
2025090123,-0.0001
2025090123,-0.0001
2025090123,-0.0001
2025090200,-0.0001
2025090200,-0.0001
2025090200,-0.0001
2025090200,-0.0001
2025090201,-0.0001
2025090201,-0.0001
2025090201,-0.0001
2025090201,-0.0001
2025090202,-0.0001
2025090202,-0.0001
2025090202,-0.0001
2025090202,-0.0001
2025090203,-0.0001
2025090203,-0.0001
2025090203,-0.0001
2025090203,-0.0001
2025090204,-0.0001
2025090204,-0.0001
2025090204,-0.0001
2025090204,-0.0001
2025090205,-0.0001
2025090205,-0.0001
2025090205,-0.0001
2025090205,-0.0001
2025090206,-0.0001
2025090206,-0.0001
2025090206,-0.0001
2025090206,-0.0001
2025090207,-0.0001
2025090207,-0.0001
2025090207,-0.0001
2025090207,-0.0001
2025090208,-0.0001
2025090208,-0.0001
2025090208,-0.0001
2025090208,-0.0001
2025090209,-0.0001
2025090209,-0.0001
2025090209,-0.0001
2025090209,-0.0001
2025090210,-0.0001
2025090210,-0.0001
2025090210,-0.0001
2025090210,-0.0001
2025090211,-0.0001
2025090211,-0.0001
2025090211,-0.0001
2025090211,-0.0001
2025090212,-0.0001
2025090212,-0.0001
2025090212,-0.0001
2025090212,-0.0001
2025090213,-0.0001
2025090213,-0.0001
2025090213,-0.0001
2025090213,-0.0001
2025090214,-0.0001
2025090214,-0.0001
2025090214,-0.0001
2025090214,-0.0001
2025090215,-0.0001
2025090215,-0.0001
2025090215,-0.0001
2025090215,-0.0001
2025090216,-0.0001
2025090216,-0.0001
2025090216,-0.0001
2025090216,-0.0001
2025090217,-0.0001
2025090217,-0.0001
2025090217,-0.0001
2025090217,-0.0001
2025090218,-0.0001
2025090218,-0.0001
2025090218,-0.0001
2025090218,-0.0001
2025090219,-0.0001
2025090219,-0.0001
2025090219,-0.0001
2025090219,-0.0001
2025090220,-0.0001
2025090220,-0.0001
2025090220,-0.0001
2025090220,-0.0001
2025090221,-0.0001
2025090221,-0.0001
2025090221,-0.0001
2025090221,-0.0001
2025090222,-0.0001
2025090222,-0.0001
2025090222,-0.0001
2025090222,-0.0001
2025090223,-0.0001
2025090223,-0.0001
2025090223,-0.0001
2025090223,-0.0001
2025090300,-0.0001
2025090300,-0.0001
2025090300,-0.0001
2025090300,-0.0001
2025090301,-0.0001
2025090301,-0.0001
2025090301,-0.0001
2025090301,-0.0001
2025090302,-0.0001
2025090302,-0.0001
2025090302,-0.0001
2025090302,-0.0001
2025090303,-0.0001
2025090303,-0.0001
2025090303,-0.0001
2025090303,-0.0001
2025090304,-0.0001
2025090304,-0.0001
2025090304,-0.0001
2025090304,-0.0001
2025090305,-0.0001
2025090305,-0.0001
2025090305,-0.0001
2025090305,-0.0001
2025090306,-0.0001
2025090306,-0.0001
2025090306,-0.0001
2025090306,-0.0001
2025090307,-0.0001
2025090307,-0.0001
2025090307,-0.0001
2025090307,-0.0001
2025090308,-0.0001
2025090308,-0.0001
2025090308,-0.0001
2025090308,-0.0001
2025090309,-0.0001
2025090309,-0.0001
2025090309,-0.0001
2025090309,-0.0001
2025090310,-0.0001
2025090310,-0.0001
2025090310,-0.0001
2025090310,-0.0001
2025090311,-0.0001
2025090311,-0.0001
2025090311,-0.0001
2025090311,-0.0001
2025090312,-0.0001
2025090312,-0.0001
2025090312,-0.0001
2025090312,-0.0001
2025090313,-0.0001
2025090313,-0.0001
2025090313,-0.0001
2025090313,-0.0001
2025090314,-0.0001
2025090314,-0.0001
2025090314,-0.0001
2025090314,-0.0001
2025090315,-0.0001
2025090315,-0.0001
2025090315,-0.0001
2025090315,-0.0001
2025090316,-0.0001
2025090316,-0.0001
2025090316,-0.0001
2025090316,-0.0001
2025090317,-0.0001
2025090317,-0.0001
2025090317,-0.0001
2025090317,-0.0001
2025090318,-0.0001
2025090318,-0.0001
2025090318,-0.0001
2025090318,-0.0001
2025090319,-0.0001
2025090319,-0.0001
2025090319,-0.0001
2025090319,-0.0001
2025090320,-0.0001
2025090320,-0.0001
2025090320,-0.0001
2025090320,-0.0001
2025090321,-0.0001
2025090321,-0.0001
2025090321,-0.0001
2025090321,-0.0001
2025090322,-0.0001
2025090322,-0.0001
2025090322,-0.0001
2025090322,-0.0001
2025090323,-0.0001
2025090323,-0.0001
2025090323,-0.0001
2025090323,-0.0001
2025090400,-0.0001
2025090400,-0.0001
2025090400,-0.0001
2025090400,-0.0001
2025090401,-0.0001
2025090401,-0.0001
2025090401,-0.0001
2025090401,-0.0001
2025090402,-0.0001
2025090402,-0.0001
2025090402,-0.0001
2025090402,-0.0001
2025090403,-0.0001
2025090403,-0.0001
2025090403,-0.0001
2025090403,-0.0001
2025090404,-0.0001
2025090404,-0.0001
2025090404,-0.0001
2025090404,-0.0001
2025090405,-0.0001
2025090405,-0.0001
2025090405,-0.0001
2025090405,-0.0001
2025090406,-0.0001
2025090406,-0.0001
2025090406,-0.0001
2025090406,-0.0001
2025090407,-0.0001
2025090407,-0.0001
2025090407,-0.0001
2025090407,-0.0001
2025090408,-0.0001
2025090408,-0.0001
2025090408,-0.0001
2025090408,-0.0001
2025090409,-0.0001
2025090409,-0.0001
2025090409,-0.0001
2025090409,-0.0001
2025090410,-0.0001
2025090410,-0.0001
2025090410,-0.0001
2025090410,-0.0001
2025090411,-0.0001
2025090411,-0.0001
2025090411,-0.0001
2025090411,-0.0001
2025090412,-0.0001
2025090412,-0.0001
2025090412,-0.0001
2025090412,-0.0001
2025090413,-0.0001
2025090413,-0.0001
2025090413,-0.0001
2025090413,-0.0001
2025090414,-0.0001
2025090414,-0.0001
2025090414,-0.0001
2025090414,-0.0001
2025090415,-0.0001
2025090415,-0.0001
2025090415,-0.0001
2025090415,-0.0001
2025090416,-0.0001
2025090416,-0.0001
2025090416,-0.0001
2025090416,-0.0001
2025090417,-0.0001
2025090417,-0.0001
2025090417,-0.0001
2025090417,-0.0001
2025090418,-0.0001
2025090418,-0.0001
2025090418,-0.0001
2025090418,-0.0001
2025090419,-0.0001
2025090419,-0.0001
2025090419,-0.0001
2025090419,-0.0001
2025090420,-0.0001
2025090420,-0.0001
2025090420,-0.0001
2025090420,-0.0001
2025090421,-0.0001
2025090421,-0.0001
2025090421,-0.0001
2025090421,-0.0001
2025090422,-0.0001
2025090422,-0.0001
2025090422,-0.0001
2025090422,-0.0001
2025090423,-0.0001
2025090423,-0.0001
2025090423,-0.0001
2025090423,-0.0001
2025090500,-0.0001
2025090500,-0.0001
2025090500,-0.0001
2025090500,-0.0001
2025090501,-0.0001
2025090501,-0.0001
2025090501,-0.0001
2025090501,-0.0001
2025090502,-0.0001
2025090502,-0.0001
2025090502,-0.0001
2025090502,-0.0001
2025090503,-0.0001
2025090503,-0.0001
2025090503,-0.0001
2025090503,-0.0001
2025090504,-0.0001
2025090504,-0.0001
2025090504,-0.0001
2025090504,-0.0001
2025090505,-0.0001
2025090505,-0.0001
2025090505,-0.0001
2025090505,-0.0001
2025090506,-0.0001
2025090506,-0.0001
2025090506,-0.0001
2025090506,-0.0001
2025090507,-0.0001
2025090507,-0.0001
2025090507,-0.0001
2025090507,-0.0001
2025090508,-0.0001
2025090508,-0.0001
2025090508,-0.0001
2025090508,-0.0001
2025090509,-0.0001
2025090509,-0.0001
2025090509,-0.0001
2025090509,-0.0001
2025090510,-0.0001
2025090510,-0.0001
2025090510,-0.0001
2025090510,-0.0001
2025090511,-0.0001
2025090511,-0.0001
2025090511,-0.0001
2025090511,-0.0001
2025090512,-0.0001
2025090512,-0.0001
2025090512,-0.0001
2025090512,-0.0001
2025090513,-0.0001
2025090513,-0.0001
2025090513,-0.0001
2025090513,-0.0001
2025090514,-0.0001
2025090514,-0.0001
2025090514,-0.0001
2025090514,-0.0001
2025090515,-0.0001
2025090515,-0.0001
2025090515,-0.0001
2025090515,-0.0001
2025090516,-0.0001
2025090516,-0.0001
2025090516,-0.0001
2025090516,-0.0001
2025090517,-0.0001
2025090517,-0.0001
2025090517,-0.0001
2025090517,-0.0001
2025090518,-0.0001
2025090518,-0.0001
2025090518,-0.0001
2025090518,-0.0001
2025090519,-0.0001
2025090519,-0.0001
2025090519,-0.0001
2025090519,-0.0001
2025090520,-0.0001
2025090520,-0.0001
2025090520,-0.0001
2025090520,-0.0001
2025090521,-0.0001
2025090521,-0.0001
2025090521,-0.0001
2025090521,-0.0001
2025090522,-0.0001
2025090522,-0.0001
2025090522,-0.0001
2025090522,-0.0001
2025090523,-0.0001
2025090523,-0.0001
2025090523,-0.0001
2025090523,-0.0001
2025090600,-0.0001
2025090600,-0.0001
2025090600,-0.0001
2025090600,-0.0001
2025090601,-0.0001
2025090601,-0.0001
2025090601,-0.0001
2025090601,-0.0001
2025090602,-0.0001
2025090602,-0.0001
2025090602,-0.0001
2025090602,-0.0001
2025090603,-0.0001
2025090603,-0.0001
2025090603,-0.0001
2025090603,-0.0001
2025090604,-0.0001
2025090604,-0.0001
2025090604,-0.0001
2025090604,-0.0001
2025090605,-0.0001
2025090605,-0.0001
2025090605,-0.0001
2025090605,-0.0001
2025090606,-0.0001
2025090606,-0.0001
2025090606,-0.0001
2025090606,-0.0001
2025090607,-0.0001
2025090607,-0.0001
2025090607,-0.0001
2025090607,-0.0001
2025090608,-0.0001
2025090608,-0.0001
2025090608,-0.0001
2025090608,-0.0001
2025090609,-0.0001
2025090609,-0.0001
2025090609,-0.0001
2025090609,-0.0001
2025090610,-0.0001
2025090610,-0.0001
2025090610,-0.0001
2025090610,-0.0001
2025090611,-0.0001
2025090611,-0.0001
2025090611,-0.0001
2025090611,-0.0001
2025090612,-0.0001
2025090612,-0.0001
2025090612,-0.0001
2025090612,-0.0001
2025090613,-0.0001
2025090613,-0.0001
2025090613,-0.0001
2025090613,-0.0001
2025090614,-0.0001
2025090614,-0.0001
2025090614,-0.0001
2025090614,-0.0001
2025090615,-0.0001
2025090615,-0.0001
2025090615,-0.0001
2025090615,-0.0001
2025090616,-0.0001
2025090616,-0.0001
2025090616,-0.0001
2025090616,-0.0001
2025090617,-0.0001
2025090617,-0.0001
2025090617,-0.0001
2025090617,-0.0001
2025090618,-0.0001
2025090618,-0.0001
2025090618,-0.0001
2025090618,-0.0001
2025090619,-0.0001
2025090619,-0.0001
2025090619,-0.0001
2025090619,-0.0001
2025090620,-0.0001
2025090620,-0.0001
2025090620,-0.0001
2025090620,-0.0001
2025090621,-0.0001
2025090621,-0.0001
2025090621,-0.0001
2025090621,-0.0001
2025090622,-0.0001
2025090622,-0.0001
2025090622,-0.0001
2025090622,-0.0001
2025090623,-0.0001
2025090623,-0.0001
2025090623,-0.0001
2025090623,-0.0001
2025090700,-0.0001
2025090700,-0.0001
2025090700,-0.0001
2025090700,-0.0001
2025090701,-0.0001
2025090701,-0.0001
2025090701,-0.0001
2025090701,-0.0001
2025090702,-0.0001
2025090702,-0.0001
2025090702,-0.0001
2025090702,-0.0001
2025090703,-0.0001
2025090703,-0.0001
2025090703,-0.0001
2025090703,-0.0001
2025090704,-0.0001
2025090704,-0.0001
2025090704,-0.0001
2025090704,-0.0001
2025090705,-0.0001
2025090705,-0.0001
2025090705,-0.0001
2025090705,-0.0001
2025090706,-0.0001
2025090706,-0.0001
2025090706,-0.0001
2025090706,-0.0001
2025090707,-0.0001
2025090707,-0.0001
2025090707,-0.0001
2025090707,-0.0001
2025090708,-0.0001
2025090708,-0.0001
2025090708,-0.0001
2025090708,-0.0001
2025090709,-0.0001
2025090709,-0.0001
2025090709,-0.0001
2025090709,-0.0001
2025090710,-0.0001
2025090710,-0.0001
2025090710,-0.0001
2025090710,-0.0001
2025090711,-0.0001
2025090711,-0.0001
2025090711,-0.0001
2025090711,-0.0001
2025090712,-0.0001
2025090712,-0.0001
2025090712,-0.0001
2025090712,-0.0001
2025090713,-0.0001
2025090713,-0.0001
2025090713,-0.0001
2025090713,-0.0001
2025090714,-0.0001
2025090714,-0.0001
2025090714,-0.0001
2025090714,-0.0001
2025090715,-0.0001
2025090715,-0.0001
2025090715,-0.0001
2025090715,-0.0001
2025090716,-0.0001
2025090716,-0.0001
2025090716,-0.0001
2025090716,-0.0001
2025090717,-0.0001
2025090717,-0.0001
2025090717,-0.0001
2025090717,-0.0001
2025090718,-0.0001
2025090718,-0.0001
2025090718,-0.0001
2025090718,-0.0001
2025090719,-0.0001
2025090719,-0.0001
2025090719,-0.0001
2025090719,-0.0001
2025090720,-0.0001
2025090720,-0.0001
2025090720,-0.0001
2025090720,-0.0001
2025090721,-0.0001
2025090721,-0.0001
2025090721,-0.0001
2025090721,-0.0001
2025090722,-0.0001
2025090722,-0.0001
2025090722,-0.0001
2025090722,-0.0001
2025090723,-0.0001
2025090723,-0.0001
2025090723,-0.0001
2025090723,-0.0001
2025090800,-0.0001
2025090800,-0.0001
2025090800,-0.0001
2025090800,-0.0001
2025090801,-0.0001
2025090801,-0.0001
2025090801,-0.0001
2025090801,-0.0001
2025090802,-0.0001
2025090802,-0.0001
2025090802,-0.0001
2025090802,-0.0001
2025090803,-0.0001
2025090803,-0.0001
2025090803,-0.0001
2025090803,-0.0001
2025090804,-0.0001
2025090804,-0.0001
2025090804,-0.0001
2025090804,-0.0001
2025090805,-0.0001
2025090805,-0.0001
2025090805,-0.0001
2025090805,-0.0001
2025090806,-0.0001
2025090806,-0.0001
2025090806,-0.0001
2025090806,-0.0001
2025090807,-0.0001
2025090807,-0.0001
2025090807,-0.0001
2025090807,-0.0001
2025090808,-0.0001
2025090808,-0.0001
2025090808,-0.0001
2025090808,-0.0001
2025090809,-0.0001
2025090809,-0.0001
2025090809,-0.0001
2025090809,-0.0001
2025090810,-0.0001
2025090810,-0.0001
2025090810,-0.0001
2025090810,-0.0001
2025090811,-0.0001
2025090811,-0.0001
2025090811,-0.0001
2025090811,-0.0001
2025090812,-0.0001
2025090812,-0.0001
2025090812,-0.0001
2025090812,-0.0001
2025090813,-0.0001
2025090813,-0.0001
2025090813,-0.0001
2025090813,-0.0001
2025090814,-0.0001
2025090814,-0.0001
2025090814,-0.0001
2025090814,-0.0001
2025090815,-0.0001
2025090815,-0.0001
2025090815,-0.0001
2025090815,-0.0001
2025090816,-0.0001
2025090816,-0.0001
2025090816,-0.0001
2025090816,-0.0001
2025090817,-0.0001
2025090817,-0.0001
2025090817,-0.0001
2025090817,-0.0001
2025090818,-0.0001
2025090818,-0.0001
2025090818,-0.0001
2025090818,-0.0001
2025090819,-0.0001
2025090819,-0.0001
2025090819,-0.0001
2025090819,-0.0001
2025090820,-0.0001
2025090820,-0.0001
2025090820,-0.0001
2025090820,-0.0001
2025090821,-0.0001
2025090821,-0.0001
2025090821,-0.0001
2025090821,-0.0001
2025090822,-0.0001
2025090822,-0.0001
2025090822,-0.0001
2025090822,-0.0001
2025090823,-0.0001
2025090823,-0.0001
2025090823,-0.0001
2025090823,-0.0001
2025090900,-0.0001
2025090900,-0.0001
2025090900,-0.0001
2025090900,-0.0001
2025090901,-0.0001
2025090901,-0.0001
2025090901,-0.0001
2025090901,-0.0001
2025090902,-0.0001
2025090902,-0.0001
2025090902,-0.0001
2025090902,-0.0001
2025090903,-0.0001
2025090903,-0.0001
2025090903,-0.0001
2025090903,-0.0001
2025090904,-0.0001
2025090904,-0.0001
2025090904,-0.0001
2025090904,-0.0001
2025090905,-0.0001
2025090905,-0.0001
2025090905,-0.0001
2025090905,-0.0001
2025090906,-0.0001
2025090906,-0.0001
2025090906,-0.0001
2025090906,-0.0001
2025090907,-0.0001
2025090907,-0.0001
2025090907,-0.0001
2025090907,-0.0001
2025090908,-0.0001
2025090908,-0.0001
2025090908,-0.0001
2025090908,-0.0001
2025090909,-0.0001
2025090909,-0.0001
2025090909,-0.0001
2025090909,-0.0001
2025090910,-0.0001
2025090910,-0.0001
2025090910,-0.0001
2025090910,-0.0001
2025090911,-0.0001
2025090911,-0.0001
2025090911,-0.0001
2025090911,-0.0001
2025090912,-0.0001
2025090912,-0.0001
2025090912,-0.0001
2025090912,-0.0001
2025090913,-0.0001
2025090913,-0.0001
2025090913,-0.0001
2025090913,-0.0001
2025090914,-0.0001
2025090914,-0.0001
2025090914,-0.0001
2025090914,-0.0001
2025090915,-0.0001
2025090915,-0.0001
2025090915,-0.0001
2025090915,-0.0001
2025090916,-0.0001
2025090916,-0.0001
2025090916,-0.0001
2025090916,-0.0001
2025090917,-0.0001
2025090917,-0.0001
2025090917,-0.0001
2025090917,-0.0001
2025090918,-0.0001
2025090918,-0.0001
2025090918,-0.0001
2025090918,-0.0001
2025090919,-0.0001
2025090919,-0.0001
2025090919,-0.0001
2025090919,-0.0001
2025090920,-0.0001
2025090920,-0.0001
2025090920,-0.0001
2025090920,-0.0001
2025090921,0.0
2025090921,-0.0001
2025090921,-0.0001
2025090921,-0.0001
2025090922,-0.0001
2025090922,-0.0001
2025090922,-0.0001
2025090922,-0.0001
2025090923,-0.0001
2025090923,-0.0001
2025090923,-0.0001
2025090923,-0.0001
2025091000,0.0
2025091000,-0.0001
2025091000,-0.0001
2025091000,-0.0001
2025091001,-0.0001
2025091001,-0.0001
2025091001,-0.0001
2025091001,-0.0001
2025091002,-0.0001
2025091002,-0.0001
2025091002,-0.0001
2025091002,-0.0001
2025091003,-0.0001
2025091003,-0.0001
2025091003,-0.0001
2025091003,-0.0001
2025091004,0.12
2025091004,2.38
2025091004,-0.0001
2025091004,-0.0001
2025091005,1.14
2025091005,1.92
2025091005,3.91
2025091005,5.65
2025091006,5.57
2025091006,7.11
2025091006,7.79
2025091006,7.48
2025091007,12.15
2025091007,16.26
2025091007,9.31
2025091007,5.3
2025091008,7.64
2025091008,4.84
2025091008,7.57
2025091008,18.43
2025091009,32.36
2025091009,10.56
2025091009,10.71
2025091009,13.06
2025091010,21.71
2025091010,42.28
2025091010,38.09
2025091010,20.9
2025091011,11.66
2025091011,10.8
2025091011,20.85
2025091011,40.14
2025091012,62.71
2025091012,66.21
2025091012,63.49
2025091012,39.96
2025091013,36.8
2025091013,30.65
2025091013,40.54
2025091013,45.5
2025091014,50.68
2025091014,23.17
2025091014,9.58
2025091014,5.14
2025091015,29.68
2025091015,32.15
2025091015,18.98
2025091015,12.16
2025091016,18.24
2025091016,7.62
2025091016,7.24
2025091016,8.71
2025091017,5.17
2025091017,3.51
2025091017,1.09
2025091017,0.07
2025091018,0.0
2025091018,-0.0001
2025091018,-0.0001
2025091018,-0.0001
2025091019,-0.0001
2025091019,-0.0001
2025091019,-0.0001
2025091019,-0.0001
2025091020,-0.0001
2025091020,-0.0001
2025091020,-0.0001
2025091020,-0.0001
2025091021,-0.0001
2025091021,-0.0001
2025091021,-0.0001
2025091021,-0.0001
2025091022,-0.0001
2025091022,-0.0001
2025091022,-0.0001
2025091022,-0.0001
2025091023,-0.0001
2025091023,-0.0001
2025091023,-0.0001
2025091023,-0.0001
2025091100,0.0
2025091100,-0.0001
2025091100,-0.0001
2025091100,-0.0001
2025091101,-0.0001
2025091101,-0.0001
2025091101,-0.0001
2025091101,-0.0001
2025091102,-0.0001
2025091102,-0.0001
2025091102,-0.0001
2025091102,-0.0001
2025091103,-0.0001
2025091103,-0.0001
2025091103,-0.0001
2025091103,-0.0001
2025091104,0.54
2025091104,-0.0001
2025091104,-0.0001
2025091104,-0.0001
2025091105,3.02
2025091105,6.75
2025091105,10.98
2025091105,17.41
2025091106,26.08
2025091106,33.71
2025091106,46.83
2025091106,57.07
2025091107,67.91
2025091107,79.52
2025091107,93.37
2025091107,104.5
2025091108,114.64
2025091108,68.63
2025091108,130.06
2025091108,134.18
2025091109,86.34
2025091109,78.6
2025091109,76.1
2025091109,62.27
2025091110,46.96
2025091110,30.13
2025091110,43.42
2025091110,13.01
2025091111,12.88
2025091111,14.66
2025091111,39.11
2025091111,117.5
2025091112,88.92
2025091112,112.83
2025091112,43.58
2025091112,138.01
2025091113,153.72
2025091113,101.72
2025091113,45.67
2025091113,66.37
2025091114,65.45
2025091114,59.32
2025091114,83.54
2025091114,75.04
2025091115,80.93
2025091115,76.0
2025091115,42.41
2025091115,20.23
2025091116,22.91
2025091116,25.79
2025091116,26.07
2025091116,14.47
2025091117,9.51
2025091117,5.66
2025091117,2.32
2025091117,0.0
2025091118,-0.0001
2025091118,-0.0001
2025091118,-0.0001
2025091118,-0.0001
2025091119,-0.0001
2025091119,-0.0001
2025091119,-0.0001
2025091119,-0.0001
2025091120,-0.0001
2025091120,-0.0001
2025091120,-0.0001
2025091120,-0.0001
2025091121,-0.0001
2025091121,-0.0001
2025091121,-0.0001
2025091121,-0.0001
2025091122,-0.0001
2025091122,-0.0001
2025091122,-0.0001
2025091122,-0.0001
2025091123,-0.0001
2025091123,-0.0001
2025091123,-0.0001
2025091123,-0.0001
2025091200,0.0
2025091200,-0.0001
2025091200,-0.0001
2025091200,-0.0001
2025091201,-0.0001
2025091201,-0.0001
2025091201,-0.0001
2025091201,-0.0001
2025091202,-0.0001
2025091202,-0.0001
2025091202,-0.0001
2025091202,-0.0001
2025091203,-0.0001
2025091203,-0.0001
2025091203,-0.0001
2025091203,-0.0001
2025091204,0.15
2025091204,-0.0001
2025091204,-0.0001
2025091204,-0.0001
2025091205,2.71
2025091205,2.8
2025091205,8.73
2025091205,6.93
2025091206,16.12
2025091206,37.53
2025091206,37.62
2025091206,31.55
2025091207,23.74
2025091207,17.78
2025091207,50.32
2025091207,48.01
2025091208,63.19
2025091208,19.94
2025091208,74.15
2025091208,76.24
2025091209,0.0
2025091209,0.03
2025091209,0.23
2025091209,-0.0001
2025091210,0.02
2025091210,0.0
2025091210,0.03
2025091210,-0.0001
2025091211,0.0
2025091211,-0.0001
2025091211,-0.0001
2025091211,-0.0001
2025091212,0.02
2025091212,0.0
2025091212,-0.0001
2025091212,-0.0001
2025091213,0.11
2025091213,0.02
2025091213,0.14
2025091213,0.03
2025091214,0.06
2025091214,0.01
2025091214,0.0
2025091214,-0.0001
2025091215,84.7
2025091215,77.17
2025091215,55.76
2025091215,52.2
2025091216,40.91
2025091216,19.95
2025091216,13.73
2025091216,5.76
2025091217,5.23
2025091217,4.54
2025091217,1.34
2025091217,0.0
2025091218,-0.0001
2025091218,-0.0001
2025091218,-0.0001
2025091218,-0.0001
2025091219,-0.0001
2025091219,-0.0001
2025091219,-0.0001
2025091219,-0.0001
2025091220,-0.0001
2025091220,-0.0001
2025091220,-0.0001
2025091220,-0.0001
2025091221,-0.0001
2025091221,-0.0001
2025091221,-0.0001
2025091221,-0.0001
2025091222,-0.0001
2025091222,-0.0001
2025091222,-0.0001
2025091222,-0.0001
2025091223,-0.0001
2025091223,-0.0001
2025091223,-0.0001
2025091223,-0.0001
2025091300,0.0
2025091300,-0.0001
2025091300,-0.0001
2025091300,-0.0001
2025091301,-0.0001
2025091301,-0.0001
2025091301,-0.0001
2025091301,-0.0001
2025091302,-0.0001
2025091302,-0.0001
2025091302,-0.0001
2025091302,-0.0001
2025091303,-0.0001
2025091303,-0.0001
2025091303,-0.0001
2025091303,-0.0001
2025091304,0.4
2025091304,-0.0001
2025091304,-0.0001
2025091304,-0.0001
2025091305,1.61
2025091305,5.77
2025091305,16.51
2025091305,20.06
2025091306,15.85
2025091306,16.78
2025091306,14.8
2025091306,13.46
2025091307,22.5
2025091307,45.34
2025091307,47.8
2025091307,46.09
2025091308,49.77
2025091308,64.33
2025091308,82.43
2025091308,84.02
2025091309,124.75
2025091309,74.71
2025091309,62.47
2025091309,123.79
2025091310,89.76
2025091310,90.26
2025091310,70.58
2025091310,70.91
2025091311,109.93
2025091311,35.37
2025091311,62.02
2025091311,51.79
2025091312,33.72
2025091312,22.46
2025091312,34.62
2025091312,21.38
2025091313,0.03
2025091313,0.0
2025091313,12.48
2025091313,-0.0001
2025091314,52.27
2025091314,51.96
2025091314,64.47
2025091314,20.23
2025091315,41.96
2025091315,83.03
2025091315,59.94
2025091315,60.09
2025091316,13.99
2025091316,17.89
2025091316,10.95
2025091316,13.13
2025091317,5.63
2025091317,1.79
2025091317,0.83
2025091317,0.0
2025091318,-0.0001
2025091318,-0.0001
2025091318,-0.0001
2025091318,-0.0001
2025091319,-0.0001
2025091319,-0.0001
2025091319,-0.0001
2025091319,-0.0001
2025091320,-0.0001
2025091320,-0.0001
2025091320,-0.0001
2025091320,-0.0001
2025091321,-0.0001
2025091321,-0.0001
2025091321,-0.0001
2025091321,-0.0001
2025091322,-0.0001
2025091322,-0.0001
2025091322,-0.0001
2025091322,-0.0001
2025091323,-0.0001
2025091323,-0.0001
2025091323,-0.0001
2025091323,-0.0001
2025091400,0.0
2025091400,-0.0001
2025091400,-0.0001
2025091400,-0.0001
2025091401,-0.0001
2025091401,-0.0001
2025091401,-0.0001
2025091401,-0.0001
2025091402,-0.0001
2025091402,-0.0001
2025091402,-0.0001
2025091402,-0.0001
2025091403,-0.0001
2025091403,-0.0001
2025091403,-0.0001
2025091403,-0.0001
2025091404,-0.0001
2025091404,-0.0001
2025091404,-0.0001
2025091404,-0.0001
2025091405,1.38
2025091405,4.12
2025091405,5.57
2025091405,14.22
2025091406,23.52
2025091406,28.66
2025091406,27.57
2025091406,33.48
2025091407,61.28
2025091407,72.32
2025091407,59.43
2025091407,78.57
2025091408,84.86
2025091408,115.09
2025091408,126.03
2025091408,137.14
2025091409,141.87
2025091409,110.65
2025091409,52.95
2025091409,41.23
2025091410,107.61
2025091410,139.78
2025091410,141.16
2025091410,80.0
2025091411,0.0
2025091411,-0.0001
2025091411,-0.0001
2025091411,-0.0001
2025091412,0.01
2025091412,0.0
2025091412,-0.0001
2025091412,-0.0001
2025091413,0.02
2025091413,0.0
2025091413,19.97
2025091413,-0.0001
2025091414,116.5
2025091414,109.02
2025091414,118.53
2025091414,100.03
2025091415,91.03
2025091415,78.83
2025091415,63.05
2025091415,38.28
2025091416,34.18
2025091416,10.95
2025091416,6.4
2025091416,5.13
2025091417,3.98
2025091417,0.96
2025091417,0.0
2025091417,-0.0001
2025091418,-0.0001
2025091418,-0.0001
2025091418,-0.0001
2025091418,-0.0001
2025091419,-0.0001
2025091419,-0.0001
2025091419,-0.0001
2025091419,-0.0001
2025091420,-0.0001
2025091420,-0.0001
2025091420,-0.0001
2025091420,-0.0001
2025091421,-0.0001
2025091421,-0.0001
2025091421,-0.0001
2025091421,-0.0001
2025091422,-0.0001
2025091422,-0.0001
2025091422,-0.0001
2025091422,-0.0001
2025091423,-0.0001
2025091423,-0.0001
2025091423,-0.0001
2025091423,-0.0001
2025091500,0.0
2025091500,-0.0001
2025091500,-0.0001
2025091500,-0.0001
2025091501,-0.0001
2025091501,-0.0001
2025091501,-0.0001
2025091501,-0.0001
2025091502,-0.0001
2025091502,-0.0001
2025091502,-0.0001
2025091502,-0.0001
2025091503,-0.0001
2025091503,-0.0001
2025091503,-0.0001
2025091503,-0.0001
2025091504,-0.0001
2025091504,-0.0001
2025091504,-0.0001
2025091504,-0.0001
2025091505,0.03
2025091505,0.41
2025091505,0.06
2025091505,0.1
2025091506,7.46
2025091506,4.15
2025091506,4.93
2025091506,11.14
2025091507,15.14
2025091507,21.34
2025091507,32.81
2025091507,27.97
2025091508,57.43
2025091508,56.81
2025091508,29.01
2025091508,15.88
2025091509,15.04
2025091509,39.68
2025091509,7.41
2025091509,56.83
2025091510,5.37
2025091510,0.39
2025091510,0.33
2025091510,1.05
2025091511,0.23
2025091511,1.03
2025091511,0.8
2025091511,0.6
2025091512,0.17
2025091512,0.13
2025091512,0.01
2025091512,0.43
2025091513,0.8
2025091513,0.67
2025091513,0.51
2025091513,0.37
2025091514,0.38
2025091514,0.17
2025091514,0.15
2025091514,0.44
2025091515,58.79
2025091515,48.2
2025091515,25.93
2025091515,14.63
2025091516,4.74
2025091516,0.98
2025091516,0.27
2025091516,0.11
2025091517,0.01
2025091517,0.04
2025091517,0.0
2025091517,-0.0001
2025091518,-0.0001
2025091518,-0.0001
2025091518,-0.0001
2025091518,-0.0001
2025091519,-0.0001
2025091519,-0.0001
2025091519,-0.0001
2025091519,-0.0001
2025091520,-0.0001
2025091520,-0.0001
2025091520,-0.0001
2025091520,-0.0001
2025091521,-0.0001
2025091521,-0.0001
2025091521,-0.0001
2025091521,-0.0001
2025091522,-0.0001
2025091522,-0.0001
2025091522,-0.0001
2025091522,-0.0001
2025091523,-0.0001
2025091523,-0.0001
2025091523,-0.0001
2025091523,-0.0001
2025091600,0.0
2025091600,-0.0001
2025091600,-0.0001
2025091600,-0.0001
2025091601,-0.0001
2025091601,-0.0001
2025091601,-0.0001
2025091601,-0.0001
2025091602,-0.0001
2025091602,-0.0001
2025091602,-0.0001
2025091602,-0.0001
2025091603,-0.0001
2025091603,-0.0001
2025091603,-0.0001
2025091603,-0.0001
2025091604,0.1
2025091604,-0.0001
2025091604,-0.0001
2025091604,-0.0001
2025091605,0.73
2025091605,4.56
2025091605,12.77
2025091605,20.76
2025091606,22.2
2025091606,7.59
2025091606,18.32
2025091606,35.15
2025091607,31.86
2025091607,16.93
2025091607,55.35
2025091607,43.58
2025091608,56.87
2025091608,19.89
2025091608,82.91
2025091608,48.55
2025091609,67.08
2025091609,80.91
2025091609,148.6
2025091609,130.54
2025091610,0.94
2025091610,0.27
2025091610,1.72
2025091610,1.65
2025091611,58.38
2025091611,92.22
2025091611,140.05
2025091611,126.38
2025091612,156.28
2025091612,149.68
2025091612,132.7
2025091612,106.72
2025091613,138.12
2025091613,133.0
2025091613,120.03
2025091613,105.73
2025091614,70.44
2025091614,70.76
2025091614,43.39
2025091614,80.46
2025091615,71.73
2025091615,76.24
2025091615,43.98
2025091615,39.0
2025091616,34.82
2025091616,26.01
2025091616,7.24
2025091616,12.46
2025091617,6.37
2025091617,3.39
2025091617,0.1
2025091617,0.0
2025091618,-0.0001
2025091618,-0.0001
2025091618,-0.0001
2025091618,-0.0001
2025091619,-0.0001
2025091619,-0.0001
2025091619,-0.0001
2025091619,-0.0001
2025091620,-0.0001
2025091620,-0.0001
2025091620,-0.0001
2025091620,-0.0001
2025091621,-0.0001
2025091621,-0.0001
2025091621,-0.0001
2025091621,-0.0001
2025091622,-0.0001
2025091622,-0.0001
2025091622,-0.0001
2025091622,-0.0001
2025091623,-0.0001
2025091623,-0.0001
2025091623,-0.0001
2025091623,-0.0001
2025091700,0.0
2025091700,-0.0001
2025091700,-0.0001
2025091700,-0.0001
2025091701,-0.0001
2025091701,-0.0001
2025091701,-0.0001
2025091701,-0.0001
2025091702,-0.0001
2025091702,-0.0001
2025091702,-0.0001
2025091702,-0.0001
2025091703,-0.0001
2025091703,-0.0001
2025091703,-0.0001
2025091703,-0.0001
2025091704,0.01
2025091704,-0.0001
2025091704,-0.0001
2025091704,-0.0001
2025091705,2.02
2025091705,4.32
2025091705,8.47
2025091705,11.98
2025091706,25.55
2025091706,30.18
2025091706,44.51
2025091706,61.64
2025091707,70.78
2025091707,81.46
2025091707,86.04
2025091707,33.88
2025091708,91.96
2025091708,115.57
2025091708,123.38
2025091708,113.26
2025091709,126.12
2025091709,133.59
2025091709,132.93
2025091709,140.35
2025091710,43.09
2025091710,63.5
2025091710,130.03
2025091710,60.28
2025091711,100.33
2025091711,92.1
2025091711,75.94
2025091711,105.76
2025091712,101.1
2025091712,156.77
2025091712,156.0
2025091712,148.45
2025091713,65.94
2025091713,116.0
2025091713,117.03
2025091713,118.34
2025091714,39.08
2025091714,58.43
2025091714,104.86
2025091714,97.14
2025091715,79.27
2025091715,64.59
2025091715,55.35
2025091715,46.04
2025091716,29.03
2025091716,25.54
2025091716,17.49
2025091716,9.0
2025091717,5.23
2025091717,1.79
2025091717,0.06
2025091717,0.0
2025091718,-0.0001
2025091718,-0.0001
2025091718,-0.0001
2025091718,-0.0001
2025091719,-0.0001
2025091719,-0.0001
2025091719,-0.0001
2025091719,-0.0001
2025091720,-0.0001
2025091720,-0.0001
2025091720,-0.0001
2025091720,-0.0001
2025091721,-0.0001
2025091721,-0.0001
2025091721,-0.0001
2025091721,-0.0001
2025091722,-0.0001
2025091722,-0.0001
2025091722,-0.0001
2025091722,-0.0001
2025091723,-0.0001
2025091723,-0.0001
2025091723,-0.0001
2025091723,-0.0001
2025091800,0.0
2025091800,-0.0001
2025091800,-0.0001
2025091800,-0.0001
2025091801,-0.0001
2025091801,-0.0001
2025091801,-0.0001
2025091801,-0.0001
2025091802,-0.0001
2025091802,-0.0001
2025091802,-0.0001
2025091802,-0.0001
2025091803,-0.0001
2025091803,-0.0001
2025091803,-0.0001
2025091803,-0.0001
2025091804,-0.0001
2025091804,-0.0001
2025091804,-0.0001
2025091804,-0.0001
2025091805,1.9
2025091805,6.26
2025091805,10.21
2025091805,-0.0001
2025091806,9.07
2025091806,13.83
2025091806,25.22
2025091806,26.07
2025091807,30.06
2025091807,27.82
2025091807,27.26
2025091807,62.83
2025091808,80.34
2025091808,87.26
2025091808,78.72
2025091808,105.24
2025091809,122.59
2025091809,153.63
2025091809,138.65
2025091809,134.84
2025091810,165.97
2025091810,137.62
2025091810,134.11
2025091810,148.19
2025091811,179.2
2025091811,177.85
2025091811,158.54
2025091811,153.38
2025091812,124.49
2025091812,117.75
2025091812,97.62
2025091812,140.7
2025091813,97.42
2025091813,113.2
2025091813,127.72
2025091813,123.87
2025091814,106.15
2025091814,54.57
2025091814,39.07
2025091814,44.88
2025091815,32.83
2025091815,36.51
2025091815,29.22
2025091815,29.79
2025091816,27.87
2025091816,20.71
2025091816,13.76
2025091816,7.4
2025091817,4.84
2025091817,1.96
2025091817,0.24
2025091817,0.0
2025091818,-0.0001
2025091818,-0.0001
2025091818,-0.0001
2025091818,-0.0001
2025091819,-0.0001
2025091819,-0.0001
2025091819,-0.0001
2025091819,-0.0001
2025091820,-0.0001
2025091820,-0.0001
2025091820,-0.0001
2025091820,-0.0001
2025091821,-0.0001
2025091821,-0.0001
2025091821,-0.0001
2025091821,-0.0001
2025091822,-0.0001
2025091822,-0.0001
2025091822,-0.0001
2025091822,-0.0001
2025091823,-0.0001
2025091823,-0.0001
2025091823,-0.0001
2025091823,-0.0001
2025091900,0.0
2025091900,-0.0001
2025091900,-0.0001
2025091900,-0.0001
2025091901,-0.0001
2025091901,-0.0001
2025091901,-0.0001
2025091901,-0.0001
2025091902,-0.0001
2025091902,-0.0001
2025091902,-0.0001
2025091902,-0.0001
2025091903,-0.0001
2025091903,-0.0001
2025091903,-0.0001
2025091903,-0.0001
2025091904,-0.0001
2025091904,-0.0001
2025091904,-0.0001
2025091904,-0.0001
2025091905,0.29
2025091905,2.22
2025091905,4.09
2025091905,5.01
2025091906,13.62
2025091906,15.3
2025091906,15.93
2025091906,19.76
2025091907,33.77
2025091907,31.84
2025091907,21.66
2025091907,19.22
2025091908,42.14
2025091908,68.78
2025091908,65.73
2025091908,67.84
2025091909,53.5
2025091909,59.43
2025091909,51.23
2025091909,73.28
2025091910,59.16
2025091910,39.38
2025091910,44.46
2025091910,73.77
2025091911,97.95
2025091911,67.28
2025091911,64.36
2025091911,80.45
2025091912,70.62
2025091912,92.4
2025091912,88.77
2025091912,63.23
2025091913,90.68
2025091913,105.09
2025091913,72.28
2025091913,58.94
2025091914,53.39
2025091914,45.75
2025091914,50.19
2025091914,36.12
2025091915,25.19
2025091915,20.16
2025091915,26.26
2025091915,19.73
2025091916,15.45
2025091916,10.88
2025091916,7.03
2025091916,5.48
2025091917,2.55
2025091917,0.34
2025091917,0.0
2025091917,-0.0001
2025091918,-0.0001
2025091918,-0.0001
2025091918,-0.0001
2025091918,-0.0001
2025091919,-0.0001
2025091919,-0.0001
2025091919,-0.0001
2025091919,-0.0001
2025091920,-0.0001
2025091920,-0.0001
2025091920,-0.0001
2025091920,-0.0001
2025091921,-0.0001
2025091921,-0.0001
2025091921,-0.0001
2025091921,-0.0001
2025091922,-0.0001
2025091922,-0.0001
2025091922,-0.0001
2025091922,-0.0001
2025091923,-0.0001
2025091923,-0.0001
2025091923,-0.0001
2025091923,-0.0001
2025092000,0.0
2025092000,-0.0001
2025092000,-0.0001
2025092000,-0.0001
2025092001,-0.0001
2025092001,-0.0001
2025092001,-0.0001
2025092001,-0.0001
2025092002,-0.0001
2025092002,-0.0001
2025092002,-0.0001
2025092002,-0.0001
2025092003,-0.0001
2025092003,-0.0001
2025092003,-0.0001
2025092003,-0.0001
2025092004,-0.0001
2025092004,-0.0001
2025092004,-0.0001
2025092004,-0.0001
2025092005,1.68
2025092005,4.49
2025092005,7.39
2025092005,13.12
2025092006,20.85
2025092006,32.34
2025092006,42.72
2025092006,42.76
2025092007,37.8
2025092007,34.45
2025092007,43.39
2025092007,58.3
2025092008,29.96
2025092008,34.53
2025092008,44.74
2025092008,53.34
2025092009,84.27
2025092009,92.43
2025092009,134.93
2025092009,135.81
2025092010,139.32
2025092010,148.15
2025092010,150.39
2025092010,80.42
2025092011,0.0
2025092011,-0.0001
2025092011,-0.0001
2025092011,-0.0001
2025092012,-0.0001
2025092012,-0.0001
2025092012,-0.0001
2025092012,-0.0001
2025092013,117.75
2025092013,106.57
2025092013,63.63
2025092013,50.72
2025092014,53.45
2025092014,53.84
2025092014,32.83
2025092014,30.03
2025092015,21.31
2025092015,13.44
2025092015,12.93
2025092015,4.9
2025092016,2.61
2025092016,0.97
2025092016,0.4
2025092016,0.19
2025092017,0.0
2025092017,-0.0001
2025092017,-0.0001
2025092017,-0.0001
2025092018,-0.0001
2025092018,-0.0001
2025092018,-0.0001
2025092018,-0.0001
2025092019,-0.0001
2025092019,-0.0001
2025092019,-0.0001
2025092019,-0.0001
2025092020,-0.0001
2025092020,-0.0001
2025092020,-0.0001
2025092020,-0.0001
2025092021,-0.0001
2025092021,-0.0001
2025092021,-0.0001
2025092021,-0.0001
2025092022,-0.0001
2025092022,-0.0001
2025092022,-0.0001
2025092022,-0.0001
2025092023,-0.0001
2025092023,-0.0001
2025092023,-0.0001
2025092023,-0.0001
2025092100,0.0
2025092100,-0.0001
2025092100,-0.0001
2025092100,-0.0001
2025092101,-0.0001
2025092101,-0.0001
2025092101,-0.0001
2025092101,-0.0001
2025092102,-0.0001
2025092102,-0.0001
2025092102,-0.0001
2025092102,-0.0001
2025092103,-0.0001
2025092103,-0.0001
2025092103,-0.0001
2025092103,-0.0001
2025092104,-0.0001
2025092104,-0.0001
2025092104,-0.0001
2025092104,-0.0001
2025092105,0.69
2025092105,2.05
2025092105,1.37
2025092105,5.08
2025092106,8.93
2025092106,23.69
2025092106,36.96
2025092106,32.49
2025092107,44.6
2025092107,66.65
2025092107,56.2
2025092107,46.56
2025092108,0.0
2025092108,-0.0001
2025092108,-0.0001
2025092108,-0.0001
2025092109,0.13
2025092109,0.02
2025092109,0.0
2025092109,-0.0001
2025092110,0.05
2025092110,0.02
2025092110,0.01
2025092110,-0.0001
2025092111,0.21
2025092111,0.33
2025092111,0.24
2025092111,0.25
2025092112,0.0
2025092112,-0.0001
2025092112,-0.0001
2025092112,-0.0001
2025092113,0.05
2025092113,0.2
2025092113,0.1
2025092113,-0.0001
2025092114,50.61
2025092114,26.64
2025092114,78.38
2025092114,39.65
2025092115,32.1
2025092115,22.62
2025092115,54.23
2025092115,52.77
2025092116,21.45
2025092116,25.81
2025092116,16.35
2025092116,6.89
2025092117,3.22
2025092117,0.76
2025092117,0.01
2025092117,0.0
2025092118,-0.0001
2025092118,-0.0001
2025092118,-0.0001
2025092118,-0.0001
2025092119,-0.0001
2025092119,-0.0001
2025092119,-0.0001
2025092119,-0.0001
2025092120,-0.0001
2025092120,-0.0001
2025092120,-0.0001
2025092120,-0.0001
2025092121,-0.0001
2025092121,-0.0001
2025092121,-0.0001
2025092121,-0.0001
2025092122,-0.0001
2025092122,-0.0001
2025092122,-0.0001
2025092122,-0.0001
2025092123,-0.0001
2025092123,-0.0001
2025092123,-0.0001
2025092123,-0.0001
2025092200,0.0
2025092200,-0.0001
2025092200,-0.0001
2025092200,-0.0001
2025092201,-0.0001
2025092201,-0.0001
2025092201,-0.0001
2025092201,-0.0001
2025092202,-0.0001
2025092202,-0.0001
2025092202,-0.0001
2025092202,-0.0001
2025092203,-0.0001
2025092203,-0.0001
2025092203,-0.0001
2025092203,-0.0001
2025092204,-0.0001
2025092204,-0.0001
2025092204,-0.0001
2025092204,-0.0001
2025092205,0.11
2025092205,2.07
2025092205,5.3
2025092205,4.59
2025092206,5.34
2025092206,6.95
2025092206,23.4
2025092206,49.58
2025092207,59.53
2025092207,71.72
2025092207,83.22
2025092207,92.76
2025092208,102.4
2025092208,111.65
2025092208,119.64
2025092208,113.7
2025092209,35.4
2025092209,124.82
2025092209,147.26
2025092209,147.54
2025092210,92.45
2025092210,115.7
2025092210,155.43
2025092210,79.48
2025092211,152.58
2025092211,154.86
2025092211,74.98
2025092211,151.6
2025092212,129.11
2025092212,129.93
2025092212,113.94
2025092212,110.47
2025092213,153.76
2025092213,124.52
2025092213,104.56
2025092213,48.05
2025092214,98.44
2025092214,83.11
2025092214,40.17
2025092214,63.87
2025092215,17.84
2025092215,49.96
2025092215,33.87
2025092215,50.4
2025092216,30.77
2025092216,22.12
2025092216,8.96
2025092216,6.63
2025092217,2.98
2025092217,0.6
2025092217,0.0
2025092217,-0.0001
2025092218,-0.0001
2025092218,-0.0001
2025092218,-0.0001
2025092218,-0.0001
2025092219,-0.0001
2025092219,-0.0001
2025092219,-0.0001
2025092219,-0.0001
2025092220,-0.0001
2025092220,-0.0001
2025092220,-0.0001
2025092220,-0.0001
2025092221,-0.0001
2025092221,-0.0001
2025092221,-0.0001
2025092221,-0.0001
2025092222,-0.0001
2025092222,-0.0001
2025092222,-0.0001
2025092222,-0.0001
2025092223,-0.0001
2025092223,-0.0001
2025092223,-0.0001
2025092223,-0.0001
2025092300,0.0
2025092300,-0.0001
2025092300,-0.0001
2025092300,-0.0001
2025092301,-0.0001
2025092301,-0.0001
2025092301,-0.0001
2025092301,-0.0001
2025092302,-0.0001
2025092302,-0.0001
2025092302,-0.0001
2025092302,-0.0001
2025092303,-0.0001
2025092303,-0.0001
2025092303,-0.0001
2025092303,-0.0001
2025092304,-0.0001
2025092304,-0.0001
2025092304,-0.0001
2025092304,-0.0001
2025092305,0.55
2025092305,3.0
2025092305,5.61
2025092305,10.09
2025092306,17.38
2025092306,26.8
2025092306,37.55
2025092306,48.84
2025092307,60.11
2025092307,71.2
2025092307,82.15
2025092307,92.68
2025092308,102.58
2025092308,111.68
2025092308,119.9
2025092308,127.31
2025092309,133.54
2025092309,139.07
2025092309,144.03
2025092309,148.79
2025092310,148.04
2025092310,151.36
2025092310,150.2
2025092310,151.81
2025092311,129.37
2025092311,136.17
2025092311,126.52
2025092311,148.44
2025092312,152.39
2025092312,143.66
2025092312,141.61
2025092312,135.66
2025092313,103.57
2025092313,116.44
2025092313,100.02
2025092313,120.8
2025092314,109.27
2025092314,88.23
2025092314,63.74
2025092314,77.33
2025092315,69.21
2025092315,59.66
2025092315,34.9
2025092315,11.2
2025092316,9.68
2025092316,15.6
2025092316,9.74
2025092316,5.88
2025092317,2.78
2025092317,0.73
2025092317,0.0
2025092317,-0.0001
2025092318,-0.0001
2025092318,-0.0001
2025092318,-0.0001
2025092318,-0.0001
2025092319,-0.0001
2025092319,-0.0001
2025092319,-0.0001
2025092319,-0.0001
2025092320,-0.0001
2025092320,-0.0001
2025092320,-0.0001
2025092320,-0.0001
2025092321,-0.0001
2025092321,-0.0001
2025092321,-0.0001
2025092321,-0.0001
2025092322,-0.0001
2025092322,-0.0001
2025092322,-0.0001
2025092322,-0.0001
2025092323,-0.0001
2025092323,-0.0001
2025092323,-0.0001
2025092323,-0.0001
2025092400,0.0
2025092400,-0.0001
2025092400,-0.0001
2025092400,-0.0001
2025092401,-0.0001
2025092401,-0.0001
2025092401,-0.0001
2025092401,-0.0001
2025092402,-0.0001
2025092402,-0.0001
2025092402,-0.0001
2025092402,-0.0001
2025092403,-0.0001
2025092403,-0.0001
2025092403,-0.0001
2025092403,-0.0001
2025092404,-0.0001
2025092404,-0.0001
2025092404,-0.0001
2025092404,-0.0001
2025092405,2.8
2025092405,5.48
2025092405,10.05
2025092405,-0.0001
2025092406,17.39
2025092406,26.15
2025092406,36.28
2025092406,48.9
2025092407,59.64
2025092407,63.64
2025092407,16.87
2025092407,68.7
2025092408,24.5
2025092408,108.99
2025092408,69.21
2025092408,123.29
2025092409,91.49
2025092409,20.16
2025092409,31.92
2025092409,125.27
2025092410,135.3
2025092410,150.78
2025092410,159.03
2025092410,134.14
2025092411,124.63
2025092411,150.02
2025092411,109.89
2025092411,149.8
2025092412,134.11
2025092412,150.0
2025092412,89.66
2025092412,138.53
2025092413,58.31
2025092413,127.13
2025092413,123.31
2025092413,116.54
2025092414,105.76
2025092414,100.3
2025092414,90.63
2025092414,80.77
2025092415,71.78
2025092415,63.55
2025092415,51.84
2025092415,40.52
2025092416,30.26
2025092416,20.24
2025092416,12.33
2025092416,6.65
2025092417,2.1
2025092417,0.01
2025092417,0.0
2025092417,-0.0001
2025092418,-0.0001
2025092418,-0.0001
2025092418,-0.0001
2025092418,-0.0001
2025092419,-0.0001
2025092419,-0.0001
2025092419,-0.0001
2025092419,-0.0001
2025092420,-0.0001
2025092420,-0.0001
2025092420,-0.0001
2025092420,-0.0001
2025092421,-0.0001
2025092421,-0.0001
2025092421,-0.0001
2025092421,-0.0001
2025092422,-0.0001
2025092422,-0.0001
2025092422,-0.0001
2025092422,-0.0001
2025092423,-0.0001
2025092423,-0.0001
2025092423,-0.0001
2025092423,-0.0001
2025092500,0.0
2025092500,-0.0001
2025092500,-0.0001
2025092500,-0.0001
2025092501,-0.0001
2025092501,-0.0001
2025092501,-0.0001
2025092501,-0.0001
2025092502,-0.0001
2025092502,-0.0001
2025092502,-0.0001
2025092502,-0.0001
2025092503,-0.0001
2025092503,-0.0001
2025092503,-0.0001
2025092503,-0.0001
2025092504,-0.0001
2025092504,-0.0001
2025092504,-0.0001
2025092504,-0.0001
2025092505,2.4
2025092505,4.94
2025092505,8.77
2025092505,-0.0001
2025092506,15.5
2025092506,24.34
2025092506,34.63
2025092506,45.29
2025092507,56.17
2025092507,66.81
2025092507,77.35
2025092507,87.4
2025092508,96.88
2025092508,105.48
2025092508,113.28
2025092508,120.72
2025092509,127.35
2025092509,133.76
2025092509,139.17
2025092509,143.8
2025092510,147.68
2025092510,150.82
2025092510,153.15
2025092510,154.78
2025092511,155.62
2025092511,155.65
2025092511,154.73
2025092511,153.27
2025092512,150.83
2025092512,147.68
2025092512,143.68
2025092512,138.8
2025092513,133.28
2025092513,126.82
2025092513,119.58
2025092513,111.66
2025092514,102.96
2025092514,93.99
2025092514,83.37
2025092514,73.81
2025092515,63.18
2025092515,52.36
2025092515,38.16
2025092515,29.54
2025092516,21.23
2025092516,13.41
2025092516,7.85
2025092516,4.94
2025092517,1.11
2025092517,0.0
2025092517,-0.0001
2025092517,-0.0001
2025092518,-0.0001
2025092518,-0.0001
2025092518,-0.0001
2025092518,-0.0001
2025092519,-0.0001
2025092519,-0.0001
2025092519,-0.0001
2025092519,-0.0001
2025092520,-0.0001
2025092520,-0.0001
2025092520,-0.0001
2025092520,-0.0001
2025092521,-0.0001
2025092521,-0.0001
2025092521,-0.0001
2025092521,-0.0001
2025092522,-0.0001
2025092522,-0.0001
2025092522,-0.0001
2025092522,-0.0001
2025092523,-0.0001
2025092523,-0.0001
2025092523,-0.0001
2025092523,-0.0001
2025092600,0.0
2025092600,-0.0001
2025092600,-0.0001
2025092600,-0.0001
2025092601,-0.0001
2025092601,-0.0001
2025092601,-0.0001
2025092601,-0.0001
2025092602,-0.0001
2025092602,-0.0001
2025092602,-0.0001
2025092602,-0.0001
2025092603,-0.0001
2025092603,-0.0001
2025092603,-0.0001
2025092603,-0.0001
2025092604,-0.0001
2025092604,-0.0001
2025092604,-0.0001
2025092604,-0.0001
2025092605,0.19
2025092605,1.83
2025092605,4.69
2025092605,8.1
2025092606,14.46
2025092606,23.11
2025092606,9.83
2025092606,43.57
2025092607,39.89
2025092607,65.39
2025092607,66.75
2025092607,66.09
2025092608,95.09
2025092608,101.54
2025092608,82.19
2025092608,74.06
2025092609,105.01
2025092609,111.42
2025092609,127.46
2025092609,111.66
2025092610,90.1
2025092610,80.22
2025092610,116.95
2025092610,107.68
2025092611,151.88
2025092611,154.54
2025092611,154.16
2025092611,152.15
2025092612,147.2
2025092612,145.73
2025092612,137.07
2025092612,132.17
2025092613,132.54
2025092613,123.2
2025092613,117.35
2025092613,104.99
2025092614,101.82
2025092614,84.05
2025092614,63.71
2025092614,61.75
2025092615,62.07
2025092615,44.97
2025092615,44.55
2025092615,32.02
2025092616,20.86
2025092616,13.39
2025092616,9.98
2025092616,5.24
2025092617,2.16
2025092617,0.16
2025092617,0.0
2025092617,-0.0001
2025092618,-0.0001
2025092618,-0.0001
2025092618,-0.0001
2025092618,-0.0001
2025092619,-0.0001
2025092619,-0.0001
2025092619,-0.0001
2025092619,-0.0001
2025092620,-0.0001
2025092620,-0.0001
2025092620,-0.0001
2025092620,-0.0001
2025092621,-0.0001
2025092621,-0.0001
2025092621,-0.0001
2025092621,-0.0001
2025092622,-0.0001
2025092622,-0.0001
2025092622,-0.0001
2025092622,-0.0001
2025092623,-0.0001
2025092623,-0.0001
2025092623,-0.0001
2025092623,-0.0001
2025092700,0.0
2025092700,-0.0001
2025092700,-0.0001
2025092700,-0.0001
2025092701,-0.0001
2025092701,-0.0001
2025092701,-0.0001
2025092701,-0.0001
2025092702,-0.0001
2025092702,-0.0001
2025092702,-0.0001
2025092702,-0.0001
2025092703,-0.0001
2025092703,-0.0001
2025092703,-0.0001
2025092703,-0.0001
2025092704,-0.0001
2025092704,-0.0001
2025092704,-0.0001
2025092704,-0.0001
2025092705,1.38
2025092705,4.28
2025092705,8.55
2025092705,-0.0001
2025092706,11.07
2025092706,8.6
2025092706,14.89
2025092706,19.4
2025092707,20.43
2025092707,23.13
2025092707,22.95
2025092707,23.99
2025092708,29.92
2025092708,39.51
2025092708,89.65
2025092708,114.26
2025092709,119.25
2025092709,124.98
2025092709,130.46
2025092709,134.63
2025092710,138.28
2025092710,141.73
2025092710,143.95
2025092710,145.25
2025092711,145.82
2025092711,145.83
2025092711,145.66
2025092711,143.64
2025092712,141.23
2025092712,138.26
2025092712,134.5
2025092712,129.37
2025092713,124.19
2025092713,117.92
2025092713,111.17
2025092713,103.44
2025092714,95.36
2025092714,86.0
2025092714,76.49
2025092714,66.21
2025092715,55.87
2025092715,45.8
2025092715,35.36
2025092715,26.1
2025092716,15.88
2025092716,6.53
2025092716,6.17
2025092716,3.34
2025092717,0.6
2025092717,0.0
2025092717,-0.0001
2025092717,-0.0001
2025092718,-0.0001
2025092718,-0.0001
2025092718,-0.0001
2025092718,-0.0001
2025092719,-0.0001
2025092719,-0.0001
2025092719,-0.0001
2025092719,-0.0001
2025092720,-0.0001
2025092720,-0.0001
2025092720,-0.0001
2025092720,-0.0001
2025092721,-0.0001
2025092721,-0.0001
2025092721,-0.0001
2025092721,-0.0001
2025092722,-0.0001
2025092722,-0.0001
2025092722,-0.0001
2025092722,-0.0001
2025092723,-0.0001
2025092723,-0.0001
2025092723,-0.0001
2025092723,-0.0001
2025092800,0.0
2025092800,-0.0001
2025092800,-0.0001
2025092800,-0.0001
2025092801,-0.0001
2025092801,-0.0001
2025092801,-0.0001
2025092801,-0.0001
2025092802,-0.0001
2025092802,-0.0001
2025092802,-0.0001
2025092802,-0.0001
2025092803,-0.0001
2025092803,-0.0001
2025092803,-0.0001
2025092803,-0.0001
2025092804,-0.0001
2025092804,-0.0001
2025092804,-0.0001
2025092804,-0.0001
2025092805,0.78
2025092805,5.08
2025092805,10.14
2025092805,-0.0001
2025092806,17.06
2025092806,25.97
2025092806,33.98
2025092806,23.55
2025092807,55.85
2025092807,64.7
2025092807,36.84
2025092807,36.64
2025092808,36.16
2025092808,41.75
2025092808,69.51
2025092808,113.95
2025092809,118.52
2025092809,123.46
2025092809,129.76
2025092809,134.18
2025092810,137.06
2025092810,140.71
2025092810,142.85
2025092810,144.15
2025092811,144.67
2025092811,145.45
2025092811,144.37
2025092811,143.26
2025092812,140.63
2025092812,138.22
2025092812,132.3
2025092812,127.3
2025092813,120.77
2025092813,113.73
2025092813,106.22
2025092813,98.44
2025092814,91.35
2025092814,82.14
2025092814,74.3
2025092814,64.49
2025092815,52.62
2025092815,39.72
2025092815,34.5
2025092815,25.25
2025092816,15.07
2025092816,10.65
2025092816,7.26
2025092816,3.55
2025092817,0.23
2025092817,0.0
2025092817,-0.0001
2025092817,-0.0001
2025092818,-0.0001
2025092818,-0.0001
2025092818,-0.0001
2025092818,-0.0001
2025092819,-0.0001
2025092819,-0.0001
2025092819,-0.0001
2025092819,-0.0001
2025092820,-0.0001
2025092820,-0.0001
2025092820,-0.0001
2025092820,-0.0001
2025092821,-0.0001
2025092821,-0.0001
2025092821,-0.0001
2025092821,-0.0001
2025092822,-0.0001
2025092822,-0.0001
2025092822,-0.0001
2025092822,-0.0001
2025092823,-0.0001
2025092823,-0.0001
2025092823,-0.0001
2025092823,-0.0001
2025092900,0.0
2025092900,-0.0001
2025092900,-0.0001
2025092900,-0.0001
2025092901,-0.0001
2025092901,-0.0001
2025092901,-0.0001
2025092901,-0.0001
2025092902,-0.0001
2025092902,-0.0001
2025092902,-0.0001
2025092902,-0.0001
2025092903,-0.0001
2025092903,-0.0001
2025092903,-0.0001
2025092903,-0.0001
2025092904,-0.0001
2025092904,-0.0001
2025092904,-0.0001
2025092904,-0.0001
2025092905,0.82
2025092905,2.9
2025092905,4.98
2025092905,-0.0001
2025092906,7.37
2025092906,18.88
2025092906,27.32
2025092906,38.12
2025092907,48.76
2025092907,59.24
2025092907,48.67
2025092907,79.15
2025092908,88.41
2025092908,85.1
2025092908,90.87
2025092908,108.04
2025092909,85.48
2025092909,84.61
2025092909,116.33
2025092909,77.6
2025092910,125.56
2025092910,118.67
2025092910,101.69
2025092910,100.63
2025092911,134.73
2025092911,114.86
2025092911,89.59
2025092911,56.98
2025092912,58.56
2025092912,73.02
2025092912,67.9
2025092912,63.74
2025092913,21.44
2025092913,15.1
2025092913,11.83
2025092913,17.74
2025092914,7.31
2025092914,4.61
2025092914,4.1
2025092914,3.97
2025092915,1.83
2025092915,0.95
2025092915,2.26
2025092915,3.49
2025092916,3.68
2025092916,1.4
2025092916,1.88
2025092916,1.15
2025092917,0.12
2025092917,0.01
2025092917,0.0
2025092917,-0.0001
2025092918,-0.0001
2025092918,-0.0001
2025092918,-0.0001
2025092918,-0.0001
2025092919,-0.0001
2025092919,-0.0001
2025092919,-0.0001
2025092919,-0.0001
2025092920,-0.0001
2025092920,-0.0001
2025092920,-0.0001
2025092920,-0.0001
2025092921,-0.0001
2025092921,-0.0001
2025092921,-0.0001
2025092921,-0.0001
2025092922,-0.0001
2025092922,-0.0001
2025092922,-0.0001
2025092922,-0.0001
2025092923,-0.0001
2025092923,-0.0001
2025092923,-0.0001
2025092923,-0.0001
2025093000,0.0
2025093000,-0.0001
2025093000,-0.0001
2025093000,-0.0001
2025093001,-0.0001
2025093001,-0.0001
2025093001,-0.0001
2025093001,-0.0001
2025093002,-0.0001
2025093002,-0.0001
2025093002,-0.0001
2025093002,-0.0001
2025093003,-0.0001
2025093003,-0.0001
2025093003,-0.0001
2025093003,-0.0001
2025093004,-0.0001
2025093004,-0.0001
2025093004,-0.0001
2025093004,-0.0001
2025093005,0.02
2025093005,0.1
2025093005,0.55
2025093005,2.28
2025093006,5.83
2025093006,8.47
2025093006,8.07
2025093006,8.77
2025093007,11.34
2025093007,21.26
2025093007,30.65
2025093007,36.92
2025093008,32.82
2025093008,41.78
2025093008,33.99
2025093008,28.08
2025093009,30.98
2025093009,35.14
2025093009,40.44
2025093009,43.38
2025093010,57.48
2025093010,51.4
2025093010,110.47
2025093010,152.44
2025093011,124.01
2025093011,93.64
2025093011,100.35
2025093011,62.28
2025093012,44.08
2025093012,50.92
2025093012,43.28
2025093012,39.31
2025093013,39.62
2025093013,33.76
2025093013,16.73
2025093013,14.57
2025093014,14.89
2025093014,10.5
2025093014,9.15
2025093014,9.74
2025093015,10.52
2025093015,10.27
2025093015,10.39
2025093015,11.5
2025093016,8.87
2025093016,6.0
2025093016,2.65
2025093016,0.66
2025093017,0.09
2025093017,0.0
2025093017,-0.0001
2025093017,-0.0001
2025093018,-0.0001
2025093018,-0.0001
2025093018,-0.0001
2025093018,-0.0001
2025093019,-0.0001
2025093019,-0.0001
2025093019,-0.0001
2025093019,-0.0001
2025093020,-0.0001
2025093020,-0.0001
2025093020,-0.0001
2025093020,-0.0001
2025093021,-0.0001
2025093021,-0.0001
2025093021,-0.0001
2025093021,-0.0001
2025093022,-0.0001
2025093022,-0.0001
2025093022,-0.0001
2025093022,-0.0001
2025093023,-0.0001
2025093023,-0.0001
2025093023,-0.0001
2025093023,-0.0001
2025100100,0.0
2025100100,-0.0001
2025100100,-0.0001
2025100100,-0.0001
2025100101,-0.0001
2025100101,-0.0001
2025100101,-0.0001
2025100101,-0.0001
2025100102,-0.0001
2025100102,-0.0001
2025100102,-0.0001
2025100102,-0.0001
2025100103,-0.0001
2025100103,-0.0001
2025100103,-0.0001
2025100103,-0.0001
2025100104,-0.0001
2025100104,-0.0001
2025100104,-0.0001
2025100104,-0.0001
2025100105,0.22
2025100105,1.82
2025100105,3.68
2025100105,-0.0001
2025100106,6.22
2025100106,11.08
2025100106,25.55
2025100106,36.78
2025100107,46.83
2025100107,56.53
2025100107,66.45
2025100107,76.32
2025100108,85.6
2025100108,74.82
2025100108,90.59
2025100108,109.27
2025100109,116.58
2025100109,119.54
2025100109,125.73
2025100109,130.61
2025100110,75.97
2025100110,64.21
2025100110,68.54
2025100110,92.96
2025100111,119.83
2025100111,120.69
2025100111,88.64
2025100111,138.62
2025100112,119.94
2025100112,74.46
2025100112,93.58
2025100112,57.09
2025100113,73.48
2025100113,90.43
2025100113,99.94
2025100113,93.23
2025100114,92.11
2025100114,83.16
2025100114,73.07
2025100114,62.57
2025100115,51.65
2025100115,41.77
2025100115,30.3
2025100115,14.84
2025100116,11.48
2025100116,7.68
2025100116,3.74
2025100116,1.03
2025100117,0.11
2025100117,0.0
2025100117,-0.0001
2025100117,-0.0001
2025100118,-0.0001
2025100118,-0.0001
2025100118,-0.0001
2025100118,-0.0001
2025100119,-0.0001
2025100119,-0.0001
2025100119,-0.0001
2025100119,-0.0001
2025100120,-0.0001
2025100120,-0.0001
2025100120,-0.0001
2025100120,-0.0001
2025100121,-0.0001
2025100121,-0.0001
2025100121,-0.0001
2025100121,-0.0001
2025100122,-0.0001
2025100122,-0.0001
2025100122,-0.0001
2025100122,-0.0001
2025100123,-0.0001
2025100123,-0.0001
2025100123,-0.0001
2025100123,-0.0001
2025100200,0.0
2025100200,-0.0001
2025100200,-0.0001
2025100200,-0.0001
2025100201,-0.0001
2025100201,-0.0001
2025100201,-0.0001
2025100201,-0.0001
2025100202,-0.0001
2025100202,-0.0001
2025100202,-0.0001
2025100202,-0.0001
2025100203,-0.0001
2025100203,-0.0001
2025100203,-0.0001
2025100203,-0.0001
2025100204,-0.0001
2025100204,-0.0001
2025100204,-0.0001
2025100204,-0.0001
2025100205,0.36
2025100205,2.31
2025100205,5.14
2025100205,-0.0001
2025100206,6.58
2025100206,10.82
2025100206,16.69
2025100206,19.45
2025100207,29.93
2025100207,35.05
2025100207,46.88
2025100207,46.94
2025100208,73.8
2025100208,88.15
2025100208,99.46
2025100208,55.82
2025100209,43.12
2025100209,46.49
2025100209,58.74
2025100209,57.65
2025100210,67.87
2025100210,58.61
2025100210,59.77
2025100210,74.44
2025100211,89.04
2025100211,87.89
2025100211,140.97
2025100211,125.13
2025100212,136.74
2025100212,130.52
2025100212,125.98
2025100212,98.94
2025100213,118.67
2025100213,109.54
2025100213,86.68
2025100213,97.11
2025100214,79.35
2025100214,72.75
2025100214,63.0
2025100214,56.02
2025100215,47.39
2025100215,38.95
2025100215,28.7
2025100215,19.77
2025100216,12.71
2025100216,6.28
2025100216,2.7
2025100216,0.67
2025100217,0.0
2025100217,-0.0001
2025100217,-0.0001
2025100217,-0.0001
2025100218,-0.0001
2025100218,-0.0001
2025100218,-0.0001
2025100218,-0.0001
2025100219,-0.0001
2025100219,-0.0001
2025100219,-0.0001
2025100219,-0.0001
2025100220,-0.0001
2025100220,-0.0001
2025100220,-0.0001
2025100220,-0.0001
2025100221,-0.0001
2025100221,-0.0001
2025100221,-0.0001
2025100221,-0.0001
2025100222,-0.0001
2025100222,-0.0001
2025100222,-0.0001
2025100222,-0.0001
2025100223,-0.0001
2025100223,-0.0001
2025100223,-0.0001
2025100223,-0.0001
2025100300,0.0
2025100300,-0.0001
2025100300,-0.0001
2025100300,-0.0001
2025100301,-0.0001
2025100301,-0.0001
2025100301,-0.0001
2025100301,-0.0001
2025100302,-0.0001
2025100302,-0.0001
2025100302,-0.0001
2025100302,-0.0001
2025100303,-0.0001
2025100303,-0.0001
2025100303,-0.0001
2025100303,-0.0001
2025100304,-0.0001
2025100304,-0.0001
2025100304,-0.0001
2025100304,-0.0001
2025100305,0.01
2025100305,1.84
2025100305,5.04
2025100305,9.44
2025100306,16.07
2025100306,25.27
2025100306,33.75
2025100306,34.9
2025100307,34.83
2025100307,31.44
2025100307,59.25
2025100307,85.68
2025100308,84.92
2025100308,88.28
2025100308,93.68
2025100308,103.59
2025100309,112.32
2025100309,127.49
2025100309,124.3
2025100309,90.76
2025100310,126.17
2025100310,108.98
2025100310,137.32
2025100310,141.07
2025100311,140.57
2025100311,136.55
2025100311,136.71
2025100311,144.44
2025100312,158.15
2025100312,132.42
2025100312,104.95
2025100312,74.1
2025100313,64.88
2025100313,66.39
2025100313,44.2
2025100313,45.44
2025100314,45.97
2025100314,78.63
2025100314,45.21
2025100314,31.21
2025100315,23.65
2025100315,18.13
2025100315,15.4
2025100315,11.61
2025100316,8.1
2025100316,4.41
2025100316,1.65
2025100316,0.02
2025100317,0.0
2025100317,-0.0001
2025100317,-0.0001
2025100317,-0.0001
2025100318,-0.0001
2025100318,-0.0001
2025100318,-0.0001
2025100318,-0.0001
2025100319,-0.0001
2025100319,-0.0001
2025100319,-0.0001
2025100319,-0.0001
2025100320,-0.0001
2025100320,-0.0001
2025100320,-0.0001
2025100320,-0.0001
2025100321,-0.0001
2025100321,-0.0001
2025100321,-0.0001
2025100321,-0.0001
2025100322,-0.0001
2025100322,-0.0001
2025100322,-0.0001
2025100322,-0.0001
2025100323,-0.0001
2025100323,-0.0001
2025100323,-0.0001
2025100323,-0.0001
2025100400,0.0
2025100400,-0.0001
2025100400,-0.0001
2025100400,-0.0001
2025100401,-0.0001
2025100401,-0.0001
2025100401,-0.0001
2025100401,-0.0001
2025100402,-0.0001
2025100402,-0.0001
2025100402,-0.0001
2025100402,-0.0001
2025100403,-0.0001
2025100403,-0.0001
2025100403,-0.0001
2025100403,-0.0001
2025100404,-0.0001
2025100404,-0.0001
2025100404,-0.0001
2025100404,-0.0001
2025100405,-0.0001
2025100405,-0.0001
2025100405,-0.0001
2025100405,-0.0001
2025100406,0.03
2025100406,0.53
2025100406,0.38
2025100406,0.0
2025100407,0.23
2025100407,0.07
2025100407,0.0
2025100407,1.16
2025100408,12.91
2025100408,0.36
2025100408,17.7
2025100408,0.25
2025100409,0.0
2025100409,0.01
2025100409,-0.0001
2025100409,-0.0001
2025100410,0.0
2025100410,0.01
2025100410,-0.0001
2025100410,-0.0001
2025100411,0.04
2025100411,0.0
2025100411,-0.0001
2025100411,-0.0001
2025100412,0.03
2025100412,0.0
2025100412,0.01
2025100412,-0.0001
2025100413,0.0
2025100413,-0.0001
2025100413,-0.0001
2025100413,-0.0001
2025100414,-0.0001
2025100414,-0.0001
2025100414,-0.0001
2025100414,-0.0001
2025100415,0.01
2025100415,1.14
2025100415,8.63
2025100415,-0.0001
2025100416,2.91
2025100416,2.18
2025100416,0.73
2025100416,0.0
2025100417,-0.0001
2025100417,-0.0001
2025100417,-0.0001
2025100417,-0.0001
2025100418,-0.0001
2025100418,-0.0001
2025100418,-0.0001
2025100418,-0.0001
2025100419,-0.0001
2025100419,-0.0001
2025100419,-0.0001
2025100419,-0.0001
2025100420,-0.0001
2025100420,-0.0001
2025100420,-0.0001
2025100420,-0.0001
2025100421,-0.0001
2025100421,-0.0001
2025100421,-0.0001
2025100421,-0.0001
2025100422,-0.0001
2025100422,-0.0001
2025100422,-0.0001
2025100422,-0.0001
2025100423,-0.0001
2025100423,-0.0001
2025100423,-0.0001
2025100423,-0.0001
2025100500,0.0
2025100500,-0.0001
2025100500,-0.0001
2025100500,-0.0001
2025100501,-0.0001
2025100501,-0.0001
2025100501,-0.0001
2025100501,-0.0001
2025100502,-0.0001
2025100502,-0.0001
2025100502,-0.0001
2025100502,-0.0001
2025100503,-0.0001
2025100503,-0.0001
2025100503,-0.0001
2025100503,-0.0001
2025100504,-0.0001
2025100504,-0.0001
2025100504,-0.0001
2025100504,-0.0001
2025100505,0.01
2025100505,0.16
2025100505,-0.0001
2025100505,-0.0001
2025100506,0.0
2025100506,0.01
2025100506,0.0
2025100506,-0.0001
2025100507,0.03
2025100507,0.0
2025100507,-0.0001
2025100507,-0.0001
2025100508,-0.0001
2025100508,-0.0001
2025100508,-0.0001
2025100508,-0.0001
2025100509,0.05
2025100509,0.01
2025100509,0.0
2025100509,-0.0001
2025100510,-0.0001
2025100510,-0.0001
2025100510,-0.0001
2025100510,-0.0001
2025100511,-0.0001
2025100511,-0.0001
2025100511,-0.0001
2025100511,-0.0001
2025100512,-0.0001
2025100512,-0.0001
2025100512,-0.0001
2025100512,-0.0001
2025100513,-0.0001
2025100513,-0.0001
2025100513,-0.0001
2025100513,-0.0001
2025100514,0.2
2025100514,0.43
2025100514,0.32
2025100514,0.06
2025100515,0.1
2025100515,0.08
2025100515,3.52
2025100515,4.89
2025100516,3.27
2025100516,2.99
2025100516,0.42
2025100516,0.02
2025100517,0.0
2025100517,-0.0001
2025100517,-0.0001
2025100517,-0.0001
2025100518,-0.0001
2025100518,-0.0001
2025100518,-0.0001
2025100518,-0.0001
2025100519,-0.0001
2025100519,-0.0001
2025100519,-0.0001
2025100519,-0.0001
2025100520,-0.0001
2025100520,-0.0001
2025100520,-0.0001
2025100520,-0.0001
2025100521,-0.0001
2025100521,-0.0001
2025100521,-0.0001
2025100521,-0.0001
2025100522,-0.0001
2025100522,-0.0001
2025100522,-0.0001
2025100522,-0.0001
2025100523,-0.0001
2025100523,-0.0001
2025100523,-0.0001
2025100523,-0.0001
2025100600,0.0
2025100600,-0.0001
2025100600,-0.0001
2025100600,-0.0001
2025100601,-0.0001
2025100601,-0.0001
2025100601,-0.0001
2025100601,-0.0001
2025100602,-0.0001
2025100602,-0.0001
2025100602,-0.0001
2025100602,-0.0001
2025100603,-0.0001
2025100603,-0.0001
2025100603,-0.0001
2025100603,-0.0001
2025100604,-0.0001
2025100604,-0.0001
2025100604,-0.0001
2025100604,-0.0001
2025100605,1.64
2025100605,4.95
2025100605,-0.0001
2025100605,-0.0001
2025100606,8.01
2025100606,8.4
2025100606,7.37
2025100606,13.91
2025100607,21.74
2025100607,22.02
2025100607,38.86
2025100607,65.23
2025100608,76.95
2025100608,92.79
2025100608,85.98
2025100608,63.66
2025100609,62.13
2025100609,87.66
2025100609,72.33
2025100609,126.88
2025100610,86.37
2025100610,108.39
2025100610,135.78
2025100610,126.74
2025100611,118.28
2025100611,124.98
2025100611,127.6
2025100611,127.66
2025100612,104.33
2025100612,117.79
2025100612,117.17
2025100612,117.26
2025100613,112.84
2025100613,102.37
2025100613,94.61
2025100613,77.85
2025100614,55.25
2025100614,58.71
2025100614,55.88
2025100614,30.08
2025100615,22.39
2025100615,21.19
2025100615,14.41
2025100615,9.76
2025100616,5.68
2025100616,4.94
2025100616,1.92
2025100616,0.0
2025100617,-0.0001
2025100617,-0.0001
2025100617,-0.0001
2025100617,-0.0001
2025100618,-0.0001
2025100618,-0.0001
2025100618,-0.0001
2025100618,-0.0001
2025100619,-0.0001
2025100619,-0.0001
2025100619,-0.0001
2025100619,-0.0001
2025100620,-0.0001
2025100620,-0.0001
2025100620,-0.0001
2025100620,-0.0001
2025100621,-0.0001
2025100621,-0.0001
2025100621,-0.0001
2025100621,-0.0001
2025100622,-0.0001
2025100622,-0.0001
2025100622,-0.0001
2025100622,-0.0001
2025100623,-0.0001
2025100623,-0.0001
2025100623,-0.0001
2025100623,-0.0001
2025100700,0.0
2025100700,-0.0001
2025100700,-0.0001
2025100700,-0.0001
2025100701,-0.0001
2025100701,-0.0001
2025100701,-0.0001
2025100701,-0.0001
2025100702,-0.0001
2025100702,-0.0001
2025100702,-0.0001
2025100702,-0.0001
2025100703,-0.0001
2025100703,-0.0001
2025100703,-0.0001
2025100703,-0.0001
2025100704,-0.0001
2025100704,-0.0001
2025100704,-0.0001
2025100704,-0.0001
2025100705,0.01
2025100705,0.9
2025100705,-0.0001
2025100705,-0.0001
2025100706,1.78
2025100706,3.91
2025100706,6.84
2025100706,6.08
2025100707,5.96
2025100707,6.94
2025100707,7.63
2025100707,6.84
2025100708,5.79
2025100708,8.59
2025100708,11.48
2025100708,9.34
2025100709,14.91
2025100709,12.54
2025100709,11.35
2025100709,16.66
2025100710,14.89
2025100710,11.71
2025100710,20.65
2025100710,27.57
2025100711,32.02
2025100711,23.64
2025100711,20.11
2025100711,24.57
2025100712,36.71
2025100712,29.51
2025100712,31.01
2025100712,38.41
2025100713,38.52
2025100713,37.45
2025100713,27.63
2025100713,19.11
2025100714,19.64
2025100714,14.2
2025100714,10.82
2025100714,7.46
2025100715,8.02
2025100715,5.47
2025100715,3.59
2025100715,2.5
2025100716,0.89
2025100716,0.46
2025100716,0.04
2025100716,0.0
2025100717,-0.0001
2025100717,-0.0001
2025100717,-0.0001
2025100717,-0.0001
2025100718,-0.0001
2025100718,-0.0001
2025100718,-0.0001
2025100718,-0.0001
2025100719,-0.0001
2025100719,-0.0001
2025100719,-0.0001
2025100719,-0.0001
2025100720,-0.0001
2025100720,-0.0001
2025100720,-0.0001
2025100720,-0.0001
2025100721,-0.0001
2025100721,-0.0001
2025100721,-0.0001
2025100721,-0.0001
2025100722,-0.0001
2025100722,-0.0001
2025100722,-0.0001
2025100722,-0.0001
2025100723,-0.0001
2025100723,-0.0001
2025100723,-0.0001
2025100723,-0.0001
2025100800,0.0
2025100800,-0.0001
2025100800,-0.0001
2025100800,-0.0001
2025100801,-0.0001
2025100801,-0.0001
2025100801,-0.0001
2025100801,-0.0001
2025100802,-0.0001
2025100802,-0.0001
2025100802,-0.0001
2025100802,-0.0001
2025100803,-0.0001
2025100803,-0.0001
2025100803,-0.0001
2025100803,-0.0001
2025100804,-0.0001
2025100804,-0.0001
2025100804,-0.0001
2025100804,-0.0001
2025100805,-0.0001
2025100805,-0.0001
2025100805,-0.0001
2025100805,-0.0001
2025100806,0.2
2025100806,2.15
2025100806,4.42
2025100806,6.17
2025100807,17.48
2025100807,22.3
2025100807,21.13
2025100807,21.66
2025100808,17.73
2025100808,35.92
2025100808,68.7
2025100808,51.57
2025100809,55.22
2025100809,109.55
2025100809,100.94
2025100809,59.12
2025100810,99.52
2025100810,74.93
2025100810,104.86
2025100810,80.69
2025100811,49.28
2025100811,93.07
2025100811,64.85
2025100811,87.43
2025100812,85.57
2025100812,113.03
2025100812,103.69
2025100812,39.19
2025100813,26.46
2025100813,40.32
2025100813,21.73
2025100813,46.55
2025100814,35.7
2025100814,25.4
2025100814,11.85
2025100814,14.22
2025100815,20.9
2025100815,9.44
2025100815,11.65
2025100815,9.17
2025100816,3.49
2025100816,1.99
2025100816,0.68
2025100816,0.0
2025100817,-0.0001
2025100817,-0.0001
2025100817,-0.0001
2025100817,-0.0001
2025100818,-0.0001
2025100818,-0.0001
2025100818,-0.0001
2025100818,-0.0001
2025100819,-0.0001
2025100819,-0.0001
2025100819,-0.0001
2025100819,-0.0001
2025100820,-0.0001
2025100820,-0.0001
2025100820,-0.0001
2025100820,-0.0001
2025100821,-0.0001
2025100821,-0.0001
2025100821,-0.0001
2025100821,-0.0001
2025100822,-0.0001
2025100822,-0.0001
2025100822,-0.0001
2025100822,-0.0001
2025100823,-0.0001
2025100823,-0.0001
2025100823,-0.0001
2025100823,-0.0001
2025100900,0.0
2025100900,-0.0001
2025100900,-0.0001
2025100900,-0.0001
2025100901,-0.0001
2025100901,-0.0001
2025100901,-0.0001
2025100901,-0.0001
2025100902,-0.0001
2025100902,-0.0001
2025100902,-0.0001
2025100902,-0.0001
2025100903,-0.0001
2025100903,-0.0001
2025100903,-0.0001
2025100903,-0.0001
2025100904,-0.0001
2025100904,-0.0001
2025100904,-0.0001
2025100904,-0.0001
2025100905,1.27
2025100905,4.1
2025100905,-0.0001
2025100905,-0.0001
2025100906,6.51
2025100906,13.77
2025100906,16.79
2025100906,20.65
2025100907,20.45
2025100907,31.13
2025100907,22.57
2025100907,45.75
2025100908,39.36
2025100908,8.64
2025100908,29.67
2025100908,44.66
2025100909,30.44
2025100909,25.05
2025100909,56.04
2025100909,62.24
2025100910,52.95
2025100910,60.09
2025100910,49.71
2025100910,52.25
2025100911,55.63
2025100911,56.48
2025100911,64.25
2025100911,46.23
2025100912,43.43
2025100912,48.51
2025100912,50.64
2025100912,29.43
2025100913,16.02
2025100913,14.99
2025100913,15.58
2025100913,20.17
2025100914,9.85
2025100914,9.95
2025100914,13.81
2025100914,7.57
2025100915,7.32
2025100915,12.76
2025100915,7.66
2025100915,5.6
2025100916,3.65
2025100916,1.66
2025100916,0.02
2025100916,0.0
2025100917,-0.0001
2025100917,-0.0001
2025100917,-0.0001
2025100917,-0.0001
2025100918,-0.0001
2025100918,-0.0001
2025100918,-0.0001
2025100918,-0.0001
2025100919,-0.0001
2025100919,-0.0001
2025100919,-0.0001
2025100919,-0.0001
2025100920,-0.0001
2025100920,-0.0001
2025100920,-0.0001
2025100920,-0.0001
2025100921,-0.0001
2025100921,-0.0001
2025100921,-0.0001
2025100921,-0.0001
2025100922,-0.0001
2025100922,-0.0001
2025100922,-0.0001
2025100922,-0.0001
2025100923,-0.0001
2025100923,-0.0001
2025100923,-0.0001
2025100923,-0.0001
2025101000,0.0
2025101000,-0.0001
2025101000,-0.0001
2025101000,-0.0001
2025101001,-0.0001
2025101001,-0.0001
2025101001,-0.0001
2025101001,-0.0001
2025101002,-0.0001
2025101002,-0.0001
2025101002,-0.0001
2025101002,-0.0001
2025101003,-0.0001
2025101003,-0.0001
2025101003,-0.0001
2025101003,-0.0001
2025101004,-0.0001
2025101004,-0.0001
2025101004,-0.0001
2025101004,-0.0001
2025101005,0.89
2025101005,-0.0001
2025101005,-0.0001
2025101005,-0.0001
2025101006,3.04
2025101006,3.97
2025101006,9.32
2025101006,14.99
2025101007,15.47
2025101007,19.94
2025101007,11.04
2025101007,20.09
2025101008,20.78
2025101008,18.09
2025101008,16.32
2025101008,19.69
2025101009,17.37
2025101009,24.25
2025101009,36.5
2025101009,30.09
2025101010,44.14
2025101010,37.87
2025101010,37.57
2025101010,48.11
2025101011,57.2
2025101011,54.92
2025101011,43.07
2025101011,41.77
2025101012,29.33
2025101012,17.14
2025101012,24.02
2025101012,17.99
2025101013,18.47
2025101013,16.7
2025101013,15.75
2025101013,13.0
2025101014,17.5
2025101014,13.27
2025101014,10.13
2025101014,5.24
2025101015,3.92
2025101015,4.96
2025101015,5.77
2025101015,4.63
2025101016,1.93
2025101016,0.11
2025101016,0.72
2025101016,0.0
2025101017,-0.0001
2025101017,-0.0001
2025101017,-0.0001
2025101017,-0.0001
2025101018,-0.0001
2025101018,-0.0001
2025101018,-0.0001
2025101018,-0.0001
2025101019,-0.0001
2025101019,-0.0001
2025101019,-0.0001
2025101019,-0.0001
2025101020,-0.0001
2025101020,-0.0001
2025101020,-0.0001
2025101020,-0.0001
2025101021,-0.0001
2025101021,-0.0001
2025101021,-0.0001
2025101021,-0.0001
2025101022,-0.0001
2025101022,-0.0001
2025101022,-0.0001
2025101022,-0.0001
2025101023,-0.0001
2025101023,-0.0001
2025101023,-0.0001
2025101023,-0.0001
2025101100,0.0
2025101100,-0.0001
2025101100,-0.0001
2025101100,-0.0001
2025101101,-0.0001
2025101101,-0.0001
2025101101,-0.0001
2025101101,-0.0001
2025101102,-0.0001
2025101102,-0.0001
2025101102,-0.0001
2025101102,-0.0001
2025101103,-0.0001
2025101103,-0.0001
2025101103,-0.0001
2025101103,-0.0001
2025101104,-0.0001
2025101104,-0.0001
2025101104,-0.0001
2025101104,-0.0001
2025101105,0.18
2025101105,-0.0001
2025101105,-0.0001
2025101105,-0.0001
2025101106,1.66
2025101106,4.36
2025101106,6.85
2025101106,8.84
2025101107,13.4
2025101107,23.09
2025101107,24.55
2025101107,29.94
2025101108,36.37
2025101108,38.13
2025101108,56.24
2025101108,68.77
2025101109,66.98
2025101109,58.99
2025101109,59.39
2025101109,59.32
2025101110,60.47
2025101110,68.77
2025101110,70.58
2025101110,55.04
2025101111,77.22
2025101111,82.08
2025101111,64.97
2025101111,66.56
2025101112,76.86
2025101112,75.44
2025101112,56.16
2025101112,49.97
2025101113,40.76
2025101113,51.4
2025101113,37.65
2025101113,33.16
2025101114,26.65
2025101114,22.0
2025101114,20.28
2025101114,19.04
2025101115,17.22
2025101115,15.95
2025101115,8.05
2025101115,4.36
2025101116,1.99
2025101116,0.37
2025101116,0.0
2025101116,-0.0001
2025101117,-0.0001
2025101117,-0.0001
2025101117,-0.0001
2025101117,-0.0001
2025101118,-0.0001
2025101118,-0.0001
2025101118,-0.0001
2025101118,-0.0001
2025101119,-0.0001
2025101119,-0.0001
2025101119,-0.0001
2025101119,-0.0001
2025101120,-0.0001
2025101120,-0.0001
2025101120,-0.0001
2025101120,-0.0001
2025101121,-0.0001
2025101121,-0.0001
2025101121,-0.0001
2025101121,-0.0001
2025101122,-0.0001
2025101122,-0.0001
2025101122,-0.0001
2025101122,-0.0001
2025101123,-0.0001
2025101123,-0.0001
2025101123,-0.0001
2025101123,-0.0001
2025101200,0.0
2025101200,-0.0001
2025101200,-0.0001
2025101200,-0.0001
2025101201,-0.0001
2025101201,-0.0001
2025101201,-0.0001
2025101201,-0.0001
2025101202,-0.0001
2025101202,-0.0001
2025101202,-0.0001
2025101202,-0.0001
2025101203,-0.0001
2025101203,-0.0001
2025101203,-0.0001
2025101203,-0.0001
2025101204,-0.0001
2025101204,-0.0001
2025101204,-0.0001
2025101204,-0.0001
2025101205,0.07
2025101205,0.63
2025101205,-0.0001
2025101205,-0.0001
2025101206,1.62
2025101206,5.1
2025101206,17.51
2025101206,27.26
2025101207,34.5
2025101207,25.38
2025101207,25.83
2025101207,62.6
2025101208,41.95
2025101208,46.11
2025101208,29.22
2025101208,21.33
2025101209,12.82
2025101209,33.95
2025101209,47.39
2025101209,54.92
2025101210,60.5
2025101210,96.13
2025101210,95.22
2025101210,109.36
2025101211,122.51
2025101211,121.75
2025101211,120.47
2025101211,116.14
2025101212,109.57
2025101212,104.45
2025101212,101.73
2025101212,98.06
2025101213,80.53
2025101213,74.54
2025101213,85.74
2025101213,67.67
2025101214,63.91
2025101214,52.48
2025101214,52.28
2025101214,40.11
2025101215,32.02
2025101215,23.11
2025101215,14.88
2025101215,9.15
2025101216,5.34
2025101216,2.51
2025101216,0.16
2025101216,0.0
2025101217,-0.0001
2025101217,-0.0001
2025101217,-0.0001
2025101217,-0.0001
2025101218,-0.0001
2025101218,-0.0001
2025101218,-0.0001
2025101218,-0.0001
2025101219,-0.0001
2025101219,-0.0001
2025101219,-0.0001
2025101219,-0.0001
2025101220,-0.0001
2025101220,-0.0001
2025101220,-0.0001
2025101220,-0.0001
2025101221,-0.0001
2025101221,-0.0001
2025101221,-0.0001
2025101221,-0.0001
2025101222,-0.0001
2025101222,-0.0001
2025101222,-0.0001
2025101222,-0.0001
2025101223,-0.0001
2025101223,-0.0001
2025101223,-0.0001
2025101223,-0.0001
2025101300,0.0
2025101300,-0.0001
2025101300,-0.0001
2025101300,-0.0001
2025101301,-0.0001
2025101301,-0.0001
2025101301,-0.0001
2025101301,-0.0001
2025101302,-0.0001
2025101302,-0.0001
2025101302,-0.0001
2025101302,-0.0001
2025101303,-0.0001
2025101303,-0.0001
2025101303,-0.0001
2025101303,-0.0001
2025101304,-0.0001
2025101304,-0.0001
2025101304,-0.0001
2025101304,-0.0001
2025101305,1.23
2025101305,-0.0001
2025101305,-0.0001
2025101305,-0.0001
2025101306,4.26
2025101306,7.46
2025101306,13.8
2025101306,21.41
2025101307,28.96
2025101307,38.94
2025101307,48.02
2025101307,59.46
2025101308,66.12
2025101308,73.79
2025101308,82.94
2025101308,90.04
2025101309,96.64
2025101309,103.91
2025101309,107.61
2025101309,116.08
2025101310,75.45
2025101310,55.05
2025101310,72.62
2025101310,64.32
2025101311,35.94
2025101311,31.9
2025101311,24.8
2025101311,27.64
2025101312,29.17
2025101312,33.35
2025101312,36.4
2025101312,51.03
2025101313,34.95
2025101313,28.44
2025101313,31.0
2025101313,25.17
2025101314,16.28
2025101314,19.54
2025101314,21.41
2025101314,25.02
2025101315,18.23
2025101315,12.87
2025101315,10.28
2025101315,6.76
2025101316,4.67
2025101316,2.3
2025101316,0.28
2025101316,0.0
2025101317,-0.0001
2025101317,-0.0001
2025101317,-0.0001
2025101317,-0.0001
2025101318,-0.0001
2025101318,-0.0001
2025101318,-0.0001
2025101318,-0.0001
2025101319,-0.0001
2025101319,-0.0001
2025101319,-0.0001
2025101319,-0.0001
2025101320,-0.0001
2025101320,-0.0001
2025101320,-0.0001
2025101320,-0.0001
2025101321,-0.0001
2025101321,-0.0001
2025101321,-0.0001
2025101321,-0.0001
2025101322,-0.0001
2025101322,-0.0001
2025101322,-0.0001
2025101322,-0.0001
2025101323,-0.0001
2025101323,-0.0001
2025101323,-0.0001
2025101323,-0.0001
2025101400,0.0
2025101400,-0.0001
2025101400,-0.0001
2025101400,-0.0001
2025101401,-0.0001
2025101401,-0.0001
2025101401,-0.0001
2025101401,-0.0001
2025101402,-0.0001
2025101402,-0.0001
2025101402,-0.0001
2025101402,-0.0001
2025101403,-0.0001
2025101403,-0.0001
2025101403,-0.0001
2025101403,-0.0001
2025101404,-0.0001
2025101404,-0.0001
2025101404,-0.0001
2025101404,-0.0001
2025101405,-0.0001
2025101405,-0.0001
2025101405,-0.0001
2025101405,-0.0001
2025101406,1.25
2025101406,4.07
2025101406,4.98
2025101406,6.5
2025101407,5.03
2025101407,7.56
2025101407,16.3
2025101407,18.69
2025101408,21.86
2025101408,29.54
2025101408,26.48
2025101408,34.95
2025101409,26.68
2025101409,46.74
2025101409,57.45
2025101409,55.68
2025101410,51.17
2025101410,51.25
2025101410,62.35
2025101410,78.84
2025101411,60.27
2025101411,67.18
2025101411,68.95
2025101411,66.28
2025101412,65.15
2025101412,77.49
2025101412,76.62
2025101412,67.46
2025101413,65.22
2025101413,56.4
2025101413,53.88
2025101413,44.04
2025101414,46.76
2025101414,52.0
2025101414,45.57
2025101414,36.81
2025101415,27.99
2025101415,19.55
2025101415,12.35
2025101415,6.28
2025101416,3.56
2025101416,0.9
2025101416,0.0
2025101416,-0.0001
2025101417,-0.0001
2025101417,-0.0001
2025101417,-0.0001
2025101417,-0.0001
2025101418,-0.0001
2025101418,-0.0001
2025101418,-0.0001
2025101418,-0.0001
2025101419,-0.0001
2025101419,-0.0001
2025101419,-0.0001
2025101419,-0.0001
2025101420,-0.0001
2025101420,-0.0001
2025101420,-0.0001
2025101420,-0.0001
2025101421,-0.0001
2025101421,-0.0001
2025101421,-0.0001
2025101421,-0.0001
2025101422,-0.0001
2025101422,-0.0001
2025101422,-0.0001
2025101422,-0.0001
2025101423,-0.0001
2025101423,-0.0001
2025101423,-0.0001
2025101423,-0.0001
2025101500,0.0
2025101500,-0.0001
2025101500,-0.0001
2025101500,-0.0001
2025101501,-0.0001
2025101501,-0.0001
2025101501,-0.0001
2025101501,-0.0001
2025101502,-0.0001
2025101502,-0.0001
2025101502,-0.0001
2025101502,-0.0001
2025101503,-0.0001
2025101503,-0.0001
2025101503,-0.0001
2025101503,-0.0001
2025101504,-0.0001
2025101504,-0.0001
2025101504,-0.0001
2025101504,-0.0001
2025101505,0.06
2025101505,-0.0001
2025101505,-0.0001
2025101505,-0.0001
2025101506,1.67
2025101506,3.41
2025101506,5.21
2025101506,8.06
2025101507,10.17
2025101507,17.93
2025101507,19.52
2025101507,25.15
2025101508,25.07
2025101508,14.31
2025101508,17.87
2025101508,19.7
2025101509,21.31
2025101509,24.77
2025101509,23.52
2025101509,25.5
2025101510,23.72
2025101510,24.48
2025101510,24.17
2025101510,20.84
2025101511,21.93
2025101511,18.52
2025101511,20.06
2025101511,29.77
2025101512,35.32
2025101512,26.6
2025101512,27.5
2025101512,29.63
2025101513,35.96
2025101513,33.18
2025101513,39.58
2025101513,16.63
2025101514,17.7
2025101514,41.04
2025101514,12.04
2025101514,10.53
2025101515,9.44
2025101515,7.85
2025101515,5.77
2025101515,4.58
2025101516,0.97
2025101516,0.17
2025101516,0.0
2025101516,-0.0001
2025101517,-0.0001
2025101517,-0.0001
2025101517,-0.0001
2025101517,-0.0001
2025101518,-0.0001
2025101518,-0.0001
2025101518,-0.0001
2025101518,-0.0001
2025101519,-0.0001
2025101519,-0.0001
2025101519,-0.0001
2025101519,-0.0001
2025101520,-0.0001
2025101520,-0.0001
2025101520,-0.0001
2025101520,-0.0001
2025101521,-0.0001
2025101521,-0.0001
2025101521,-0.0001
2025101521,-0.0001
2025101522,-0.0001
2025101522,-0.0001
2025101522,-0.0001
2025101522,-0.0001
2025101523,-0.0001
2025101523,-0.0001
2025101523,-0.0001
2025101523,-0.0001
2025101600,0.0
2025101600,-0.0001
2025101600,-0.0001
2025101600,-0.0001
2025101601,-0.0001
2025101601,-0.0001
2025101601,-0.0001
2025101601,-0.0001
2025101602,-0.0001
2025101602,-0.0001
2025101602,-0.0001
2025101602,-0.0001
2025101603,-0.0001
2025101603,-0.0001
2025101603,-0.0001
2025101603,-0.0001
2025101604,-0.0001
2025101604,-0.0001
2025101604,-0.0001
2025101604,-0.0001
2025101605,0.54
2025101605,-0.0001
2025101605,-0.0001
2025101605,-0.0001
2025101606,4.13
2025101606,6.51
2025101606,7.41
2025101606,9.68
2025101607,14.0
2025101607,31.82
2025101607,18.84
2025101607,38.21
2025101608,23.6
2025101608,27.38
2025101608,49.77
2025101608,36.36
2025101609,40.97
2025101609,77.43
2025101609,45.93
2025101609,90.07
2025101610,100.34
2025101610,83.32
2025101610,50.8
2025101610,40.64
2025101611,31.01
2025101611,35.86
2025101611,48.43
2025101611,54.5
2025101612,53.16
2025101612,61.14
2025101612,56.58
2025101612,36.62
2025101613,36.45
2025101613,30.49
2025101613,26.89
2025101613,51.39
2025101614,56.7
2025101614,25.95
2025101614,22.53
2025101614,12.84
2025101615,12.81
2025101615,9.43
2025101615,7.74
2025101615,3.7
2025101616,1.32
2025101616,0.21
2025101616,0.0
2025101616,-0.0001
2025101617,-0.0001
2025101617,-0.0001
2025101617,-0.0001
2025101617,-0.0001
2025101618,-0.0001
2025101618,-0.0001
2025101618,-0.0001
2025101618,-0.0001
2025101619,-0.0001
2025101619,-0.0001
2025101619,-0.0001
2025101619,-0.0001
2025101620,-0.0001
2025101620,-0.0001
2025101620,-0.0001
2025101620,-0.0001
2025101621,-0.0001
2025101621,-0.0001
2025101621,-0.0001
2025101621,-0.0001
2025101622,-0.0001
2025101622,-0.0001
2025101622,-0.0001
2025101622,-0.0001
2025101623,-0.0001
2025101623,-0.0001
2025101623,-0.0001
2025101623,-0.0001
2025101700,0.0
2025101700,-0.0001
2025101700,-0.0001
2025101700,-0.0001
2025101701,-0.0001
2025101701,-0.0001
2025101701,-0.0001
2025101701,-0.0001
2025101702,-0.0001
2025101702,-0.0001
2025101702,-0.0001
2025101702,-0.0001
2025101703,-0.0001
2025101703,-0.0001
2025101703,-0.0001
2025101703,-0.0001
2025101704,-0.0001
2025101704,-0.0001
2025101704,-0.0001
2025101704,-0.0001
2025101705,0.3
2025101705,-0.0001
2025101705,-0.0001
2025101705,-0.0001
2025101706,2.96
2025101706,7.97
2025101706,14.53
2025101706,21.5
2025101707,28.31
2025101707,36.01
2025101707,25.43
2025101707,50.65
2025101708,52.79
2025101708,41.65
2025101708,67.33
2025101708,50.91
2025101709,59.48
2025101709,54.91
2025101709,55.82
2025101709,59.77
2025101710,60.49
2025101710,70.9
2025101710,88.31
2025101710,103.39
2025101711,114.79
2025101711,46.2
2025101711,63.38
2025101711,94.09
2025101712,71.08
2025101712,89.18
2025101712,95.77
2025101712,77.92
2025101713,45.92
2025101713,82.65
2025101713,62.22
2025101713,66.39
2025101714,57.95
2025101714,53.26
2025101714,49.41
2025101714,35.79
2025101715,29.14
2025101715,23.35
2025101715,10.18
2025101715,4.36
2025101716,1.85
2025101716,0.24
2025101716,0.0
2025101716,-0.0001
2025101717,-0.0001
2025101717,-0.0001
2025101717,-0.0001
2025101717,-0.0001
2025101718,-0.0001
2025101718,-0.0001
2025101718,-0.0001
2025101718,-0.0001
2025101719,-0.0001
2025101719,-0.0001
2025101719,-0.0001
2025101719,-0.0001
2025101720,-0.0001
2025101720,-0.0001
2025101720,-0.0001
2025101720,-0.0001
2025101721,-0.0001
2025101721,-0.0001
2025101721,-0.0001
2025101721,-0.0001
2025101722,-0.0001
2025101722,-0.0001
2025101722,-0.0001
2025101722,-0.0001
2025101723,-0.0001
2025101723,-0.0001
2025101723,-0.0001
2025101723,-0.0001
2025101800,0.0
2025101800,-0.0001
2025101800,-0.0001
2025101800,-0.0001
2025101801,-0.0001
2025101801,-0.0001
2025101801,-0.0001
2025101801,-0.0001
2025101802,-0.0001
2025101802,-0.0001
2025101802,-0.0001
2025101802,-0.0001
2025101803,-0.0001
2025101803,-0.0001
2025101803,-0.0001
2025101803,-0.0001
2025101804,-0.0001
2025101804,-0.0001
2025101804,-0.0001
2025101804,-0.0001
2025101805,0.2
2025101805,-0.0001
2025101805,-0.0001
2025101805,-0.0001
2025101806,2.44
2025101806,5.95
2025101806,11.51
2025101806,18.56
2025101807,26.4
2025101807,35.36
2025101807,39.31
2025101807,52.73
2025101808,62.85
2025101808,71.43
2025101808,68.1
2025101808,78.19
2025101809,90.23
2025101809,103.27
2025101809,108.14
2025101809,111.68
2025101810,114.69
2025101810,117.46
2025101810,118.73
2025101810,119.17
2025101811,119.15
2025101811,118.52
2025101811,117.07
2025101811,115.04
2025101812,112.21
2025101812,108.29
2025101812,103.42
2025101812,97.89
2025101813,91.69
2025101813,84.85
2025101813,77.59
2025101813,69.34
2025101814,60.79
2025101814,51.84
2025101814,42.68
2025101814,33.42
2025101815,24.35
2025101815,16.18
2025101815,6.96
2025101815,4.12
2025101816,1.33
2025101816,0.03
2025101816,0.0
2025101816,-0.0001
2025101817,-0.0001
2025101817,-0.0001
2025101817,-0.0001
2025101817,-0.0001
2025101818,-0.0001
2025101818,-0.0001
2025101818,-0.0001
2025101818,-0.0001
2025101819,-0.0001
2025101819,-0.0001
2025101819,-0.0001
2025101819,-0.0001
2025101820,-0.0001
2025101820,-0.0001
2025101820,-0.0001
2025101820,-0.0001
2025101821,-0.0001
2025101821,-0.0001
2025101821,-0.0001
2025101821,-0.0001
2025101822,-0.0001
2025101822,-0.0001
2025101822,-0.0001
2025101822,-0.0001
2025101823,-0.0001
2025101823,-0.0001
2025101823,-0.0001
2025101823,-0.0001
2025101900,0.0
2025101900,-0.0001
2025101900,-0.0001
2025101900,-0.0001
2025101901,-0.0001
2025101901,-0.0001
2025101901,-0.0001
2025101901,-0.0001
2025101902,-0.0001
2025101902,-0.0001
2025101902,-0.0001
2025101902,-0.0001
2025101903,-0.0001
2025101903,-0.0001
2025101903,-0.0001
2025101903,-0.0001
2025101904,-0.0001
2025101904,-0.0001
2025101904,-0.0001
2025101904,-0.0001
2025101905,0.06
2025101905,-0.0001
2025101905,-0.0001
2025101905,-0.0001
2025101906,1.17
2025101906,4.06
2025101906,7.01
2025101906,11.96
2025101907,21.88
2025101907,20.23
2025101907,28.93
2025101907,48.34
2025101908,48.02
2025101908,64.64
2025101908,76.38
2025101908,83.23
2025101909,84.35
2025101909,93.82
2025101909,101.44
2025101909,107.75
2025101910,111.68
2025101910,114.76
2025101910,116.85
2025101910,118.39
2025101911,118.53
2025101911,118.32
2025101911,116.68
2025101911,113.49
2025101912,111.54
2025101912,107.42
2025101912,102.33
2025101912,97.29
2025101913,91.27
2025101913,84.07
2025101913,75.82
2025101913,68.1
2025101914,59.43
2025101914,50.31
2025101914,41.16
2025101914,32.03
2025101915,22.54
2025101915,14.25
2025101915,8.76
2025101915,4.61
2025101916,1.12
2025101916,0.0
2025101916,-0.0001
2025101916,-0.0001
2025101917,-0.0001
2025101917,-0.0001
2025101917,-0.0001
2025101917,-0.0001
2025101918,-0.0001
2025101918,-0.0001
2025101918,-0.0001
2025101918,-0.0001
2025101919,-0.0001
2025101919,-0.0001
2025101919,-0.0001
2025101919,-0.0001
2025101920,-0.0001
2025101920,-0.0001
2025101920,-0.0001
2025101920,-0.0001
2025101921,-0.0001
2025101921,-0.0001
2025101921,-0.0001
2025101921,-0.0001
2025101922,-0.0001
2025101922,-0.0001
2025101922,-0.0001
2025101922,-0.0001
2025101923,-0.0001
2025101923,-0.0001
2025101923,-0.0001
2025101923,-0.0001
2025102000,0.0
2025102000,-0.0001
2025102000,-0.0001
2025102000,-0.0001
2025102001,-0.0001
2025102001,-0.0001
2025102001,-0.0001
2025102001,-0.0001
2025102002,-0.0001
2025102002,-0.0001
2025102002,-0.0001
2025102002,-0.0001
2025102003,-0.0001
2025102003,-0.0001
2025102003,-0.0001
2025102003,-0.0001
2025102004,-0.0001
2025102004,-0.0001
2025102004,-0.0001
2025102004,-0.0001
2025102005,0.04
2025102005,-0.0001
2025102005,-0.0001
2025102005,-0.0001
2025102006,1.2
2025102006,3.68
2025102006,7.57
2025102006,10.59
2025102007,11.64
2025102007,11.86
2025102007,15.94
2025102007,21.86
2025102008,24.15
2025102008,27.02
2025102008,35.41
2025102008,20.31
2025102009,13.48
2025102009,12.43
2025102009,11.3
2025102009,17.52
2025102010,15.04
2025102010,19.34
2025102010,30.71
2025102010,36.24
2025102011,48.19
2025102011,58.98
2025102011,56.62
2025102011,68.92
2025102012,56.74
2025102012,46.93
2025102012,37.73
2025102012,35.34
2025102013,36.3
2025102013,19.07
2025102013,15.74
2025102013,8.94
2025102014,7.2
2025102014,7.61
2025102014,8.13
2025102014,9.54
2025102015,4.56
2025102015,2.52
2025102015,1.45
2025102015,0.11
2025102016,0.0
2025102016,-0.0001
2025102016,-0.0001
2025102016,-0.0001
2025102017,-0.0001
2025102017,-0.0001
2025102017,-0.0001
2025102017,-0.0001
2025102018,-0.0001
2025102018,-0.0001
2025102018,-0.0001
2025102018,-0.0001
2025102019,-0.0001
2025102019,-0.0001
2025102019,-0.0001
2025102019,-0.0001
2025102020,-0.0001
2025102020,-0.0001
2025102020,-0.0001
2025102020,-0.0001
2025102021,-0.0001
2025102021,-0.0001
2025102021,-0.0001
2025102021,-0.0001
2025102022,-0.0001
2025102022,-0.0001
2025102022,-0.0001
2025102022,-0.0001
2025102023,-0.0001
2025102023,-0.0001
2025102023,-0.0001
2025102023,-0.0001
2025102100,0.0
2025102100,-0.0001
2025102100,-0.0001
2025102100,-0.0001
2025102101,-0.0001
2025102101,-0.0001
2025102101,-0.0001
2025102101,-0.0001
2025102102,-0.0001
2025102102,-0.0001
2025102102,-0.0001
2025102102,-0.0001
2025102103,-0.0001
2025102103,-0.0001
2025102103,-0.0001
2025102103,-0.0001
2025102104,-0.0001
2025102104,-0.0001
2025102104,-0.0001
2025102104,-0.0001
2025102105,-0.0001
2025102105,-0.0001
2025102105,-0.0001
2025102105,-0.0001
2025102106,0.95
2025102106,2.72
2025102106,-0.0001
2025102106,-0.0001
2025102107,2.59
2025102107,4.47
2025102107,3.25
2025102107,4.07
2025102108,6.35
2025102108,9.94
2025102108,6.84
2025102108,6.99
2025102109,7.78
2025102109,8.14
2025102109,10.93
2025102109,19.6
2025102110,18.52
2025102110,13.25
2025102110,15.15
2025102110,22.49
2025102111,13.76
2025102111,17.94
2025102111,16.97
2025102111,11.32
2025102112,11.83
2025102112,7.06
2025102112,10.38
2025102112,11.28
2025102113,12.86
2025102113,8.72
2025102113,10.37
2025102113,6.87
2025102114,2.18
2025102114,1.34
2025102114,2.83
2025102114,4.32
2025102115,7.85
2025102115,11.19
2025102115,7.28
2025102115,2.74
2025102116,0.2
2025102116,0.0
2025102116,-0.0001
2025102116,-0.0001
2025102117,-0.0001
2025102117,-0.0001
2025102117,-0.0001
2025102117,-0.0001
2025102118,-0.0001
2025102118,-0.0001
2025102118,-0.0001
2025102118,-0.0001
2025102119,-0.0001
2025102119,-0.0001
2025102119,-0.0001
2025102119,-0.0001
2025102120,-0.0001
2025102120,-0.0001
2025102120,-0.0001
2025102120,-0.0001
2025102121,-0.0001
2025102121,-0.0001
2025102121,-0.0001
2025102121,-0.0001
2025102122,-0.0001
2025102122,-0.0001
2025102122,-0.0001
2025102122,-0.0001
2025102123,-0.0001
2025102123,-0.0001
2025102123,-0.0001
2025102123,-0.0001
2025102200,0.0
2025102200,-0.0001
2025102200,-0.0001
2025102200,-0.0001
2025102201,-0.0001
2025102201,-0.0001
2025102201,-0.0001
2025102201,-0.0001
2025102202,-0.0001
2025102202,-0.0001
2025102202,-0.0001
2025102202,-0.0001
2025102203,-0.0001
2025102203,-0.0001
2025102203,-0.0001
2025102203,-0.0001
2025102204,-0.0001
2025102204,-0.0001
2025102204,-0.0001
2025102204,-0.0001
2025102205,-0.0001
2025102205,-0.0001
2025102205,-0.0001
2025102205,-0.0001
2025102206,0.01
2025102206,0.11
2025102206,0.69
2025102206,2.07
2025102207,3.59
2025102207,3.7
2025102207,5.73
2025102207,15.93
2025102208,23.81
2025102208,26.96
2025102208,18.42
2025102208,11.83
2025102209,13.92
2025102209,30.41
2025102209,31.83
2025102209,31.19
2025102210,27.35
2025102210,20.58
2025102210,22.02
2025102210,33.34
2025102211,38.4
2025102211,80.08
2025102211,100.83
2025102211,38.84
2025102212,20.89
2025102212,32.22
2025102212,39.7
2025102212,41.11
2025102213,41.95
2025102213,56.13
2025102213,37.37
2025102213,35.1
2025102214,34.8
2025102214,52.77
2025102214,33.06
2025102214,25.56
2025102215,8.26
2025102215,9.86
2025102215,5.25
2025102215,2.7
2025102216,0.51
2025102216,0.0
2025102216,-0.0001
2025102216,-0.0001
2025102217,-0.0001
2025102217,-0.0001
2025102217,-0.0001
2025102217,-0.0001
2025102218,-0.0001
2025102218,-0.0001
2025102218,-0.0001
2025102218,-0.0001
2025102219,-0.0001
2025102219,-0.0001
2025102219,-0.0001
2025102219,-0.0001
2025102220,-0.0001
2025102220,-0.0001
2025102220,-0.0001
2025102220,-0.0001
2025102221,-0.0001
2025102221,-0.0001
2025102221,-0.0001
2025102221,-0.0001
2025102222,-0.0001
2025102222,-0.0001
2025102222,-0.0001
2025102222,-0.0001
2025102223,-0.0001
2025102223,-0.0001
2025102223,-0.0001
2025102223,-0.0001
2025102300,0.0
2025102300,-0.0001
2025102300,-0.0001
2025102300,-0.0001
2025102301,-0.0001
2025102301,-0.0001
2025102301,-0.0001
2025102301,-0.0001
2025102302,-0.0001
2025102302,-0.0001
2025102302,-0.0001
2025102302,-0.0001
2025102303,-0.0001
2025102303,-0.0001
2025102303,-0.0001
2025102303,-0.0001
2025102304,-0.0001
2025102304,-0.0001
2025102304,-0.0001
2025102304,-0.0001
2025102305,-0.0001
2025102305,-0.0001
2025102305,-0.0001
2025102305,-0.0001
2025102306,0.01
2025102306,2.45
2025102306,2.97
2025102306,1.87
2025102307,3.5
2025102307,4.83
2025102307,5.51
2025102307,5.34
2025102308,5.46
2025102308,4.51
2025102308,4.9
2025102308,5.74
2025102309,7.11
2025102309,9.85
2025102309,12.42
2025102309,8.19
2025102310,7.99
2025102310,5.39
2025102310,4.87
2025102310,7.02
2025102311,5.56
2025102311,5.93
2025102311,6.27
2025102311,6.07
2025102312,5.72
2025102312,6.62
2025102312,6.79
2025102312,9.91
2025102313,8.25
2025102313,5.14
2025102313,2.46
2025102313,6.57
2025102314,2.9
2025102314,2.05
2025102314,2.66
2025102314,1.79
2025102315,1.23
2025102315,1.27
2025102315,0.56
2025102315,0.08
2025102316,0.0
2025102316,-0.0001
2025102316,-0.0001
2025102316,-0.0001
2025102317,-0.0001
2025102317,-0.0001
2025102317,-0.0001
2025102317,-0.0001
2025102318,-0.0001
2025102318,-0.0001
2025102318,-0.0001
2025102318,-0.0001
2025102319,-0.0001
2025102319,-0.0001
2025102319,-0.0001
2025102319,-0.0001
2025102320,-0.0001
2025102320,-0.0001
2025102320,-0.0001
2025102320,-0.0001
2025102321,-0.0001
2025102321,-0.0001
2025102321,-0.0001
2025102321,-0.0001
2025102322,-0.0001
2025102322,-0.0001
2025102322,-0.0001
2025102322,-0.0001
2025102323,-0.0001
2025102323,-0.0001
2025102323,-0.0001
2025102323,-0.0001
2025102400,0.0
2025102400,-0.0001
2025102400,-0.0001
2025102400,-0.0001
2025102401,-0.0001
2025102401,-0.0001
2025102401,-0.0001
2025102401,-0.0001
2025102402,-0.0001
2025102402,-0.0001
2025102402,-0.0001
2025102402,-0.0001
2025102403,-0.0001
2025102403,-0.0001
2025102403,-0.0001
2025102403,-0.0001
2025102404,-0.0001
2025102404,-0.0001
2025102404,-0.0001
2025102404,-0.0001
2025102405,-0.0001
2025102405,-0.0001
2025102405,-0.0001
2025102405,-0.0001
2025102406,0.21
2025102406,1.17
2025102406,3.41
2025102406,-0.0001
2025102407,7.53
2025102407,9.29
2025102407,15.29
2025102407,26.28
2025102408,41.07
2025102408,51.41
2025102408,62.02
2025102408,66.88
2025102409,47.94
2025102409,31.8
2025102409,44.91
2025102409,36.38
2025102410,29.87
2025102410,36.52
2025102410,26.56
2025102410,21.42
2025102411,34.24
2025102411,53.15
2025102411,59.17
2025102411,96.36
2025102412,91.61
2025102412,21.04
2025102412,40.34
2025102412,26.25
2025102413,30.66
2025102413,32.75
2025102413,6.56
2025102413,36.24
2025102414,15.06
2025102414,17.66
2025102414,11.43
2025102414,2.92
2025102415,4.03
2025102415,7.94
2025102415,0.99
2025102415,0.13
2025102416,0.0
2025102416,-0.0001
2025102416,-0.0001
2025102416,-0.0001
2025102417,-0.0001
2025102417,-0.0001
2025102417,-0.0001
2025102417,-0.0001
2025102418,-0.0001
2025102418,-0.0001
2025102418,-0.0001
2025102418,-0.0001
2025102419,-0.0001
2025102419,-0.0001
2025102419,-0.0001
2025102419,-0.0001
2025102420,-0.0001
2025102420,-0.0001
2025102420,-0.0001
2025102420,-0.0001
2025102421,-0.0001
2025102421,-0.0001
2025102421,-0.0001
2025102421,-0.0001
2025102422,-0.0001
2025102422,-0.0001
2025102422,-0.0001
2025102422,-0.0001
2025102423,-0.0001
2025102423,-0.0001
2025102423,-0.0001
2025102423,-0.0001
2025102500,0.0
2025102500,-0.0001
2025102500,-0.0001
2025102500,-0.0001
2025102501,-0.0001
2025102501,-0.0001
2025102501,-0.0001
2025102501,-0.0001
2025102502,-0.0001
2025102502,-0.0001
2025102502,-0.0001
2025102502,-0.0001
2025102503,-0.0001
2025102503,-0.0001
2025102503,-0.0001
2025102503,-0.0001
2025102504,-0.0001
2025102504,-0.0001
2025102504,-0.0001
2025102504,-0.0001
2025102505,-0.0001
2025102505,-0.0001
2025102505,-0.0001
2025102505,-0.0001
2025102506,0.41
2025102506,1.17
2025102506,1.24
2025102506,-0.0001
2025102507,1.6
2025102507,3.6
2025102507,9.36
2025102507,8.56
2025102508,4.19
2025102508,1.64
2025102508,8.12
2025102508,13.7
2025102509,11.45
2025102509,6.52
2025102509,14.14
2025102509,16.42
2025102510,10.32
2025102510,23.01
2025102510,27.81
2025102510,49.44
2025102511,34.44
2025102511,26.5
2025102511,37.61
2025102511,43.17
2025102512,34.07
2025102512,27.31
2025102512,19.59
2025102512,17.83
2025102513,21.04
2025102513,15.38
2025102513,23.93
2025102513,17.88
2025102514,7.83
2025102514,5.48
2025102514,5.3
2025102514,5.76
2025102515,4.13
2025102515,3.14
2025102515,0.1
2025102515,0.0
2025102516,-0.0001
2025102516,-0.0001
2025102516,-0.0001
2025102516,-0.0001
2025102517,-0.0001
2025102517,-0.0001
2025102517,-0.0001
2025102517,-0.0001
2025102518,-0.0001
2025102518,-0.0001
2025102518,-0.0001
2025102518,-0.0001
2025102519,-0.0001
2025102519,-0.0001
2025102519,-0.0001
2025102519,-0.0001
2025102520,-0.0001
2025102520,-0.0001
2025102520,-0.0001
2025102520,-0.0001
2025102521,-0.0001
2025102521,-0.0001
2025102521,-0.0001
2025102521,-0.0001
2025102522,-0.0001
2025102522,-0.0001
2025102522,-0.0001
2025102522,-0.0001
2025102523,-0.0001
2025102523,-0.0001
2025102523,-0.0001
2025102523,-0.0001
2025102600,-0.0001
2025102600,-0.0001
2025102600,-0.0001
2025102600,-0.0001
2025102601,0.0
2025102601,-0.0001
2025102601,-0.0001
2025102601,-0.0001
2025102602,-0.0001
2025102602,-0.0001
2025102602,-0.0001
2025102602,-0.0001
2025102603,-0.0001
2025102603,-0.0001
2025102603,-0.0001
2025102603,-0.0001
2025102604,-0.0001
2025102604,-0.0001
2025102604,-0.0001
2025102604,-0.0001
2025102605,-0.0001
2025102605,-0.0001
2025102605,-0.0001
2025102605,-0.0001
2025102606,-0.0001
2025102606,-0.0001
2025102606,-0.0001
2025102606,-0.0001
2025102607,-0.0001
2025102607,-0.0001
2025102607,-0.0001
2025102607,-0.0001
2025102608,-0.0001
2025102608,-0.0001
2025102608,-0.0001
2025102608,-0.0001
2025102609,-0.0001
2025102609,-0.0001
2025102609,-0.0001
2025102609,-0.0001
2025102610,-0.0001
2025102610,-0.0001
2025102610,-0.0001
2025102610,-0.0001
2025102611,-0.0001
2025102611,-0.0001
2025102611,-0.0001
2025102611,-0.0001
2025102612,-0.0001
2025102612,-0.0001
2025102612,-0.0001
2025102612,-0.0001
2025102613,-0.0001
2025102613,-0.0001
2025102613,-0.0001
2025102613,-0.0001
2025102614,-0.0001
2025102614,-0.0001
2025102614,-0.0001
2025102614,-0.0001
2025102615,-0.0001
2025102615,-0.0001
2025102615,-0.0001
2025102615,-0.0001
2025102616,-0.0001
2025102616,-0.0001
2025102616,-0.0001
2025102616,-0.0001
2025102617,-0.0001
2025102617,-0.0001
2025102617,-0.0001
2025102617,-0.0001
2025102618,-0.0001
2025102618,-0.0001
2025102618,-0.0001
2025102618,-0.0001
2025102619,-0.0001
2025102619,-0.0001
2025102619,-0.0001
2025102619,-0.0001
2025102620,-0.0001
2025102620,-0.0001
2025102620,-0.0001
2025102620,-0.0001
2025102621,-0.0001
2025102621,-0.0001
2025102621,-0.0001
2025102621,-0.0001
2025102622,-0.0001
2025102622,-0.0001
2025102622,-0.0001
2025102622,-0.0001
2025102623,-0.0001
2025102623,-0.0001
2025102623,-0.0001
2025102623,-0.0001
2025102700,0.0
2025102700,-0.0001
2025102700,-0.0001
2025102700,-0.0001
2025102701,-0.0001
2025102701,-0.0001
2025102701,-0.0001
2025102701,-0.0001
2025102702,-0.0001
2025102702,-0.0001
2025102702,-0.0001
2025102702,-0.0001
2025102703,-0.0001
2025102703,-0.0001
2025102703,-0.0001
2025102703,-0.0001
2025102704,-0.0001
2025102704,-0.0001
2025102704,-0.0001
2025102704,-0.0001
2025102705,-0.0001
2025102705,-0.0001
2025102705,-0.0001
2025102705,-0.0001
2025102706,0.02
2025102706,2.04
2025102706,6.38
2025102706,11.07
2025102707,18.85
2025102707,34.69
2025102707,29.91
2025102707,33.61
2025102708,53.04
2025102708,59.25
2025102708,74.32
2025102708,77.91
2025102709,86.65
2025102709,107.35
2025102709,90.28
2025102709,90.29
2025102710,67.37
2025102710,70.38
2025102710,49.18
2025102710,59.89
2025102711,93.24
2025102711,102.53
2025102711,95.21
2025102711,95.37
2025102712,98.86
2025102712,64.35
2025102712,75.89
2025102712,72.51
2025102713,78.23
2025102713,64.7
2025102713,59.41
2025102713,53.43
2025102714,46.28
2025102714,36.79
2025102714,28.98
2025102714,22.23
2025102715,14.16
2025102715,6.78
2025102715,2.59
2025102715,0.97
2025102716,0.02
2025102716,0.0
2025102716,-0.0001
2025102716,-0.0001
2025102717,-0.0001
2025102717,-0.0001
2025102717,-0.0001
2025102717,-0.0001
2025102718,-0.0001
2025102718,-0.0001
2025102718,-0.0001
2025102718,-0.0001
2025102719,-0.0001
2025102719,-0.0001
2025102719,-0.0001
2025102719,-0.0001
2025102720,-0.0001
2025102720,-0.0001
2025102720,-0.0001
2025102720,-0.0001
2025102721,-0.0001
2025102721,-0.0001
2025102721,-0.0001
2025102721,-0.0001
2025102722,-0.0001
2025102722,-0.0001
2025102722,-0.0001
2025102722,-0.0001
2025102723,-0.0001
2025102723,-0.0001
2025102723,-0.0001
2025102723,-0.0001
2025102800,0.0
2025102800,-0.0001
2025102800,-0.0001
2025102800,-0.0001
2025102801,-0.0001
2025102801,-0.0001
2025102801,-0.0001
2025102801,-0.0001
2025102802,-0.0001
2025102802,-0.0001
2025102802,-0.0001
2025102802,-0.0001
2025102803,-0.0001
2025102803,-0.0001
2025102803,-0.0001
2025102803,-0.0001
2025102804,-0.0001
2025102804,-0.0001
2025102804,-0.0001
2025102804,-0.0001
2025102805,-0.0001
2025102805,-0.0001
2025102805,-0.0001
2025102805,-0.0001
2025102806,0.29
2025102806,4.15
2025102806,4.01
2025102806,3.58
2025102807,6.59
2025102807,6.62
2025102807,8.84
2025102807,15.98
2025102808,20.18
2025102808,14.86
2025102808,17.19
2025102808,24.95
2025102809,14.33
2025102809,13.23
2025102809,13.35
2025102809,14.97
2025102810,18.02
2025102810,31.7
2025102810,31.55
2025102810,36.5
2025102811,32.75
2025102811,26.18
2025102811,12.77
2025102811,12.79
2025102812,26.08
2025102812,23.82
2025102812,32.33
2025102812,27.87
2025102813,29.56
2025102813,24.97
2025102813,20.18
2025102813,21.32
2025102814,20.22
2025102814,6.57
2025102814,4.97
2025102814,4.17
2025102815,2.47
2025102815,1.66
2025102815,0.91
2025102815,0.2
2025102816,0.0
2025102816,-0.0001
2025102816,-0.0001
2025102816,-0.0001
2025102817,-0.0001
2025102817,-0.0001
2025102817,-0.0001
2025102817,-0.0001
2025102818,-0.0001
2025102818,-0.0001
2025102818,-0.0001
2025102818,-0.0001
2025102819,-0.0001
2025102819,-0.0001
2025102819,-0.0001
2025102819,-0.0001
2025102820,-0.0001
2025102820,-0.0001
2025102820,-0.0001
2025102820,-0.0001
2025102821,-0.0001
2025102821,-0.0001
2025102821,-0.0001
2025102821,-0.0001
2025102822,-0.0001
2025102822,-0.0001
2025102822,-0.0001
2025102822,-0.0001
2025102823,-0.0001
2025102823,-0.0001
2025102823,-0.0001
2025102823,-0.0001
2025102900,0.0
2025102900,-0.0001
2025102900,-0.0001
2025102900,-0.0001
2025102901,-0.0001
2025102901,-0.0001
2025102901,-0.0001
2025102901,-0.0001
2025102902,-0.0001
2025102902,-0.0001
2025102902,-0.0001
2025102902,-0.0001
2025102903,-0.0001
2025102903,-0.0001
2025102903,-0.0001
2025102903,-0.0001
2025102904,-0.0001
2025102904,-0.0001
2025102904,-0.0001
2025102904,-0.0001
2025102905,-0.0001
2025102905,-0.0001
2025102905,-0.0001
2025102905,-0.0001
2025102906,0.18
2025102906,1.38
2025102906,3.02
2025102906,6.27
2025102907,12.27
2025102907,18.11
2025102907,15.38
2025102907,15.64
2025102908,18.71
2025102908,22.95
2025102908,41.92
2025102908,58.34
2025102909,54.12
2025102909,53.34
2025102909,40.12
2025102909,31.59
2025102910,17.78
2025102910,11.7
2025102910,27.3
2025102910,25.31
2025102911,23.99
2025102911,22.27
2025102911,23.6
2025102911,17.48
2025102912,16.27
2025102912,23.4
2025102912,26.4
2025102912,18.97
2025102913,7.62
2025102913,8.05
2025102913,5.72
2025102913,6.38
2025102914,5.82
2025102914,5.17
2025102914,2.89
2025102914,1.12
2025102915,0.47
2025102915,0.14
2025102915,0.19
2025102915,0.0
2025102916,-0.0001
2025102916,-0.0001
2025102916,-0.0001
2025102916,-0.0001
2025102917,-0.0001
2025102917,-0.0001
2025102917,-0.0001
2025102917,-0.0001
2025102918,-0.0001
2025102918,-0.0001
2025102918,-0.0001
2025102918,-0.0001
2025102919,-0.0001
2025102919,-0.0001
2025102919,-0.0001
2025102919,-0.0001
2025102920,-0.0001
2025102920,-0.0001
2025102920,-0.0001
2025102920,-0.0001
2025102921,-0.0001
2025102921,-0.0001
2025102921,-0.0001
2025102921,-0.0001
2025102922,-0.0001
2025102922,-0.0001
2025102922,-0.0001
2025102922,-0.0001
2025102923,-0.0001
2025102923,-0.0001
2025102923,-0.0001
2025102923,-0.0001
2025103000,0.0
2025103000,-0.0001
2025103000,-0.0001
2025103000,-0.0001
2025103001,-0.0001
2025103001,-0.0001
2025103001,-0.0001
2025103001,-0.0001
2025103002,-0.0001
2025103002,-0.0001
2025103002,-0.0001
2025103002,-0.0001
2025103003,-0.0001
2025103003,-0.0001
2025103003,-0.0001
2025103003,-0.0001
2025103004,-0.0001
2025103004,-0.0001
2025103004,-0.0001
2025103004,-0.0001
2025103005,-0.0001
2025103005,-0.0001
2025103005,-0.0001
2025103005,-0.0001
2025103006,0.01
2025103006,0.6
2025103006,-0.0001
2025103006,-0.0001
2025103007,4.18
2025103007,4.89
2025103007,5.73
2025103007,6.68
2025103008,11.14
2025103008,16.66
2025103008,20.78
2025103008,26.54
2025103009,47.91
2025103009,68.47
2025103009,60.05
2025103009,39.87
2025103010,63.96
2025103010,84.0
2025103010,83.3
2025103010,81.24
2025103011,79.53
2025103011,41.6
2025103011,39.33
2025103011,64.39
2025103012,64.43
2025103012,73.94
2025103012,61.52
2025103012,67.06
2025103013,59.76
2025103013,39.58
2025103013,23.38
2025103013,8.06
2025103014,16.92
2025103014,27.9
2025103014,18.66
2025103014,10.8
2025103015,5.4
2025103015,3.83
2025103015,1.36
2025103015,0.0
2025103016,-0.0001
2025103016,-0.0001
2025103016,-0.0001
2025103016,-0.0001
2025103017,-0.0001
2025103017,-0.0001
2025103017,-0.0001
2025103017,-0.0001
2025103018,-0.0001
2025103018,-0.0001
2025103018,-0.0001
2025103018,-0.0001
2025103019,-0.0001
2025103019,-0.0001
2025103019,-0.0001
2025103019,-0.0001
2025103020,-0.0001
2025103020,-0.0001
2025103020,-0.0001
2025103020,-0.0001
2025103021,-0.0001
2025103021,-0.0001
2025103021,-0.0001
2025103021,-0.0001
2025103022,-0.0001
2025103022,-0.0001
2025103022,-0.0001
2025103022,-0.0001
2025103023,-0.0001
2025103023,-0.0001
2025103023,-0.0001
2025103023,-0.0001
2025103100,0.0
2025103100,-0.0001
2025103100,-0.0001
2025103100,-0.0001
2025103101,-0.0001
2025103101,-0.0001
2025103101,-0.0001
2025103101,-0.0001
2025103102,-0.0001
2025103102,-0.0001
2025103102,-0.0001
2025103102,-0.0001
2025103103,-0.0001
2025103103,-0.0001
2025103103,-0.0001
2025103103,-0.0001
2025103104,-0.0001
2025103104,-0.0001
2025103104,-0.0001
2025103104,-0.0001
2025103105,-0.0001
2025103105,-0.0001
2025103105,-0.0001
2025103105,-0.0001
2025103106,1.78
2025103106,4.17
2025103106,-0.0001
2025103106,-0.0001
2025103107,6.63
2025103107,10.23
2025103107,14.94
2025103107,18.57
2025103108,25.8
2025103108,36.12
2025103108,21.06
2025103108,42.13
2025103109,39.97
2025103109,59.21
2025103109,61.44
2025103109,66.11
2025103110,71.88
2025103110,53.93
2025103110,93.11
2025103110,85.25
2025103111,76.7
2025103111,65.85
2025103111,80.84
2025103111,82.46
2025103112,64.02
2025103112,53.52
2025103112,48.76
2025103112,33.0
2025103113,47.76
2025103113,40.31
2025103113,29.03
2025103113,26.89
2025103114,21.47
2025103114,17.54
2025103114,13.2
2025103114,9.85
2025103115,7.99
2025103115,5.53
2025103115,1.88
2025103115,0.0
2025103116,-0.0001
2025103116,-0.0001
2025103116,-0.0001
2025103116,-0.0001
2025103117,-0.0001
2025103117,-0.0001
2025103117,-0.0001
2025103117,-0.0001
2025103118,-0.0001
2025103118,-0.0001
2025103118,-0.0001
2025103118,-0.0001
2025103119,-0.0001
2025103119,-0.0001
2025103119,-0.0001
2025103119,-0.0001
2025103120,-0.0001
2025103120,-0.0001
2025103120,-0.0001
2025103120,-0.0001
2025103121,-0.0001
2025103121,-0.0001
2025103121,-0.0001
2025103121,-0.0001
2025103122,-0.0001
2025103122,-0.0001
2025103122,-0.0001
2025103122,-0.0001
2025103123,-0.0001
2025103123,-0.0001
2025103123,-0.0001
2025103123,-0.0001
2025110100,0.0
2025110100,-0.0001
2025110100,-0.0001
2025110100,-0.0001
2025110101,-0.0001
2025110101,-0.0001
2025110101,-0.0001
2025110101,-0.0001
2025110102,-0.0001
2025110102,-0.0001
2025110102,-0.0001
2025110102,-0.0001
2025110103,-0.0001
2025110103,-0.0001
2025110103,-0.0001
2025110103,-0.0001
2025110104,-0.0001
2025110104,-0.0001
2025110104,-0.0001
2025110104,-0.0001
2025110105,-0.0001
2025110105,-0.0001
2025110105,-0.0001
2025110105,-0.0001
2025110106,0.04
2025110106,0.46
2025110106,3.74
2025110106,-0.0001
2025110107,5.34
2025110107,7.17
2025110107,9.33
2025110107,11.74
2025110108,16.05
2025110108,23.83
2025110108,25.36
2025110108,27.74
2025110109,27.23
2025110109,28.81
2025110109,31.21
2025110109,31.02
2025110110,32.73
2025110110,28.15
2025110110,26.35
2025110110,20.01
2025110111,15.86
2025110111,11.79
2025110111,15.92
2025110111,13.07
2025110112,10.12
2025110112,12.4
2025110112,10.99
2025110112,9.01
2025110113,8.62
2025110113,12.5
2025110113,13.26
2025110113,6.99
2025110114,4.73
2025110114,3.9
2025110114,3.83
2025110114,3.13
2025110115,0.7
2025110115,0.0
2025110115,-0.0001
2025110115,-0.0001
2025110116,-0.0001
2025110116,-0.0001
2025110116,-0.0001
2025110116,-0.0001
2025110117,-0.0001
2025110117,-0.0001
2025110117,-0.0001
2025110117,-0.0001
2025110118,-0.0001
2025110118,-0.0001
2025110118,-0.0001
2025110118,-0.0001
2025110119,-0.0001
2025110119,-0.0001
2025110119,-0.0001
2025110119,-0.0001
2025110120,-0.0001
2025110120,-0.0001
2025110120,-0.0001
2025110120,-0.0001
2025110121,-0.0001
2025110121,-0.0001
2025110121,-0.0001
2025110121,-0.0001
2025110122,-0.0001
2025110122,-0.0001
2025110122,-0.0001
2025110122,-0.0001
2025110123,-0.0001
2025110123,-0.0001
2025110123,-0.0001
2025110123,-0.0001
2025110200,0.0
2025110200,-0.0001
2025110200,-0.0001
2025110200,-0.0001
2025110201,-0.0001
2025110201,-0.0001
2025110201,-0.0001
2025110201,-0.0001
2025110202,-0.0001
2025110202,-0.0001
2025110202,-0.0001
2025110202,-0.0001
2025110203,-0.0001
2025110203,-0.0001
2025110203,-0.0001
2025110203,-0.0001
2025110204,-0.0001
2025110204,-0.0001
2025110204,-0.0001
2025110204,-0.0001
2025110205,-0.0001
2025110205,-0.0001
2025110205,-0.0001
2025110205,-0.0001
2025110206,0.02
2025110206,-0.0001
2025110206,-0.0001
2025110206,-0.0001
2025110207,2.01
2025110207,4.57
2025110207,4.56
2025110207,3.02
2025110208,16.25
2025110208,10.29
2025110208,16.72
2025110208,22.49
2025110209,28.2
2025110209,58.91
2025110209,64.03
2025110209,55.28
2025110210,71.86
2025110210,77.45
2025110210,65.11
2025110210,38.36
2025110211,12.2
2025110211,37.51
2025110211,70.42
2025110211,50.09
2025110212,66.78
2025110212,68.04
2025110212,38.87
2025110212,33.84
2025110213,48.68
2025110213,41.27
2025110213,34.74
2025110213,16.92
2025110214,13.09
2025110214,14.3
2025110214,13.72
2025110214,14.18
2025110215,7.57
2025110215,4.69
2025110215,1.01
2025110215,0.01
2025110216,0.0
2025110216,-0.0001
2025110216,-0.0001
2025110216,-0.0001
2025110217,-0.0001
2025110217,-0.0001
2025110217,-0.0001
2025110217,-0.0001
2025110218,-0.0001
2025110218,-0.0001
2025110218,-0.0001
2025110218,-0.0001
2025110219,-0.0001
2025110219,-0.0001
2025110219,-0.0001
2025110219,-0.0001
2025110220,-0.0001
2025110220,-0.0001
2025110220,-0.0001
2025110220,-0.0001
2025110221,-0.0001
2025110221,-0.0001
2025110221,-0.0001
2025110221,-0.0001
2025110222,-0.0001
2025110222,-0.0001
2025110222,-0.0001
2025110222,-0.0001
2025110223,-0.0001
2025110223,-0.0001
2025110223,-0.0001
2025110223,-0.0001
2025110300,0.0
2025110300,-0.0001
2025110300,-0.0001
2025110300,-0.0001
2025110301,-0.0001
2025110301,-0.0001
2025110301,-0.0001
2025110301,-0.0001
2025110302,-0.0001
2025110302,-0.0001
2025110302,-0.0001
2025110302,-0.0001
2025110303,-0.0001
2025110303,-0.0001
2025110303,-0.0001
2025110303,-0.0001
2025110304,-0.0001
2025110304,-0.0001
2025110304,-0.0001
2025110304,-0.0001
2025110305,-0.0001
2025110305,-0.0001
2025110305,-0.0001
2025110305,-0.0001
2025110306,0.01
2025110306,2.05
2025110306,4.72
2025110306,-0.0001
2025110307,5.74
2025110307,5.27
2025110307,9.66
2025110307,17.0
2025110308,16.65
2025110308,18.68
2025110308,21.26
2025110308,22.32
2025110309,19.72
2025110309,60.47
2025110309,55.58
2025110309,62.58
2025110310,54.63
2025110310,59.39
2025110310,69.67
2025110310,46.05
2025110311,32.24
2025110311,36.5
2025110311,40.66
2025110311,34.75
2025110312,14.68
2025110312,16.26
2025110312,13.65
2025110312,9.72
2025110313,11.06
2025110313,12.98
2025110313,9.37
2025110313,7.07
2025110314,5.83
2025110314,3.05
2025110314,2.95
2025110314,0.75
2025110315,0.0
2025110315,-0.0001
2025110315,-0.0001
2025110315,-0.0001
2025110316,-0.0001
2025110316,-0.0001
2025110316,-0.0001
2025110316,-0.0001
2025110317,-0.0001
2025110317,-0.0001
2025110317,-0.0001
2025110317,-0.0001
2025110318,-0.0001
2025110318,-0.0001
2025110318,-0.0001
2025110318,-0.0001
2025110319,-0.0001
2025110319,-0.0001
2025110319,-0.0001
2025110319,-0.0001
2025110320,-0.0001
2025110320,-0.0001
2025110320,-0.0001
2025110320,-0.0001
2025110321,-0.0001
2025110321,-0.0001
2025110321,-0.0001
2025110321,-0.0001
2025110322,-0.0001
2025110322,-0.0001
2025110322,-0.0001
2025110322,-0.0001
2025110323,-0.0001
2025110323,-0.0001
2025110323,-0.0001
2025110323,-0.0001
2025110400,0.0
2025110400,-0.0001
2025110400,-0.0001
2025110400,-0.0001
2025110401,-0.0001
2025110401,-0.0001
2025110401,-0.0001
2025110401,-0.0001
2025110402,-0.0001
2025110402,-0.0001
2025110402,-0.0001
2025110402,-0.0001
2025110403,-0.0001
2025110403,-0.0001
2025110403,-0.0001
2025110403,-0.0001
2025110404,-0.0001
2025110404,-0.0001
2025110404,-0.0001
2025110404,-0.0001
2025110405,-0.0001
2025110405,-0.0001
2025110405,-0.0001
2025110405,-0.0001
2025110406,-0.0001
2025110406,-0.0001
2025110406,-0.0001
2025110406,-0.0001
2025110407,0.02
2025110407,0.97
2025110407,3.14
2025110407,3.06
2025110408,3.17
2025110408,6.78
2025110408,8.76
2025110408,6.87
2025110409,5.19
2025110409,8.78
2025110409,9.66
2025110409,11.73
2025110410,11.06
2025110410,10.3
2025110410,9.83
2025110410,12.18
2025110411,8.55
2025110411,8.69
2025110411,7.9
2025110411,8.97
2025110412,9.07
2025110412,10.55
2025110412,10.12
2025110412,9.91
2025110413,7.63
2025110413,6.13
2025110413,4.76
2025110413,5.35
2025110414,3.98
2025110414,4.04
2025110414,2.28
2025110414,2.22
2025110415,1.64
2025110415,0.47
2025110415,0.0
2025110415,-0.0001
2025110416,-0.0001
2025110416,-0.0001
2025110416,-0.0001
2025110416,-0.0001
2025110417,-0.0001
2025110417,-0.0001
2025110417,-0.0001
2025110417,-0.0001
2025110418,-0.0001
2025110418,-0.0001
2025110418,-0.0001
2025110418,-0.0001
2025110419,-0.0001
2025110419,-0.0001
2025110419,-0.0001
2025110419,-0.0001
2025110420,-0.0001
2025110420,-0.0001
2025110420,-0.0001
2025110420,-0.0001
2025110421,-0.0001
2025110421,-0.0001
2025110421,-0.0001
2025110421,-0.0001
2025110422,-0.0001
2025110422,-0.0001
2025110422,-0.0001
2025110422,-0.0001
2025110423,-0.0001
2025110423,-0.0001
2025110423,-0.0001
2025110423,-0.0001
2025110500,0.0
2025110500,-0.0001
2025110500,-0.0001
2025110500,-0.0001
2025110501,-0.0001
2025110501,-0.0001
2025110501,-0.0001
2025110501,-0.0001
2025110502,-0.0001
2025110502,-0.0001
2025110502,-0.0001
2025110502,-0.0001
2025110503,-0.0001
2025110503,-0.0001
2025110503,-0.0001
2025110503,-0.0001
2025110504,-0.0001
2025110504,-0.0001
2025110504,-0.0001
2025110504,-0.0001
2025110505,-0.0001
2025110505,-0.0001
2025110505,-0.0001
2025110505,-0.0001
2025110506,0.04
2025110506,1.41
2025110506,-0.0001
2025110506,-0.0001
2025110507,1.98
2025110507,4.73
2025110507,7.05
2025110507,9.81
2025110508,9.49
2025110508,13.55
2025110508,12.86
2025110508,10.35
2025110509,22.35
2025110509,44.98
2025110509,37.92
2025110509,33.23
2025110510,29.13
2025110510,28.17
2025110510,25.3
2025110510,23.52
2025110511,23.83
2025110511,45.7
2025110511,39.24
2025110511,38.74
2025110512,40.35
2025110512,40.27
2025110512,56.57
2025110512,33.76
2025110513,28.85
2025110513,23.34
2025110513,28.02
2025110513,27.34
2025110514,12.06
2025110514,8.7
2025110514,6.86
2025110514,5.77
2025110515,5.24
2025110515,1.46
2025110515,0.03
2025110515,0.0
2025110516,-0.0001
2025110516,-0.0001
2025110516,-0.0001
2025110516,-0.0001
2025110517,-0.0001
2025110517,-0.0001
2025110517,-0.0001
2025110517,-0.0001
2025110518,-0.0001
2025110518,-0.0001
2025110518,-0.0001
2025110518,-0.0001
2025110519,-0.0001
2025110519,-0.0001
2025110519,-0.0001
2025110519,-0.0001
2025110520,-0.0001
2025110520,-0.0001
2025110520,-0.0001
2025110520,-0.0001
2025110521,-0.0001
2025110521,-0.0001
2025110521,-0.0001
2025110521,-0.0001
2025110522,-0.0001
2025110522,-0.0001
2025110522,-0.0001
2025110522,-0.0001
2025110523,-0.0001
2025110523,-0.0001
2025110523,-0.0001
2025110523,-0.0001
2025110600,0.0
2025110600,-0.0001
2025110600,-0.0001
2025110600,-0.0001
2025110601,-0.0001
2025110601,-0.0001
2025110601,-0.0001
2025110601,-0.0001
2025110602,-0.0001
2025110602,-0.0001
2025110602,-0.0001
2025110602,-0.0001
2025110603,-0.0001
2025110603,-0.0001
2025110603,-0.0001
2025110603,-0.0001
2025110604,-0.0001
2025110604,-0.0001
2025110604,-0.0001
2025110604,-0.0001
2025110605,-0.0001
2025110605,-0.0001
2025110605,-0.0001
2025110605,-0.0001
2025110606,0.24
2025110606,1.45
2025110606,-0.0001
2025110606,-0.0001
2025110607,2.48
2025110607,4.66
2025110607,6.81
2025110607,16.12
2025110608,24.96
2025110608,40.4
2025110608,53.83
2025110608,58.88
2025110609,58.9
2025110609,62.26
2025110609,68.19
2025110609,72.61
2025110610,77.66
2025110610,76.36
2025110610,77.58
2025110610,81.38
2025110611,82.31
2025110611,80.39
2025110611,74.68
2025110611,75.81
2025110612,71.94
2025110612,71.6
2025110612,67.41
2025110612,61.68
2025110613,46.71
2025110613,44.09
2025110613,31.94
2025110613,23.17
2025110614,22.83
2025110614,18.63
2025110614,12.68
2025110614,8.5
2025110615,5.28
2025110615,1.92
2025110615,0.02
2025110615,0.0
2025110616,-0.0001
2025110616,-0.0001
2025110616,-0.0001
2025110616,-0.0001
2025110617,-0.0001
2025110617,-0.0001
2025110617,-0.0001
2025110617,-0.0001
2025110618,-0.0001
2025110618,-0.0001
2025110618,-0.0001
2025110618,-0.0001
2025110619,-0.0001
2025110619,-0.0001
2025110619,-0.0001
2025110619,-0.0001
2025110620,-0.0001
2025110620,-0.0001
2025110620,-0.0001
2025110620,-0.0001
2025110621,-0.0001
2025110621,-0.0001
2025110621,-0.0001
2025110621,-0.0001
2025110622,-0.0001
2025110622,-0.0001
2025110622,-0.0001
2025110622,-0.0001
2025110623,-0.0001
2025110623,-0.0001
2025110623,-0.0001
2025110623,-0.0001
2025110700,0.0
2025110700,-0.0001
2025110700,-0.0001
2025110700,-0.0001
2025110701,-0.0001
2025110701,-0.0001
2025110701,-0.0001
2025110701,-0.0001
2025110702,-0.0001
2025110702,-0.0001
2025110702,-0.0001
2025110702,-0.0001
2025110703,-0.0001
2025110703,-0.0001
2025110703,-0.0001
2025110703,-0.0001
2025110704,-0.0001
2025110704,-0.0001
2025110704,-0.0001
2025110704,-0.0001
2025110705,-0.0001
2025110705,-0.0001
2025110705,-0.0001
2025110705,-0.0001
2025110706,0.99
2025110706,3.28
2025110706,-0.0001
2025110706,-0.0001
2025110707,5.96
2025110707,8.78
2025110707,9.78
2025110707,10.32
2025110708,10.66
2025110708,10.94
2025110708,11.56
2025110708,14.87
2025110709,17.93
2025110709,27.47
2025110709,48.03
2025110709,55.85
2025110710,66.29
2025110710,68.87
2025110710,75.52
2025110710,69.5
2025110711,76.27
2025110711,77.64
2025110711,76.71
2025110711,74.71
2025110712,72.08
2025110712,67.87
2025110712,63.05
2025110712,57.56
2025110713,51.92
2025110713,45.58
2025110713,39.23
2025110713,31.84
2025110714,24.56
2025110714,17.55
2025110714,11.09
2025110714,6.12
2025110715,4.67
2025110715,2.91
2025110715,0.09
2025110715,0.0
2025110716,-0.0001
2025110716,-0.0001
2025110716,-0.0001
2025110716,-0.0001
2025110717,-0.0001
2025110717,-0.0001
2025110717,-0.0001
2025110717,-0.0001
2025110718,-0.0001
2025110718,-0.0001
2025110718,-0.0001
2025110718,-0.0001
2025110719,-0.0001
2025110719,-0.0001
2025110719,-0.0001
2025110719,-0.0001
2025110720,-0.0001
2025110720,-0.0001
2025110720,-0.0001
2025110720,-0.0001
2025110721,-0.0001
2025110721,-0.0001
2025110721,-0.0001
2025110721,-0.0001
2025110722,-0.0001
2025110722,-0.0001
2025110722,-0.0001
2025110722,-0.0001
2025110723,-0.0001
2025110723,-0.0001
2025110723,-0.0001
2025110723,-0.0001
2025110800,0.0
2025110800,-0.0001
2025110800,-0.0001
2025110800,-0.0001
2025110801,-0.0001
2025110801,-0.0001
2025110801,-0.0001
2025110801,-0.0001
2025110802,-0.0001
2025110802,-0.0001
2025110802,-0.0001
2025110802,-0.0001
2025110803,-0.0001
2025110803,-0.0001
2025110803,-0.0001
2025110803,-0.0001
2025110804,-0.0001
2025110804,-0.0001
2025110804,-0.0001
2025110804,-0.0001
2025110805,-0.0001
2025110805,-0.0001
2025110805,-0.0001
2025110805,-0.0001
2025110806,0.04
2025110806,-0.0001
2025110806,-0.0001
2025110806,-0.0001
2025110807,0.46
2025110807,1.91
2025110807,3.0
2025110807,3.75
2025110808,4.54
2025110808,5.19
2025110808,5.52
2025110808,5.72
2025110809,6.28
2025110809,6.98
2025110809,7.12
2025110809,7.28
2025110810,8.17
2025110810,8.11
2025110810,9.69
2025110810,10.19
2025110811,8.17
2025110811,7.51
2025110811,8.93
2025110811,10.44
2025110812,11.19
2025110812,10.93
2025110812,11.4
2025110812,11.09
2025110813,9.27
2025110813,8.28
2025110813,6.38
2025110813,5.8
2025110814,4.89
2025110814,4.0
2025110814,2.74
2025110814,1.16
2025110815,0.25
2025110815,0.01
2025110815,0.0
2025110815,-0.0001
2025110816,-0.0001
2025110816,-0.0001
2025110816,-0.0001
2025110816,-0.0001
2025110817,-0.0001
2025110817,-0.0001
2025110817,-0.0001
2025110817,-0.0001
2025110818,-0.0001
2025110818,-0.0001
2025110818,-0.0001
2025110818,-0.0001
2025110819,-0.0001
2025110819,-0.0001
2025110819,-0.0001
2025110819,-0.0001
2025110820,-0.0001
2025110820,-0.0001
2025110820,-0.0001
2025110820,-0.0001
2025110821,-0.0001
2025110821,-0.0001
2025110821,-0.0001
2025110821,-0.0001
2025110822,-0.0001
2025110822,-0.0001
2025110822,-0.0001
2025110822,-0.0001
2025110823,-0.0001
2025110823,-0.0001
2025110823,-0.0001
2025110823,-0.0001
2025110900,0.0
2025110900,-0.0001
2025110900,-0.0001
2025110900,-0.0001
2025110901,-0.0001
2025110901,-0.0001
2025110901,-0.0001
2025110901,-0.0001
2025110902,-0.0001
2025110902,-0.0001
2025110902,-0.0001
2025110902,-0.0001
2025110903,-0.0001
2025110903,-0.0001
2025110903,-0.0001
2025110903,-0.0001
2025110904,-0.0001
2025110904,-0.0001
2025110904,-0.0001
2025110904,-0.0001
2025110905,-0.0001
2025110905,-0.0001
2025110905,-0.0001
2025110905,-0.0001
2025110906,0.22
2025110906,-0.0001
2025110906,-0.0001
2025110906,-0.0001
2025110907,1.51
2025110907,2.93
2025110907,4.34
2025110907,5.85
2025110908,6.62
2025110908,7.76
2025110908,7.92
2025110908,8.06
2025110909,8.82
2025110909,9.2
2025110909,9.66
2025110909,10.87
2025110910,11.5
2025110910,10.59
2025110910,10.15
2025110910,10.89
2025110911,9.97
2025110911,8.88
2025110911,9.21
2025110911,9.93
2025110912,9.42
2025110912,8.42
2025110912,8.25
2025110912,8.17
2025110913,6.52
2025110913,6.88
2025110913,4.95
2025110913,3.27
2025110914,2.91
2025110914,2.64
2025110914,3.1
2025110914,2.72
2025110915,0.71
2025110915,0.05
2025110915,0.0
2025110915,-0.0001
2025110916,-0.0001
2025110916,-0.0001
2025110916,-0.0001
2025110916,-0.0001
2025110917,-0.0001
2025110917,-0.0001
2025110917,-0.0001
2025110917,-0.0001
2025110918,-0.0001
2025110918,-0.0001
2025110918,-0.0001
2025110918,-0.0001
2025110919,-0.0001
2025110919,-0.0001
2025110919,-0.0001
2025110919,-0.0001
2025110920,-0.0001
2025110920,-0.0001
2025110920,-0.0001
2025110920,-0.0001
2025110921,-0.0001
2025110921,-0.0001
2025110921,-0.0001
2025110921,-0.0001
2025110922,-0.0001
2025110922,-0.0001
2025110922,-0.0001
2025110922,-0.0001
2025110923,-0.0001
2025110923,-0.0001
2025110923,-0.0001
2025110923,-0.0001
2025111000,0.0
2025111000,-0.0001
2025111000,-0.0001
2025111000,-0.0001
2025111001,-0.0001
2025111001,-0.0001
2025111001,-0.0001
2025111001,-0.0001
2025111002,-0.0001
2025111002,-0.0001
2025111002,-0.0001
2025111002,-0.0001
2025111003,-0.0001
2025111003,-0.0001
2025111003,-0.0001
2025111003,-0.0001
2025111004,-0.0001
2025111004,-0.0001
2025111004,-0.0001
2025111004,-0.0001
2025111005,-0.0001
2025111005,-0.0001
2025111005,-0.0001
2025111005,-0.0001
2025111006,0.04
2025111006,-0.0001
2025111006,-0.0001
2025111006,-0.0001
2025111007,2.79
2025111007,3.09
2025111007,6.46
2025111007,9.6
2025111008,12.75
2025111008,18.96
2025111008,36.33
2025111008,21.81
2025111009,26.18
2025111009,29.57
2025111009,40.6
2025111009,37.22
2025111010,52.16
2025111010,38.75
2025111010,28.52
2025111010,40.05
2025111011,23.76
2025111011,18.85
2025111011,31.14
2025111011,24.66
2025111012,25.82
2025111012,24.12
2025111012,19.95
2025111012,14.94
2025111013,8.54
2025111013,6.87
2025111013,6.32
2025111013,6.51
2025111014,5.38
2025111014,3.91
2025111014,3.94
2025111014,0.25
2025111015,0.0
2025111015,-0.0001
2025111015,-0.0001
2025111015,-0.0001
2025111016,-0.0001
2025111016,-0.0001
2025111016,-0.0001
2025111016,-0.0001
2025111017,-0.0001
2025111017,-0.0001
2025111017,-0.0001
2025111017,-0.0001
2025111018,-0.0001
2025111018,-0.0001
2025111018,-0.0001
2025111018,-0.0001
2025111019,-0.0001
2025111019,-0.0001
2025111019,-0.0001
2025111019,-0.0001
2025111020,-0.0001
2025111020,-0.0001
2025111020,-0.0001
2025111020,-0.0001
2025111021,-0.0001
2025111021,-0.0001
2025111021,-0.0001
2025111021,-0.0001
2025111022,-0.0001
2025111022,-0.0001
2025111022,-0.0001
2025111022,-0.0001
2025111023,-0.0001
2025111023,-0.0001
2025111023,-0.0001
2025111023,-0.0001
2025111100,0.0
2025111100,-0.0001
2025111100,-0.0001
2025111100,-0.0001
2025111101,-0.0001
2025111101,-0.0001
2025111101,-0.0001
2025111101,-0.0001
2025111102,-0.0001
2025111102,-0.0001
2025111102,-0.0001
2025111102,-0.0001
2025111103,-0.0001
2025111103,-0.0001
2025111103,-0.0001
2025111103,-0.0001
2025111104,-0.0001
2025111104,-0.0001
2025111104,-0.0001
2025111104,-0.0001
2025111105,-0.0001
2025111105,-0.0001
2025111105,-0.0001
2025111105,-0.0001
2025111106,-0.0001
2025111106,-0.0001
2025111106,-0.0001
2025111106,-0.0001
2025111107,0.46
2025111107,5.03
2025111107,5.48
2025111107,-0.0001
2025111108,4.84
2025111108,5.99
2025111108,3.24
2025111108,2.74
2025111109,4.66
2025111109,5.91
2025111109,6.7
2025111109,8.26
2025111110,8.72
2025111110,6.78
2025111110,7.58
2025111110,12.77
2025111111,11.05
2025111111,8.44
2025111111,19.75
2025111111,32.15
2025111112,22.1
2025111112,19.68
2025111112,20.85
2025111112,22.79
2025111113,16.8
2025111113,18.23
2025111113,14.38
2025111113,9.86
2025111114,6.31
2025111114,6.37
2025111114,7.03
2025111114,5.78
2025111115,3.93
2025111115,1.21
2025111115,0.0
2025111115,-0.0001
2025111116,-0.0001
2025111116,-0.0001
2025111116,-0.0001
2025111116,-0.0001
2025111117,-0.0001
2025111117,-0.0001
2025111117,-0.0001
2025111117,-0.0001
2025111118,-0.0001
2025111118,-0.0001
2025111118,-0.0001
2025111118,-0.0001
2025111119,-0.0001
2025111119,-0.0001
2025111119,-0.0001
2025111119,-0.0001
2025111120,-0.0001
2025111120,-0.0001
2025111120,-0.0001
2025111120,-0.0001
2025111121,-0.0001
2025111121,-0.0001
2025111121,-0.0001
2025111121,-0.0001
2025111122,-0.0001
2025111122,-0.0001
2025111122,-0.0001
2025111122,-0.0001
2025111123,-0.0001
2025111123,-0.0001
2025111123,-0.0001
2025111123,-0.0001
2025111200,0.0
2025111200,-0.0001
2025111200,-0.0001
2025111200,-0.0001
2025111201,-0.0001
2025111201,-0.0001
2025111201,-0.0001
2025111201,-0.0001
2025111202,-0.0001
2025111202,-0.0001
2025111202,-0.0001
2025111202,-0.0001
2025111203,-0.0001
2025111203,-0.0001
2025111203,-0.0001
2025111203,-0.0001
2025111204,-0.0001
2025111204,-0.0001
2025111204,-0.0001
2025111204,-0.0001
2025111205,-0.0001
2025111205,-0.0001
2025111205,-0.0001
2025111205,-0.0001
2025111206,-0.0001
2025111206,-0.0001
2025111206,-0.0001
2025111206,-0.0001
2025111207,0.53
2025111207,2.25
2025111207,5.06
2025111207,5.86
2025111208,6.22
2025111208,5.86
2025111208,7.31
2025111208,11.63
2025111209,14.21
2025111209,17.2
2025111209,17.78
2025111209,14.94
2025111210,12.24
2025111210,11.69
2025111210,11.2
2025111210,18.23
2025111211,20.04
2025111211,19.59
2025111211,15.46
2025111211,13.36
2025111212,10.06
2025111212,11.04
2025111212,15.25
2025111212,14.12
2025111213,19.15
2025111213,16.56
2025111213,12.17
2025111213,6.41
2025111214,3.24
2025111214,3.47
2025111214,4.18
2025111214,1.81
2025111215,0.01
2025111215,0.0
2025111215,-0.0001
2025111215,-0.0001
2025111216,-0.0001
2025111216,-0.0001
2025111216,-0.0001
2025111216,-0.0001
2025111217,-0.0001
2025111217,-0.0001
2025111217,-0.0001
2025111217,-0.0001
2025111218,-0.0001
2025111218,-0.0001
2025111218,-0.0001
2025111218,-0.0001
2025111219,-0.0001
2025111219,-0.0001
2025111219,-0.0001
2025111219,-0.0001
2025111220,-0.0001
2025111220,-0.0001
2025111220,-0.0001
2025111220,-0.0001
2025111221,-0.0001
2025111221,-0.0001
2025111221,-0.0001
2025111221,-0.0001
2025111222,-0.0001
2025111222,-0.0001
2025111222,-0.0001
2025111222,-0.0001
2025111223,-0.0001
2025111223,-0.0001
2025111223,-0.0001
2025111223,-0.0001
2025111300,0.0
2025111300,-0.0001
2025111300,-0.0001
2025111300,-0.0001
2025111301,-0.0001
2025111301,-0.0001
2025111301,-0.0001
2025111301,-0.0001
2025111302,-0.0001
2025111302,-0.0001
2025111302,-0.0001
2025111302,-0.0001
2025111303,-0.0001
2025111303,-0.0001
2025111303,-0.0001
2025111303,-0.0001
2025111304,-0.0001
2025111304,-0.0001
2025111304,-0.0001
2025111304,-0.0001
2025111305,-0.0001
2025111305,-0.0001
2025111305,-0.0001
2025111305,-0.0001
2025111306,-0.0001
2025111306,-0.0001
2025111306,-0.0001
2025111306,-0.0001
2025111307,0.04
2025111307,0.37
2025111307,1.64
2025111307,8.55
2025111308,7.92
2025111308,8.51
2025111308,10.25
2025111308,12.11
2025111309,15.57
2025111309,14.57
2025111309,18.12
2025111309,17.72
2025111310,13.22
2025111310,12.46
2025111310,17.9
2025111310,12.41
2025111311,7.31
2025111311,6.61
2025111311,6.26
2025111311,9.23
2025111312,3.93
2025111312,7.7
2025111312,12.54
2025111312,11.18
2025111313,9.74
2025111313,7.5
2025111313,7.74
2025111313,8.2
2025111314,5.88
2025111314,4.18
2025111314,1.68
2025111314,0.46
2025111315,0.04
2025111315,0.0
2025111315,-0.0001
2025111315,-0.0001
2025111316,-0.0001
2025111316,-0.0001
2025111316,-0.0001
2025111316,-0.0001
2025111317,-0.0001
2025111317,-0.0001
2025111317,-0.0001
2025111317,-0.0001
2025111318,-0.0001
2025111318,-0.0001
2025111318,-0.0001
2025111318,-0.0001
2025111319,-0.0001
2025111319,-0.0001
2025111319,-0.0001
2025111319,-0.0001
2025111320,-0.0001
2025111320,-0.0001
2025111320,-0.0001
2025111320,-0.0001
2025111321,-0.0001
2025111321,-0.0001
2025111321,-0.0001
2025111321,-0.0001
2025111322,-0.0001
2025111322,-0.0001
2025111322,-0.0001
2025111322,-0.0001
2025111323,-0.0001
2025111323,-0.0001
2025111323,-0.0001
2025111323,-0.0001
2025111400,0.0
2025111400,-0.0001
2025111400,-0.0001
2025111400,-0.0001
2025111401,-0.0001
2025111401,-0.0001
2025111401,-0.0001
2025111401,-0.0001
2025111402,-0.0001
2025111402,-0.0001
2025111402,-0.0001
2025111402,-0.0001
2025111403,-0.0001
2025111403,-0.0001
2025111403,-0.0001
2025111403,-0.0001
2025111404,-0.0001
2025111404,-0.0001
2025111404,-0.0001
2025111404,-0.0001
2025111405,-0.0001
2025111405,-0.0001
2025111405,-0.0001
2025111405,-0.0001
2025111406,-0.0001
2025111406,-0.0001
2025111406,-0.0001
2025111406,-0.0001
2025111407,0.6
2025111407,3.82
2025111407,9.01
2025111407,12.29
2025111408,16.94
2025111408,13.35
2025111408,14.33
2025111408,17.22
2025111409,17.96
2025111409,22.55
2025111409,21.06
2025111409,23.13
2025111410,26.41
2025111410,27.31
2025111410,27.29
2025111410,33.4
2025111411,35.34
2025111411,34.98
2025111411,45.55
2025111411,49.58
2025111412,36.65
2025111412,23.46
2025111412,33.61
2025111412,32.3
2025111413,31.43
2025111413,28.06
2025111413,15.05
2025111413,8.99
2025111414,6.41
2025111414,4.31
2025111414,3.69
2025111414,2.23
2025111415,0.41
2025111415,0.0
2025111415,-0.0001
2025111415,-0.0001
2025111416,-0.0001
2025111416,-0.0001
2025111416,-0.0001
2025111416,-0.0001
2025111417,-0.0001
2025111417,-0.0001
2025111417,-0.0001
2025111417,-0.0001
2025111418,-0.0001
2025111418,-0.0001
2025111418,-0.0001
2025111418,-0.0001
2025111419,-0.0001
2025111419,-0.0001
2025111419,-0.0001
2025111419,-0.0001
2025111420,-0.0001
2025111420,-0.0001
2025111420,-0.0001
2025111420,-0.0001
2025111421,-0.0001
2025111421,-0.0001
2025111421,-0.0001
2025111421,-0.0001
2025111422,-0.0001
2025111422,-0.0001
2025111422,-0.0001
2025111422,-0.0001
2025111423,-0.0001
2025111423,-0.0001
2025111423,-0.0001
2025111423,-0.0001
2025111500,0.0
2025111500,-0.0001
2025111500,-0.0001
2025111500,-0.0001
2025111501,-0.0001
2025111501,-0.0001
2025111501,-0.0001
2025111501,-0.0001
2025111502,-0.0001
2025111502,-0.0001
2025111502,-0.0001
2025111502,-0.0001
2025111503,-0.0001
2025111503,-0.0001
2025111503,-0.0001
2025111503,-0.0001
2025111504,-0.0001
2025111504,-0.0001
2025111504,-0.0001
2025111504,-0.0001
2025111505,-0.0001
2025111505,-0.0001
2025111505,-0.0001
2025111505,-0.0001
2025111506,0.27
2025111506,-0.0001
2025111506,-0.0001
2025111506,-0.0001
2025111507,1.96
2025111507,4.11
2025111507,8.82
2025111507,15.38
2025111508,22.0
2025111508,29.03
2025111508,35.98
2025111508,42.68
2025111509,49.03
2025111509,54.86
2025111509,60.04
2025111509,64.62
2025111510,68.33
2025111510,71.22
2025111510,73.34
2025111510,74.61
2025111511,75.13
2025111511,74.74
2025111511,73.26
2025111511,70.99
2025111512,67.89
2025111512,64.04
2025111512,59.25
2025111512,53.85
2025111513,48.08
2025111513,41.81
2025111513,35.14
2025111513,28.19
2025111514,21.27
2025111514,14.8
2025111514,9.49
2025111514,5.62
2025111515,2.57
2025111515,0.01
2025111515,0.0
2025111515,-0.0001
2025111516,-0.0001
2025111516,-0.0001
2025111516,-0.0001
2025111516,-0.0001
2025111517,-0.0001
2025111517,-0.0001
2025111517,-0.0001
2025111517,-0.0001
2025111518,-0.0001
2025111518,-0.0001
2025111518,-0.0001
2025111518,-0.0001
2025111519,-0.0001
2025111519,-0.0001
2025111519,-0.0001
2025111519,-0.0001
2025111520,-0.0001
2025111520,-0.0001
2025111520,-0.0001
2025111520,-0.0001
2025111521,-0.0001
2025111521,-0.0001
2025111521,-0.0001
2025111521,-0.0001
2025111522,-0.0001
2025111522,-0.0001
2025111522,-0.0001
2025111522,-0.0001
2025111523,-0.0001
2025111523,-0.0001
2025111523,-0.0001
2025111523,-0.0001
2025111600,0.0
2025111600,-0.0001
2025111600,-0.0001
2025111600,-0.0001
2025111601,-0.0001
2025111601,-0.0001
2025111601,-0.0001
2025111601,-0.0001
2025111602,-0.0001
2025111602,-0.0001
2025111602,-0.0001
2025111602,-0.0001
2025111603,-0.0001
2025111603,-0.0001
2025111603,-0.0001
2025111603,-0.0001
2025111604,-0.0001
2025111604,-0.0001
2025111604,-0.0001
2025111604,-0.0001
2025111605,-0.0001
2025111605,-0.0001
2025111605,-0.0001
2025111605,-0.0001
2025111606,-0.0001
2025111606,-0.0001
2025111606,-0.0001
2025111606,-0.0001
2025111607,1.13
2025111607,3.91
2025111607,6.42
2025111607,9.86
2025111608,9.92
2025111608,10.67
2025111608,14.22
2025111608,24.68
2025111609,48.13
2025111609,56.93
2025111609,38.42
2025111609,25.04
2025111610,39.19
2025111610,52.61
2025111610,56.34
2025111610,59.47
2025111611,58.67
2025111611,54.49
2025111611,52.9
2025111611,50.35
2025111612,48.81
2025111612,34.74
2025111612,28.08
2025111612,20.96
2025111613,18.84
2025111613,19.51
2025111613,17.6
2025111613,14.99
2025111614,8.08
2025111614,4.07
2025111614,2.29
2025111614,1.14
2025111615,0.24
2025111615,0.0
2025111615,-0.0001
2025111615,-0.0001
2025111616,-0.0001
2025111616,-0.0001
2025111616,-0.0001
2025111616,-0.0001
2025111617,-0.0001
2025111617,-0.0001
2025111617,-0.0001
2025111617,-0.0001
2025111618,-0.0001
2025111618,-0.0001
2025111618,-0.0001
2025111618,-0.0001
2025111619,-0.0001
2025111619,-0.0001
2025111619,-0.0001
2025111619,-0.0001
2025111620,-0.0001
2025111620,-0.0001
2025111620,-0.0001
2025111620,-0.0001
2025111621,-0.0001
2025111621,-0.0001
2025111621,-0.0001
2025111621,-0.0001
2025111622,-0.0001
2025111622,-0.0001
2025111622,-0.0001
2025111622,-0.0001
2025111623,-0.0001
2025111623,-0.0001
2025111623,-0.0001
2025111623,-0.0001
2025111700,0.0
2025111700,-0.0001
2025111700,-0.0001
2025111700,-0.0001
2025111701,-0.0001
2025111701,-0.0001
2025111701,-0.0001
2025111701,-0.0001
2025111702,-0.0001
2025111702,-0.0001
2025111702,-0.0001
2025111702,-0.0001
2025111703,-0.0001
2025111703,-0.0001
2025111703,-0.0001
2025111703,-0.0001
2025111704,-0.0001
2025111704,-0.0001
2025111704,-0.0001
2025111704,-0.0001
2025111705,-0.0001
2025111705,-0.0001
2025111705,-0.0001
2025111705,-0.0001
2025111706,0.51
2025111706,-0.0001
2025111706,-0.0001
2025111706,-0.0001
2025111707,2.45
2025111707,4.87
2025111707,6.76
2025111707,11.7
2025111708,18.3
2025111708,25.55
2025111708,32.21
2025111708,38.59
2025111709,44.5
2025111709,50.01
2025111709,54.83
2025111709,59.12
2025111710,63.13
2025111710,66.15
2025111710,68.4
2025111710,69.88
2025111711,70.23
2025111711,69.89
2025111711,68.24
2025111711,66.06
2025111712,63.33
2025111712,59.65
2025111712,54.98
2025111712,48.67
2025111713,44.24
2025111713,38.53
2025111713,31.97
2025111713,25.18
2025111714,18.62
2025111714,12.6
2025111714,7.82
2025111714,5.01
2025111715,1.66
2025111715,0.0
2025111715,-0.0001
2025111715,-0.0001
2025111716,-0.0001
2025111716,-0.0001
2025111716,-0.0001
2025111716,-0.0001
2025111717,-0.0001
2025111717,-0.0001
2025111717,-0.0001
2025111717,-0.0001
2025111718,-0.0001
2025111718,-0.0001
2025111718,-0.0001
2025111718,-0.0001
2025111719,-0.0001
2025111719,-0.0001
2025111719,-0.0001
2025111719,-0.0001
2025111720,-0.0001
2025111720,-0.0001
2025111720,-0.0001
2025111720,-0.0001
2025111721,-0.0001
2025111721,-0.0001
2025111721,-0.0001
2025111721,-0.0001
2025111722,-0.0001
2025111722,-0.0001
2025111722,-0.0001
2025111722,-0.0001
2025111723,-0.0001
2025111723,-0.0001
2025111723,-0.0001
2025111723,-0.0001
2025111800,0.0
2025111800,-0.0001
2025111800,-0.0001
2025111800,-0.0001
2025111801,-0.0001
2025111801,-0.0001
2025111801,-0.0001
2025111801,-0.0001
2025111802,-0.0001
2025111802,-0.0001
2025111802,-0.0001
2025111802,-0.0001
2025111803,-0.0001
2025111803,-0.0001
2025111803,-0.0001
2025111803,-0.0001
2025111804,-0.0001
2025111804,-0.0001
2025111804,-0.0001
2025111804,-0.0001
2025111805,-0.0001
2025111805,-0.0001
2025111805,-0.0001
2025111805,-0.0001
2025111806,-0.0001
2025111806,-0.0001
2025111806,-0.0001
2025111806,-0.0001
2025111807,1.82
2025111807,5.33
2025111807,8.58
2025111807,11.85
2025111808,14.94
2025111808,12.96
2025111808,16.31
2025111808,18.75
2025111809,18.49
2025111809,17.09
2025111809,19.6
2025111809,18.8
2025111810,21.25
2025111810,27.96
2025111810,36.44
2025111810,39.52
2025111811,30.46
2025111811,29.0
2025111811,31.11
2025111811,22.57
2025111812,24.05
2025111812,26.71
2025111812,27.47
2025111812,36.89
2025111813,24.58
2025111813,20.54
2025111813,20.52
2025111813,17.83
2025111814,12.61
2025111814,7.55
2025111814,5.6
2025111814,3.36
2025111815,0.94
2025111815,0.01
2025111815,0.0
2025111815,-0.0001
2025111816,-0.0001
2025111816,-0.0001
2025111816,-0.0001
2025111816,-0.0001
2025111817,-0.0001
2025111817,-0.0001
2025111817,-0.0001
2025111817,-0.0001
2025111818,-0.0001
2025111818,-0.0001
2025111818,-0.0001
2025111818,-0.0001
2025111819,-0.0001
2025111819,-0.0001
2025111819,-0.0001
2025111819,-0.0001
2025111820,-0.0001
2025111820,-0.0001
2025111820,-0.0001
2025111820,-0.0001
2025111821,-0.0001
2025111821,-0.0001
2025111821,-0.0001
2025111821,-0.0001
2025111822,-0.0001
2025111822,-0.0001
2025111822,-0.0001
2025111822,-0.0001
2025111823,-0.0001
2025111823,-0.0001
2025111823,-0.0001
2025111823,-0.0001
2025111900,0.0
2025111900,-0.0001
2025111900,-0.0001
2025111900,-0.0001
2025111901,-0.0001
2025111901,-0.0001
2025111901,-0.0001
2025111901,-0.0001
2025111902,-0.0001
2025111902,-0.0001
2025111902,-0.0001
2025111902,-0.0001
2025111903,-0.0001
2025111903,-0.0001
2025111903,-0.0001
2025111903,-0.0001
2025111904,-0.0001
2025111904,-0.0001
2025111904,-0.0001
2025111904,-0.0001
2025111905,-0.0001
2025111905,-0.0001
2025111905,-0.0001
2025111905,-0.0001
2025111906,0.22
2025111906,-0.0001
2025111906,-0.0001
2025111906,-0.0001
2025111907,0.68
2025111907,1.61
2025111907,4.03
2025111907,5.83
2025111908,7.26
2025111908,8.33
2025111908,9.57
2025111908,10.74
2025111909,11.23
2025111909,13.13
2025111909,15.63
2025111909,19.6
2025111910,22.54
2025111910,24.98
2025111910,29.19
2025111910,34.45
2025111911,33.17
2025111911,30.62
2025111911,31.9
2025111911,32.33
2025111912,35.49
2025111912,28.9
2025111912,24.82
2025111912,20.9
2025111913,17.82
2025111913,15.24
2025111913,13.56
2025111913,12.21
2025111914,12.11
2025111914,13.07
2025111914,10.38
2025111914,7.01
2025111915,1.31
2025111915,0.03
2025111915,0.0
2025111915,-0.0001
2025111916,-0.0001
2025111916,-0.0001
2025111916,-0.0001
2025111916,-0.0001
2025111917,-0.0001
2025111917,-0.0001
2025111917,-0.0001
2025111917,-0.0001
2025111918,-0.0001
2025111918,-0.0001
2025111918,-0.0001
2025111918,-0.0001
2025111919,-0.0001
2025111919,-0.0001
2025111919,-0.0001
2025111919,-0.0001
2025111920,-0.0001
2025111920,-0.0001
2025111920,-0.0001
2025111920,-0.0001
2025111921,-0.0001
2025111921,-0.0001
2025111921,-0.0001
2025111921,-0.0001
2025111922,-0.0001
2025111922,-0.0001
2025111922,-0.0001
2025111922,-0.0001
2025111923,-0.0001
2025111923,-0.0001
2025111923,-0.0001
2025111923,-0.0001
2025112000,0.0
2025112000,-0.0001
2025112000,-0.0001
2025112000,-0.0001
2025112001,-0.0001
2025112001,-0.0001
2025112001,-0.0001
2025112001,-0.0001
2025112002,-0.0001
2025112002,-0.0001
2025112002,-0.0001
2025112002,-0.0001
2025112003,-0.0001
2025112003,-0.0001
2025112003,-0.0001
2025112003,-0.0001
2025112004,-0.0001
2025112004,-0.0001
2025112004,-0.0001
2025112004,-0.0001
2025112005,-0.0001
2025112005,-0.0001
2025112005,-0.0001
2025112005,-0.0001
2025112006,-0.0001
2025112006,-0.0001
2025112006,-0.0001
2025112006,-0.0001
2025112007,0.34
2025112007,3.01
2025112007,4.68
2025112007,6.22
2025112008,15.24
2025112008,26.81
2025112008,27.79
2025112008,20.68
2025112009,24.81
2025112009,32.31
2025112009,26.92
2025112009,26.69
2025112010,31.45
2025112010,42.28
2025112010,32.61
2025112010,46.08
2025112011,58.58
2025112011,55.07
2025112011,58.97
2025112011,68.05
2025112012,60.95
2025112012,57.62
2025112012,59.16
2025112012,44.27
2025112013,42.29
2025112013,36.42
2025112013,29.97
2025112013,19.05
2025112014,16.83
2025112014,11.39
2025112014,6.98
2025112014,3.35
2025112015,1.47
2025112015,0.0
2025112015,-0.0001
2025112015,-0.0001
2025112016,-0.0001
2025112016,-0.0001
2025112016,-0.0001
2025112016,-0.0001
2025112017,-0.0001
2025112017,-0.0001
2025112017,-0.0001
2025112017,-0.0001
2025112018,-0.0001
2025112018,-0.0001
2025112018,-0.0001
2025112018,-0.0001
2025112019,-0.0001
2025112019,-0.0001
2025112019,-0.0001
2025112019,-0.0001
2025112020,-0.0001
2025112020,-0.0001
2025112020,-0.0001
2025112020,-0.0001
2025112021,-0.0001
2025112021,-0.0001
2025112021,-0.0001
2025112021,-0.0001
2025112022,-0.0001
2025112022,-0.0001
2025112022,-0.0001
2025112022,-0.0001
2025112023,-0.0001
2025112023,-0.0001
2025112023,-0.0001
2025112023,-0.0001
2025112100,0.0
2025112100,-0.0001
2025112100,-0.0001
2025112100,-0.0001
2025112101,-0.0001
2025112101,-0.0001
2025112101,-0.0001
2025112101,-0.0001
2025112102,-0.0001
2025112102,-0.0001
2025112102,-0.0001
2025112102,-0.0001
2025112103,-0.0001
2025112103,-0.0001
2025112103,-0.0001
2025112103,-0.0001
2025112104,-0.0001
2025112104,-0.0001
2025112104,-0.0001
2025112104,-0.0001
2025112105,-0.0001
2025112105,-0.0001
2025112105,-0.0001
2025112105,-0.0001
2025112106,-0.0001
2025112106,-0.0001
2025112106,-0.0001
2025112106,-0.0001
2025112107,0.71
2025112107,3.2
2025112107,5.62
2025112107,9.35
2025112108,14.42
2025112108,20.05
2025112108,26.16
2025112108,32.2
2025112109,38.51
2025112109,45.64
2025112109,51.17
2025112109,55.43
2025112110,58.87
2025112110,61.56
2025112110,63.65
2025112110,64.97
2025112111,65.48
2025112111,65.3
2025112111,64.07
2025112111,62.07
2025112112,59.22
2025112112,55.68
2025112112,51.4
2025112112,46.55
2025112113,41.07
2025112113,35.09
2025112113,28.78
2025112113,22.2
2025112114,15.97
2025112114,10.64
2025112114,6.71
2025112114,3.81
2025112115,0.36
2025112115,0.0
2025112115,-0.0001
2025112115,-0.0001
2025112116,-0.0001
2025112116,-0.0001
2025112116,-0.0001
2025112116,-0.0001
2025112117,-0.0001
2025112117,-0.0001
2025112117,-0.0001
2025112117,-0.0001
2025112118,-0.0001
2025112118,-0.0001
2025112118,-0.0001
2025112118,-0.0001
2025112119,-0.0001
2025112119,-0.0001
2025112119,-0.0001
2025112119,-0.0001
2025112120,-0.0001
2025112120,-0.0001
2025112120,-0.0001
2025112120,-0.0001
2025112121,-0.0001
2025112121,-0.0001
2025112121,-0.0001
2025112121,-0.0001
2025112122,-0.0001
2025112122,-0.0001
2025112122,-0.0001
2025112122,-0.0001
2025112123,-0.0001
2025112123,-0.0001
2025112123,-0.0001
2025112123,-0.0001
2025112200,0.0
2025112200,-0.0001
2025112200,-0.0001
2025112200,-0.0001
2025112201,-0.0001
2025112201,-0.0001
2025112201,-0.0001
2025112201,-0.0001
2025112202,-0.0001
2025112202,-0.0001
2025112202,-0.0001
2025112202,-0.0001
2025112203,-0.0001
2025112203,-0.0001
2025112203,-0.0001
2025112203,-0.0001
2025112204,-0.0001
2025112204,-0.0001
2025112204,-0.0001
2025112204,-0.0001
2025112205,-0.0001
2025112205,-0.0001
2025112205,-0.0001
2025112205,-0.0001
2025112206,-0.0001
2025112206,-0.0001
2025112206,-0.0001
2025112206,-0.0001
2025112207,0.19
2025112207,2.25
2025112207,4.48
2025112207,7.14
2025112208,14.89
2025112208,24.44
2025112208,13.78
2025112208,12.35
2025112209,16.68
2025112209,34.06
2025112209,35.06
2025112209,41.91
2025112210,30.18
2025112210,15.8
2025112210,20.09
2025112210,54.98
2025112211,67.0
2025112211,34.91
2025112211,34.14
2025112211,32.14
2025112212,22.27
2025112212,21.63
2025112212,23.57
2025112212,18.85
2025112213,15.04
2025112213,16.83
2025112213,18.34
2025112213,13.28
2025112214,8.28
2025112214,7.28
2025112214,5.27
2025112214,1.6
2025112215,0.0
2025112215,-0.0001
2025112215,-0.0001
2025112215,-0.0001
2025112216,-0.0001
2025112216,-0.0001
2025112216,-0.0001
2025112216,-0.0001
2025112217,-0.0001
2025112217,-0.0001
2025112217,-0.0001
2025112217,-0.0001
2025112218,-0.0001
2025112218,-0.0001
2025112218,-0.0001
2025112218,-0.0001
2025112219,-0.0001
2025112219,-0.0001
2025112219,-0.0001
2025112219,-0.0001
2025112220,-0.0001
2025112220,-0.0001
2025112220,-0.0001
2025112220,-0.0001
2025112221,-0.0001
2025112221,-0.0001
2025112221,-0.0001
2025112221,-0.0001
2025112222,-0.0001
2025112222,-0.0001
2025112222,-0.0001
2025112222,-0.0001
2025112223,-0.0001
2025112223,-0.0001
2025112223,-0.0001
2025112223,-0.0001
2025112300,0.0
2025112300,-0.0001
2025112300,-0.0001
2025112300,-0.0001
2025112301,-0.0001
2025112301,-0.0001
2025112301,-0.0001
2025112301,-0.0001
2025112302,-0.0001
2025112302,-0.0001
2025112302,-0.0001
2025112302,-0.0001
2025112303,-0.0001
2025112303,-0.0001
2025112303,-0.0001
2025112303,-0.0001
2025112304,-0.0001
2025112304,-0.0001
2025112304,-0.0001
2025112304,-0.0001
2025112305,-0.0001
2025112305,-0.0001
2025112305,-0.0001
2025112305,-0.0001
2025112306,-0.0001
2025112306,-0.0001
2025112306,-0.0001
2025112306,-0.0001
2025112307,0.07
2025112307,2.52
2025112307,4.25
2025112307,6.53
2025112308,11.96
2025112308,13.8
2025112308,20.86
2025112308,33.18
2025112309,42.37
2025112309,55.64
2025112309,46.52
2025112309,44.96
2025112310,45.72
2025112310,46.53
2025112310,39.82
2025112310,43.61
2025112311,61.37
2025112311,48.7
2025112311,38.9
2025112311,31.16
2025112312,26.7
2025112312,28.62
2025112312,18.54
2025112312,13.85
2025112313,10.91
2025112313,13.44
2025112313,11.61
2025112313,9.16
2025112314,6.77
2025112314,6.18
2025112314,6.88
2025112314,2.54
2025112315,0.0
2025112315,-0.0001
2025112315,-0.0001
2025112315,-0.0001
2025112316,-0.0001
2025112316,-0.0001
2025112316,-0.0001
2025112316,-0.0001
2025112317,-0.0001
2025112317,-0.0001
2025112317,-0.0001
2025112317,-0.0001
2025112318,-0.0001
2025112318,-0.0001
2025112318,-0.0001
2025112318,-0.0001
2025112319,-0.0001
2025112319,-0.0001
2025112319,-0.0001
2025112319,-0.0001
2025112320,-0.0001
2025112320,-0.0001
2025112320,-0.0001
2025112320,-0.0001
2025112321,-0.0001
2025112321,-0.0001
2025112321,-0.0001
2025112321,-0.0001
2025112322,-0.0001
2025112322,-0.0001
2025112322,-0.0001
2025112322,-0.0001
2025112323,-0.0001
2025112323,-0.0001
2025112323,-0.0001
2025112323,-0.0001
2025112400,0.0
2025112400,-0.0001
2025112400,-0.0001
2025112400,-0.0001
2025112401,-0.0001
2025112401,-0.0001
2025112401,-0.0001
2025112401,-0.0001
2025112402,-0.0001
2025112402,-0.0001
2025112402,-0.0001
2025112402,-0.0001
2025112403,-0.0001
2025112403,-0.0001
2025112403,-0.0001
2025112403,-0.0001
2025112404,-0.0001
2025112404,-0.0001
2025112404,-0.0001
2025112404,-0.0001
2025112405,-0.0001
2025112405,-0.0001
2025112405,-0.0001
2025112405,-0.0001
2025112406,-0.0001
2025112406,-0.0001
2025112406,-0.0001
2025112406,-0.0001
2025112407,-0.0001
2025112407,-0.0001
2025112407,-0.0001
2025112407,-0.0001
2025112408,0.08
2025112408,0.47
2025112408,-0.0001
2025112408,-0.0001
2025112409,0.75
2025112409,1.02
2025112409,1.36
2025112409,2.56
2025112410,2.31
2025112410,0.73
2025112410,1.53
2025112410,1.77
2025112411,1.28
2025112411,3.45
2025112411,1.4
2025112411,1.76
2025112412,0.47
2025112412,1.69
2025112412,1.33
2025112412,1.17
2025112413,0.93
2025112413,1.92
2025112413,1.25
2025112413,1.18
2025112414,1.17
2025112414,0.74
2025112414,0.01
2025112414,0.0
2025112415,-0.0001
2025112415,-0.0001
2025112415,-0.0001
2025112415,-0.0001
2025112416,-0.0001
2025112416,-0.0001
2025112416,-0.0001
2025112416,-0.0001
2025112417,-0.0001
2025112417,-0.0001
2025112417,-0.0001
2025112417,-0.0001
2025112418,-0.0001
2025112418,-0.0001
2025112418,-0.0001
2025112418,-0.0001
2025112419,-0.0001
2025112419,-0.0001
2025112419,-0.0001
2025112419,-0.0001
2025112420,-0.0001
2025112420,-0.0001
2025112420,-0.0001
2025112420,-0.0001
2025112421,-0.0001
2025112421,-0.0001
2025112421,-0.0001
2025112421,-0.0001
2025112422,-0.0001
2025112422,-0.0001
2025112422,-0.0001
2025112422,-0.0001
2025112423,-0.0001
2025112423,-0.0001
2025112423,-0.0001
2025112423,-0.0001
2025112500,0.0
2025112500,-0.0001
2025112500,-0.0001
2025112500,-0.0001
2025112501,-0.0001
2025112501,-0.0001
2025112501,-0.0001
2025112501,-0.0001
2025112502,-0.0001
2025112502,-0.0001
2025112502,-0.0001
2025112502,-0.0001
2025112503,-0.0001
2025112503,-0.0001
2025112503,-0.0001
2025112503,-0.0001
2025112504,-0.0001
2025112504,-0.0001
2025112504,-0.0001
2025112504,-0.0001
2025112505,-0.0001
2025112505,-0.0001
2025112505,-0.0001
2025112505,-0.0001
2025112506,-0.0001
2025112506,-0.0001
2025112506,-0.0001
2025112506,-0.0001
2025112507,0.07
2025112507,-0.0001
2025112507,-0.0001
2025112507,-0.0001
2025112508,2.11
2025112508,3.91
2025112508,4.22
2025112508,4.58
2025112509,5.41
2025112509,7.13
2025112509,9.56
2025112509,9.63
2025112510,9.32
2025112510,10.83
2025112510,8.47
2025112510,9.57
2025112511,11.14
2025112511,11.95
2025112511,12.78
2025112511,12.56
2025112512,13.6
2025112512,14.06
2025112512,10.89
2025112512,8.09
2025112513,8.75
2025112513,10.95
2025112513,10.74
2025112513,7.98
2025112514,6.39
2025112514,5.13
2025112514,2.49
2025112514,0.28
2025112515,0.0
2025112515,-0.0001
2025112515,-0.0001
2025112515,-0.0001
2025112516,-0.0001
2025112516,-0.0001
2025112516,-0.0001
2025112516,-0.0001
2025112517,-0.0001
2025112517,-0.0001
2025112517,-0.0001
2025112517,-0.0001
2025112518,-0.0001
2025112518,-0.0001
2025112518,-0.0001
2025112518,-0.0001
2025112519,-0.0001
2025112519,-0.0001
2025112519,-0.0001
2025112519,-0.0001
2025112520,-0.0001
2025112520,-0.0001
2025112520,-0.0001
2025112520,-0.0001
2025112521,-0.0001
2025112521,-0.0001
2025112521,-0.0001
2025112521,-0.0001
2025112522,-0.0001
2025112522,-0.0001
2025112522,-0.0001
2025112522,-0.0001
2025112523,-0.0001
2025112523,-0.0001
2025112523,-0.0001
2025112523,-0.0001
2025112600,0.0
2025112600,-0.0001
2025112600,-0.0001
2025112600,-0.0001
2025112601,-0.0001
2025112601,-0.0001
2025112601,-0.0001
2025112601,-0.0001
2025112602,-0.0001
2025112602,-0.0001
2025112602,-0.0001
2025112602,-0.0001
2025112603,-0.0001
2025112603,-0.0001
2025112603,-0.0001
2025112603,-0.0001
2025112604,-0.0001
2025112604,-0.0001
2025112604,-0.0001
2025112604,-0.0001
2025112605,-0.0001
2025112605,-0.0001
2025112605,-0.0001
2025112605,-0.0001
2025112606,-0.0001
2025112606,-0.0001
2025112606,-0.0001
2025112606,-0.0001
2025112607,1.03
2025112607,2.64
2025112607,5.43
2025112607,-0.0001
2025112608,9.27
2025112608,20.65
2025112608,28.11
2025112608,28.33
2025112609,20.43
2025112609,21.2
2025112609,27.31
2025112609,35.27
2025112610,28.57
2025112610,32.08
2025112610,54.39
2025112610,58.36
2025112611,58.74
2025112611,58.56
2025112611,57.47
2025112611,55.39
2025112612,52.53
2025112612,50.77
2025112612,50.8
2025112612,37.34
2025112613,32.17
2025112613,23.8
2025112613,27.63
2025112613,19.49
2025112614,10.66
2025112614,6.54
2025112614,3.48
2025112614,0.82
2025112615,0.0
2025112615,-0.0001
2025112615,-0.0001
2025112615,-0.0001
2025112616,-0.0001
2025112616,-0.0001
2025112616,-0.0001
2025112616,-0.0001
2025112617,-0.0001
2025112617,-0.0001
2025112617,-0.0001
2025112617,-0.0001
2025112618,-0.0001
2025112618,-0.0001
2025112618,-0.0001
2025112618,-0.0001
2025112619,-0.0001
2025112619,-0.0001
2025112619,-0.0001
2025112619,-0.0001
2025112620,-0.0001
2025112620,-0.0001
2025112620,-0.0001
2025112620,-0.0001
2025112621,-0.0001
2025112621,-0.0001
2025112621,-0.0001
2025112621,-0.0001
2025112622,-0.0001
2025112622,-0.0001
2025112622,-0.0001
2025112622,-0.0001
2025112623,-0.0001
2025112623,-0.0001
2025112623,-0.0001
2025112623,-0.0001
2025112700,0.0
2025112700,-0.0001
2025112700,-0.0001
2025112700,-0.0001
2025112701,-0.0001
2025112701,-0.0001
2025112701,-0.0001
2025112701,-0.0001
2025112702,-0.0001
2025112702,-0.0001
2025112702,-0.0001
2025112702,-0.0001
2025112703,-0.0001
2025112703,-0.0001
2025112703,-0.0001
2025112703,-0.0001
2025112704,-0.0001
2025112704,-0.0001
2025112704,-0.0001
2025112704,-0.0001
2025112705,-0.0001
2025112705,-0.0001
2025112705,-0.0001
2025112705,-0.0001
2025112706,-0.0001
2025112706,-0.0001
2025112706,-0.0001
2025112706,-0.0001
2025112707,0.49
2025112707,-0.0001
2025112707,-0.0001
2025112707,-0.0001
2025112708,2.22
2025112708,3.84
2025112708,3.99
2025112708,4.13
2025112709,4.55
2025112709,4.57
2025112709,4.65
2025112709,5.31
2025112710,5.64
2025112710,7.03
2025112710,8.63
2025112710,6.29
2025112711,4.77
2025112711,5.19
2025112711,5.13
2025112711,5.92
2025112712,6.52
2025112712,5.85
2025112712,4.74
2025112712,5.86
2025112713,6.53
2025112713,5.7
2025112713,4.7
2025112713,4.24
2025112714,3.18
2025112714,1.79
2025112714,0.39
2025112714,0.0
2025112715,-0.0001
2025112715,-0.0001
2025112715,-0.0001
2025112715,-0.0001
2025112716,-0.0001
2025112716,-0.0001
2025112716,-0.0001
2025112716,-0.0001
2025112717,-0.0001
2025112717,-0.0001
2025112717,-0.0001
2025112717,-0.0001
2025112718,-0.0001
2025112718,-0.0001
2025112718,-0.0001
2025112718,-0.0001
2025112719,-0.0001
2025112719,-0.0001
2025112719,-0.0001
2025112719,-0.0001
2025112720,-0.0001
2025112720,-0.0001
2025112720,-0.0001
2025112720,-0.0001
2025112721,-0.0001
2025112721,-0.0001
2025112721,-0.0001
2025112721,-0.0001
2025112722,-0.0001
2025112722,-0.0001
2025112722,-0.0001
2025112722,-0.0001
2025112723,-0.0001
2025112723,-0.0001
2025112723,-0.0001
2025112723,-0.0001
2025112800,0.0
2025112800,-0.0001
2025112800,-0.0001
2025112800,-0.0001
2025112801,-0.0001
2025112801,-0.0001
2025112801,-0.0001
2025112801,-0.0001
2025112802,-0.0001
2025112802,-0.0001
2025112802,-0.0001
2025112802,-0.0001
2025112803,-0.0001
2025112803,-0.0001
2025112803,-0.0001
2025112803,-0.0001
2025112804,-0.0001
2025112804,-0.0001
2025112804,-0.0001
2025112804,-0.0001
2025112805,-0.0001
2025112805,-0.0001
2025112805,-0.0001
2025112805,-0.0001
2025112806,-0.0001
2025112806,-0.0001
2025112806,-0.0001
2025112806,-0.0001
2025112807,0.35
2025112807,1.31
2025112807,-0.0001
2025112807,-0.0001
2025112808,0.45
2025112808,1.92
2025112808,3.74
2025112808,3.9
2025112809,5.35
2025112809,10.43
2025112809,10.08
2025112809,12.12
2025112810,14.21
2025112810,22.69
2025112810,12.44
2025112810,18.67
2025112811,11.17
2025112811,18.78
2025112811,11.09
2025112811,15.0
2025112812,11.59
2025112812,11.14
2025112812,10.16
2025112812,11.95
2025112813,10.08
2025112813,8.34
2025112813,7.72
2025112813,6.52
2025112814,4.97
2025112814,4.02
2025112814,1.37
2025112814,0.05
2025112815,0.0
2025112815,-0.0001
2025112815,-0.0001
2025112815,-0.0001
2025112816,-0.0001
2025112816,-0.0001
2025112816,-0.0001
2025112816,-0.0001
2025112817,-0.0001
2025112817,-0.0001
2025112817,-0.0001
2025112817,-0.0001
2025112818,-0.0001
2025112818,-0.0001
2025112818,-0.0001
2025112818,-0.0001
2025112819,-0.0001
2025112819,-0.0001
2025112819,-0.0001
2025112819,-0.0001
2025112820,-0.0001
2025112820,-0.0001
2025112820,-0.0001
2025112820,-0.0001
2025112821,-0.0001
2025112821,-0.0001
2025112821,-0.0001
2025112821,-0.0001
2025112822,-0.0001
2025112822,-0.0001
2025112822,-0.0001
2025112822,-0.0001
2025112823,-0.0001
2025112823,-0.0001
2025112823,-0.0001
2025112823,-0.0001
2025112900,0.0
2025112900,-0.0001
2025112900,-0.0001
2025112900,-0.0001
2025112901,-0.0001
2025112901,-0.0001
2025112901,-0.0001
2025112901,-0.0001
2025112902,-0.0001
2025112902,-0.0001
2025112902,-0.0001
2025112902,-0.0001
2025112903,-0.0001
2025112903,-0.0001
2025112903,-0.0001
2025112903,-0.0001
2025112904,-0.0001
2025112904,-0.0001
2025112904,-0.0001
2025112904,-0.0001
2025112905,-0.0001
2025112905,-0.0001
2025112905,-0.0001
2025112905,-0.0001
2025112906,-0.0001
2025112906,-0.0001
2025112906,-0.0001
2025112906,-0.0001
2025112907,0.71
2025112907,3.09
2025112907,6.71
2025112907,-0.0001
2025112908,7.18
2025112908,9.61
2025112908,10.06
2025112908,17.0
2025112909,26.95
2025112909,24.06
2025112909,16.5
2025112909,15.24
2025112910,12.05
2025112910,12.03
2025112910,8.53
2025112910,9.18
2025112911,14.28
2025112911,20.41
2025112911,12.88
2025112911,8.26
2025112912,22.82
2025112912,17.47
2025112912,11.35
2025112912,4.88
2025112913,5.21
2025112913,5.63
2025112913,6.09
2025112913,3.51
2025112914,3.31
2025112914,1.4
2025112914,0.17
2025112914,0.0
2025112915,-0.0001
2025112915,-0.0001
2025112915,-0.0001
2025112915,-0.0001
2025112916,-0.0001
2025112916,-0.0001
2025112916,-0.0001
2025112916,-0.0001
2025112917,-0.0001
2025112917,-0.0001
2025112917,-0.0001
2025112917,-0.0001
2025112918,-0.0001
2025112918,-0.0001
2025112918,-0.0001
2025112918,-0.0001
2025112919,-0.0001
2025112919,-0.0001
2025112919,-0.0001
2025112919,-0.0001
2025112920,-0.0001
2025112920,-0.0001
2025112920,-0.0001
2025112920,-0.0001
2025112921,-0.0001
2025112921,-0.0001
2025112921,-0.0001
2025112921,-0.0001
2025112922,-0.0001
2025112922,-0.0001
2025112922,-0.0001
2025112922,-0.0001
2025112923,-0.0001
2025112923,-0.0001
2025112923,-0.0001
2025112923,-0.0001
2025113000,0.0
2025113000,-0.0001
2025113000,-0.0001
2025113000,-0.0001
2025113001,-0.0001
2025113001,-0.0001
2025113001,-0.0001
2025113001,-0.0001
2025113002,-0.0001
2025113002,-0.0001
2025113002,-0.0001
2025113002,-0.0001
2025113003,-0.0001
2025113003,-0.0001
2025113003,-0.0001
2025113003,-0.0001
2025113004,-0.0001
2025113004,-0.0001
2025113004,-0.0001
2025113004,-0.0001
2025113005,-0.0001
2025113005,-0.0001
2025113005,-0.0001
2025113005,-0.0001
2025113006,-0.0001
2025113006,-0.0001
2025113006,-0.0001
2025113006,-0.0001
2025113007,0.1
2025113007,1.12
2025113007,2.98
2025113007,-0.0001
2025113008,4.62
2025113008,7.28
2025113008,8.22
2025113008,9.98
2025113009,14.37
2025113009,14.14
2025113009,15.05
2025113009,18.58
2025113010,22.08
2025113010,13.47
2025113010,12.94
2025113010,11.98
2025113011,9.86
2025113011,20.46
2025113011,23.15
2025113011,25.77
2025113012,17.14
2025113012,19.15
2025113012,19.12
2025113012,25.47
2025113013,20.02
2025113013,16.37
2025113013,9.59
2025113013,8.23
2025113014,8.78
2025113014,2.86
2025113014,1.08
2025113014,0.08
2025113015,0.0
2025113015,-0.0001
2025113015,-0.0001
2025113015,-0.0001
2025113016,-0.0001
2025113016,-0.0001
2025113016,-0.0001
2025113016,-0.0001
2025113017,-0.0001
2025113017,-0.0001
2025113017,-0.0001
2025113017,-0.0001
2025113018,-0.0001
2025113018,-0.0001
2025113018,-0.0001
2025113018,-0.0001
2025113019,-0.0001
2025113019,-0.0001
2025113019,-0.0001
2025113019,-0.0001
2025113020,-0.0001
2025113020,-0.0001
2025113020,-0.0001
2025113020,-0.0001
2025113021,-0.0001
2025113021,-0.0001
2025113021,-0.0001
2025113021,-0.0001
2025113022,-0.0001
2025113022,-0.0001
2025113022,-0.0001
2025113022,-0.0001
2025113023,-0.0001
2025113023,-0.0001
2025113023,-0.0001
2025113023,-0.0001
2025120100,0.0
2025120100,-0.0001
2025120100,-0.0001
2025120100,-0.0001
2025120101,-0.0001
2025120101,-0.0001
2025120101,-0.0001
2025120101,-0.0001
2025120102,-0.0001
2025120102,-0.0001
2025120102,-0.0001
2025120102,-0.0001
2025120103,-0.0001
2025120103,-0.0001
2025120103,-0.0001
2025120103,-0.0001
2025120104,-0.0001
2025120104,-0.0001
2025120104,-0.0001
2025120104,-0.0001
2025120105,-0.0001
2025120105,-0.0001
2025120105,-0.0001
2025120105,-0.0001
2025120106,-0.0001
2025120106,-0.0001
2025120106,-0.0001
2025120106,-0.0001
2025120107,1.02
2025120107,2.76
2025120107,5.8
2025120107,-0.0001
2025120108,6.76
2025120108,8.71
2025120108,16.77
2025120108,9.87
2025120109,7.48
2025120109,15.35
2025120109,26.61
2025120109,17.34
2025120110,21.03
2025120110,18.93
2025120110,19.38
2025120110,15.15
2025120111,12.2
2025120111,15.01
2025120111,14.12
2025120111,13.07
2025120112,9.92
2025120112,7.33
2025120112,6.26
2025120112,6.52
2025120113,7.91
2025120113,7.39
2025120113,10.95
2025120113,7.73
2025120114,5.24
2025120114,3.37
2025120114,1.24
2025120114,0.02
2025120115,0.0
2025120115,-0.0001
2025120115,-0.0001
2025120115,-0.0001
2025120116,-0.0001
2025120116,-0.0001
2025120116,-0.0001
2025120116,-0.0001
2025120117,-0.0001
2025120117,-0.0001
2025120117,-0.0001
2025120117,-0.0001
2025120118,-0.0001
2025120118,-0.0001
2025120118,-0.0001
2025120118,-0.0001
2025120119,-0.0001
2025120119,-0.0001
2025120119,-0.0001
2025120119,-0.0001
2025120120,-0.0001
2025120120,-0.0001
2025120120,-0.0001
2025120120,-0.0001
2025120121,-0.0001
2025120121,-0.0001
2025120121,-0.0001
2025120121,-0.0001
2025120122,-0.0001
2025120122,-0.0001
2025120122,-0.0001
2025120122,-0.0001
2025120123,-0.0001
2025120123,-0.0001
2025120123,-0.0001
2025120123,-0.0001
2025120200,0.0
2025120200,-0.0001
2025120200,-0.0001
2025120200,-0.0001
2025120201,-0.0001
2025120201,-0.0001
2025120201,-0.0001
2025120201,-0.0001
2025120202,-0.0001
2025120202,-0.0001
2025120202,-0.0001
2025120202,-0.0001
2025120203,-0.0001
2025120203,-0.0001
2025120203,-0.0001
2025120203,-0.0001
2025120204,-0.0001
2025120204,-0.0001
2025120204,-0.0001
2025120204,-0.0001
2025120205,-0.0001
2025120205,-0.0001
2025120205,-0.0001
2025120205,-0.0001
2025120206,-0.0001
2025120206,-0.0001
2025120206,-0.0001
2025120206,-0.0001
2025120207,0.42
2025120207,2.01
2025120207,-0.0001
2025120207,-0.0001
2025120208,3.91
2025120208,6.04
2025120208,8.98
2025120208,9.82
2025120209,12.67
2025120209,16.69
2025120209,13.92
2025120209,12.28
2025120210,10.11
2025120210,12.1
2025120210,22.27
2025120210,23.44
2025120211,30.15
2025120211,23.87
2025120211,18.87
2025120211,16.43
2025120212,13.59
2025120212,10.26
2025120212,7.73
2025120212,7.99
2025120213,6.95
2025120213,4.81
2025120213,3.84
2025120213,3.34
2025120214,2.29
2025120214,0.84
2025120214,0.11
2025120214,0.0
2025120215,-0.0001
2025120215,-0.0001
2025120215,-0.0001
2025120215,-0.0001
2025120216,-0.0001
2025120216,-0.0001
2025120216,-0.0001
2025120216,-0.0001
2025120217,-0.0001
2025120217,-0.0001
2025120217,-0.0001
2025120217,-0.0001
2025120218,-0.0001
2025120218,-0.0001
2025120218,-0.0001
2025120218,-0.0001
2025120219,-0.0001
2025120219,-0.0001
2025120219,-0.0001
2025120219,-0.0001
2025120220,-0.0001
2025120220,-0.0001
2025120220,-0.0001
2025120220,-0.0001
2025120221,-0.0001
2025120221,-0.0001
2025120221,-0.0001
2025120221,-0.0001
2025120222,-0.0001
2025120222,-0.0001
2025120222,-0.0001
2025120222,-0.0001
2025120223,-0.0001
2025120223,-0.0001
2025120223,-0.0001
2025120223,-0.0001
2025120300,0.0
2025120300,-0.0001
2025120300,-0.0001
2025120300,-0.0001
2025120301,-0.0001
2025120301,-0.0001
2025120301,-0.0001
2025120301,-0.0001
2025120302,-0.0001
2025120302,-0.0001
2025120302,-0.0001
2025120302,-0.0001
2025120303,-0.0001
2025120303,-0.0001
2025120303,-0.0001
2025120303,-0.0001
2025120304,-0.0001
2025120304,-0.0001
2025120304,-0.0001
2025120304,-0.0001
2025120305,-0.0001
2025120305,-0.0001
2025120305,-0.0001
2025120305,-0.0001
2025120306,-0.0001
2025120306,-0.0001
2025120306,-0.0001
2025120306,-0.0001
2025120307,-0.0001
2025120307,-0.0001
2025120307,-0.0001
2025120307,-0.0001
2025120308,0.95
2025120308,2.67
2025120308,3.26
2025120308,4.64
2025120309,5.45
2025120309,6.63
2025120309,7.12
2025120309,8.21
2025120310,8.76
2025120310,10.03
2025120310,9.42
2025120310,9.88
2025120311,7.65
2025120311,7.04
2025120311,6.36
2025120311,6.88
2025120312,8.25
2025120312,6.59
2025120312,5.51
2025120312,5.03
2025120313,5.11
2025120313,4.65
2025120313,4.38
2025120313,4.57
2025120314,3.94
2025120314,1.56
2025120314,0.05
2025120314,0.0
2025120315,-0.0001
2025120315,-0.0001
2025120315,-0.0001
2025120315,-0.0001
2025120316,-0.0001
2025120316,-0.0001
2025120316,-0.0001
2025120316,-0.0001
2025120317,-0.0001
2025120317,-0.0001
2025120317,-0.0001
2025120317,-0.0001
2025120318,-0.0001
2025120318,-0.0001
2025120318,-0.0001
2025120318,-0.0001
2025120319,-0.0001
2025120319,-0.0001
2025120319,-0.0001
2025120319,-0.0001
2025120320,-0.0001
2025120320,-0.0001
2025120320,-0.0001
2025120320,-0.0001
2025120321,-0.0001
2025120321,-0.0001
2025120321,-0.0001
2025120321,-0.0001
2025120322,-0.0001
2025120322,-0.0001
2025120322,-0.0001
2025120322,-0.0001
2025120323,-0.0001
2025120323,-0.0001
2025120323,-0.0001
2025120323,-0.0001
2025120400,0.0
2025120400,-0.0001
2025120400,-0.0001
2025120400,-0.0001
2025120401,-0.0001
2025120401,-0.0001
2025120401,-0.0001
2025120401,-0.0001
2025120402,-0.0001
2025120402,-0.0001
2025120402,-0.0001
2025120402,-0.0001
2025120403,-0.0001
2025120403,-0.0001
2025120403,-0.0001
2025120403,-0.0001
2025120404,-0.0001
2025120404,-0.0001
2025120404,-0.0001
2025120404,-0.0001
2025120405,-0.0001
2025120405,-0.0001
2025120405,-0.0001
2025120405,-0.0001
2025120406,-0.0001
2025120406,-0.0001
2025120406,-0.0001
2025120406,-0.0001
2025120407,-0.0001
2025120407,-0.0001
2025120407,-0.0001
2025120407,-0.0001
2025120408,0.85
2025120408,1.97
2025120408,3.17
2025120408,3.1
2025120409,3.29
2025120409,3.49
2025120409,4.24
2025120409,4.92
2025120410,5.23
2025120410,4.92
2025120410,4.79
2025120410,5.73
2025120411,3.61
2025120411,4.98
2025120411,4.94
2025120411,4.91
2025120412,4.34
2025120412,5.13
2025120412,6.35
2025120412,12.95
2025120413,11.87
2025120413,7.7
2025120413,4.53
2025120413,5.09
2025120414,5.71
2025120414,2.15
2025120414,0.6
2025120414,0.09
2025120415,0.0
2025120415,-0.0001
2025120415,-0.0001
2025120415,-0.0001
2025120416,-0.0001
2025120416,-0.0001
2025120416,-0.0001
2025120416,-0.0001
2025120417,-0.0001
2025120417,-0.0001
2025120417,-0.0001
2025120417,-0.0001
2025120418,-0.0001
2025120418,-0.0001
2025120418,-0.0001
2025120418,-0.0001
2025120419,-0.0001
2025120419,-0.0001
2025120419,-0.0001
2025120419,-0.0001
2025120420,-0.0001
2025120420,-0.0001
2025120420,-0.0001
2025120420,-0.0001
2025120421,-0.0001
2025120421,-0.0001
2025120421,-0.0001
2025120421,-0.0001
2025120422,-0.0001
2025120422,-0.0001
2025120422,-0.0001
2025120422,-0.0001
2025120423,-0.0001
2025120423,-0.0001
2025120423,-0.0001
2025120423,-0.0001
2025120500,0.0
2025120500,-0.0001
2025120500,-0.0001
2025120500,-0.0001
2025120501,-0.0001
2025120501,-0.0001
2025120501,-0.0001
2025120501,-0.0001
2025120502,-0.0001
2025120502,-0.0001
2025120502,-0.0001
2025120502,-0.0001
2025120503,-0.0001
2025120503,-0.0001
2025120503,-0.0001
2025120503,-0.0001
2025120504,-0.0001
2025120504,-0.0001
2025120504,-0.0001
2025120504,-0.0001
2025120505,-0.0001
2025120505,-0.0001
2025120505,-0.0001
2025120505,-0.0001
2025120506,-0.0001
2025120506,-0.0001
2025120506,-0.0001
2025120506,-0.0001
2025120507,-0.0001
2025120507,-0.0001
2025120507,-0.0001
2025120507,-0.0001
2025120508,0.04
2025120508,0.52
2025120508,1.11
2025120508,-0.0001
2025120509,1.59
2025120509,2.22
2025120509,2.62
2025120509,4.4
2025120510,5.04
2025120510,6.44
2025120510,6.11
2025120510,6.36
2025120511,7.54
2025120511,7.25
2025120511,7.03
2025120511,8.05
2025120512,8.2
2025120512,6.06
2025120512,5.03
2025120512,4.88
2025120513,5.76
2025120513,6.15
2025120513,5.12
2025120513,2.58
2025120514,1.57
2025120514,0.75
2025120514,0.01
2025120514,0.0
2025120515,-0.0001
2025120515,-0.0001
2025120515,-0.0001
2025120515,-0.0001
2025120516,-0.0001
2025120516,-0.0001
2025120516,-0.0001
2025120516,-0.0001
2025120517,-0.0001
2025120517,-0.0001
2025120517,-0.0001
2025120517,-0.0001
2025120518,-0.0001
2025120518,-0.0001
2025120518,-0.0001
2025120518,-0.0001
2025120519,-0.0001
2025120519,-0.0001
2025120519,-0.0001
2025120519,-0.0001
2025120520,-0.0001
2025120520,-0.0001
2025120520,-0.0001
2025120520,-0.0001
2025120521,-0.0001
2025120521,-0.0001
2025120521,-0.0001
2025120521,-0.0001
2025120522,-0.0001
2025120522,-0.0001
2025120522,-0.0001
2025120522,-0.0001
2025120523,-0.0001
2025120523,-0.0001
2025120523,-0.0001
2025120523,-0.0001
2025120600,0.0
2025120600,-0.0001
2025120600,-0.0001
2025120600,-0.0001
2025120601,-0.0001
2025120601,-0.0001
2025120601,-0.0001
2025120601,-0.0001
2025120602,-0.0001
2025120602,-0.0001
2025120602,-0.0001
2025120602,-0.0001
2025120603,-0.0001
2025120603,-0.0001
2025120603,-0.0001
2025120603,-0.0001
2025120604,-0.0001
2025120604,-0.0001
2025120604,-0.0001
2025120604,-0.0001
2025120605,-0.0001
2025120605,-0.0001
2025120605,-0.0001
2025120605,-0.0001
2025120606,-0.0001
2025120606,-0.0001
2025120606,-0.0001
2025120606,-0.0001
2025120607,-0.0001
2025120607,-0.0001
2025120607,-0.0001
2025120607,-0.0001
2025120608,0.44
2025120608,2.53
2025120608,6.29
2025120608,7.18
2025120609,9.55
2025120609,11.86
2025120609,12.1
2025120609,12.49
2025120610,14.93
2025120610,10.83
2025120610,8.49
2025120610,11.14
2025120611,13.51
2025120611,12.58
2025120611,11.07
2025120611,10.63
2025120612,8.69
2025120612,7.37
2025120612,5.39
2025120612,5.37
2025120613,5.65
2025120613,6.6
2025120613,3.8
2025120613,4.31
2025120614,2.54
2025120614,0.38
2025120614,0.0
2025120614,-0.0001
2025120615,-0.0001
2025120615,-0.0001
2025120615,-0.0001
2025120615,-0.0001
2025120616,-0.0001
2025120616,-0.0001
2025120616,-0.0001
2025120616,-0.0001
2025120617,-0.0001
2025120617,-0.0001
2025120617,-0.0001
2025120617,-0.0001
2025120618,-0.0001
2025120618,-0.0001
2025120618,-0.0001
2025120618,-0.0001
2025120619,-0.0001
2025120619,-0.0001
2025120619,-0.0001
2025120619,-0.0001
2025120620,-0.0001
2025120620,-0.0001
2025120620,-0.0001
2025120620,-0.0001
2025120621,-0.0001
2025120621,-0.0001
2025120621,-0.0001
2025120621,-0.0001
2025120622,-0.0001
2025120622,-0.0001
2025120622,-0.0001
2025120622,-0.0001
2025120623,-0.0001
2025120623,-0.0001
2025120623,-0.0001
2025120623,-0.0001
2025120700,0.0
2025120700,-0.0001
2025120700,-0.0001
2025120700,-0.0001
2025120701,-0.0001
2025120701,-0.0001
2025120701,-0.0001
2025120701,-0.0001
2025120702,-0.0001
2025120702,-0.0001
2025120702,-0.0001
2025120702,-0.0001
2025120703,-0.0001
2025120703,-0.0001
2025120703,-0.0001
2025120703,-0.0001
2025120704,-0.0001
2025120704,-0.0001
2025120704,-0.0001
2025120704,-0.0001
2025120705,-0.0001
2025120705,-0.0001
2025120705,-0.0001
2025120705,-0.0001
2025120706,-0.0001
2025120706,-0.0001
2025120706,-0.0001
2025120706,-0.0001
2025120707,-0.0001
2025120707,-0.0001
2025120707,-0.0001
2025120707,-0.0001
2025120708,0.27
2025120708,0.82
2025120708,2.25
2025120708,2.94
2025120709,3.89
2025120709,4.36
2025120709,5.76
2025120709,4.44
2025120710,5.06
2025120710,4.49
2025120710,7.35
2025120710,15.43
2025120711,17.36
2025120711,21.89
2025120711,28.95
2025120711,17.0
2025120712,9.37
2025120712,8.4
2025120712,9.47
2025120712,8.83
2025120713,5.99
2025120713,7.19
2025120713,4.04
2025120713,1.52
2025120714,1.51
2025120714,1.15
2025120714,0.04
2025120714,0.0
2025120715,-0.0001
2025120715,-0.0001
2025120715,-0.0001
2025120715,-0.0001
2025120716,-0.0001
2025120716,-0.0001
2025120716,-0.0001
2025120716,-0.0001
2025120717,-0.0001
2025120717,-0.0001
2025120717,-0.0001
2025120717,-0.0001
2025120718,-0.0001
2025120718,-0.0001
2025120718,-0.0001
2025120718,-0.0001
2025120719,-0.0001
2025120719,-0.0001
2025120719,-0.0001
2025120719,-0.0001
2025120720,-0.0001
2025120720,-0.0001
2025120720,-0.0001
2025120720,-0.0001
2025120721,-0.0001
2025120721,-0.0001
2025120721,-0.0001
2025120721,-0.0001
2025120722,-0.0001
2025120722,-0.0001
2025120722,-0.0001
2025120722,-0.0001
2025120723,-0.0001
2025120723,-0.0001
2025120723,-0.0001
2025120723,-0.0001
2025120800,0.0
2025120800,-0.0001
2025120800,-0.0001
2025120800,-0.0001
2025120801,-0.0001
2025120801,-0.0001
2025120801,-0.0001
2025120801,-0.0001
2025120802,-0.0001
2025120802,-0.0001
2025120802,-0.0001
2025120802,-0.0001
2025120803,-0.0001
2025120803,-0.0001
2025120803,-0.0001
2025120803,-0.0001
2025120804,-0.0001
2025120804,-0.0001
2025120804,-0.0001
2025120804,-0.0001
2025120805,-0.0001
2025120805,-0.0001
2025120805,-0.0001
2025120805,-0.0001
2025120806,-0.0001
2025120806,-0.0001
2025120806,-0.0001
2025120806,-0.0001
2025120807,-0.0001
2025120807,-0.0001
2025120807,-0.0001
2025120807,-0.0001
2025120808,0.3
2025120808,1.65
2025120808,3.83
2025120808,7.6
2025120809,7.56
2025120809,10.01
2025120809,8.85
2025120809,8.22
2025120810,10.32
2025120810,10.05
2025120810,10.3
2025120810,12.54
2025120811,23.11
2025120811,36.28
2025120811,19.75
2025120811,13.79
2025120812,8.31
2025120812,7.09
2025120812,9.8
2025120812,9.35
2025120813,7.7
2025120813,6.49
2025120813,5.15
2025120813,4.89
2025120814,2.39
2025120814,0.98
2025120814,0.14
2025120814,0.0
2025120815,-0.0001
2025120815,-0.0001
2025120815,-0.0001
2025120815,-0.0001
2025120816,-0.0001
2025120816,-0.0001
2025120816,-0.0001
2025120816,-0.0001
2025120817,-0.0001
2025120817,-0.0001
2025120817,-0.0001
2025120817,-0.0001
2025120818,-0.0001
2025120818,-0.0001
2025120818,-0.0001
2025120818,-0.0001
2025120819,-0.0001
2025120819,-0.0001
2025120819,-0.0001
2025120819,-0.0001
2025120820,-0.0001
2025120820,-0.0001
2025120820,-0.0001
2025120820,-0.0001
2025120821,-0.0001
2025120821,-0.0001
2025120821,-0.0001
2025120821,-0.0001
2025120822,-0.0001
2025120822,-0.0001
2025120822,-0.0001
2025120822,-0.0001
2025120823,-0.0001
2025120823,-0.0001
2025120823,-0.0001
2025120823,-0.0001
2025120900,0.0
2025120900,-0.0001
2025120900,-0.0001
2025120900,-0.0001
2025120901,-0.0001
2025120901,-0.0001
2025120901,-0.0001
2025120901,-0.0001
2025120902,-0.0001
2025120902,-0.0001
2025120902,-0.0001
2025120902,-0.0001
2025120903,-0.0001
2025120903,-0.0001
2025120903,-0.0001
2025120903,-0.0001
2025120904,-0.0001
2025120904,-0.0001
2025120904,-0.0001
2025120904,-0.0001
2025120905,-0.0001
2025120905,-0.0001
2025120905,-0.0001
2025120905,-0.0001
2025120906,-0.0001
2025120906,-0.0001
2025120906,-0.0001
2025120906,-0.0001
2025120907,-0.0001
2025120907,-0.0001
2025120907,-0.0001
2025120907,-0.0001
2025120908,1.05
2025120908,2.99
2025120908,4.36
2025120908,-0.0001
2025120909,4.45
2025120909,4.91
2025120909,6.11
2025120909,8.18
2025120910,9.46
2025120910,9.7
2025120910,10.85
2025120910,10.06
2025120911,9.16
2025120911,14.69
2025120911,14.36
2025120911,13.52
2025120912,12.65
2025120912,10.15
2025120912,6.6
2025120912,6.11
2025120913,6.55
2025120913,4.43
2025120913,3.86
2025120913,3.55
2025120914,3.21
2025120914,1.03
2025120914,0.0
2025120914,-0.0001
2025120915,-0.0001
2025120915,-0.0001
2025120915,-0.0001
2025120915,-0.0001
2025120916,-0.0001
2025120916,-0.0001
2025120916,-0.0001
2025120916,-0.0001
2025120917,-0.0001
2025120917,-0.0001
2025120917,-0.0001
2025120917,-0.0001
2025120918,-0.0001
2025120918,-0.0001
2025120918,-0.0001
2025120918,-0.0001
2025120919,-0.0001
2025120919,-0.0001
2025120919,-0.0001
2025120919,-0.0001
2025120920,-0.0001
2025120920,-0.0001
2025120920,-0.0001
2025120920,-0.0001
2025120921,-0.0001
2025120921,-0.0001
2025120921,-0.0001
2025120921,-0.0001
2025120922,-0.0001
2025120922,-0.0001
2025120922,-0.0001
2025120922,-0.0001
2025120923,-0.0001
2025120923,-0.0001
2025120923,-0.0001
2025120923,-0.0001
2025121000,0.0
2025121000,-0.0001
2025121000,-0.0001
2025121000,-0.0001
2025121001,-0.0001
2025121001,-0.0001
2025121001,-0.0001
2025121001,-0.0001
2025121002,-0.0001
2025121002,-0.0001
2025121002,-0.0001
2025121002,-0.0001
2025121003,-0.0001
2025121003,-0.0001
2025121003,-0.0001
2025121003,-0.0001
2025121004,-0.0001
2025121004,-0.0001
2025121004,-0.0001
2025121004,-0.0001
2025121005,-0.0001
2025121005,-0.0001
2025121005,-0.0001
2025121005,-0.0001
2025121006,-0.0001
2025121006,-0.0001
2025121006,-0.0001
2025121006,-0.0001
2025121007,0.46
2025121007,-0.0001
2025121007,-0.0001
2025121007,-0.0001
2025121008,2.23
2025121008,3.42
2025121008,5.52
2025121008,8.77
2025121009,7.89
2025121009,10.92
2025121009,19.87
2025121009,25.65
2025121010,13.81
2025121010,10.79
2025121010,13.83
2025121010,13.49
2025121011,10.89
2025121011,21.34
2025121011,29.71
2025121011,18.71
2025121012,13.91
2025121012,23.85
2025121012,18.77
2025121012,13.76
2025121013,12.14
2025121013,10.16
2025121013,8.28
2025121013,4.64
2025121014,3.52
2025121014,2.17
2025121014,0.65
2025121014,0.0
2025121015,-0.0001
2025121015,-0.0001
2025121015,-0.0001
2025121015,-0.0001
2025121016,-0.0001
2025121016,-0.0001
2025121016,-0.0001
2025121016,-0.0001
2025121017,-0.0001
2025121017,-0.0001
2025121017,-0.0001
2025121017,-0.0001
2025121018,-0.0001
2025121018,-0.0001
2025121018,-0.0001
2025121018,-0.0001
2025121019,-0.0001
2025121019,-0.0001
2025121019,-0.0001
2025121019,-0.0001
2025121020,-0.0001
2025121020,-0.0001
2025121020,-0.0001
2025121020,-0.0001
2025121021,-0.0001
2025121021,-0.0001
2025121021,-0.0001
2025121021,-0.0001
2025121022,-0.0001
2025121022,-0.0001
2025121022,-0.0001
2025121022,-0.0001
2025121023,-0.0001
2025121023,-0.0001
2025121023,-0.0001
2025121023,-0.0001
2025121100,0.0
2025121100,-0.0001
2025121100,-0.0001
2025121100,-0.0001
2025121101,-0.0001
2025121101,-0.0001
2025121101,-0.0001
2025121101,-0.0001
2025121102,-0.0001
2025121102,-0.0001
2025121102,-0.0001
2025121102,-0.0001
2025121103,-0.0001
2025121103,-0.0001
2025121103,-0.0001
2025121103,-0.0001
2025121104,-0.0001
2025121104,-0.0001
2025121104,-0.0001
2025121104,-0.0001
2025121105,-0.0001
2025121105,-0.0001
2025121105,-0.0001
2025121105,-0.0001
2025121106,-0.0001
2025121106,-0.0001
2025121106,-0.0001
2025121106,-0.0001
2025121107,0.17
2025121107,-0.0001
2025121107,-0.0001
2025121107,-0.0001
2025121108,1.56
2025121108,2.73
2025121108,2.98
2025121108,4.45
2025121109,7.76
2025121109,9.48
2025121109,12.05
2025121109,13.82
2025121110,12.23
2025121110,16.62
2025121110,15.3
2025121110,10.3
2025121111,22.41
2025121111,21.54
2025121111,13.59
2025121111,10.77
2025121112,9.94
2025121112,10.44
2025121112,9.37
2025121112,10.42
2025121113,9.78
2025121113,18.48
2025121113,17.66
2025121113,12.74
2025121114,5.94
2025121114,3.4
2025121114,1.29
2025121114,0.04
2025121115,0.0
2025121115,-0.0001
2025121115,-0.0001
2025121115,-0.0001
2025121116,-0.0001
2025121116,-0.0001
2025121116,-0.0001
2025121116,-0.0001
2025121117,-0.0001
2025121117,-0.0001
2025121117,-0.0001
2025121117,-0.0001
2025121118,-0.0001
2025121118,-0.0001
2025121118,-0.0001
2025121118,-0.0001
2025121119,-0.0001
2025121119,-0.0001
2025121119,-0.0001
2025121119,-0.0001
2025121120,-0.0001
2025121120,-0.0001
2025121120,-0.0001
2025121120,-0.0001
2025121121,-0.0001
2025121121,-0.0001
2025121121,-0.0001
2025121121,-0.0001
2025121122,-0.0001
2025121122,-0.0001
2025121122,-0.0001
2025121122,-0.0001
2025121123,-0.0001
2025121123,-0.0001
2025121123,-0.0001
2025121123,-0.0001
2025121200,0.0
2025121200,-0.0001
2025121200,-0.0001
2025121200,-0.0001
2025121201,-0.0001
2025121201,-0.0001
2025121201,-0.0001
2025121201,-0.0001
2025121202,-0.0001
2025121202,-0.0001
2025121202,-0.0001
2025121202,-0.0001
2025121203,-0.0001
2025121203,-0.0001
2025121203,-0.0001
2025121203,-0.0001
2025121204,-0.0001
2025121204,-0.0001
2025121204,-0.0001
2025121204,-0.0001
2025121205,-0.0001
2025121205,-0.0001
2025121205,-0.0001
2025121205,-0.0001
2025121206,-0.0001
2025121206,-0.0001
2025121206,-0.0001
2025121206,-0.0001
2025121207,0.05
2025121207,-0.0001
2025121207,-0.0001
2025121207,-0.0001
2025121208,0.83
2025121208,2.69
2025121208,3.23
2025121208,4.84
2025121209,6.9
2025121209,7.76
2025121209,7.3
2025121209,7.51
2025121210,8.34
2025121210,8.03
2025121210,9.34
2025121210,10.04
2025121211,11.85
2025121211,12.83
2025121211,14.08
2025121211,9.63
2025121212,8.67
2025121212,8.02
2025121212,7.65
2025121212,5.72
2025121213,4.68
2025121213,5.55
2025121213,5.08
2025121213,2.22
2025121214,1.15
2025121214,0.35
2025121214,0.04
2025121214,0.0
2025121215,-0.0001
2025121215,-0.0001
2025121215,-0.0001
2025121215,-0.0001
2025121216,-0.0001
2025121216,-0.0001
2025121216,-0.0001
2025121216,-0.0001
2025121217,-0.0001
2025121217,-0.0001
2025121217,-0.0001
2025121217,-0.0001
2025121218,-0.0001
2025121218,-0.0001
2025121218,-0.0001
2025121218,-0.0001
2025121219,-0.0001
2025121219,-0.0001
2025121219,-0.0001
2025121219,-0.0001
2025121220,-0.0001
2025121220,-0.0001
2025121220,-0.0001
2025121220,-0.0001
2025121221,-0.0001
2025121221,-0.0001
2025121221,-0.0001
2025121221,-0.0001
2025121222,-0.0001
2025121222,-0.0001
2025121222,-0.0001
2025121222,-0.0001
2025121223,-0.0001
2025121223,-0.0001
2025121223,-0.0001
2025121223,-0.0001
2025121300,0.0
2025121300,-0.0001
2025121300,-0.0001
2025121300,-0.0001
2025121301,-0.0001
2025121301,-0.0001
2025121301,-0.0001
2025121301,-0.0001
2025121302,-0.0001
2025121302,-0.0001
2025121302,-0.0001
2025121302,-0.0001
2025121303,-0.0001
2025121303,-0.0001
2025121303,-0.0001
2025121303,-0.0001
2025121304,-0.0001
2025121304,-0.0001
2025121304,-0.0001
2025121304,-0.0001
2025121305,-0.0001
2025121305,-0.0001
2025121305,-0.0001
2025121305,-0.0001
2025121306,-0.0001
2025121306,-0.0001
2025121306,-0.0001
2025121306,-0.0001
2025121307,-0.0001
2025121307,-0.0001
2025121307,-0.0001
2025121307,-0.0001
2025121308,0.23
2025121308,1.3
2025121308,2.4
2025121308,-0.0001
2025121309,5.12
2025121309,10.45
2025121309,17.86
2025121309,14.91
2025121310,10.91
2025121310,20.08
2025121310,18.96
2025121310,29.33
2025121311,39.94
2025121311,36.64
2025121311,36.1
2025121311,34.63
2025121312,22.01
2025121312,18.18
2025121312,24.89
2025121312,30.47
2025121313,13.18
2025121313,9.08
2025121313,6.94
2025121313,9.63
2025121314,6.81
2025121314,2.92
2025121314,1.99
2025121314,0.66
2025121315,0.0
2025121315,-0.0001
2025121315,-0.0001
2025121315,-0.0001
2025121316,-0.0001
2025121316,-0.0001
2025121316,-0.0001
2025121316,-0.0001
2025121317,-0.0001
2025121317,-0.0001
2025121317,-0.0001
2025121317,-0.0001
2025121318,-0.0001
2025121318,-0.0001
2025121318,-0.0001
2025121318,-0.0001
2025121319,-0.0001
2025121319,-0.0001
2025121319,-0.0001
2025121319,-0.0001
2025121320,-0.0001
2025121320,-0.0001
2025121320,-0.0001
2025121320,-0.0001
2025121321,-0.0001
2025121321,-0.0001
2025121321,-0.0001
2025121321,-0.0001
2025121322,-0.0001
2025121322,-0.0001
2025121322,-0.0001
2025121322,-0.0001
2025121323,-0.0001
2025121323,-0.0001
2025121323,-0.0001
2025121323,-0.0001
2025121400,0.0
2025121400,-0.0001
2025121400,-0.0001
2025121400,-0.0001
2025121401,-0.0001
2025121401,-0.0001
2025121401,-0.0001
2025121401,-0.0001
2025121402,-0.0001
2025121402,-0.0001
2025121402,-0.0001
2025121402,-0.0001
2025121403,-0.0001
2025121403,-0.0001
2025121403,-0.0001
2025121403,-0.0001
2025121404,-0.0001
2025121404,-0.0001
2025121404,-0.0001
2025121404,-0.0001
2025121405,-0.0001
2025121405,-0.0001
2025121405,-0.0001
2025121405,-0.0001
2025121406,-0.0001
2025121406,-0.0001
2025121406,-0.0001
2025121406,-0.0001
2025121407,-0.0001
2025121407,-0.0001
2025121407,-0.0001
2025121407,-0.0001
2025121408,0.15
2025121408,2.42
2025121408,3.49
2025121408,4.21
2025121409,5.41
2025121409,5.91
2025121409,5.63
2025121409,6.55
2025121410,6.14
2025121410,9.93
2025121410,9.75
2025121410,9.7
2025121411,8.81
2025121411,11.13
2025121411,8.1
2025121411,6.16
2025121412,7.3
2025121412,8.31
2025121412,7.4
2025121412,5.5
2025121413,4.7
2025121413,4.74
2025121413,5.6
2025121413,5.46
2025121414,3.02
2025121414,1.15
2025121414,0.01
2025121414,0.0
2025121415,-0.0001
2025121415,-0.0001
2025121415,-0.0001
2025121415,-0.0001
2025121416,-0.0001
2025121416,-0.0001
2025121416,-0.0001
2025121416,-0.0001
2025121417,-0.0001
2025121417,-0.0001
2025121417,-0.0001
2025121417,-0.0001
2025121418,-0.0001
2025121418,-0.0001
2025121418,-0.0001
2025121418,-0.0001
2025121419,-0.0001
2025121419,-0.0001
2025121419,-0.0001
2025121419,-0.0001
2025121420,-0.0001
2025121420,-0.0001
2025121420,-0.0001
2025121420,-0.0001
2025121421,-0.0001
2025121421,-0.0001
2025121421,-0.0001
2025121421,-0.0001
2025121422,-0.0001
2025121422,-0.0001
2025121422,-0.0001
2025121422,-0.0001
2025121423,-0.0001
2025121423,-0.0001
2025121423,-0.0001
2025121423,-0.0001
2025121500,0.0
2025121500,-0.0001
2025121500,-0.0001
2025121500,-0.0001
2025121501,-0.0001
2025121501,-0.0001
2025121501,-0.0001
2025121501,-0.0001
2025121502,-0.0001
2025121502,-0.0001
2025121502,-0.0001
2025121502,-0.0001
2025121503,-0.0001
2025121503,-0.0001
2025121503,-0.0001
2025121503,-0.0001
2025121504,-0.0001
2025121504,-0.0001
2025121504,-0.0001
2025121504,-0.0001
2025121505,-0.0001
2025121505,-0.0001
2025121505,-0.0001
2025121505,-0.0001
2025121506,-0.0001
2025121506,-0.0001
2025121506,-0.0001
2025121506,-0.0001
2025121507,0.19
2025121507,1.39
2025121507,-0.0001
2025121507,-0.0001
2025121508,3.02
2025121508,4.25
2025121508,4.9
2025121508,4.12
2025121509,3.51
2025121509,5.42
2025121509,5.58
2025121509,6.99
2025121510,7.76
2025121510,9.0
2025121510,13.67
2025121510,8.74
2025121511,8.88
2025121511,7.99
2025121511,8.71
2025121511,7.0
2025121512,6.19
2025121512,5.02
2025121512,4.39
2025121512,4.17
2025121513,4.08
2025121513,3.09
2025121513,2.23
2025121513,1.24
2025121514,0.51
2025121514,0.06
2025121514,0.0
2025121514,-0.0001
2025121515,-0.0001
2025121515,-0.0001
2025121515,-0.0001
2025121515,-0.0001
2025121516,-0.0001
2025121516,-0.0001
2025121516,-0.0001
2025121516,-0.0001
2025121517,-0.0001
2025121517,-0.0001
2025121517,-0.0001
2025121517,-0.0001
2025121518,-0.0001
2025121518,-0.0001
2025121518,-0.0001
2025121518,-0.0001
2025121519,-0.0001
2025121519,-0.0001
2025121519,-0.0001
2025121519,-0.0001
2025121520,-0.0001
2025121520,-0.0001
2025121520,-0.0001
2025121520,-0.0001
2025121521,-0.0001
2025121521,-0.0001
2025121521,-0.0001
2025121521,-0.0001
2025121522,-0.0001
2025121522,-0.0001
2025121522,-0.0001
2025121522,-0.0001
2025121523,-0.0001
2025121523,-0.0001
2025121523,-0.0001
2025121523,-0.0001
2025121600,0.0
2025121600,-0.0001
2025121600,-0.0001
2025121600,-0.0001
2025121601,-0.0001
2025121601,-0.0001
2025121601,-0.0001
2025121601,-0.0001
2025121602,-0.0001
2025121602,-0.0001
2025121602,-0.0001
2025121602,-0.0001
2025121603,-0.0001
2025121603,-0.0001
2025121603,-0.0001
2025121603,-0.0001
2025121604,-0.0001
2025121604,-0.0001
2025121604,-0.0001
2025121604,-0.0001
2025121605,-0.0001
2025121605,-0.0001
2025121605,-0.0001
2025121605,-0.0001
2025121606,-0.0001
2025121606,-0.0001
2025121606,-0.0001
2025121606,-0.0001
2025121607,-0.0001
2025121607,-0.0001
2025121607,-0.0001
2025121607,-0.0001
2025121608,0.14
2025121608,1.39
2025121608,9.09
2025121608,15.85
2025121609,15.49
2025121609,17.24
2025121609,20.67
2025121609,27.34
2025121610,32.91
2025121610,28.72
2025121610,23.03
2025121610,11.78
2025121611,13.74
2025121611,13.68
2025121611,13.88
2025121611,12.63
2025121612,11.34
2025121612,18.24
2025121612,23.88
2025121612,19.14
2025121613,10.72
2025121613,6.88
2025121613,6.75
2025121613,6.62
2025121614,5.02
2025121614,2.46
2025121614,1.28
2025121614,0.13
2025121615,0.0
2025121615,-0.0001
2025121615,-0.0001
2025121615,-0.0001
2025121616,-0.0001
2025121616,-0.0001
2025121616,-0.0001
2025121616,-0.0001
2025121617,-0.0001
2025121617,-0.0001
2025121617,-0.0001
2025121617,-0.0001
2025121618,-0.0001
2025121618,-0.0001
2025121618,-0.0001
2025121618,-0.0001
2025121619,-0.0001
2025121619,-0.0001
2025121619,-0.0001
2025121619,-0.0001
2025121620,-0.0001
2025121620,-0.0001
2025121620,-0.0001
2025121620,-0.0001
2025121621,-0.0001
2025121621,-0.0001
2025121621,-0.0001
2025121621,-0.0001
2025121622,-0.0001
2025121622,-0.0001
2025121622,-0.0001
2025121622,-0.0001
2025121623,-0.0001
2025121623,-0.0001
2025121623,-0.0001
2025121623,-0.0001
2025121700,0.0
2025121700,-0.0001
2025121700,-0.0001
2025121700,-0.0001
2025121701,-0.0001
2025121701,-0.0001
2025121701,-0.0001
2025121701,-0.0001
2025121702,-0.0001
2025121702,-0.0001
2025121702,-0.0001
2025121702,-0.0001
2025121703,-0.0001
2025121703,-0.0001
2025121703,-0.0001
2025121703,-0.0001
2025121704,-0.0001
2025121704,-0.0001
2025121704,-0.0001
2025121704,-0.0001
2025121705,-0.0001
2025121705,-0.0001
2025121705,-0.0001
2025121705,-0.0001
2025121706,-0.0001
2025121706,-0.0001
2025121706,-0.0001
2025121706,-0.0001
2025121707,-0.0001
2025121707,-0.0001
2025121707,-0.0001
2025121707,-0.0001
2025121708,0.01
2025121708,0.09
2025121708,1.19
2025121708,5.12
2025121709,4.97
2025121709,3.62
2025121709,2.2
2025121709,5.18
2025121710,3.69
2025121710,4.98
2025121710,8.03
2025121710,8.4
2025121711,8.38
2025121711,4.12
2025121711,6.11
2025121711,6.99
2025121712,6.73
2025121712,6.26
2025121712,5.6
2025121712,4.65
2025121713,6.65
2025121713,5.37
2025121713,4.79
2025121713,3.14
2025121714,1.74
2025121714,1.4
2025121714,0.73
2025121714,0.0
2025121715,-0.0001
2025121715,-0.0001
2025121715,-0.0001
2025121715,-0.0001
2025121716,-0.0001
2025121716,-0.0001
2025121716,-0.0001
2025121716,-0.0001
2025121717,-0.0001
2025121717,-0.0001
2025121717,-0.0001
2025121717,-0.0001
2025121718,-0.0001
2025121718,-0.0001
2025121718,-0.0001
2025121718,-0.0001
2025121719,-0.0001
2025121719,-0.0001
2025121719,-0.0001
2025121719,-0.0001
2025121720,-0.0001
2025121720,-0.0001
2025121720,-0.0001
2025121720,-0.0001
2025121721,-0.0001
2025121721,-0.0001
2025121721,-0.0001
2025121721,-0.0001
2025121722,-0.0001
2025121722,-0.0001
2025121722,-0.0001
2025121722,-0.0001
2025121723,-0.0001
2025121723,-0.0001
2025121723,-0.0001
2025121723,-0.0001
2025121800,0.0
2025121800,-0.0001
2025121800,-0.0001
2025121800,-0.0001
2025121801,-0.0001
2025121801,-0.0001
2025121801,-0.0001
2025121801,-0.0001
2025121802,-0.0001
2025121802,-0.0001
2025121802,-0.0001
2025121802,-0.0001
2025121803,-0.0001
2025121803,-0.0001
2025121803,-0.0001
2025121803,-0.0001
2025121804,-0.0001
2025121804,-0.0001
2025121804,-0.0001
2025121804,-0.0001
2025121805,-0.0001
2025121805,-0.0001
2025121805,-0.0001
2025121805,-0.0001
2025121806,-0.0001
2025121806,-0.0001
2025121806,-0.0001
2025121806,-0.0001
2025121807,0.06
2025121807,0.24
2025121807,0.61
2025121807,-0.0001
2025121808,2.15
2025121808,3.11
2025121808,1.65
2025121808,2.72
2025121809,4.4
2025121809,5.0
2025121809,4.27
2025121809,7.8
2025121810,5.99
2025121810,5.21
2025121810,6.13
2025121810,6.32
2025121811,7.05
2025121811,5.43
2025121811,6.09
2025121811,5.41
2025121812,6.01
2025121812,6.77
2025121812,5.79
2025121812,4.53
2025121813,3.56
2025121813,3.65
2025121813,2.54
2025121813,1.07
2025121814,0.57
2025121814,0.56
2025121814,0.01
2025121814,0.0
2025121815,-0.0001
2025121815,-0.0001
2025121815,-0.0001
2025121815,-0.0001
2025121816,-0.0001
2025121816,-0.0001
2025121816,-0.0001
2025121816,-0.0001
2025121817,-0.0001
2025121817,-0.0001
2025121817,-0.0001
2025121817,-0.0001
2025121818,-0.0001
2025121818,-0.0001
2025121818,-0.0001
2025121818,-0.0001
2025121819,-0.0001
2025121819,-0.0001
2025121819,-0.0001
2025121819,-0.0001
2025121820,-0.0001
2025121820,-0.0001
2025121820,-0.0001
2025121820,-0.0001
2025121821,-0.0001
2025121821,-0.0001
2025121821,-0.0001
2025121821,-0.0001
2025121822,-0.0001
2025121822,-0.0001
2025121822,-0.0001
2025121822,-0.0001
2025121823,-0.0001
2025121823,-0.0001
2025121823,-0.0001
2025121823,-0.0001
2025121900,0.0
2025121900,-0.0001
2025121900,-0.0001
2025121900,-0.0001
2025121901,-0.0001
2025121901,-0.0001
2025121901,-0.0001
2025121901,-0.0001
2025121902,-0.0001
2025121902,-0.0001
2025121902,-0.0001
2025121902,-0.0001
2025121903,-0.0001
2025121903,-0.0001
2025121903,-0.0001
2025121903,-0.0001
2025121904,-0.0001
2025121904,-0.0001
2025121904,-0.0001
2025121904,-0.0001
2025121905,-0.0001
2025121905,-0.0001
2025121905,-0.0001
2025121905,-0.0001
2025121906,-0.0001
2025121906,-0.0001
2025121906,-0.0001
2025121906,-0.0001
2025121907,0.01
2025121907,-0.0001
2025121907,-0.0001
2025121907,-0.0001
2025121908,1.23
2025121908,2.16
2025121908,3.54
2025121908,4.72
2025121909,4.63
2025121909,4.46
2025121909,5.59
2025121909,5.38
2025121910,5.56
2025121910,7.65
2025121910,3.87
2025121910,3.94
2025121911,2.49
2025121911,4.51
2025121911,5.76
2025121911,8.89
2025121912,7.7
2025121912,4.19
2025121912,3.21
2025121912,6.58
2025121913,8.21
2025121913,9.28
2025121913,7.23
2025121913,7.07
2025121914,5.74
2025121914,3.21
2025121914,1.7
2025121914,0.42
2025121915,0.18
2025121915,0.0
2025121915,-0.0001
2025121915,-0.0001
2025121916,-0.0001
2025121916,-0.0001
2025121916,-0.0001
2025121916,-0.0001
2025121917,-0.0001
2025121917,-0.0001
2025121917,-0.0001
2025121917,-0.0001
2025121918,-0.0001
2025121918,-0.0001
2025121918,-0.0001
2025121918,-0.0001
2025121919,-0.0001
2025121919,-0.0001
2025121919,-0.0001
2025121919,-0.0001
2025121920,-0.0001
2025121920,-0.0001
2025121920,-0.0001
2025121920,-0.0001
2025121921,-0.0001
2025121921,-0.0001
2025121921,-0.0001
2025121921,-0.0001
2025121922,-0.0001
2025121922,-0.0001
2025121922,-0.0001
2025121922,-0.0001
2025121923,-0.0001
2025121923,-0.0001
2025121923,-0.0001
2025121923,-0.0001
2025122000,0.0
2025122000,-0.0001
2025122000,-0.0001
2025122000,-0.0001
2025122001,-0.0001
2025122001,-0.0001
2025122001,-0.0001
2025122001,-0.0001
2025122002,-0.0001
2025122002,-0.0001
2025122002,-0.0001
2025122002,-0.0001
2025122003,-0.0001
2025122003,-0.0001
2025122003,-0.0001
2025122003,-0.0001
2025122004,-0.0001
2025122004,-0.0001
2025122004,-0.0001
2025122004,-0.0001
2025122005,-0.0001
2025122005,-0.0001
2025122005,-0.0001
2025122005,-0.0001
2025122006,-0.0001
2025122006,-0.0001
2025122006,-0.0001
2025122006,-0.0001
2025122007,0.44
2025122007,-0.0001
2025122007,-0.0001
2025122007,-0.0001
2025122008,1.7
2025122008,2.26
2025122008,3.65
2025122008,9.96
2025122009,8.92
2025122009,13.03
2025122009,12.7
2025122009,17.38
2025122010,15.96
2025122010,21.26
2025122010,22.76
2025122010,19.89
2025122011,20.27
2025122011,13.11
2025122011,20.95
2025122011,16.59
2025122012,28.79
2025122012,35.28
2025122012,27.32
2025122012,19.86
2025122013,24.94
2025122013,9.41
2025122013,8.9
2025122013,7.23
2025122014,5.52
2025122014,3.31
2025122014,1.83
2025122014,0.36
2025122015,0.0
2025122015,-0.0001
2025122015,-0.0001
2025122015,-0.0001
2025122016,-0.0001
2025122016,-0.0001
2025122016,-0.0001
2025122016,-0.0001
2025122017,-0.0001
2025122017,-0.0001
2025122017,-0.0001
2025122017,-0.0001
2025122018,-0.0001
2025122018,-0.0001
2025122018,-0.0001
2025122018,-0.0001
2025122019,-0.0001
2025122019,-0.0001
2025122019,-0.0001
2025122019,-0.0001
2025122020,-0.0001
2025122020,-0.0001
2025122020,-0.0001
2025122020,-0.0001
2025122021,-0.0001
2025122021,-0.0001
2025122021,-0.0001
2025122021,-0.0001
2025122022,-0.0001
2025122022,-0.0001
2025122022,-0.0001
2025122022,-0.0001
2025122023,-0.0001
2025122023,-0.0001
2025122023,-0.0001
2025122023,-0.0001
2025122100,0.0
2025122100,-0.0001
2025122100,-0.0001
2025122100,-0.0001
2025122101,-0.0001
2025122101,-0.0001
2025122101,-0.0001
2025122101,-0.0001
2025122102,-0.0001
2025122102,-0.0001
2025122102,-0.0001
2025122102,-0.0001
2025122103,-0.0001
2025122103,-0.0001
2025122103,-0.0001
2025122103,-0.0001
2025122104,-0.0001
2025122104,-0.0001
2025122104,-0.0001
2025122104,-0.0001
2025122105,-0.0001
2025122105,-0.0001
2025122105,-0.0001
2025122105,-0.0001
2025122106,-0.0001
2025122106,-0.0001
2025122106,-0.0001
2025122106,-0.0001
2025122107,-0.0001
2025122107,-0.0001
2025122107,-0.0001
2025122107,-0.0001
2025122108,0.06
2025122108,1.95
2025122108,4.3
2025122108,6.04
2025122109,6.64
2025122109,5.96
2025122109,6.72
2025122109,7.62
2025122110,9.05
2025122110,9.02
2025122110,8.17
2025122110,11.62
2025122111,18.5
2025122111,16.48
2025122111,18.44
2025122111,15.57
2025122112,15.24
2025122112,13.29
2025122112,10.42
2025122112,9.27
2025122113,6.71
2025122113,5.81
2025122113,4.62
2025122113,4.5
2025122114,3.54
2025122114,2.17
2025122114,0.49
2025122114,0.0
2025122115,-0.0001
2025122115,-0.0001
2025122115,-0.0001
2025122115,-0.0001
2025122116,-0.0001
2025122116,-0.0001
2025122116,-0.0001
2025122116,-0.0001
2025122117,-0.0001
2025122117,-0.0001
2025122117,-0.0001
2025122117,-0.0001
2025122118,-0.0001
2025122118,-0.0001
2025122118,-0.0001
2025122118,-0.0001
2025122119,-0.0001
2025122119,-0.0001
2025122119,-0.0001
2025122119,-0.0001
2025122120,-0.0001
2025122120,-0.0001
2025122120,-0.0001
2025122120,-0.0001
2025122121,-0.0001
2025122121,-0.0001
2025122121,-0.0001
2025122121,-0.0001
2025122122,-0.0001
2025122122,-0.0001
2025122122,-0.0001
2025122122,-0.0001
2025122123,-0.0001
2025122123,-0.0001
2025122123,-0.0001
2025122123,-0.0001
2025122200,0.0
2025122200,-0.0001
2025122200,-0.0001
2025122200,-0.0001
2025122201,-0.0001
2025122201,-0.0001
2025122201,-0.0001
2025122201,-0.0001
2025122202,-0.0001
2025122202,-0.0001
2025122202,-0.0001
2025122202,-0.0001
2025122203,-0.0001
2025122203,-0.0001
2025122203,-0.0001
2025122203,-0.0001
2025122204,-0.0001
2025122204,-0.0001
2025122204,-0.0001
2025122204,-0.0001
2025122205,-0.0001
2025122205,-0.0001
2025122205,-0.0001
2025122205,-0.0001
2025122206,-0.0001
2025122206,-0.0001
2025122206,-0.0001
2025122206,-0.0001
2025122207,0.28
2025122207,-0.0001
2025122207,-0.0001
2025122207,-0.0001
2025122208,0.85
2025122208,2.87
2025122208,4.22
2025122208,5.34
2025122209,6.9
2025122209,8.92
2025122209,9.57
2025122209,10.47
2025122210,11.48
2025122210,11.44
2025122210,13.4
2025122210,-0.0001
2025122211,13.98
2025122211,15.15
2025122211,14.94
2025122211,12.77
2025122212,12.58
2025122212,11.59
2025122212,9.67
2025122212,8.78
2025122213,7.92
2025122213,7.22
2025122213,5.82
2025122213,4.7
2025122214,3.53
2025122214,1.39
2025122214,0.04
2025122214,0.0
2025122215,-0.0001
2025122215,-0.0001
2025122215,-0.0001
2025122215,-0.0001
2025122216,-0.0001
2025122216,-0.0001
2025122216,-0.0001
2025122216,-0.0001
2025122217,-0.0001
2025122217,-0.0001
2025122217,-0.0001
2025122217,-0.0001
2025122218,-0.0001
2025122218,-0.0001
2025122218,-0.0001
2025122218,-0.0001
2025122219,-0.0001
2025122219,-0.0001
2025122219,-0.0001
2025122219,-0.0001
2025122220,-0.0001
2025122220,-0.0001
2025122220,-0.0001
2025122220,-0.0001
2025122221,-0.0001
2025122221,-0.0001
2025122221,-0.0001
2025122221,-0.0001
2025122222,-0.0001
2025122222,-0.0001
2025122222,-0.0001
2025122222,-0.0001
2025122223,-0.0001
2025122223,-0.0001
2025122223,-0.0001
2025122223,-0.0001
2025122300,0.0
2025122300,-0.0001
2025122300,-0.0001
2025122300,-0.0001
2025122301,-0.0001
2025122301,-0.0001
2025122301,-0.0001
2025122301,-0.0001
2025122302,-0.0001
2025122302,-0.0001
2025122302,-0.0001
2025122302,-0.0001
2025122303,-0.0001
2025122303,-0.0001
2025122303,-0.0001
2025122303,-0.0001
2025122304,-0.0001
2025122304,-0.0001
2025122304,-0.0001
2025122304,-0.0001
2025122305,-0.0001
2025122305,-0.0001
2025122305,-0.0001
2025122305,-0.0001
2025122306,-0.0001
2025122306,-0.0001
2025122306,-0.0001
2025122306,-0.0001
2025122307,-0.0001
2025122307,-0.0001
2025122307,-0.0001
2025122307,-0.0001
2025122308,1.21
2025122308,3.19
2025122308,3.7
2025122308,5.88
2025122309,7.05
2025122309,9.07
2025122309,9.75
2025122309,11.18
2025122310,11.89
2025122310,12.44
2025122310,12.57
2025122310,17.38
2025122311,20.52
2025122311,12.97
2025122311,12.8
2025122311,14.39
2025122312,12.12
2025122312,11.9
2025122312,11.65
2025122312,10.97
2025122313,7.26
2025122313,5.72
2025122313,4.19
2025122313,4.32
2025122314,2.59
2025122314,3.46
2025122314,4.05
2025122314,0.57
2025122315,0.0
2025122315,-0.0001
2025122315,-0.0001
2025122315,-0.0001
2025122316,-0.0001
2025122316,-0.0001
2025122316,-0.0001
2025122316,-0.0001
2025122317,-0.0001
2025122317,-0.0001
2025122317,-0.0001
2025122317,-0.0001
2025122318,-0.0001
2025122318,-0.0001
2025122318,-0.0001
2025122318,-0.0001
2025122319,-0.0001
2025122319,-0.0001
2025122319,-0.0001
2025122319,-0.0001
2025122320,-0.0001
2025122320,-0.0001
2025122320,-0.0001
2025122320,-0.0001
2025122321,-0.0001
2025122321,-0.0001
2025122321,-0.0001
2025122321,-0.0001
2025122322,-0.0001
2025122322,-0.0001
2025122322,-0.0001
2025122322,-0.0001
2025122323,-0.0001
2025122323,-0.0001
2025122323,-0.0001
2025122323,-0.0001
2025122400,0.0
2025122400,-0.0001
2025122400,-0.0001
2025122400,-0.0001
2025122401,-0.0001
2025122401,-0.0001
2025122401,-0.0001
2025122401,-0.0001
2025122402,-0.0001
2025122402,-0.0001
2025122402,-0.0001
2025122402,-0.0001
2025122403,-0.0001
2025122403,-0.0001
2025122403,-0.0001
2025122403,-0.0001
2025122404,-0.0001
2025122404,-0.0001
2025122404,-0.0001
2025122404,-0.0001
2025122405,-0.0001
2025122405,-0.0001
2025122405,-0.0001
2025122405,-0.0001
2025122406,-0.0001
2025122406,-0.0001
2025122406,-0.0001
2025122406,-0.0001
2025122407,-0.0001
2025122407,-0.0001
2025122407,-0.0001
2025122407,-0.0001
2025122408,0.44
2025122408,2.91
2025122408,4.43
2025122408,4.89
2025122409,5.43
2025122409,7.18
2025122409,8.06
2025122409,8.94
2025122410,11.16
2025122410,12.08
2025122410,12.37
2025122410,12.12
2025122411,13.39
2025122411,14.28
2025122411,17.92
2025122411,15.52
2025122412,16.12
2025122412,13.1
2025122412,12.16
2025122412,12.33
2025122413,14.23
2025122413,16.27
2025122413,20.33
2025122413,13.48
2025122414,7.19
2025122414,4.85
2025122414,3.81
2025122414,1.05
2025122415,0.01
2025122415,0.0
2025122415,-0.0001
2025122415,-0.0001
2025122416,-0.0001
2025122416,-0.0001
2025122416,-0.0001
2025122416,-0.0001
2025122417,-0.0001
2025122417,-0.0001
2025122417,-0.0001
2025122417,-0.0001
2025122418,-0.0001
2025122418,-0.0001
2025122418,-0.0001
2025122418,-0.0001
2025122419,-0.0001
2025122419,-0.0001
2025122419,-0.0001
2025122419,-0.0001
2025122420,-0.0001
2025122420,-0.0001
2025122420,-0.0001
2025122420,-0.0001
2025122421,-0.0001
2025122421,-0.0001
2025122421,-0.0001
2025122421,-0.0001
2025122422,-0.0001
2025122422,-0.0001
2025122422,-0.0001
2025122422,-0.0001
2025122423,-0.0001
2025122423,-0.0001
2025122423,-0.0001
2025122423,-0.0001
2025122500,0.0
2025122500,-0.0001
2025122500,-0.0001
2025122500,-0.0001
2025122501,-0.0001
2025122501,-0.0001
2025122501,-0.0001
2025122501,-0.0001
2025122502,-0.0001
2025122502,-0.0001
2025122502,-0.0001
2025122502,-0.0001
2025122503,-0.0001
2025122503,-0.0001
2025122503,-0.0001
2025122503,-0.0001
2025122504,-0.0001
2025122504,-0.0001
2025122504,-0.0001
2025122504,-0.0001
2025122505,-0.0001
2025122505,-0.0001
2025122505,-0.0001
2025122505,-0.0001
2025122506,-0.0001
2025122506,-0.0001
2025122506,-0.0001
2025122506,-0.0001
2025122507,0.01
2025122507,1.6
2025122507,-0.0001
2025122507,-0.0001
2025122508,4.09
2025122508,7.02
2025122508,12.46
2025122508,16.44
2025122509,26.85
2025122509,31.37
2025122509,34.67
2025122509,39.24
2025122510,45.86
2025122510,49.11
2025122510,42.15
2025122510,40.48
2025122511,38.85
2025122511,41.65
2025122511,37.82
2025122511,35.68
2025122512,33.6
2025122512,30.97
2025122512,30.65
2025122512,29.36
2025122513,28.47
2025122513,23.44
2025122513,18.69
2025122513,13.5
2025122514,9.63
2025122514,7.0
2025122514,4.83
2025122514,3.22
2025122515,2.5
2025122515,0.19
2025122515,0.0
2025122515,-0.0001
2025122516,-0.0001
2025122516,-0.0001
2025122516,-0.0001
2025122516,-0.0001
2025122517,-0.0001
2025122517,-0.0001
2025122517,-0.0001
2025122517,-0.0001
2025122518,-0.0001
2025122518,-0.0001
2025122518,-0.0001
2025122518,-0.0001
2025122519,-0.0001
2025122519,-0.0001
2025122519,-0.0001
2025122519,-0.0001
2025122520,-0.0001
2025122520,-0.0001
2025122520,-0.0001
2025122520,-0.0001
2025122521,-0.0001
2025122521,-0.0001
2025122521,-0.0001
2025122521,-0.0001
2025122522,-0.0001
2025122522,-0.0001
2025122522,-0.0001
2025122522,-0.0001
2025122523,-0.0001
2025122523,-0.0001
2025122523,-0.0001
2025122523,-0.0001
2025122600,0.0
2025122600,-0.0001
2025122600,-0.0001
2025122600,-0.0001
2025122601,-0.0001
2025122601,-0.0001
2025122601,-0.0001
2025122601,-0.0001
2025122602,-0.0001
2025122602,-0.0001
2025122602,-0.0001
2025122602,-0.0001
2025122603,-0.0001
2025122603,-0.0001
2025122603,-0.0001
2025122603,-0.0001
2025122604,-0.0001
2025122604,-0.0001
2025122604,-0.0001
2025122604,-0.0001
2025122605,-0.0001
2025122605,-0.0001
2025122605,-0.0001
2025122605,-0.0001
2025122606,-0.0001
2025122606,-0.0001
2025122606,-0.0001
2025122606,-0.0001
2025122607,0.19
2025122607,-0.0001
2025122607,-0.0001
2025122607,-0.0001
2025122608,1.7
2025122608,3.25
2025122608,4.59
2025122608,5.89
2025122609,7.19
2025122609,14.99
2025122609,25.93
2025122609,16.85
2025122610,17.21
2025122610,22.95
2025122610,29.9
2025122610,34.19
2025122611,30.98
2025122611,26.5
2025122611,21.92
2025122611,39.4
2025122612,39.92
2025122612,34.79
2025122612,20.94
2025122612,15.04
2025122613,14.35
2025122613,17.06
2025122613,15.48
2025122613,8.56
2025122614,6.5
2025122614,5.05
2025122614,2.93
2025122614,1.22
2025122615,0.16
2025122615,0.0
2025122615,-0.0001
2025122615,-0.0001
2025122616,-0.0001
2025122616,-0.0001
2025122616,-0.0001
2025122616,-0.0001
2025122617,-0.0001
2025122617,-0.0001
2025122617,-0.0001
2025122617,-0.0001
2025122618,-0.0001
2025122618,-0.0001
2025122618,-0.0001
2025122618,-0.0001
2025122619,-0.0001
2025122619,-0.0001
2025122619,-0.0001
2025122619,-0.0001
2025122620,-0.0001
2025122620,-0.0001
2025122620,-0.0001
2025122620,-0.0001
2025122621,-0.0001
2025122621,-0.0001
2025122621,-0.0001
2025122621,-0.0001
2025122622,-0.0001
2025122622,-0.0001
2025122622,-0.0001
2025122622,-0.0001
2025122623,-0.0001
2025122623,-0.0001
2025122623,-0.0001
2025122623,-0.0001
2025122700,0.0
2025122700,-0.0001
2025122700,-0.0001
2025122700,-0.0001
2025122701,-0.0001
2025122701,-0.0001
2025122701,-0.0001
2025122701,-0.0001
2025122702,-0.0001
2025122702,-0.0001
2025122702,-0.0001
2025122702,-0.0001
2025122703,-0.0001
2025122703,-0.0001
2025122703,-0.0001
2025122703,-0.0001
2025122704,-0.0001
2025122704,-0.0001
2025122704,-0.0001
2025122704,-0.0001
2025122705,-0.0001
2025122705,-0.0001
2025122705,-0.0001
2025122705,-0.0001
2025122706,-0.0001
2025122706,-0.0001
2025122706,-0.0001
2025122706,-0.0001
2025122707,0.31
2025122707,-0.0001
2025122707,-0.0001
2025122707,-0.0001
2025122708,1.26
2025122708,4.69
2025122708,10.83
2025122708,13.92
2025122709,17.78
2025122709,22.92
2025122709,27.21
2025122709,31.68
2025122710,36.81
2025122710,39.59
2025122710,43.52
2025122710,40.6
2025122711,43.34
2025122711,45.53
2025122711,44.26
2025122711,43.2
2025122712,41.55
2025122712,38.65
2025122712,35.12
2025122712,29.74
2025122713,24.4
2025122713,18.48
2025122713,14.34
2025122713,11.12
2025122714,7.37
2025122714,4.3
2025122714,2.91
2025122714,1.15
2025122715,0.07
2025122715,0.0
2025122715,-0.0001
2025122715,-0.0001
2025122716,-0.0001
2025122716,-0.0001
2025122716,-0.0001
2025122716,-0.0001
2025122717,-0.0001
2025122717,-0.0001
2025122717,-0.0001
2025122717,-0.0001
2025122718,-0.0001
2025122718,-0.0001
2025122718,-0.0001
2025122718,-0.0001
2025122719,-0.0001
2025122719,-0.0001
2025122719,-0.0001
2025122719,-0.0001
2025122720,-0.0001
2025122720,-0.0001
2025122720,-0.0001
2025122720,-0.0001
2025122721,-0.0001
2025122721,-0.0001
2025122721,-0.0001
2025122721,-0.0001
2025122722,-0.0001
2025122722,-0.0001
2025122722,-0.0001
2025122722,-0.0001
2025122723,-0.0001
2025122723,-0.0001
2025122723,-0.0001
2025122723,-0.0001
2025122800,0.0
2025122800,-0.0001
2025122800,-0.0001
2025122800,-0.0001
2025122801,-0.0001
2025122801,-0.0001
2025122801,-0.0001
2025122801,-0.0001
2025122802,-0.0001
2025122802,-0.0001
2025122802,-0.0001
2025122802,-0.0001
2025122803,-0.0001
2025122803,-0.0001
2025122803,-0.0001
2025122803,-0.0001
2025122804,-0.0001
2025122804,-0.0001
2025122804,-0.0001
2025122804,-0.0001
2025122805,-0.0001
2025122805,-0.0001
2025122805,-0.0001
2025122805,-0.0001
2025122806,-0.0001
2025122806,-0.0001
2025122806,-0.0001
2025122806,-0.0001
2025122807,0.01
2025122807,0.72
2025122807,-0.0001
2025122807,-0.0001
2025122808,2.5
2025122808,5.2
2025122808,8.65
2025122808,12.89
2025122809,17.45
2025122809,22.12
2025122809,27.2
2025122809,33.35
2025122810,37.82
2025122810,41.35
2025122810,44.35
2025122810,46.05
2025122811,46.72
2025122811,46.68
2025122811,47.01
2025122811,45.82
2025122812,43.33
2025122812,40.46
2025122812,37.39
2025122812,16.94
2025122813,16.77
2025122813,9.64
2025122813,7.02
2025122813,4.86
2025122814,6.41
2025122814,5.53
2025122814,3.7
2025122814,1.71
2025122815,0.25
2025122815,0.0
2025122815,-0.0001
2025122815,-0.0001
2025122816,-0.0001
2025122816,-0.0001
2025122816,-0.0001
2025122816,-0.0001
2025122817,-0.0001
2025122817,-0.0001
2025122817,-0.0001
2025122817,-0.0001
2025122818,-0.0001
2025122818,-0.0001
2025122818,-0.0001
2025122818,-0.0001
2025122819,-0.0001
2025122819,-0.0001
2025122819,-0.0001
2025122819,-0.0001
2025122820,-0.0001
2025122820,-0.0001
2025122820,-0.0001
2025122820,-0.0001
2025122821,-0.0001
2025122821,-0.0001
2025122821,-0.0001
2025122821,-0.0001
2025122822,-0.0001
2025122822,-0.0001
2025122822,-0.0001
2025122822,-0.0001
2025122823,-0.0001
2025122823,-0.0001
2025122823,-0.0001
2025122823,-0.0001
2025122900,0.0
2025122900,-0.0001
2025122900,-0.0001
2025122900,-0.0001
2025122901,-0.0001
2025122901,-0.0001
2025122901,-0.0001
2025122901,-0.0001
2025122902,-0.0001
2025122902,-0.0001
2025122902,-0.0001
2025122902,-0.0001
2025122903,-0.0001
2025122903,-0.0001
2025122903,-0.0001
2025122903,-0.0001
2025122904,-0.0001
2025122904,-0.0001
2025122904,-0.0001
2025122904,-0.0001
2025122905,-0.0001
2025122905,-0.0001
2025122905,-0.0001
2025122905,-0.0001
2025122906,-0.0001
2025122906,-0.0001
2025122906,-0.0001
2025122906,-0.0001
2025122907,0.05
2025122907,1.58
2025122907,-0.0001
2025122907,-0.0001
2025122908,3.67
2025122908,5.93
2025122908,9.2
2025122908,13.55
2025122909,17.73
2025122909,22.29
2025122909,27.01
2025122909,30.67
2025122910,34.0
2025122910,37.73
2025122910,39.68
2025122910,41.31
2025122911,42.86
2025122911,43.44
2025122911,42.47
2025122911,42.38
2025122912,41.9
2025122912,39.44
2025122912,36.94
2025122912,33.25
2025122913,29.38
2025122913,26.11
2025122913,18.45
2025122913,14.53
2025122914,10.27
2025122914,6.18
2025122914,3.38
2025122914,1.26
2025122915,0.0
2025122915,-0.0001
2025122915,-0.0001
2025122915,-0.0001
2025122916,-0.0001
2025122916,-0.0001
2025122916,-0.0001
2025122916,-0.0001
2025122917,-0.0001
2025122917,-0.0001
2025122917,-0.0001
2025122917,-0.0001
2025122918,-0.0001
2025122918,-0.0001
2025122918,-0.0001
2025122918,-0.0001
2025122919,-0.0001
2025122919,-0.0001
2025122919,-0.0001
2025122919,-0.0001
2025122920,-0.0001
2025122920,-0.0001
2025122920,-0.0001
2025122920,-0.0001
2025122921,-0.0001
2025122921,-0.0001
2025122921,-0.0001
2025122921,-0.0001
2025122922,-0.0001
2025122922,-0.0001
2025122922,-0.0001
2025122922,-0.0001
2025122923,-0.0001
2025122923,-0.0001
2025122923,-0.0001
2025122923,-0.0001
2025123000,0.0
2025123000,-0.0001
2025123000,-0.0001
2025123000,-0.0001
2025123001,-0.0001
2025123001,-0.0001
2025123001,-0.0001
2025123001,-0.0001
2025123002,-0.0001
2025123002,-0.0001
2025123002,-0.0001
2025123002,-0.0001
2025123003,-0.0001
2025123003,-0.0001
2025123003,-0.0001
2025123003,-0.0001
2025123004,-0.0001
2025123004,-0.0001
2025123004,-0.0001
2025123004,-0.0001
2025123005,-0.0001
2025123005,-0.0001
2025123005,-0.0001
2025123005,-0.0001
2025123006,-0.0001
2025123006,-0.0001
2025123006,-0.0001
2025123006,-0.0001
2025123007,0.01
2025123007,0.88
2025123007,-0.0001
2025123007,-0.0001
2025123008,2.91
2025123008,5.87
2025123008,9.7
2025123008,14.43
2025123009,19.54
2025123009,24.38
2025123009,29.21
2025123009,33.48
2025123010,37.43
2025123010,40.92
2025123010,43.63
2025123010,45.55
2025123011,46.82
2025123011,47.44
2025123011,47.25
2025123011,46.4
2025123012,44.69
2025123012,42.09
2025123012,38.71
2025123012,34.86
2025123013,30.25
2025123013,25.39
2025123013,20.45
2025123013,15.47
2025123014,10.8
2025123014,7.0
2025123014,3.96
2025123014,1.96
2025123015,0.38
2025123015,0.0
2025123015,-0.0001
2025123015,-0.0001
2025123016,-0.0001
2025123016,-0.0001
2025123016,-0.0001
2025123016,-0.0001
2025123017,-0.0001
2025123017,-0.0001
2025123017,-0.0001
2025123017,-0.0001
2025123018,-0.0001
2025123018,-0.0001
2025123018,-0.0001
2025123018,-0.0001
2025123019,-0.0001
2025123019,-0.0001
2025123019,-0.0001
2025123019,-0.0001
2025123020,-0.0001
2025123020,-0.0001
2025123020,-0.0001
2025123020,-0.0001
2025123021,-0.0001
2025123021,-0.0001
2025123021,-0.0001
2025123021,-0.0001
2025123022,-0.0001
2025123022,-0.0001
2025123022,-0.0001
2025123022,-0.0001
2025123023,-0.0001
2025123023,-0.0001
2025123023,-0.0001
2025123023,-0.0001
2025123100,0.0
2025123100,-0.0001
2025123100,-0.0001
2025123100,-0.0001
2025123101,-0.0001
2025123101,-0.0001
2025123101,-0.0001
2025123101,-0.0001
2025123102,-0.0001
2025123102,-0.0001
2025123102,-0.0001
2025123102,-0.0001
2025123103,-0.0001
2025123103,-0.0001
2025123103,-0.0001
2025123103,-0.0001
2025123104,-0.0001
2025123104,-0.0001
2025123104,-0.0001
2025123104,-0.0001
2025123105,-0.0001
2025123105,-0.0001
2025123105,-0.0001
2025123105,-0.0001
2025123106,-0.0001
2025123106,-0.0001
2025123106,-0.0001
2025123106,-0.0001
2025123107,-0.0001
2025123107,-0.0001
2025123107,-0.0001
2025123107,-0.0001
2025123108,0.98
2025123108,4.23
2025123108,7.79
2025123108,9.05
2025123109,9.22
2025123109,11.03
2025123109,13.96
2025123109,17.96
2025123110,21.79
2025123110,19.23
2025123110,24.34
2025123110,30.8
2025123111,41.36
2025123111,41.71
2025123111,46.23
2025123111,44.3
2025123112,43.44
2025123112,41.75
2025123112,37.85
2025123112,23.01
2025123113,28.75
2025123113,26.44
2025123113,24.92
2025123113,19.36
2025123114,13.12
2025123114,7.44
2025123114,5.12
2025123114,2.62
2025123115,2.19
2025123115,0.26
2025123115,0.0
2025123115,-0.0001
2025123116,-0.0001
2025123116,-0.0001
2025123116,-0.0001
2025123116,-0.0001
2025123117,-0.0001
2025123117,-0.0001
2025123117,-0.0001
2025123117,-0.0001
2025123118,-0.0001
2025123118,-0.0001
2025123118,-0.0001
2025123118,-0.0001
2025123119,-0.0001
2025123119,-0.0001
2025123119,-0.0001
2025123119,-0.0001
2025123120,-0.0001
2025123120,-0.0001
2025123120,-0.0001
2025123120,-0.0001
2025123121,-0.0001
2025123121,-0.0001
2025123121,-0.0001
2025123121,-0.0001
2025123122,-0.0001
2025123122,-0.0001
2025123122,-0.0001
2025123122,-0.0001
2025123123,-0.0001
2025123123,-0.0001
2025123123,-0.0001
2025123123,-0.0001
2026010100,0.0
2026010100,-0.0001
2026010100,-0.0001
2026010100,-0.0001
2026010101,-0.0001
2026010101,-0.0001
2026010101,-0.0001
2026010101,-0.0001
2026010102,-0.0001
2026010102,-0.0001
2026010102,-0.0001
2026010102,-0.0001
2026010103,-0.0001
2026010103,-0.0001
2026010103,-0.0001
2026010103,-0.0001
2026010104,-0.0001
2026010104,-0.0001
2026010104,-0.0001
2026010104,-0.0001
2026010105,-0.0001
2026010105,-0.0001
2026010105,-0.0001
2026010105,-0.0001
2026010106,-0.0001
2026010106,-0.0001
2026010106,-0.0001
2026010106,-0.0001
2026010107,-0.0001
2026010107,-0.0001
2026010107,-0.0001
2026010107,-0.0001
2026010108,0.04
2026010108,0.73
2026010108,1.25
2026010108,4.85
2026010109,8.41
2026010109,19.03
2026010109,10.84
2026010109,16.45
2026010110,18.3
2026010110,20.14
2026010110,15.37
2026010110,18.07
2026010111,23.73
2026010111,22.23
2026010111,13.76
2026010111,8.27
2026010112,9.54
2026010112,13.41
2026010112,14.42
2026010112,8.03
2026010113,35.21
2026010113,29.46
2026010113,11.77
2026010113,8.94
2026010114,3.16
2026010114,4.19
2026010114,0.06
2026010114,0.89
2026010115,0.03
2026010115,0.0
2026010115,-0.0001
2026010115,-0.0001
2026010116,-0.0001
2026010116,-0.0001
2026010116,-0.0001
2026010116,-0.0001
2026010117,-0.0001
2026010117,-0.0001
2026010117,-0.0001
2026010117,-0.0001
2026010118,-0.0001
2026010118,-0.0001
2026010118,-0.0001
2026010118,-0.0001
2026010119,-0.0001
2026010119,-0.0001
2026010119,-0.0001
2026010119,-0.0001
2026010120,-0.0001
2026010120,-0.0001
2026010120,-0.0001
2026010120,-0.0001
2026010121,-0.0001
2026010121,-0.0001
2026010121,-0.0001
2026010121,-0.0001
2026010122,-0.0001
2026010122,-0.0001
2026010122,-0.0001
2026010122,-0.0001
2026010123,-0.0001
2026010123,-0.0001
2026010123,-0.0001
2026010123,-0.0001
2026010200,0.0
2026010200,-0.0001
2026010200,-0.0001
2026010200,-0.0001
2026010201,-0.0001
2026010201,-0.0001
2026010201,-0.0001
2026010201,-0.0001
2026010202,-0.0001
2026010202,-0.0001
2026010202,-0.0001
2026010202,-0.0001
2026010203,-0.0001
2026010203,-0.0001
2026010203,-0.0001
2026010203,-0.0001
2026010204,-0.0001
2026010204,-0.0001
2026010204,-0.0001
2026010204,-0.0001
2026010205,-0.0001
2026010205,-0.0001
2026010205,-0.0001
2026010205,-0.0001
2026010206,-0.0001
2026010206,-0.0001
2026010206,-0.0001
2026010206,-0.0001
2026010207,0.16
2026010207,-0.0001
2026010207,-0.0001
2026010207,-0.0001
2026010208,2.04
2026010208,3.43
2026010208,4.04
2026010208,6.53
2026010209,8.54
2026010209,10.22
2026010209,9.83
2026010209,8.67
2026010210,16.24
2026010210,20.34
2026010210,46.96
2026010210,22.46
2026010211,33.2
2026010211,27.82
2026010211,29.23
2026010211,17.64
2026010212,10.29
2026010212,11.23
2026010212,9.96
2026010212,13.8
2026010213,12.85
2026010213,14.0
2026010213,9.07
2026010213,6.21
2026010214,5.88
2026010214,4.67
2026010214,2.46
2026010214,0.56
2026010215,0.0
2026010215,-0.0001
2026010215,-0.0001
2026010215,-0.0001
2026010216,-0.0001
2026010216,-0.0001
2026010216,-0.0001
2026010216,-0.0001
2026010217,-0.0001
2026010217,-0.0001
2026010217,-0.0001
2026010217,-0.0001
2026010218,-0.0001
2026010218,-0.0001
2026010218,-0.0001
2026010218,-0.0001
2026010219,-0.0001
2026010219,-0.0001
2026010219,-0.0001
2026010219,-0.0001
2026010220,-0.0001
2026010220,-0.0001
2026010220,-0.0001
2026010220,-0.0001
2026010221,-0.0001
2026010221,-0.0001
2026010221,-0.0001
2026010221,-0.0001
2026010222,-0.0001
2026010222,-0.0001
2026010222,-0.0001
2026010222,-0.0001
2026010223,-0.0001
2026010223,-0.0001
2026010223,-0.0001
2026010223,-0.0001
2026010300,0.0
2026010300,-0.0001
2026010300,-0.0001
2026010300,-0.0001
2026010301,-0.0001
2026010301,-0.0001
2026010301,-0.0001
2026010301,-0.0001
2026010302,-0.0001
2026010302,-0.0001
2026010302,-0.0001
2026010302,-0.0001
2026010303,-0.0001
2026010303,-0.0001
2026010303,-0.0001
2026010303,-0.0001
2026010304,-0.0001
2026010304,-0.0001
2026010304,-0.0001
2026010304,-0.0001
2026010305,-0.0001
2026010305,-0.0001
2026010305,-0.0001
2026010305,-0.0001
2026010306,-0.0001
2026010306,-0.0001
2026010306,-0.0001
2026010306,-0.0001
2026010307,0.02
2026010307,-0.0001
2026010307,-0.0001
2026010307,-0.0001
2026010308,1.1
2026010308,3.3
2026010308,5.42
2026010308,7.34
2026010309,9.44
2026010309,11.38
2026010309,14.43
2026010309,11.8
2026010310,13.59
2026010310,14.28
2026010310,18.03
2026010310,10.92
2026010311,8.68
2026010311,6.81
2026010311,6.62
2026010311,7.74
2026010312,6.65
2026010312,5.34
2026010312,5.64
2026010312,7.78
2026010313,6.09
2026010313,9.32
2026010313,11.43
2026010313,9.03
2026010314,4.82
2026010314,2.58
2026010314,1.71
2026010314,0.41
2026010315,0.0
2026010315,-0.0001
2026010315,-0.0001
2026010315,-0.0001
2026010316,-0.0001
2026010316,-0.0001
2026010316,-0.0001
2026010316,-0.0001
2026010317,-0.0001
2026010317,-0.0001
2026010317,-0.0001
2026010317,-0.0001
2026010318,-0.0001
2026010318,-0.0001
2026010318,-0.0001
2026010318,-0.0001
2026010319,-0.0001
2026010319,-0.0001
2026010319,-0.0001
2026010319,-0.0001
2026010320,-0.0001
2026010320,-0.0001
2026010320,-0.0001
2026010320,-0.0001
2026010321,-0.0001
2026010321,-0.0001
2026010321,-0.0001
2026010321,-0.0001
2026010322,-0.0001
2026010322,-0.0001
2026010322,-0.0001
2026010322,-0.0001
2026010323,-0.0001
2026010323,-0.0001
2026010323,-0.0001
2026010323,-0.0001
2026010400,0.0
2026010400,-0.0001
2026010400,-0.0001
2026010400,-0.0001
2026010401,-0.0001
2026010401,-0.0001
2026010401,-0.0001
2026010401,-0.0001
2026010402,-0.0001
2026010402,-0.0001
2026010402,-0.0001
2026010402,-0.0001
2026010403,-0.0001
2026010403,-0.0001
2026010403,-0.0001
2026010403,-0.0001
2026010404,-0.0001
2026010404,-0.0001
2026010404,-0.0001
2026010404,-0.0001
2026010405,-0.0001
2026010405,-0.0001
2026010405,-0.0001
2026010405,-0.0001
2026010406,-0.0001
2026010406,-0.0001
2026010406,-0.0001
2026010406,-0.0001
2026010407,-0.0001
2026010407,-0.0001
2026010407,-0.0001
2026010407,-0.0001
2026010408,1.16
2026010408,3.13
2026010408,3.71
2026010408,5.51
2026010409,7.33
2026010409,10.53
2026010409,11.57
2026010409,14.4
2026010410,16.97
2026010410,18.6
2026010410,20.02
2026010410,21.28
2026010411,22.53
2026010411,23.92
2026010411,25.27
2026010411,26.52
2026010412,27.96
2026010412,28.5
2026010412,27.99
2026010412,26.33
2026010413,23.9
2026010413,20.78
2026010413,17.26
2026010413,13.41
2026010414,9.84
2026010414,6.78
2026010414,3.99
2026010414,1.06
2026010415,0.08
2026010415,0.0
2026010415,-0.0001
2026010415,-0.0001
2026010416,-0.0001
2026010416,-0.0001
2026010416,-0.0001
2026010416,-0.0001
2026010417,-0.0001
2026010417,-0.0001
2026010417,-0.0001
2026010417,-0.0001
2026010418,-0.0001
2026010418,-0.0001
2026010418,-0.0001
2026010418,-0.0001
2026010419,-0.0001
2026010419,-0.0001
2026010419,-0.0001
2026010419,-0.0001
2026010420,-0.0001
2026010420,-0.0001
2026010420,-0.0001
2026010420,-0.0001
2026010421,-0.0001
2026010421,-0.0001
2026010421,-0.0001
2026010421,-0.0001
2026010422,-0.0001
2026010422,-0.0001
2026010422,-0.0001
2026010422,-0.0001
2026010423,-0.0001
2026010423,-0.0001
2026010423,-0.0001
2026010423,-0.0001
2026010500,0.0
2026010500,-0.0001
2026010500,-0.0001
2026010500,-0.0001
2026010501,-0.0001
2026010501,-0.0001
2026010501,-0.0001
2026010501,-0.0001
2026010502,-0.0001
2026010502,-0.0001
2026010502,-0.0001
2026010502,-0.0001
2026010503,-0.0001
2026010503,-0.0001
2026010503,-0.0001
2026010503,-0.0001
2026010504,-0.0001
2026010504,-0.0001
2026010504,-0.0001
2026010504,-0.0001
2026010505,-0.0001
2026010505,-0.0001
2026010505,-0.0001
2026010505,-0.0001
2026010506,-0.0001
2026010506,-0.0001
2026010506,-0.0001
2026010506,-0.0001
2026010507,-0.0001
2026010507,-0.0001
2026010507,-0.0001
2026010507,-0.0001
2026010508,0.01
2026010508,0.58
2026010508,0.95
2026010508,-0.0001
2026010509,1.17
2026010509,2.05
2026010509,2.98
2026010509,3.47
2026010510,3.43
2026010510,3.38
2026010510,4.48
2026010510,5.2
2026010511,5.13
2026010511,5.2
2026010511,6.2
2026010511,6.73
2026010512,6.58
2026010512,5.68
2026010512,4.01
2026010512,4.42
2026010513,4.97
2026010513,2.54
2026010513,2.49
2026010513,2.46
2026010514,1.41
2026010514,0.72
2026010514,0.01
2026010514,0.0
2026010515,-0.0001
2026010515,-0.0001
2026010515,-0.0001
2026010515,-0.0001
2026010516,-0.0001
2026010516,-0.0001
2026010516,-0.0001
2026010516,-0.0001
2026010517,-0.0001
2026010517,-0.0001
2026010517,-0.0001
2026010517,-0.0001
2026010518,-0.0001
2026010518,-0.0001
2026010518,-0.0001
2026010518,-0.0001
2026010519,-0.0001
2026010519,-0.0001
2026010519,-0.0001
2026010519,-0.0001
2026010520,-0.0001
2026010520,-0.0001
2026010520,-0.0001
2026010520,-0.0001
2026010521,-0.0001
2026010521,-0.0001
2026010521,-0.0001
2026010521,-0.0001
2026010522,-0.0001
2026010522,-0.0001
2026010522,-0.0001
2026010522,-0.0001
2026010523,-0.0001
2026010523,-0.0001
2026010523,-0.0001
2026010523,-0.0001
2026010600,0.0
2026010600,-0.0001
2026010600,-0.0001
2026010600,-0.0001
2026010601,-0.0001
2026010601,-0.0001
2026010601,-0.0001
2026010601,-0.0001
2026010602,-0.0001
2026010602,-0.0001
2026010602,-0.0001
2026010602,-0.0001
2026010603,-0.0001
2026010603,-0.0001
2026010603,-0.0001
2026010603,-0.0001
2026010604,-0.0001
2026010604,-0.0001
2026010604,-0.0001
2026010604,-0.0001
2026010605,-0.0001
2026010605,-0.0001
2026010605,-0.0001
2026010605,-0.0001
2026010606,-0.0001
2026010606,-0.0001
2026010606,-0.0001
2026010606,-0.0001
2026010607,-0.0001
2026010607,-0.0001
2026010607,-0.0001
2026010607,-0.0001
2026010608,0.14
2026010608,0.03
2026010608,1.17
2026010608,2.07
2026010609,3.22
2026010609,3.6
2026010609,4.84
2026010609,8.0
2026010610,7.76
2026010610,7.54
2026010610,7.14
2026010610,7.33
2026010611,6.99
2026010611,6.59
2026010611,6.48
2026010611,6.32
2026010612,6.9
2026010612,7.03
2026010612,5.63
2026010612,4.5
2026010613,3.09
2026010613,2.56
2026010613,3.22
2026010613,5.08
2026010614,3.4
2026010614,0.56
2026010614,0.01
2026010614,0.0
2026010615,-0.0001
2026010615,-0.0001
2026010615,-0.0001
2026010615,-0.0001
2026010616,-0.0001
2026010616,-0.0001
2026010616,-0.0001
2026010616,-0.0001
2026010617,-0.0001
2026010617,-0.0001
2026010617,-0.0001
2026010617,-0.0001
2026010618,-0.0001
2026010618,-0.0001
2026010618,-0.0001
2026010618,-0.0001
2026010619,-0.0001
2026010619,-0.0001
2026010619,-0.0001
2026010619,-0.0001
2026010620,-0.0001
2026010620,-0.0001
2026010620,-0.0001
2026010620,-0.0001
2026010621,-0.0001
2026010621,-0.0001
2026010621,-0.0001
2026010621,-0.0001
2026010622,-0.0001
2026010622,-0.0001
2026010622,-0.0001
2026010622,-0.0001
2026010623,-0.0001
2026010623,-0.0001
2026010623,-0.0001
2026010623,-0.0001
2026010700,0.0
2026010700,-0.0001
2026010700,-0.0001
2026010700,-0.0001
2026010701,-0.0001
2026010701,-0.0001
2026010701,-0.0001
2026010701,-0.0001
2026010702,-0.0001
2026010702,-0.0001
2026010702,-0.0001
2026010702,-0.0001
2026010703,-0.0001
2026010703,-0.0001
2026010703,-0.0001
2026010703,-0.0001
2026010704,-0.0001
2026010704,-0.0001
2026010704,-0.0001
2026010704,-0.0001
2026010705,-0.0001
2026010705,-0.0001
2026010705,-0.0001
2026010705,-0.0001
2026010706,-0.0001
2026010706,-0.0001
2026010706,-0.0001
2026010706,-0.0001
2026010707,-0.0001
2026010707,-0.0001
2026010707,-0.0001
2026010707,-0.0001
2026010708,0.02
2026010708,0.06
2026010708,0.04
2026010708,-0.0001
2026010709,0.4
2026010709,1.75
2026010709,1.34
2026010709,0.35
2026010710,1.3
2026010710,1.98
2026010710,2.22
2026010710,2.27
2026010711,2.42
2026010711,2.4
2026010711,2.39
2026010711,2.67
2026010712,2.53
2026010712,1.35
2026010712,1.36
2026010712,1.23
2026010713,0.89
2026010713,1.07
2026010713,0.94
2026010713,0.78
2026010714,0.22
2026010714,0.1
2026010714,0.03
2026010714,0.0
2026010715,-0.0001
2026010715,-0.0001
2026010715,-0.0001
2026010715,-0.0001
2026010716,-0.0001
2026010716,-0.0001
2026010716,-0.0001
2026010716,-0.0001
2026010717,-0.0001
2026010717,-0.0001
2026010717,-0.0001
2026010717,-0.0001
2026010718,-0.0001
2026010718,-0.0001
2026010718,-0.0001
2026010718,-0.0001
2026010719,-0.0001
2026010719,-0.0001
2026010719,-0.0001
2026010719,-0.0001
2026010720,-0.0001
2026010720,-0.0001
2026010720,-0.0001
2026010720,-0.0001
2026010721,-0.0001
2026010721,-0.0001
2026010721,-0.0001
2026010721,-0.0001
2026010722,-0.0001
2026010722,-0.0001
2026010722,-0.0001
2026010722,-0.0001
2026010723,-0.0001
2026010723,-0.0001
2026010723,-0.0001
2026010723,-0.0001
2026010800,0.0
2026010800,-0.0001
2026010800,-0.0001
2026010800,-0.0001
2026010801,-0.0001
2026010801,-0.0001
2026010801,-0.0001
2026010801,-0.0001
2026010802,-0.0001
2026010802,-0.0001
2026010802,-0.0001
2026010802,-0.0001
2026010803,-0.0001
2026010803,-0.0001
2026010803,-0.0001
2026010803,-0.0001
2026010804,-0.0001
2026010804,-0.0001
2026010804,-0.0001
2026010804,-0.0001
2026010805,-0.0001
2026010805,-0.0001
2026010805,-0.0001
2026010805,-0.0001
2026010806,-0.0001
2026010806,-0.0001
2026010806,-0.0001
2026010806,-0.0001
2026010807,-0.0001
2026010807,-0.0001
2026010807,-0.0001
2026010807,-0.0001
2026010808,0.05
2026010808,0.6
2026010808,-0.0001
2026010808,-0.0001
2026010809,0.16
2026010809,1.07
2026010809,2.02
2026010809,1.2
2026010810,2.26
2026010810,2.29
2026010810,2.19
2026010810,2.12
2026010811,2.43
2026010811,3.16
2026010811,2.6
2026010811,-0.0001
2026010812,2.25
2026010812,2.45
2026010812,3.28
2026010812,3.59
2026010813,3.4
2026010813,2.67
2026010813,2.1
2026010813,1.39
2026010814,0.7
2026010814,0.18
2026010814,0.01
2026010814,0.0
2026010815,-0.0001
2026010815,-0.0001
2026010815,-0.0001
2026010815,-0.0001
2026010816,-0.0001
2026010816,-0.0001
2026010816,-0.0001
2026010816,-0.0001
2026010817,-0.0001
2026010817,-0.0001
2026010817,-0.0001
2026010817,-0.0001
2026010818,-0.0001
2026010818,-0.0001
2026010818,-0.0001
2026010818,-0.0001
2026010819,-0.0001
2026010819,-0.0001
2026010819,-0.0001
2026010819,-0.0001
2026010820,-0.0001
2026010820,-0.0001
2026010820,-0.0001
2026010820,-0.0001
2026010821,-0.0001
2026010821,-0.0001
2026010821,-0.0001
2026010821,-0.0001
2026010822,-0.0001
2026010822,-0.0001
2026010822,-0.0001
2026010822,-0.0001
2026010823,-0.0001
2026010823,-0.0001
2026010823,-0.0001
2026010823,-0.0001
2026010900,0.0
2026010900,-0.0001
2026010900,-0.0001
2026010900,-0.0001
2026010901,-0.0001
2026010901,-0.0001
2026010901,-0.0001
2026010901,-0.0001
2026010902,-0.0001
2026010902,-0.0001
2026010902,-0.0001
2026010902,-0.0001
2026010903,-0.0001
2026010903,-0.0001
2026010903,-0.0001
2026010903,-0.0001
2026010904,-0.0001
2026010904,-0.0001
2026010904,-0.0001
2026010904,-0.0001
2026010905,-0.0001
2026010905,-0.0001
2026010905,-0.0001
2026010905,-0.0001
2026010906,-0.0001
2026010906,-0.0001
2026010906,-0.0001
2026010906,-0.0001
2026010907,0.21
2026010907,-0.0001
2026010907,-0.0001
2026010907,-0.0001
2026010908,1.99
2026010908,4.01
2026010908,5.6
2026010908,6.55
2026010909,7.79
2026010909,10.43
2026010909,12.42
2026010909,15.08
2026010910,22.16
2026010910,31.05
2026010910,34.27
2026010910,24.99
2026010911,24.97
2026010911,21.78
2026010911,25.84
2026010911,26.13
2026010912,23.92
2026010912,20.04
2026010912,17.61
2026010912,15.21
2026010913,10.79
2026010913,11.36
2026010913,9.47
2026010913,7.92
2026010914,7.81
2026010914,6.75
2026010914,5.12
2026010914,2.87
2026010915,0.24
2026010915,0.0
2026010915,-0.0001
2026010915,-0.0001
2026010916,-0.0001
2026010916,-0.0001
2026010916,-0.0001
2026010916,-0.0001
2026010917,-0.0001
2026010917,-0.0001
2026010917,-0.0001
2026010917,-0.0001
2026010918,-0.0001
2026010918,-0.0001
2026010918,-0.0001
2026010918,-0.0001
2026010919,-0.0001
2026010919,-0.0001
2026010919,-0.0001
2026010919,-0.0001
2026010920,-0.0001
2026010920,-0.0001
2026010920,-0.0001
2026010920,-0.0001
2026010921,-0.0001
2026010921,-0.0001
2026010921,-0.0001
2026010921,-0.0001
2026010922,-0.0001
2026010922,-0.0001
2026010922,-0.0001
2026010922,-0.0001
2026010923,-0.0001
2026010923,-0.0001
2026010923,-0.0001
2026010923,-0.0001
2026011000,0.0
2026011000,-0.0001
2026011000,-0.0001
2026011000,-0.0001
2026011001,-0.0001
2026011001,-0.0001
2026011001,-0.0001
2026011001,-0.0001
2026011002,-0.0001
2026011002,-0.0001
2026011002,-0.0001
2026011002,-0.0001
2026011003,-0.0001
2026011003,-0.0001
2026011003,-0.0001
2026011003,-0.0001
2026011004,-0.0001
2026011004,-0.0001
2026011004,-0.0001
2026011004,-0.0001
2026011005,-0.0001
2026011005,-0.0001
2026011005,-0.0001
2026011005,-0.0001
2026011006,-0.0001
2026011006,-0.0001
2026011006,-0.0001
2026011006,-0.0001
2026011007,0.03
2026011007,1.69
2026011007,-0.0001
2026011007,-0.0001
2026011008,3.33
2026011008,4.15
2026011008,4.74
2026011008,7.03
2026011009,12.61
2026011009,26.42
2026011009,37.7
2026011009,42.22
2026011010,47.56
2026011010,29.26
2026011010,35.37
2026011010,45.51
2026011011,42.52
2026011011,51.33
2026011011,54.03
2026011011,53.42
2026011012,52.09
2026011012,50.15
2026011012,47.87
2026011012,43.68
2026011013,40.31
2026011013,36.99
2026011013,30.18
2026011013,24.07
2026011014,17.27
2026011014,11.08
2026011014,7.03
2026011014,4.17
2026011015,1.8
2026011015,0.02
2026011015,0.0
2026011015,-0.0001
2026011016,-0.0001
2026011016,-0.0001
2026011016,-0.0001
2026011016,-0.0001
2026011017,-0.0001
2026011017,-0.0001
2026011017,-0.0001
2026011017,-0.0001
2026011018,-0.0001
2026011018,-0.0001
2026011018,-0.0001
2026011018,-0.0001
2026011019,-0.0001
2026011019,-0.0001
2026011019,-0.0001
2026011019,-0.0001
2026011020,-0.0001
2026011020,-0.0001
2026011020,-0.0001
2026011020,-0.0001
2026011021,-0.0001
2026011021,-0.0001
2026011021,-0.0001
2026011021,-0.0001
2026011022,-0.0001
2026011022,-0.0001
2026011022,-0.0001
2026011022,-0.0001
2026011023,-0.0001
2026011023,-0.0001
2026011023,-0.0001
2026011023,-0.0001
2026011100,0.0
2026011100,-0.0001
2026011100,-0.0001
2026011100,-0.0001
2026011101,-0.0001
2026011101,-0.0001
2026011101,-0.0001
2026011101,-0.0001
2026011102,-0.0001
2026011102,-0.0001
2026011102,-0.0001
2026011102,-0.0001
2026011103,-0.0001
2026011103,-0.0001
2026011103,-0.0001
2026011103,-0.0001
2026011104,-0.0001
2026011104,-0.0001
2026011104,-0.0001
2026011104,-0.0001
2026011105,-0.0001
2026011105,-0.0001
2026011105,-0.0001
2026011105,-0.0001
2026011106,-0.0001
2026011106,-0.0001
2026011106,-0.0001
2026011106,-0.0001
2026011107,0.77
2026011107,2.44
2026011107,-0.0001
2026011107,-0.0001
2026011108,5.22
2026011108,8.66
2026011108,13.25
2026011108,18.38
2026011109,25.8
2026011109,31.32
2026011109,31.4
2026011109,37.08
2026011110,42.47
2026011110,48.99
2026011110,48.6
2026011110,45.55
2026011111,46.3
2026011111,44.83
2026011111,44.25
2026011111,39.34
2026011112,38.8
2026011112,36.41
2026011112,31.09
2026011112,28.44
2026011113,26.39
2026011113,25.65
2026011113,20.91
2026011113,15.85
2026011114,11.0
2026011114,8.29
2026011114,6.62
2026011114,4.01
2026011115,0.92
2026011115,0.02
2026011115,0.0
2026011115,-0.0001
2026011116,-0.0001
2026011116,-0.0001
2026011116,-0.0001
2026011116,-0.0001
2026011117,-0.0001
2026011117,-0.0001
2026011117,-0.0001
2026011117,-0.0001
2026011118,-0.0001
2026011118,-0.0001
2026011118,-0.0001
2026011118,-0.0001
2026011119,-0.0001
2026011119,-0.0001
2026011119,-0.0001
2026011119,-0.0001
2026011120,-0.0001
2026011120,-0.0001
2026011120,-0.0001
2026011120,-0.0001
2026011121,-0.0001
2026011121,-0.0001
2026011121,-0.0001
2026011121,-0.0001
2026011122,-0.0001
2026011122,-0.0001
2026011122,-0.0001
2026011122,-0.0001
2026011123,-0.0001
2026011123,-0.0001
2026011123,-0.0001
2026011123,-0.0001
2026011200,0.0
2026011200,-0.0001
2026011200,-0.0001
2026011200,-0.0001
2026011201,-0.0001
2026011201,-0.0001
2026011201,-0.0001
2026011201,-0.0001
2026011202,-0.0001
2026011202,-0.0001
2026011202,-0.0001
2026011202,-0.0001
2026011203,-0.0001
2026011203,-0.0001
2026011203,-0.0001
2026011203,-0.0001
2026011204,-0.0001
2026011204,-0.0001
2026011204,-0.0001
2026011204,-0.0001
2026011205,-0.0001
2026011205,-0.0001
2026011205,-0.0001
2026011205,-0.0001
2026011206,-0.0001
2026011206,-0.0001
2026011206,-0.0001
2026011206,-0.0001
2026011207,0.42
2026011207,-0.0001
2026011207,-0.0001
2026011207,-0.0001
2026011208,2.0
2026011208,4.49
2026011208,6.06
2026011208,7.96
2026011209,9.37
2026011209,9.8
2026011209,10.25
2026011209,7.83
2026011210,6.43
2026011210,6.93
2026011210,9.43
2026011210,11.66
2026011211,11.79
2026011211,11.49
2026011211,12.38
2026011211,14.78
2026011212,9.73
2026011212,8.74
2026011212,7.4
2026011212,7.05
2026011213,6.3
2026011213,5.26
2026011213,4.12
2026011213,2.86
2026011214,2.0
2026011214,0.54
2026011214,0.0
2026011214,-0.0001
2026011215,-0.0001
2026011215,-0.0001
2026011215,-0.0001
2026011215,-0.0001
2026011216,-0.0001
2026011216,-0.0001
2026011216,-0.0001
2026011216,-0.0001
2026011217,-0.0001
2026011217,-0.0001
2026011217,-0.0001
2026011217,-0.0001
2026011218,-0.0001
2026011218,-0.0001
2026011218,-0.0001
2026011218,-0.0001
2026011219,-0.0001
2026011219,-0.0001
2026011219,-0.0001
2026011219,-0.0001
2026011220,-0.0001
2026011220,-0.0001
2026011220,-0.0001
2026011220,-0.0001
2026011221,-0.0001
2026011221,-0.0001
2026011221,-0.0001
2026011221,-0.0001
2026011222,-0.0001
2026011222,-0.0001
2026011222,-0.0001
2026011222,-0.0001
2026011223,-0.0001
2026011223,-0.0001
2026011223,-0.0001
2026011223,-0.0001
2026011300,0.0
2026011300,-0.0001
2026011300,-0.0001
2026011300,-0.0001
2026011301,-0.0001
2026011301,-0.0001
2026011301,-0.0001
2026011301,-0.0001
2026011302,-0.0001
2026011302,-0.0001
2026011302,-0.0001
2026011302,-0.0001
2026011303,-0.0001
2026011303,-0.0001
2026011303,-0.0001
2026011303,-0.0001
2026011304,-0.0001
2026011304,-0.0001
2026011304,-0.0001
2026011304,-0.0001
2026011305,-0.0001
2026011305,-0.0001
2026011305,-0.0001
2026011305,-0.0001
2026011306,-0.0001
2026011306,-0.0001
2026011306,-0.0001
2026011306,-0.0001
2026011307,-0.0001
2026011307,-0.0001
2026011307,-0.0001
2026011307,-0.0001
2026011308,1.11
2026011308,2.66
2026011308,3.92
2026011308,5.3
2026011309,6.09
2026011309,6.51
2026011309,6.8
2026011309,8.48
2026011310,11.23
2026011310,13.01
2026011310,12.85
2026011310,14.51
2026011311,18.25
2026011311,17.83
2026011311,15.42
2026011311,11.49
2026011312,12.61
2026011312,13.05
2026011312,11.67
2026011312,10.79
2026011313,9.51
2026011313,8.66
2026011313,8.45
2026011313,7.1
2026011314,5.19
2026011314,4.13
2026011314,2.81
2026011314,0.36
2026011315,0.0
2026011315,-0.0001
2026011315,-0.0001
2026011315,-0.0001
2026011316,-0.0001
2026011316,-0.0001
2026011316,-0.0001
2026011316,-0.0001
2026011317,-0.0001
2026011317,-0.0001
2026011317,-0.0001
2026011317,-0.0001
2026011318,-0.0001
2026011318,-0.0001
2026011318,-0.0001
2026011318,-0.0001
2026011319,-0.0001
2026011319,-0.0001
2026011319,-0.0001
2026011319,-0.0001
2026011320,-0.0001
2026011320,-0.0001
2026011320,-0.0001
2026011320,-0.0001
2026011321,-0.0001
2026011321,-0.0001
2026011321,-0.0001
2026011321,-0.0001
2026011322,-0.0001
2026011322,-0.0001
2026011322,-0.0001
2026011322,-0.0001
2026011323,-0.0001
2026011323,-0.0001
2026011323,-0.0001
2026011323,-0.0001
2026011400,0.0
2026011400,-0.0001
2026011400,-0.0001
2026011400,-0.0001
2026011401,-0.0001
2026011401,-0.0001
2026011401,-0.0001
2026011401,-0.0001
2026011402,-0.0001
2026011402,-0.0001
2026011402,-0.0001
2026011402,-0.0001
2026011403,-0.0001
2026011403,-0.0001
2026011403,-0.0001
2026011403,-0.0001
2026011404,-0.0001
2026011404,-0.0001
2026011404,-0.0001
2026011404,-0.0001
2026011405,-0.0001
2026011405,-0.0001
2026011405,-0.0001
2026011405,-0.0001
2026011406,-0.0001
2026011406,-0.0001
2026011406,-0.0001
2026011406,-0.0001
2026011407,0.05
2026011407,1.18
2026011407,-0.0001
2026011407,-0.0001
2026011408,2.48
2026011408,4.47
2026011408,12.13
2026011408,15.73
2026011409,22.79
2026011409,29.56
2026011409,33.97
2026011409,34.08
2026011410,40.54
2026011410,46.93
2026011410,49.71
2026011410,51.51
2026011411,51.8
2026011411,56.08
2026011411,53.95
2026011411,54.25
2026011412,55.19
2026011412,41.88
2026011412,47.88
2026011412,44.24
2026011413,37.71
2026011413,35.57
2026011413,27.94
2026011413,13.2
2026011414,18.21
2026011414,13.59
2026011414,9.11
2026011414,6.13
2026011415,3.56
2026011415,0.73
2026011415,0.02
2026011415,0.0
2026011416,-0.0001
2026011416,-0.0001
2026011416,-0.0001
2026011416,-0.0001
2026011417,-0.0001
2026011417,-0.0001
2026011417,-0.0001
2026011417,-0.0001
2026011418,-0.0001
2026011418,-0.0001
2026011418,-0.0001
2026011418,-0.0001
2026011419,-0.0001
2026011419,-0.0001
2026011419,-0.0001
2026011419,-0.0001
2026011420,-0.0001
2026011420,-0.0001
2026011420,-0.0001
2026011420,-0.0001
2026011421,-0.0001
2026011421,-0.0001
2026011421,-0.0001
2026011421,-0.0001
2026011422,-0.0001
2026011422,-0.0001
2026011422,-0.0001
2026011422,-0.0001
2026011423,-0.0001
2026011423,-0.0001
2026011423,-0.0001
2026011423,-0.0001
2026011500,0.0
2026011500,-0.0001
2026011500,-0.0001
2026011500,-0.0001
2026011501,-0.0001
2026011501,-0.0001
2026011501,-0.0001
2026011501,-0.0001
2026011502,-0.0001
2026011502,-0.0001
2026011502,-0.0001
2026011502,-0.0001
2026011503,-0.0001
2026011503,-0.0001
2026011503,-0.0001
2026011503,-0.0001
2026011504,-0.0001
2026011504,-0.0001
2026011504,-0.0001
2026011504,-0.0001
2026011505,-0.0001
2026011505,-0.0001
2026011505,-0.0001
2026011505,-0.0001
2026011506,-0.0001
2026011506,-0.0001
2026011506,-0.0001
2026011506,-0.0001
2026011507,-0.0001
2026011507,-0.0001
2026011507,-0.0001
2026011507,-0.0001
2026011508,0.17
2026011508,0.21
2026011508,0.71
2026011508,2.72
2026011509,4.75
2026011509,7.86
2026011509,7.63
2026011509,6.82
2026011510,5.98
2026011510,4.82
2026011510,6.17
2026011510,3.91
2026011511,4.49
2026011511,5.05
2026011511,6.82
2026011511,6.68
2026011512,4.16
2026011512,6.29
2026011512,6.22
2026011512,3.32
2026011513,6.57
2026011513,6.17
2026011513,2.81
2026011513,1.02
2026011514,0.28
2026011514,0.08
2026011514,0.05
2026011514,0.19
2026011515,0.0
2026011515,-0.0001
2026011515,-0.0001
2026011515,-0.0001
2026011516,-0.0001
2026011516,-0.0001
2026011516,-0.0001
2026011516,-0.0001
2026011517,-0.0001
2026011517,-0.0001
2026011517,-0.0001
2026011517,-0.0001
2026011518,-0.0001
2026011518,-0.0001
2026011518,-0.0001
2026011518,-0.0001
2026011519,-0.0001
2026011519,-0.0001
2026011519,-0.0001
2026011519,-0.0001
2026011520,-0.0001
2026011520,-0.0001
2026011520,-0.0001
2026011520,-0.0001
2026011521,-0.0001
2026011521,-0.0001
2026011521,-0.0001
2026011521,-0.0001
2026011522,-0.0001
2026011522,-0.0001
2026011522,-0.0001
2026011522,-0.0001
2026011523,-0.0001
2026011523,-0.0001
2026011523,-0.0001
2026011523,-0.0001
2026011600,0.0
2026011600,-0.0001
2026011600,-0.0001
2026011600,-0.0001
2026011601,-0.0001
2026011601,-0.0001
2026011601,-0.0001
2026011601,-0.0001
2026011602,-0.0001
2026011602,-0.0001
2026011602,-0.0001
2026011602,-0.0001
2026011603,-0.0001
2026011603,-0.0001
2026011603,-0.0001
2026011603,-0.0001
2026011604,-0.0001
2026011604,-0.0001
2026011604,-0.0001
2026011604,-0.0001
2026011605,-0.0001
2026011605,-0.0001
2026011605,-0.0001
2026011605,-0.0001
2026011606,-0.0001
2026011606,-0.0001
2026011606,-0.0001
2026011606,-0.0001
2026011607,0.02
2026011607,0.24
2026011607,-0.0001
2026011607,-0.0001
2026011608,2.84
2026011608,3.5
2026011608,0.92
2026011608,3.2
2026011609,7.83
2026011609,7.78
2026011609,5.06
2026011609,4.6
2026011610,5.56
2026011610,3.88
2026011610,2.94
2026011610,4.71
2026011611,4.41
2026011611,5.7
2026011611,7.06
2026011611,8.82
2026011612,6.99
2026011612,8.34
2026011612,16.83
2026011612,13.46
2026011613,9.87
2026011613,7.84
2026011613,10.39
2026011613,7.24
2026011614,5.69
2026011614,5.89
2026011614,3.43
2026011614,1.72
2026011615,0.42
2026011615,0.02
2026011615,0.0
2026011615,-0.0001
2026011616,-0.0001
2026011616,-0.0001
2026011616,-0.0001
2026011616,-0.0001
2026011617,-0.0001
2026011617,-0.0001
2026011617,-0.0001
2026011617,-0.0001
2026011618,-0.0001
2026011618,-0.0001
2026011618,-0.0001
2026011618,-0.0001
2026011619,-0.0001
2026011619,-0.0001
2026011619,-0.0001
2026011619,-0.0001
2026011620,-0.0001
2026011620,-0.0001
2026011620,-0.0001
2026011620,-0.0001
2026011621,-0.0001
2026011621,-0.0001
2026011621,-0.0001
2026011621,-0.0001
2026011622,-0.0001
2026011622,-0.0001
2026011622,-0.0001
2026011622,-0.0001
2026011623,-0.0001
2026011623,-0.0001
2026011623,-0.0001
2026011623,-0.0001
2026011700,0.0
2026011700,-0.0001
2026011700,-0.0001
2026011700,-0.0001
2026011701,-0.0001
2026011701,-0.0001
2026011701,-0.0001
2026011701,-0.0001
2026011702,-0.0001
2026011702,-0.0001
2026011702,-0.0001
2026011702,-0.0001
2026011703,-0.0001
2026011703,-0.0001
2026011703,-0.0001
2026011703,-0.0001
2026011704,-0.0001
2026011704,-0.0001
2026011704,-0.0001
2026011704,-0.0001
2026011705,-0.0001
2026011705,-0.0001
2026011705,-0.0001
2026011705,-0.0001
2026011706,-0.0001
2026011706,-0.0001
2026011706,-0.0001
2026011706,-0.0001
2026011707,0.02
2026011707,0.97
2026011707,-0.0001
2026011707,-0.0001
2026011708,2.66
2026011708,4.69
2026011708,13.64
2026011708,21.52
2026011709,26.04
2026011709,28.25
2026011709,29.24
2026011709,29.95
2026011710,34.54
2026011710,35.08
2026011710,32.95
2026011710,40.71
2026011711,33.72
2026011711,43.13
2026011711,44.98
2026011711,41.45
2026011712,47.66
2026011712,36.1
2026011712,24.39
2026011712,24.72
2026011713,20.11
2026011713,14.62
2026011713,7.25
2026011713,6.7
2026011714,6.61
2026011714,5.77
2026011714,3.65
2026011714,1.74
2026011715,0.2
2026011715,0.0
2026011715,-0.0001
2026011715,-0.0001
2026011716,-0.0001
2026011716,-0.0001
2026011716,-0.0001
2026011716,-0.0001
2026011717,-0.0001
2026011717,-0.0001
2026011717,-0.0001
2026011717,-0.0001
2026011718,-0.0001
2026011718,-0.0001
2026011718,-0.0001
2026011718,-0.0001
2026011719,-0.0001
2026011719,-0.0001
2026011719,-0.0001
2026011719,-0.0001
2026011720,-0.0001
2026011720,-0.0001
2026011720,-0.0001
2026011720,-0.0001
2026011721,-0.0001
2026011721,-0.0001
2026011721,-0.0001
2026011721,-0.0001
2026011722,-0.0001
2026011722,-0.0001
2026011722,-0.0001
2026011722,-0.0001
2026011723,-0.0001
2026011723,-0.0001
2026011723,-0.0001
2026011723,-0.0001
2026011800,0.0
2026011800,-0.0001
2026011800,-0.0001
2026011800,-0.0001
2026011801,-0.0001
2026011801,-0.0001
2026011801,-0.0001
2026011801,-0.0001
2026011802,-0.0001
2026011802,-0.0001
2026011802,-0.0001
2026011802,-0.0001
2026011803,-0.0001
2026011803,-0.0001
2026011803,-0.0001
2026011803,-0.0001
2026011804,-0.0001
2026011804,-0.0001
2026011804,-0.0001
2026011804,-0.0001
2026011805,-0.0001
2026011805,-0.0001
2026011805,-0.0001
2026011805,-0.0001
2026011806,-0.0001
2026011806,-0.0001
2026011806,-0.0001
2026011806,-0.0001
2026011807,-0.0001
2026011807,-0.0001
2026011807,-0.0001
2026011807,-0.0001
2026011808,0.26
2026011808,0.93
2026011808,1.66
2026011808,2.92
2026011809,3.89
2026011809,4.41
2026011809,5.21
2026011809,5.36
2026011810,5.24
2026011810,5.05
2026011810,5.11
2026011810,6.29
2026011811,6.17
2026011811,5.81
2026011811,7.06
2026011811,7.91
2026011812,7.16
2026011812,5.83
2026011812,5.42
2026011812,4.93
2026011813,5.07
2026011813,5.69
2026011813,5.75
2026011813,5.44
2026011814,4.75
2026011814,3.35
2026011814,3.01
2026011814,1.37
2026011815,0.69
2026011815,0.0
2026011815,-0.0001
2026011815,-0.0001
2026011816,-0.0001
2026011816,-0.0001
2026011816,-0.0001
2026011816,-0.0001
2026011817,-0.0001
2026011817,-0.0001
2026011817,-0.0001
2026011817,-0.0001
2026011818,-0.0001
2026011818,-0.0001
2026011818,-0.0001
2026011818,-0.0001
2026011819,-0.0001
2026011819,-0.0001
2026011819,-0.0001
2026011819,-0.0001
2026011820,-0.0001
2026011820,-0.0001
2026011820,-0.0001
2026011820,-0.0001
2026011821,-0.0001
2026011821,-0.0001
2026011821,-0.0001
2026011821,-0.0001
2026011822,-0.0001
2026011822,-0.0001
2026011822,-0.0001
2026011822,-0.0001
2026011823,-0.0001
2026011823,-0.0001
2026011823,-0.0001
2026011823,-0.0001
2026011900,0.0
2026011900,-0.0001
2026011900,-0.0001
2026011900,-0.0001
2026011901,-0.0001
2026011901,-0.0001
2026011901,-0.0001
2026011901,-0.0001
2026011902,-0.0001
2026011902,-0.0001
2026011902,-0.0001
2026011902,-0.0001
2026011903,-0.0001
2026011903,-0.0001
2026011903,-0.0001
2026011903,-0.0001
2026011904,-0.0001
2026011904,-0.0001
2026011904,-0.0001
2026011904,-0.0001
2026011905,-0.0001
2026011905,-0.0001
2026011905,-0.0001
2026011905,-0.0001
2026011906,-0.0001
2026011906,-0.0001
2026011906,-0.0001
2026011906,-0.0001
2026011907,0.04
2026011907,1.37
2026011907,3.36
2026011907,-0.0001
2026011908,5.52
2026011908,8.64
2026011908,13.04
2026011908,18.19
2026011909,23.89
2026011909,30.08
2026011909,37.62
2026011909,43.32
2026011910,47.91
2026011910,52.08
2026011910,55.45
2026011910,57.9
2026011911,59.44
2026011911,60.32
2026011911,60.71
2026011911,60.24
2026011912,58.7
2026011912,56.33
2026011912,53.28
2026011912,49.71
2026011913,45.56
2026011913,40.67
2026011913,35.2
2026011913,28.83
2026011914,22.77
2026011914,16.73
2026011914,11.9
2026011914,8.2
2026011915,5.57
2026011915,2.99
2026011915,0.39
2026011915,0.0
2026011916,-0.0001
2026011916,-0.0001
2026011916,-0.0001
2026011916,-0.0001
2026011917,-0.0001
2026011917,-0.0001
2026011917,-0.0001
2026011917,-0.0001
2026011918,-0.0001
2026011918,-0.0001
2026011918,-0.0001
2026011918,-0.0001
2026011919,-0.0001
2026011919,-0.0001
2026011919,-0.0001
2026011919,-0.0001
2026011920,-0.0001
2026011920,-0.0001
2026011920,-0.0001
2026011920,-0.0001
2026011921,-0.0001
2026011921,-0.0001
2026011921,-0.0001
2026011921,-0.0001
2026011922,-0.0001
2026011922,-0.0001
2026011922,-0.0001
2026011922,-0.0001
2026011923,-0.0001
2026011923,-0.0001
2026011923,-0.0001
2026011923,-0.0001
2026012000,0.0
2026012000,-0.0001
2026012000,-0.0001
2026012000,-0.0001
2026012001,-0.0001
2026012001,-0.0001
2026012001,-0.0001
2026012001,-0.0001
2026012002,-0.0001
2026012002,-0.0001
2026012002,-0.0001
2026012002,-0.0001
2026012003,-0.0001
2026012003,-0.0001
2026012003,-0.0001
2026012003,-0.0001
2026012004,-0.0001
2026012004,-0.0001
2026012004,-0.0001
2026012004,-0.0001
2026012005,-0.0001
2026012005,-0.0001
2026012005,-0.0001
2026012005,-0.0001
2026012006,-0.0001
2026012006,-0.0001
2026012006,-0.0001
2026012006,-0.0001
2026012007,0.01
2026012007,0.89
2026012007,3.41
2026012007,-0.0001
2026012008,5.69
2026012008,8.89
2026012008,13.06
2026012008,18.01
2026012009,23.23
2026012009,29.15
2026012009,35.99
2026012009,41.26
2026012010,45.22
2026012010,48.8
2026012010,51.64
2026012010,54.13
2026012011,56.07
2026012011,57.0
2026012011,57.36
2026012011,57.2
2026012012,55.39
2026012012,53.79
2026012012,51.06
2026012012,48.02
2026012013,43.59
2026012013,39.04
2026012013,32.26
2026012013,24.67
2026012014,16.22
2026012014,12.98
2026012014,12.41
2026012014,7.08
2026012015,5.17
2026012015,2.73
2026012015,0.29
2026012015,0.0
2026012016,-0.0001
2026012016,-0.0001
2026012016,-0.0001
2026012016,-0.0001
2026012017,-0.0001
2026012017,-0.0001
2026012017,-0.0001
2026012017,-0.0001
2026012018,-0.0001
2026012018,-0.0001
2026012018,-0.0001
2026012018,-0.0001
2026012019,-0.0001
2026012019,-0.0001
2026012019,-0.0001
2026012019,-0.0001
2026012020,-0.0001
2026012020,-0.0001
2026012020,-0.0001
2026012020,-0.0001
2026012021,-0.0001
2026012021,-0.0001
2026012021,-0.0001
2026012021,-0.0001
2026012022,-0.0001
2026012022,-0.0001
2026012022,-0.0001
2026012022,-0.0001
2026012023,-0.0001
2026012023,-0.0001
2026012023,-0.0001
2026012023,-0.0001
2026012100,0.0
2026012100,-0.0001
2026012100,-0.0001
2026012100,-0.0001
2026012101,-0.0001
2026012101,-0.0001
2026012101,-0.0001
2026012101,-0.0001
2026012102,-0.0001
2026012102,-0.0001
2026012102,-0.0001
2026012102,-0.0001
2026012103,-0.0001
2026012103,-0.0001
2026012103,-0.0001
2026012103,-0.0001
2026012104,-0.0001
2026012104,-0.0001
2026012104,-0.0001
2026012104,-0.0001
2026012105,-0.0001
2026012105,-0.0001
2026012105,-0.0001
2026012105,-0.0001
2026012106,-0.0001
2026012106,-0.0001
2026012106,-0.0001
2026012106,-0.0001
2026012107,0.59
2026012107,-0.0001
2026012107,-0.0001
2026012107,-0.0001
2026012108,5.32
2026012108,11.98
2026012108,14.56
2026012108,10.7
2026012109,10.19
2026012109,11.61
2026012109,13.56
2026012109,14.73
2026012110,13.56
2026012110,13.81
2026012110,19.94
2026012110,27.87
2026012111,20.02
2026012111,15.76
2026012111,13.62
2026012111,9.24
2026012112,8.03
2026012112,8.42
2026012112,11.7
2026012112,13.54
2026012113,11.08
2026012113,6.23
2026012113,5.77
2026012113,5.63
2026012114,5.94
2026012114,5.25
2026012114,4.89
2026012114,2.9
2026012115,1.41
2026012115,0.03
2026012115,0.0
2026012115,-0.0001
2026012116,-0.0001
2026012116,-0.0001
2026012116,-0.0001
2026012116,-0.0001
2026012117,-0.0001
2026012117,-0.0001
2026012117,-0.0001
2026012117,-0.0001
2026012118,-0.0001
2026012118,-0.0001
2026012118,-0.0001
2026012118,-0.0001
2026012119,-0.0001
2026012119,-0.0001
2026012119,-0.0001
2026012119,-0.0001
2026012120,-0.0001
2026012120,-0.0001
2026012120,-0.0001
2026012120,-0.0001
2026012121,-0.0001
2026012121,-0.0001
2026012121,-0.0001
2026012121,-0.0001
2026012122,-0.0001
2026012122,-0.0001
2026012122,-0.0001
2026012122,-0.0001
2026012123,-0.0001
2026012123,-0.0001
2026012123,-0.0001
2026012123,-0.0001
2026012200,0.0
2026012200,-0.0001
2026012200,-0.0001
2026012200,-0.0001
2026012201,-0.0001
2026012201,-0.0001
2026012201,-0.0001
2026012201,-0.0001
2026012202,-0.0001
2026012202,-0.0001
2026012202,-0.0001
2026012202,-0.0001
2026012203,-0.0001
2026012203,-0.0001
2026012203,-0.0001
2026012203,-0.0001
2026012204,-0.0001
2026012204,-0.0001
2026012204,-0.0001
2026012204,-0.0001
2026012205,-0.0001
2026012205,-0.0001
2026012205,-0.0001
2026012205,-0.0001
2026012206,-0.0001
2026012206,-0.0001
2026012206,-0.0001
2026012206,-0.0001
2026012207,0.01
2026012207,0.04
2026012207,-0.0001
2026012207,-0.0001
2026012208,0.08
2026012208,0.3
2026012208,1.45
2026012208,1.48
2026012209,2.08
2026012209,2.1
2026012209,2.16
2026012209,2.45
2026012210,2.5
2026012210,2.64
2026012210,2.78
2026012210,2.71
2026012211,2.88
2026012211,3.4
2026012211,3.48
2026012211,5.35
2026012212,5.27
2026012212,5.54
2026012212,6.37
2026012212,5.99
2026012213,5.94
2026012213,5.73
2026012213,4.74
2026012213,4.07
2026012214,3.09
2026012214,2.24
2026012214,0.45
2026012214,0.22
2026012215,0.01
2026012215,0.0
2026012215,-0.0001
2026012215,-0.0001
2026012216,-0.0001
2026012216,-0.0001
2026012216,-0.0001
2026012216,-0.0001
2026012217,-0.0001
2026012217,-0.0001
2026012217,-0.0001
2026012217,-0.0001
2026012218,-0.0001
2026012218,-0.0001
2026012218,-0.0001
2026012218,-0.0001
2026012219,-0.0001
2026012219,-0.0001
2026012219,-0.0001
2026012219,-0.0001
2026012220,-0.0001
2026012220,-0.0001
2026012220,-0.0001
2026012220,-0.0001
2026012221,-0.0001
2026012221,-0.0001
2026012221,-0.0001
2026012221,-0.0001
2026012222,-0.0001
2026012222,-0.0001
2026012222,-0.0001
2026012222,-0.0001
2026012223,-0.0001
2026012223,-0.0001
2026012223,-0.0001
2026012223,-0.0001
2026012300,0.0
2026012300,-0.0001
2026012300,-0.0001
2026012300,-0.0001
2026012301,-0.0001
2026012301,-0.0001
2026012301,-0.0001
2026012301,-0.0001
2026012302,-0.0001
2026012302,-0.0001
2026012302,-0.0001
2026012302,-0.0001
2026012303,-0.0001
2026012303,-0.0001
2026012303,-0.0001
2026012303,-0.0001
2026012304,-0.0001
2026012304,-0.0001
2026012304,-0.0001
2026012304,-0.0001
2026012305,-0.0001
2026012305,-0.0001
2026012305,-0.0001
2026012305,-0.0001
2026012306,-0.0001
2026012306,-0.0001
2026012306,-0.0001
2026012306,-0.0001
2026012307,-0.0001
2026012307,-0.0001
2026012307,-0.0001
2026012307,-0.0001
2026012308,0.01
2026012308,0.49
2026012308,1.07
2026012308,2.31
2026012309,4.0
2026012309,5.2
2026012309,6.17
2026012309,7.2
2026012310,8.01
2026012310,8.76
2026012310,9.84
2026012310,9.43
2026012311,8.93
2026012311,12.13
2026012311,12.9
2026012311,15.07
2026012312,12.18
2026012312,9.9
2026012312,6.22
2026012312,5.91
2026012313,7.22
2026012313,6.84
2026012313,5.75
2026012313,5.34
2026012314,4.95
2026012314,4.23
2026012314,3.59
2026012314,2.74
2026012315,0.79
2026012315,0.12
2026012315,0.0
2026012315,-0.0001
2026012316,-0.0001
2026012316,-0.0001
2026012316,-0.0001
2026012316,-0.0001
2026012317,-0.0001
2026012317,-0.0001
2026012317,-0.0001
2026012317,-0.0001
2026012318,-0.0001
2026012318,-0.0001
2026012318,-0.0001
2026012318,-0.0001
2026012319,-0.0001
2026012319,-0.0001
2026012319,-0.0001
2026012319,-0.0001
2026012320,-0.0001
2026012320,-0.0001
2026012320,-0.0001
2026012320,-0.0001
2026012321,-0.0001
2026012321,-0.0001
2026012321,-0.0001
2026012321,-0.0001
2026012322,-0.0001
2026012322,-0.0001
2026012322,-0.0001
2026012322,-0.0001
2026012323,-0.0001
2026012323,-0.0001
2026012323,-0.0001
2026012323,-0.0001
2026012400,0.0
2026012400,-0.0001
2026012400,-0.0001
2026012400,-0.0001
2026012401,-0.0001
2026012401,-0.0001
2026012401,-0.0001
2026012401,-0.0001
2026012402,-0.0001
2026012402,-0.0001
2026012402,-0.0001
2026012402,-0.0001
2026012403,-0.0001
2026012403,-0.0001
2026012403,-0.0001
2026012403,-0.0001
2026012404,-0.0001
2026012404,-0.0001
2026012404,-0.0001
2026012404,-0.0001
2026012405,-0.0001
2026012405,-0.0001
2026012405,-0.0001
2026012405,-0.0001
2026012406,-0.0001
2026012406,-0.0001
2026012406,-0.0001
2026012406,-0.0001
2026012407,-0.0001
2026012407,-0.0001
2026012407,-0.0001
2026012407,-0.0001
2026012408,0.1
2026012408,2.06
2026012408,3.09
2026012408,4.45
2026012409,5.46
2026012409,5.37
2026012409,6.26
2026012409,5.57
2026012410,5.42
2026012410,5.72
2026012410,5.88
2026012410,5.93
2026012411,7.35
2026012411,6.53
2026012411,5.43
2026012411,5.04
2026012412,5.12
2026012412,4.87
2026012412,5.2
2026012412,5.38
2026012413,5.42
2026012413,5.67
2026012413,5.03
2026012413,4.33
2026012414,3.15
2026012414,2.0
2026012414,1.26
2026012414,0.38
2026012415,0.04
2026012415,0.0
2026012415,-0.0001
2026012415,-0.0001
2026012416,-0.0001
2026012416,-0.0001
2026012416,-0.0001
2026012416,-0.0001
2026012417,-0.0001
2026012417,-0.0001
2026012417,-0.0001
2026012417,-0.0001
2026012418,-0.0001
2026012418,-0.0001
2026012418,-0.0001
2026012418,-0.0001
2026012419,-0.0001
2026012419,-0.0001
2026012419,-0.0001
2026012419,-0.0001
2026012420,-0.0001
2026012420,-0.0001
2026012420,-0.0001
2026012420,-0.0001
2026012421,-0.0001
2026012421,-0.0001
2026012421,-0.0001
2026012421,-0.0001
2026012422,-0.0001
2026012422,-0.0001
2026012422,-0.0001
2026012422,-0.0001
2026012423,-0.0001
2026012423,-0.0001
2026012423,-0.0001
2026012423,-0.0001
2026012500,0.0
2026012500,-0.0001
2026012500,-0.0001
2026012500,-0.0001
2026012501,-0.0001
2026012501,-0.0001
2026012501,-0.0001
2026012501,-0.0001
2026012502,-0.0001
2026012502,-0.0001
2026012502,-0.0001
2026012502,-0.0001
2026012503,-0.0001
2026012503,-0.0001
2026012503,-0.0001
2026012503,-0.0001
2026012504,-0.0001
2026012504,-0.0001
2026012504,-0.0001
2026012504,-0.0001
2026012505,-0.0001
2026012505,-0.0001
2026012505,-0.0001
2026012505,-0.0001
2026012506,-0.0001
2026012506,-0.0001
2026012506,-0.0001
2026012506,-0.0001
2026012507,-0.0001
2026012507,-0.0001
2026012507,-0.0001
2026012507,-0.0001
2026012508,0.58
2026012508,2.47
2026012508,4.28
2026012508,-0.0001
2026012509,4.54
2026012509,3.44
2026012509,3.36
2026012509,3.73
2026012510,4.59
2026012510,4.89
2026012510,5.28
2026012510,5.01
2026012511,5.3
2026012511,6.95
2026012511,9.81
2026012511,8.31
2026012512,9.99
2026012512,8.39
2026012512,6.59
2026012512,7.72
2026012513,6.66
2026012513,10.17
2026012513,7.49
2026012513,3.93
2026012514,2.34
2026012514,1.94
2026012514,0.24
2026012514,0.01
2026012515,0.06
2026012515,0.0
2026012515,-0.0001
2026012515,-0.0001
2026012516,-0.0001
2026012516,-0.0001
2026012516,-0.0001
2026012516,-0.0001
2026012517,-0.0001
2026012517,-0.0001
2026012517,-0.0001
2026012517,-0.0001
2026012518,-0.0001
2026012518,-0.0001
2026012518,-0.0001
2026012518,-0.0001
2026012519,-0.0001
2026012519,-0.0001
2026012519,-0.0001
2026012519,-0.0001
2026012520,-0.0001
2026012520,-0.0001
2026012520,-0.0001
2026012520,-0.0001
2026012521,-0.0001
2026012521,-0.0001
2026012521,-0.0001
2026012521,-0.0001
2026012522,-0.0001
2026012522,-0.0001
2026012522,-0.0001
2026012522,-0.0001
2026012523,-0.0001
2026012523,-0.0001
2026012523,-0.0001
2026012523,-0.0001
2026012600,0.0
2026012600,-0.0001
2026012600,-0.0001
2026012600,-0.0001
2026012601,-0.0001
2026012601,-0.0001
2026012601,-0.0001
2026012601,-0.0001
2026012602,-0.0001
2026012602,-0.0001
2026012602,-0.0001
2026012602,-0.0001
2026012603,-0.0001
2026012603,-0.0001
2026012603,-0.0001
2026012603,-0.0001
2026012604,-0.0001
2026012604,-0.0001
2026012604,-0.0001
2026012604,-0.0001
2026012605,-0.0001
2026012605,-0.0001
2026012605,-0.0001
2026012605,-0.0001
2026012606,-0.0001
2026012606,-0.0001
2026012606,-0.0001
2026012606,-0.0001
2026012607,0.78
2026012607,2.07
2026012607,-0.0001
2026012607,-0.0001
2026012608,3.67
2026012608,5.01
2026012608,6.04
2026012608,7.95
2026012609,9.65
2026012609,8.91
2026012609,8.77
2026012609,10.6
2026012610,11.01
2026012610,10.66
2026012610,13.08
2026012610,12.16
2026012611,10.85
2026012611,9.22
2026012611,8.45
2026012611,10.32
2026012612,11.12
2026012612,10.36
2026012612,9.49
2026012612,8.26
2026012613,7.55
2026012613,6.77
2026012613,5.64
2026012613,4.94
2026012614,4.38
2026012614,2.64
2026012614,0.81
2026012614,0.0
2026012615,-0.0001
2026012615,-0.0001
2026012615,-0.0001
2026012615,-0.0001
2026012616,-0.0001
2026012616,-0.0001
2026012616,-0.0001
2026012616,-0.0001
2026012617,-0.0001
2026012617,-0.0001
2026012617,-0.0001
2026012617,-0.0001
2026012618,-0.0001
2026012618,-0.0001
2026012618,-0.0001
2026012618,-0.0001
2026012619,-0.0001
2026012619,-0.0001
2026012619,-0.0001
2026012619,-0.0001
2026012620,-0.0001
2026012620,-0.0001
2026012620,-0.0001
2026012620,-0.0001
2026012621,-0.0001
2026012621,-0.0001
2026012621,-0.0001
2026012621,-0.0001
2026012622,-0.0001
2026012622,-0.0001
2026012622,-0.0001
2026012622,-0.0001
2026012623,-0.0001
2026012623,-0.0001
2026012623,-0.0001
2026012623,-0.0001
2026012700,0.0
2026012700,-0.0001
2026012700,-0.0001
2026012700,-0.0001
2026012701,-0.0001
2026012701,-0.0001
2026012701,-0.0001
2026012701,-0.0001
2026012702,-0.0001
2026012702,-0.0001
2026012702,-0.0001
2026012702,-0.0001
2026012703,-0.0001
2026012703,-0.0001
2026012703,-0.0001
2026012703,-0.0001
2026012704,-0.0001
2026012704,-0.0001
2026012704,-0.0001
2026012704,-0.0001
2026012705,-0.0001
2026012705,-0.0001
2026012705,-0.0001
2026012705,-0.0001
2026012706,-0.0001
2026012706,-0.0001
2026012706,-0.0001
2026012706,-0.0001
2026012707,-0.0001
2026012707,-0.0001
2026012707,-0.0001
2026012707,-0.0001
2026012708,0.79
2026012708,1.9
2026012708,2.02
2026012708,4.91
2026012709,11.89
2026012709,17.92
2026012709,22.8
2026012709,20.8
2026012710,12.94
2026012710,10.38
2026012710,9.39
2026012710,9.58
2026012711,10.52
2026012711,8.15
2026012711,8.97
2026012711,7.97
2026012712,7.43
2026012712,6.75
2026012712,7.23
2026012712,6.83
2026012713,6.18
2026012713,5.42
2026012713,4.7
2026012713,4.41
2026012714,4.33
2026012714,4.3
2026012714,3.05
2026012714,1.76
2026012715,0.02
2026012715,0.0
2026012715,-0.0001
2026012715,-0.0001
2026012716,-0.0001
2026012716,-0.0001
2026012716,-0.0001
2026012716,-0.0001
2026012717,-0.0001
2026012717,-0.0001
2026012717,-0.0001
2026012717,-0.0001
2026012718,-0.0001
2026012718,-0.0001
2026012718,-0.0001
2026012718,-0.0001
2026012719,-0.0001
2026012719,-0.0001
2026012719,-0.0001
2026012719,-0.0001
2026012720,-0.0001
2026012720,-0.0001
2026012720,-0.0001
2026012720,-0.0001
2026012721,-0.0001
2026012721,-0.0001
2026012721,-0.0001
2026012721,-0.0001
2026012722,-0.0001
2026012722,-0.0001
2026012722,-0.0001
2026012722,-0.0001
2026012723,-0.0001
2026012723,-0.0001
2026012723,-0.0001
2026012723,-0.0001
2026012800,0.0
2026012800,-0.0001
2026012800,-0.0001
2026012800,-0.0001
2026012801,-0.0001
2026012801,-0.0001
2026012801,-0.0001
2026012801,-0.0001
2026012802,-0.0001
2026012802,-0.0001
2026012802,-0.0001
2026012802,-0.0001
2026012803,-0.0001
2026012803,-0.0001
2026012803,-0.0001
2026012803,-0.0001
2026012804,-0.0001
2026012804,-0.0001
2026012804,-0.0001
2026012804,-0.0001
2026012805,-0.0001
2026012805,-0.0001
2026012805,-0.0001
2026012805,-0.0001
2026012806,-0.0001
2026012806,-0.0001
2026012806,-0.0001
2026012806,-0.0001
2026012807,0.01
2026012807,0.63
2026012807,2.94
2026012807,-0.0001
2026012808,4.62
2026012808,5.17
2026012808,5.19
2026012808,5.07
2026012809,5.09
2026012809,5.62
2026012809,6.22
2026012809,6.93
2026012810,7.8
2026012810,8.09
2026012810,8.68
2026012810,9.07
2026012811,9.01
2026012811,8.56
2026012811,9.7
2026012811,13.96
2026012812,12.67
2026012812,11.09
2026012812,9.8
2026012812,7.31
2026012813,6.55
2026012813,6.46
2026012813,6.02
2026012813,5.58
2026012814,4.17
2026012814,2.23
2026012814,1.82
2026012814,1.5
2026012815,1.14
2026012815,0.0
2026012815,-0.0001
2026012815,-0.0001
2026012816,-0.0001
2026012816,-0.0001
2026012816,-0.0001
2026012816,-0.0001
2026012817,-0.0001
2026012817,-0.0001
2026012817,-0.0001
2026012817,-0.0001
2026012818,-0.0001
2026012818,-0.0001
2026012818,-0.0001
2026012818,-0.0001
2026012819,-0.0001
2026012819,-0.0001
2026012819,-0.0001
2026012819,-0.0001
2026012820,-0.0001
2026012820,-0.0001
2026012820,-0.0001
2026012820,-0.0001
2026012821,-0.0001
2026012821,-0.0001
2026012821,-0.0001
2026012821,-0.0001
2026012822,-0.0001
2026012822,-0.0001
2026012822,-0.0001
2026012822,-0.0001
2026012823,-0.0001
2026012823,-0.0001
2026012823,-0.0001
2026012823,-0.0001
2026012900,0.0
2026012900,-0.0001
2026012900,-0.0001
2026012900,-0.0001
2026012901,-0.0001
2026012901,-0.0001
2026012901,-0.0001
2026012901,-0.0001
2026012902,-0.0001
2026012902,-0.0001
2026012902,-0.0001
2026012902,-0.0001
2026012903,-0.0001
2026012903,-0.0001
2026012903,-0.0001
2026012903,-0.0001
2026012904,-0.0001
2026012904,-0.0001
2026012904,-0.0001
2026012904,-0.0001
2026012905,-0.0001
2026012905,-0.0001
2026012905,-0.0001
2026012905,-0.0001
2026012906,-0.0001
2026012906,-0.0001
2026012906,-0.0001
2026012906,-0.0001
2026012907,0.16
2026012907,1.2
2026012907,-0.0001
2026012907,-0.0001
2026012908,2.13
2026012908,2.66
2026012908,4.39
2026012908,5.27
2026012909,5.99
2026012909,6.35
2026012909,6.52
2026012909,7.31
2026012910,8.87
2026012910,9.13
2026012910,9.28
2026012910,10.09
2026012911,9.05
2026012911,8.2
2026012911,8.84
2026012911,9.05
2026012912,8.02
2026012912,8.14
2026012912,9.0
2026012912,8.79
2026012913,8.32
2026012913,8.26
2026012913,7.28
2026012913,6.44
2026012914,6.14
2026012914,5.36
2026012914,5.23
2026012914,4.47
2026012915,2.38
2026012915,1.51
2026012915,0.12
2026012915,0.0
2026012916,-0.0001
2026012916,-0.0001
2026012916,-0.0001
2026012916,-0.0001
2026012917,-0.0001
2026012917,-0.0001
2026012917,-0.0001
2026012917,-0.0001
2026012918,-0.0001
2026012918,-0.0001
2026012918,-0.0001
2026012918,-0.0001
2026012919,-0.0001
2026012919,-0.0001
2026012919,-0.0001
2026012919,-0.0001
2026012920,-0.0001
2026012920,-0.0001
2026012920,-0.0001
2026012920,-0.0001
2026012921,-0.0001
2026012921,-0.0001
2026012921,-0.0001
2026012921,-0.0001
2026012922,-0.0001
2026012922,-0.0001
2026012922,-0.0001
2026012922,-0.0001
2026012923,-0.0001
2026012923,-0.0001
2026012923,-0.0001
2026012923,-0.0001
2026013000,0.0
2026013000,-0.0001
2026013000,-0.0001
2026013000,-0.0001
2026013001,-0.0001
2026013001,-0.0001
2026013001,-0.0001
2026013001,-0.0001
2026013002,-0.0001
2026013002,-0.0001
2026013002,-0.0001
2026013002,-0.0001
2026013003,-0.0001
2026013003,-0.0001
2026013003,-0.0001
2026013003,-0.0001
2026013004,-0.0001
2026013004,-0.0001
2026013004,-0.0001
2026013004,-0.0001
2026013005,-0.0001
2026013005,-0.0001
2026013005,-0.0001
2026013005,-0.0001
2026013006,-0.0001
2026013006,-0.0001
2026013006,-0.0001
2026013006,-0.0001
2026013007,0.02
2026013007,0.0
2026013007,-0.0001
2026013007,-0.0001
2026013008,0.11
2026013008,2.02
2026013008,2.34
2026013008,2.93
2026013009,4.75
2026013009,4.71
2026013009,4.86
2026013009,4.9
2026013010,5.0
2026013010,4.85
2026013010,5.49
2026013010,6.22
2026013011,6.39
2026013011,7.3
2026013011,8.17
2026013011,4.66
2026013012,4.51
2026013012,5.07
2026013012,5.51
2026013012,7.21
2026013013,6.95
2026013013,6.29
2026013013,3.81
2026013013,4.28
2026013014,3.61
2026013014,2.48
2026013014,0.8
2026013014,0.42
2026013015,0.73
2026013015,0.23
2026013015,0.0
2026013015,-0.0001
2026013016,-0.0001
2026013016,-0.0001
2026013016,-0.0001
2026013016,-0.0001
2026013017,-0.0001
2026013017,-0.0001
2026013017,-0.0001
2026013017,-0.0001
2026013018,-0.0001
2026013018,-0.0001
2026013018,-0.0001
2026013018,-0.0001
2026013019,-0.0001
2026013019,-0.0001
2026013019,-0.0001
2026013019,-0.0001
2026013020,-0.0001
2026013020,-0.0001
2026013020,-0.0001
2026013020,-0.0001
2026013021,-0.0001
2026013021,-0.0001
2026013021,-0.0001
2026013021,-0.0001
2026013022,-0.0001
2026013022,-0.0001
2026013022,-0.0001
2026013022,-0.0001
2026013023,-0.0001
2026013023,-0.0001
2026013023,-0.0001
2026013023,-0.0001
2026013100,0.0
2026013100,-0.0001
2026013100,-0.0001
2026013100,-0.0001
2026013101,-0.0001
2026013101,-0.0001
2026013101,-0.0001
2026013101,-0.0001
2026013102,-0.0001
2026013102,-0.0001
2026013102,-0.0001
2026013102,-0.0001
2026013103,-0.0001
2026013103,-0.0001
2026013103,-0.0001
2026013103,-0.0001
2026013104,-0.0001
2026013104,-0.0001
2026013104,-0.0001
2026013104,-0.0001
2026013105,-0.0001
2026013105,-0.0001
2026013105,-0.0001
2026013105,-0.0001
2026013106,-0.0001
2026013106,-0.0001
2026013106,-0.0001
2026013106,-0.0001
2026013107,0.01
2026013107,1.29
2026013107,-0.0001
2026013107,-0.0001
2026013108,3.9
2026013108,4.6
2026013108,4.41
2026013108,5.41
2026013109,6.52
2026013109,9.25
2026013109,16.14
2026013109,22.95
2026013110,30.56
2026013110,36.28
2026013110,30.04
2026013110,32.56
2026013111,38.07
2026013111,21.85
2026013111,13.85
2026013111,14.43
2026013112,15.13
2026013112,29.71
2026013112,32.0
2026013112,30.93
2026013113,21.75
2026013113,16.66
2026013113,10.91
2026013113,8.44
2026013114,7.99
2026013114,5.71
2026013114,4.4
2026013114,4.55
2026013115,4.76
2026013115,5.08
2026013115,2.12
2026013115,0.05
2026013116,0.0
2026013116,-0.0001
2026013116,-0.0001
2026013116,-0.0001
2026013117,-0.0001
2026013117,-0.0001
2026013117,-0.0001
2026013117,-0.0001
2026013118,-0.0001
2026013118,-0.0001
2026013118,-0.0001
2026013118,-0.0001
2026013119,-0.0001
2026013119,-0.0001
2026013119,-0.0001
2026013119,-0.0001
2026013120,-0.0001
2026013120,-0.0001
2026013120,-0.0001
2026013120,-0.0001
2026013121,-0.0001
2026013121,-0.0001
2026013121,-0.0001
2026013121,-0.0001
2026013122,-0.0001
2026013122,-0.0001
2026013122,-0.0001
2026013122,-0.0001
2026013123,-0.0001
2026013123,-0.0001
2026013123,-0.0001
2026013123,-0.0001
2026020100,0.0
2026020100,-0.0001
2026020100,-0.0001
2026020100,-0.0001
2026020101,-0.0001
2026020101,-0.0001
2026020101,-0.0001
2026020101,-0.0001
2026020102,-0.0001
2026020102,-0.0001
2026020102,-0.0001
2026020102,-0.0001
2026020103,-0.0001
2026020103,-0.0001
2026020103,-0.0001
2026020103,-0.0001
2026020104,-0.0001
2026020104,-0.0001
2026020104,-0.0001
2026020104,-0.0001
2026020105,-0.0001
2026020105,-0.0001
2026020105,-0.0001
2026020105,-0.0001
2026020106,-0.0001
2026020106,-0.0001
2026020106,-0.0001
2026020106,-0.0001
2026020107,0.04
2026020107,2.39
2026020107,4.35
2026020107,4.1
2026020108,3.15
2026020108,3.85
2026020108,4.42
2026020108,4.94
2026020109,5.58
2026020109,5.79
2026020109,6.29
2026020109,6.7
2026020110,7.25
2026020110,9.85
2026020110,12.33
2026020110,10.01
2026020111,9.41
2026020111,15.68
2026020111,20.69
2026020111,24.33
2026020112,29.79
2026020112,28.71
2026020112,26.29
2026020112,21.81
2026020113,17.19
2026020113,16.86
2026020113,14.37
2026020113,11.59
2026020114,9.78
2026020114,8.47
2026020114,6.24
2026020114,6.23
2026020115,5.07
2026020115,2.63
2026020115,1.27
2026020115,0.04
2026020116,0.0
2026020116,-0.0001
2026020116,-0.0001
2026020116,-0.0001
2026020117,-0.0001
2026020117,-0.0001
2026020117,-0.0001
2026020117,-0.0001
2026020118,-0.0001
2026020118,-0.0001
2026020118,-0.0001
2026020118,-0.0001
2026020119,-0.0001
2026020119,-0.0001
2026020119,-0.0001
2026020119,-0.0001
2026020120,-0.0001
2026020120,-0.0001
2026020120,-0.0001
2026020120,-0.0001
2026020121,-0.0001
2026020121,-0.0001
2026020121,-0.0001
2026020121,-0.0001
2026020122,-0.0001
2026020122,-0.0001
2026020122,-0.0001
2026020122,-0.0001
2026020123,-0.0001
2026020123,-0.0001
2026020123,-0.0001
2026020123,-0.0001
2026020200,0.0
2026020200,-0.0001
2026020200,-0.0001
2026020200,-0.0001
2026020201,-0.0001
2026020201,-0.0001
2026020201,-0.0001
2026020201,-0.0001
2026020202,-0.0001
2026020202,-0.0001
2026020202,-0.0001
2026020202,-0.0001
2026020203,-0.0001
2026020203,-0.0001
2026020203,-0.0001
2026020203,-0.0001
2026020204,-0.0001
2026020204,-0.0001
2026020204,-0.0001
2026020204,-0.0001
2026020205,-0.0001
2026020205,-0.0001
2026020205,-0.0001
2026020205,-0.0001
2026020206,-0.0001
2026020206,-0.0001
2026020206,-0.0001
2026020206,-0.0001
2026020207,0.75
2026020207,3.25
2026020207,5.98
2026020207,9.84
2026020208,14.77
2026020208,22.61
2026020208,30.36
2026020208,36.36
2026020209,44.91
2026020209,50.81
2026020209,58.46
2026020209,66.65
2026020210,73.72
2026020210,77.27
2026020210,76.84
2026020210,79.58
2026020211,85.83
2026020211,86.87
2026020211,86.63
2026020211,86.08
2026020212,85.51
2026020212,84.04
2026020212,81.39
2026020212,76.15
2026020213,68.95
2026020213,58.62
2026020213,54.45
2026020213,46.28
2026020214,35.09
2026020214,16.26
2026020214,11.57
2026020214,10.12
2026020215,11.14
2026020215,6.18
2026020215,5.09
2026020215,2.76
2026020216,0.41
2026020216,0.0
2026020216,-0.0001
2026020216,-0.0001
2026020217,-0.0001
2026020217,-0.0001
2026020217,-0.0001
2026020217,-0.0001
2026020218,-0.0001
2026020218,-0.0001
2026020218,-0.0001
2026020218,-0.0001
2026020219,-0.0001
2026020219,-0.0001
2026020219,-0.0001
2026020219,-0.0001
2026020220,-0.0001
2026020220,-0.0001
2026020220,-0.0001
2026020220,-0.0001
2026020221,-0.0001
2026020221,-0.0001
2026020221,-0.0001
2026020221,-0.0001
2026020222,-0.0001
2026020222,-0.0001
2026020222,-0.0001
2026020222,-0.0001
2026020223,-0.0001
2026020223,-0.0001
2026020223,-0.0001
2026020223,-0.0001
2026020300,0.0
2026020300,-0.0001
2026020300,-0.0001
2026020300,-0.0001
2026020301,-0.0001
2026020301,-0.0001
2026020301,-0.0001
2026020301,-0.0001
2026020302,-0.0001
2026020302,-0.0001
2026020302,-0.0001
2026020302,-0.0001
2026020303,-0.0001
2026020303,-0.0001
2026020303,-0.0001
2026020303,-0.0001
2026020304,-0.0001
2026020304,-0.0001
2026020304,-0.0001
2026020304,-0.0001
2026020305,-0.0001
2026020305,-0.0001
2026020305,-0.0001
2026020305,-0.0001
2026020306,-0.0001
2026020306,-0.0001
2026020306,-0.0001
2026020306,-0.0001
2026020307,0.02
2026020307,0.69
2026020307,1.9
2026020307,3.52
2026020308,4.95
2026020308,6.93
2026020308,9.13
2026020308,11.77
2026020309,16.31
2026020309,53.85
2026020309,56.49
2026020309,59.86
2026020310,71.3
2026020310,76.69
2026020310,80.31
2026020310,83.57
2026020311,84.21
2026020311,86.17
2026020311,87.16
2026020311,76.67
2026020312,83.96
2026020312,83.27
2026020312,80.08
2026020312,76.15
2026020313,71.54
2026020313,66.13
2026020313,59.94
2026020313,53.38
2026020314,45.98
2026020314,38.21
2026020314,30.36
2026020314,22.48
2026020315,14.2
2026020315,6.36
2026020315,4.03
2026020315,1.84
2026020316,0.14
2026020316,0.0
2026020316,-0.0001
2026020316,-0.0001
2026020317,-0.0001
2026020317,-0.0001
2026020317,-0.0001
2026020317,-0.0001
2026020318,-0.0001
2026020318,-0.0001
2026020318,-0.0001
2026020318,-0.0001
2026020319,-0.0001
2026020319,-0.0001
2026020319,-0.0001
2026020319,-0.0001
2026020320,-0.0001
2026020320,-0.0001
2026020320,-0.0001
2026020320,-0.0001
2026020321,-0.0001
2026020321,-0.0001
2026020321,-0.0001
2026020321,-0.0001
2026020322,-0.0001
2026020322,-0.0001
2026020322,-0.0001
2026020322,-0.0001
2026020323,-0.0001
2026020323,-0.0001
2026020323,-0.0001
2026020323,-0.0001
2026020400,0.0
2026020400,-0.0001
2026020400,-0.0001
2026020400,-0.0001
2026020401,-0.0001
2026020401,-0.0001
2026020401,-0.0001
2026020401,-0.0001
2026020402,-0.0001
2026020402,-0.0001
2026020402,-0.0001
2026020402,-0.0001
2026020403,-0.0001
2026020403,-0.0001
2026020403,-0.0001
2026020403,-0.0001
2026020404,-0.0001
2026020404,-0.0001
2026020404,-0.0001
2026020404,-0.0001
2026020405,-0.0001
2026020405,-0.0001
2026020405,-0.0001
2026020405,-0.0001
2026020406,-0.0001
2026020406,-0.0001
2026020406,-0.0001
2026020406,-0.0001
2026020407,0.49
2026020407,1.51
2026020407,2.46
2026020407,4.18
2026020408,4.64
2026020408,4.85
2026020408,5.28
2026020408,5.68
2026020409,5.86
2026020409,6.13
2026020409,6.84
2026020409,6.62
2026020410,8.19
2026020410,10.35
2026020410,10.46
2026020410,10.62
2026020411,11.18
2026020411,10.64
2026020411,10.8
2026020411,10.81
2026020412,11.57
2026020412,10.91
2026020412,11.09
2026020412,10.32
2026020413,10.49
2026020413,7.92
2026020413,7.2
2026020413,4.95
2026020414,3.19
2026020414,2.46
2026020414,2.15
2026020414,0.21
2026020415,0.0
2026020415,-0.0001
2026020415,-0.0001
2026020415,-0.0001
2026020416,-0.0001
2026020416,-0.0001
2026020416,-0.0001
2026020416,-0.0001
2026020417,-0.0001
2026020417,-0.0001
2026020417,-0.0001
2026020417,-0.0001
2026020418,-0.0001
2026020418,-0.0001
2026020418,-0.0001
2026020418,-0.0001
2026020419,-0.0001
2026020419,-0.0001
2026020419,-0.0001
2026020419,-0.0001
2026020420,-0.0001
2026020420,-0.0001
2026020420,-0.0001
2026020420,-0.0001
2026020421,-0.0001
2026020421,-0.0001
2026020421,-0.0001
2026020421,-0.0001
2026020422,-0.0001
2026020422,-0.0001
2026020422,-0.0001
2026020422,-0.0001
2026020423,-0.0001
2026020423,-0.0001
2026020423,-0.0001
2026020423,-0.0001
2026020500,0.0
2026020500,-0.0001
2026020500,-0.0001
2026020500,-0.0001
2026020501,-0.0001
2026020501,-0.0001
2026020501,-0.0001
2026020501,-0.0001
2026020502,-0.0001
2026020502,-0.0001
2026020502,-0.0001
2026020502,-0.0001
2026020503,-0.0001
2026020503,-0.0001
2026020503,-0.0001
2026020503,-0.0001
2026020504,-0.0001
2026020504,-0.0001
2026020504,-0.0001
2026020504,-0.0001
2026020505,-0.0001
2026020505,-0.0001
2026020505,-0.0001
2026020505,-0.0001
2026020506,-0.0001
2026020506,-0.0001
2026020506,-0.0001
2026020506,-0.0001
2026020507,0.01
2026020507,0.07
2026020507,-0.0001
2026020507,-0.0001
2026020508,1.53
2026020508,2.12
2026020508,2.18
2026020508,-0.0001
2026020509,1.98
2026020509,2.61
2026020509,4.52
2026020509,5.32
2026020510,5.22
2026020510,5.04
2026020510,5.06
2026020510,5.22
2026020511,6.07
2026020511,6.5
2026020511,6.44
2026020511,7.63
2026020512,6.8
2026020512,9.62
2026020512,10.51
2026020512,8.64
2026020513,8.18
2026020513,9.48
2026020513,10.99
2026020513,10.24
2026020514,8.79
2026020514,8.2
2026020514,7.28
2026020514,6.85
2026020515,7.38
2026020515,6.48
2026020515,4.28
2026020515,3.01
2026020516,0.35
2026020516,0.0
2026020516,-0.0001
2026020516,-0.0001
2026020517,-0.0001
2026020517,-0.0001
2026020517,-0.0001
2026020517,-0.0001
2026020518,-0.0001
2026020518,-0.0001
2026020518,-0.0001
2026020518,-0.0001
2026020519,-0.0001
2026020519,-0.0001
2026020519,-0.0001
2026020519,-0.0001
2026020520,-0.0001
2026020520,-0.0001
2026020520,-0.0001
2026020520,-0.0001
2026020521,-0.0001
2026020521,-0.0001
2026020521,-0.0001
2026020521,-0.0001
2026020522,-0.0001
2026020522,-0.0001
2026020522,-0.0001
2026020522,-0.0001
2026020523,-0.0001
2026020523,-0.0001
2026020523,-0.0001
2026020523,-0.0001
2026020600,0.0
2026020600,-0.0001
2026020600,-0.0001
2026020600,-0.0001
2026020601,-0.0001
2026020601,-0.0001
2026020601,-0.0001
2026020601,-0.0001
2026020602,-0.0001
2026020602,-0.0001
2026020602,-0.0001
2026020602,-0.0001
2026020603,-0.0001
2026020603,-0.0001
2026020603,-0.0001
2026020603,-0.0001
2026020604,-0.0001
2026020604,-0.0001
2026020604,-0.0001
2026020604,-0.0001
2026020605,-0.0001
2026020605,-0.0001
2026020605,-0.0001
2026020605,-0.0001
2026020606,-0.0001
2026020606,-0.0001
2026020606,-0.0001
2026020606,-0.0001
2026020607,2.78
2026020607,4.07
2026020607,-0.0001
2026020607,-0.0001
2026020608,4.3
2026020608,5.91
2026020608,7.2
2026020608,7.65
2026020609,7.48
2026020609,7.49
2026020609,9.32
2026020609,9.49
2026020610,9.44
2026020610,9.48
2026020610,10.57
2026020610,11.32
2026020611,10.72
2026020611,11.27
2026020611,8.55
2026020611,12.17
2026020612,14.65
2026020612,13.15
2026020612,11.48
2026020612,10.98
2026020613,9.57
2026020613,8.5
2026020613,7.84
2026020613,-0.0001
2026020614,6.38
2026020614,4.96
2026020614,4.68
2026020614,3.58
2026020615,2.06
2026020615,0.68
2026020615,0.21
2026020615,0.01
2026020616,0.0
2026020616,-0.0001
2026020616,-0.0001
2026020616,-0.0001
2026020617,-0.0001
2026020617,-0.0001
2026020617,-0.0001
2026020617,-0.0001
2026020618,-0.0001
2026020618,-0.0001
2026020618,-0.0001
2026020618,-0.0001
2026020619,-0.0001
2026020619,-0.0001
2026020619,-0.0001
2026020619,-0.0001
2026020620,-0.0001
2026020620,-0.0001
2026020620,-0.0001
2026020620,-0.0001
2026020621,-0.0001
2026020621,-0.0001
2026020621,-0.0001
2026020621,-0.0001
2026020622,-0.0001
2026020622,-0.0001
2026020622,-0.0001
2026020622,-0.0001
2026020623,-0.0001
2026020623,-0.0001
2026020623,-0.0001
2026020623,-0.0001
2026020700,0.0
2026020700,-0.0001
2026020700,-0.0001
2026020700,-0.0001
2026020701,-0.0001
2026020701,-0.0001
2026020701,-0.0001
2026020701,-0.0001
2026020702,-0.0001
2026020702,-0.0001
2026020702,-0.0001
2026020702,-0.0001
2026020703,-0.0001
2026020703,-0.0001
2026020703,-0.0001
2026020703,-0.0001
2026020704,-0.0001
2026020704,-0.0001
2026020704,-0.0001
2026020704,-0.0001
2026020705,-0.0001
2026020705,-0.0001
2026020705,-0.0001
2026020705,-0.0001
2026020706,-0.0001
2026020706,-0.0001
2026020706,-0.0001
2026020706,-0.0001
2026020707,0.08
2026020707,1.01
2026020707,2.84
2026020707,-0.0001
2026020708,3.79
2026020708,5.17
2026020708,6.0
2026020708,5.97
2026020709,6.3
2026020709,6.25
2026020709,6.68
2026020709,6.14
2026020710,6.71
2026020710,7.95
2026020710,8.84
2026020710,9.16
2026020711,10.16
2026020711,10.0
2026020711,8.91
2026020711,8.21
2026020712,7.64
2026020712,8.59
2026020712,9.7
2026020712,9.79
2026020713,11.4
2026020713,10.16
2026020713,8.93
2026020713,8.41
2026020714,7.38
2026020714,5.73
2026020714,5.22
2026020714,5.16
2026020715,4.28
2026020715,1.21
2026020715,0.0
2026020715,-0.0001
2026020716,-0.0001
2026020716,-0.0001
2026020716,-0.0001
2026020716,-0.0001
2026020717,-0.0001
2026020717,-0.0001
2026020717,-0.0001
2026020717,-0.0001
2026020718,-0.0001
2026020718,-0.0001
2026020718,-0.0001
2026020718,-0.0001
2026020719,-0.0001
2026020719,-0.0001
2026020719,-0.0001
2026020719,-0.0001
2026020720,-0.0001
2026020720,-0.0001
2026020720,-0.0001
2026020720,-0.0001
2026020721,-0.0001
2026020721,-0.0001
2026020721,-0.0001
2026020721,-0.0001
2026020722,-0.0001
2026020722,-0.0001
2026020722,-0.0001
2026020722,-0.0001
2026020723,-0.0001
2026020723,-0.0001
2026020723,-0.0001
2026020723,-0.0001
2026020800,0.0
2026020800,-0.0001
2026020800,-0.0001
2026020800,-0.0001
2026020801,-0.0001
2026020801,-0.0001
2026020801,-0.0001
2026020801,-0.0001
2026020802,-0.0001
2026020802,-0.0001
2026020802,-0.0001
2026020802,-0.0001
2026020803,-0.0001
2026020803,-0.0001
2026020803,-0.0001
2026020803,-0.0001
2026020804,-0.0001
2026020804,-0.0001
2026020804,-0.0001
2026020804,-0.0001
2026020805,-0.0001
2026020805,-0.0001
2026020805,-0.0001
2026020805,-0.0001
2026020806,-0.0001
2026020806,-0.0001
2026020806,-0.0001
2026020806,-0.0001
2026020807,0.26
2026020807,1.7
2026020807,3.34
2026020807,-0.0001
2026020808,4.22
2026020808,4.94
2026020808,6.78
2026020808,8.24
2026020809,8.91
2026020809,10.99
2026020809,12.48
2026020809,13.74
2026020810,14.74
2026020810,18.1
2026020810,21.33
2026020810,24.92
2026020811,27.39
2026020811,29.62
2026020811,31.56
2026020811,30.27
2026020812,32.9
2026020812,29.66
2026020812,31.4
2026020812,30.1
2026020813,23.79
2026020813,23.08
2026020813,23.09
2026020813,21.56
2026020814,17.43
2026020814,13.0
2026020814,10.11
2026020814,8.74
2026020815,8.36
2026020815,6.62
2026020815,4.74
2026020815,3.68
2026020816,0.3
2026020816,0.0
2026020816,-0.0001
2026020816,-0.0001
2026020817,-0.0001
2026020817,-0.0001
2026020817,-0.0001
2026020817,-0.0001
2026020818,-0.0001
2026020818,-0.0001
2026020818,-0.0001
2026020818,-0.0001
2026020819,-0.0001
2026020819,-0.0001
2026020819,-0.0001
2026020819,-0.0001
2026020820,-0.0001
2026020820,-0.0001
2026020820,-0.0001
2026020820,-0.0001
2026020821,-0.0001
2026020821,-0.0001
2026020821,-0.0001
2026020821,-0.0001
2026020822,-0.0001
2026020822,-0.0001
2026020822,-0.0001
2026020822,-0.0001
2026020823,-0.0001
2026020823,-0.0001
2026020823,-0.0001
2026020823,-0.0001
2026020900,0.0
2026020900,-0.0001
2026020900,-0.0001
2026020900,-0.0001
2026020901,-0.0001
2026020901,-0.0001
2026020901,-0.0001
2026020901,-0.0001
2026020902,-0.0001
2026020902,-0.0001
2026020902,-0.0001
2026020902,-0.0001
2026020903,-0.0001
2026020903,-0.0001
2026020903,-0.0001
2026020903,-0.0001
2026020904,-0.0001
2026020904,-0.0001
2026020904,-0.0001
2026020904,-0.0001
2026020905,-0.0001
2026020905,-0.0001
2026020905,-0.0001
2026020905,-0.0001
2026020906,-0.0001
2026020906,-0.0001
2026020906,-0.0001
2026020906,-0.0001
2026020907,0.26
2026020907,1.95
2026020907,-0.0001
2026020907,-0.0001
2026020908,3.89
2026020908,4.45
2026020908,5.57
2026020908,6.27
2026020909,6.65
2026020909,7.84
2026020909,8.48
2026020909,8.81
2026020910,9.19
2026020910,9.22
2026020910,9.61
2026020910,10.84
2026020911,11.22
2026020911,12.75
2026020911,16.07
2026020911,16.68
2026020912,16.02
2026020912,15.3
2026020912,14.59
2026020912,14.13
2026020913,13.22
2026020913,11.86
2026020913,10.32
2026020913,9.42
2026020914,7.9
2026020914,7.16
2026020914,6.12
2026020914,5.5
2026020915,3.23
2026020915,2.33
2026020915,1.4
2026020915,0.14
2026020916,0.0
2026020916,-0.0001
2026020916,-0.0001
2026020916,-0.0001
2026020917,-0.0001
2026020917,-0.0001
2026020917,-0.0001
2026020917,-0.0001
2026020918,-0.0001
2026020918,-0.0001
2026020918,-0.0001
2026020918,-0.0001
2026020919,-0.0001
2026020919,-0.0001
2026020919,-0.0001
2026020919,-0.0001
2026020920,-0.0001
2026020920,-0.0001
2026020920,-0.0001
2026020920,-0.0001
2026020921,-0.0001
2026020921,-0.0001
2026020921,-0.0001
2026020921,-0.0001
2026020922,-0.0001
2026020922,-0.0001
2026020922,-0.0001
2026020922,-0.0001
2026020923,-0.0001
2026020923,-0.0001
2026020923,-0.0001
2026020923,-0.0001
2026021000,0.0
2026021000,-0.0001
2026021000,-0.0001
2026021000,-0.0001
2026021001,-0.0001
2026021001,-0.0001
2026021001,-0.0001
2026021001,-0.0001
2026021002,-0.0001
2026021002,-0.0001
2026021002,-0.0001
2026021002,-0.0001
2026021003,-0.0001
2026021003,-0.0001
2026021003,-0.0001
2026021003,-0.0001
2026021004,-0.0001
2026021004,-0.0001
2026021004,-0.0001
2026021004,-0.0001
2026021005,-0.0001
2026021005,-0.0001
2026021005,-0.0001
2026021005,-0.0001
2026021006,-0.0001
2026021006,-0.0001
2026021006,-0.0001
2026021006,-0.0001
2026021007,0.23
2026021007,1.44
2026021007,1.86
2026021007,2.91
2026021008,4.66
2026021008,5.35
2026021008,5.92
2026021008,7.23
2026021009,8.2
2026021009,8.64
2026021009,10.84
2026021009,14.67
2026021010,15.77
2026021010,16.82
2026021010,18.84
2026021010,19.02
2026021011,18.7
2026021011,15.97
2026021011,16.45
2026021011,19.33
2026021012,20.63
2026021012,21.63
2026021012,20.15
2026021012,18.84
2026021013,14.15
2026021013,10.85
2026021013,10.07
2026021013,9.62
2026021014,9.77
2026021014,11.94
2026021014,12.24
2026021014,8.67
2026021015,6.27
2026021015,4.46
2026021015,2.16
2026021015,1.27
2026021016,0.0
2026021016,-0.0001
2026021016,-0.0001
2026021016,-0.0001
2026021017,-0.0001
2026021017,-0.0001
2026021017,-0.0001
2026021017,-0.0001
2026021018,-0.0001
2026021018,-0.0001
2026021018,-0.0001
2026021018,-0.0001
2026021019,-0.0001
2026021019,-0.0001
2026021019,-0.0001
2026021019,-0.0001
2026021020,-0.0001
2026021020,-0.0001
2026021020,-0.0001
2026021020,-0.0001
2026021021,-0.0001
2026021021,-0.0001
2026021021,-0.0001
2026021021,-0.0001
2026021022,-0.0001
2026021022,-0.0001
2026021022,-0.0001
2026021022,-0.0001
2026021023,-0.0001
2026021023,-0.0001
2026021023,-0.0001
2026021023,-0.0001
2026021100,0.0
2026021100,-0.0001
2026021100,-0.0001
2026021100,-0.0001
2026021101,-0.0001
2026021101,-0.0001
2026021101,-0.0001
2026021101,-0.0001
2026021102,-0.0001
2026021102,-0.0001
2026021102,-0.0001
2026021102,-0.0001
2026021103,-0.0001
2026021103,-0.0001
2026021103,-0.0001
2026021103,-0.0001
2026021104,-0.0001
2026021104,-0.0001
2026021104,-0.0001
2026021104,-0.0001
2026021105,-0.0001
2026021105,-0.0001
2026021105,-0.0001
2026021105,-0.0001
2026021106,-0.0001
2026021106,-0.0001
2026021106,-0.0001
2026021106,-0.0001
2026021107,0.3
2026021107,1.9
2026021107,4.17
2026021107,6.69
2026021108,6.89
2026021108,7.14
2026021108,10.33
2026021108,14.22
2026021109,13.39
2026021109,11.77
2026021109,14.41
2026021109,14.66
2026021110,12.61
2026021110,15.87
2026021110,14.63
2026021110,16.49
2026021111,21.83
2026021111,24.54
2026021111,23.43
2026021111,19.52
2026021112,18.69
2026021112,17.16
2026021112,16.12
2026021112,16.53
2026021113,14.35
2026021113,11.44
2026021113,10.86
2026021113,10.72
2026021114,10.73
2026021114,9.31
2026021114,9.15
2026021114,8.78
2026021115,7.7
2026021115,6.69
2026021115,5.72
2026021115,3.07
2026021116,0.47
2026021116,0.0
2026021116,-0.0001
2026021116,-0.0001
2026021117,-0.0001
2026021117,-0.0001
2026021117,-0.0001
2026021117,-0.0001
2026021118,-0.0001
2026021118,-0.0001
2026021118,-0.0001
2026021118,-0.0001
2026021119,-0.0001
2026021119,-0.0001
2026021119,-0.0001
2026021119,-0.0001
2026021120,-0.0001
2026021120,-0.0001
2026021120,-0.0001
2026021120,-0.0001
2026021121,-0.0001
2026021121,-0.0001
2026021121,-0.0001
2026021121,-0.0001
2026021122,-0.0001
2026021122,-0.0001
2026021122,-0.0001
2026021122,-0.0001
2026021123,-0.0001
2026021123,-0.0001
2026021123,-0.0001
2026021123,-0.0001
2026021200,0.0
2026021200,-0.0001
2026021200,-0.0001
2026021200,-0.0001
2026021201,-0.0001
2026021201,-0.0001
2026021201,-0.0001
2026021201,-0.0001
2026021202,-0.0001
2026021202,-0.0001
2026021202,-0.0001
2026021202,-0.0001
2026021203,-0.0001
2026021203,-0.0001
2026021203,-0.0001
2026021203,-0.0001
2026021204,-0.0001
2026021204,-0.0001
2026021204,-0.0001
2026021204,-0.0001
2026021205,-0.0001
2026021205,-0.0001
2026021205,-0.0001
2026021205,-0.0001
2026021206,-0.0001
2026021206,-0.0001
2026021206,-0.0001
2026021206,-0.0001
2026021207,0.64
2026021207,2.13
2026021207,3.69
2026021207,5.53
2026021208,7.27
2026021208,9.12
2026021208,10.56
2026021208,11.58
2026021209,12.38
2026021209,12.71
2026021209,15.34
2026021209,15.93
2026021210,16.83
2026021210,20.13
2026021210,21.71
2026021210,23.12
2026021211,25.36
2026021211,28.87
2026021211,31.27
2026021211,32.8
2026021212,32.13
2026021212,30.93
2026021212,31.83
2026021212,27.04
2026021213,23.25
2026021213,22.07
2026021213,25.16
2026021213,24.48
2026021214,21.85
2026021214,18.48
2026021214,16.49
2026021214,13.3
2026021215,10.49
2026021215,7.25
2026021215,3.97
2026021215,1.62
2026021216,0.19
2026021216,0.0
2026021216,-0.0001
2026021216,-0.0001
2026021217,-0.0001
2026021217,-0.0001
2026021217,-0.0001
2026021217,-0.0001
2026021218,-0.0001
2026021218,-0.0001
2026021218,-0.0001
2026021218,-0.0001
2026021219,-0.0001
2026021219,-0.0001
2026021219,-0.0001
2026021219,-0.0001
2026021220,-0.0001
2026021220,-0.0001
2026021220,-0.0001
2026021220,-0.0001
2026021221,-0.0001
2026021221,-0.0001
2026021221,-0.0001
2026021221,-0.0001
2026021222,-0.0001
2026021222,-0.0001
2026021222,-0.0001
2026021222,-0.0001
2026021223,-0.0001
2026021223,-0.0001
2026021223,-0.0001
2026021223,-0.0001
2026021300,0.0
2026021300,-0.0001
2026021300,-0.0001
2026021300,-0.0001
2026021301,-0.0001
2026021301,-0.0001
2026021301,-0.0001
2026021301,-0.0001
2026021302,-0.0001
2026021302,-0.0001
2026021302,-0.0001
2026021302,-0.0001
2026021303,-0.0001
2026021303,-0.0001
2026021303,-0.0001
2026021303,-0.0001
2026021304,-0.0001
2026021304,-0.0001
2026021304,-0.0001
2026021304,-0.0001
2026021305,-0.0001
2026021305,-0.0001
2026021305,-0.0001
2026021305,-0.0001
2026021306,0.17
2026021306,-0.0001
2026021306,-0.0001
2026021306,-0.0001
2026021307,1.79
2026021307,2.95
2026021307,4.72
2026021307,5.01
2026021308,5.81
2026021308,7.69
2026021308,9.16
2026021308,12.04
2026021309,14.05
2026021309,15.53
2026021309,16.99
2026021309,19.03
2026021310,23.11
2026021310,26.44
2026021310,30.02
2026021310,31.22
2026021311,33.97
2026021311,39.85
2026021311,43.68
2026021311,50.16
2026021312,52.74
2026021312,46.7
2026021312,45.84
2026021312,42.53
2026021313,38.78
2026021313,36.99
2026021313,34.98
2026021313,29.51
2026021314,30.82
2026021314,26.94
2026021314,22.19
2026021314,17.93
2026021315,15.46
2026021315,11.89
2026021315,8.25
2026021315,6.52
2026021316,3.51
2026021316,0.75
2026021316,0.0
2026021316,-0.0001
2026021317,-0.0001
2026021317,-0.0001
2026021317,-0.0001
2026021317,-0.0001
2026021318,-0.0001
2026021318,-0.0001
2026021318,-0.0001
2026021318,-0.0001
2026021319,-0.0001
2026021319,-0.0001
2026021319,-0.0001
2026021319,-0.0001
2026021320,-0.0001
2026021320,-0.0001
2026021320,-0.0001
2026021320,-0.0001
2026021321,-0.0001
2026021321,-0.0001
2026021321,-0.0001
2026021321,-0.0001
2026021322,-0.0001
2026021322,-0.0001
2026021322,-0.0001
2026021322,-0.0001
2026021323,-0.0001
2026021323,-0.0001
2026021323,-0.0001
2026021323,-0.0001
2026021400,0.0
2026021400,-0.0001
2026021400,-0.0001
2026021400,-0.0001
2026021401,-0.0001
2026021401,-0.0001
2026021401,-0.0001
2026021401,-0.0001
2026021402,-0.0001
2026021402,-0.0001
2026021402,-0.0001
2026021402,-0.0001
2026021403,-0.0001
2026021403,-0.0001
2026021403,-0.0001
2026021403,-0.0001
2026021404,-0.0001
2026021404,-0.0001
2026021404,-0.0001
2026021404,-0.0001
2026021405,-0.0001
2026021405,-0.0001
2026021405,-0.0001
2026021405,-0.0001
2026021406,0.2
2026021406,-0.0001
2026021406,-0.0001
2026021406,-0.0001
2026021407,1.51
2026021407,2.89
2026021407,7.2
2026021407,17.66
2026021408,24.69
2026021408,30.82
2026021408,36.94
2026021408,42.9
2026021409,48.8
2026021409,54.6
2026021409,60.38
2026021409,66.85
2026021410,73.85
2026021410,80.83
2026021410,87.1
2026021410,92.38
2026021411,96.87
2026021411,100.25
2026021411,102.31
2026021411,103.28
2026021412,102.23
2026021412,100.65
2026021412,96.11
2026021412,91.4
2026021413,88.08
2026021413,84.25
2026021413,76.2
2026021413,72.16
2026021414,62.35
2026021414,55.22
2026021414,48.48
2026021414,40.67
2026021415,30.86
2026021415,23.16
2026021415,14.01
2026021415,7.36
2026021416,3.92
2026021416,1.69
2026021416,0.0
2026021416,-0.0001
2026021417,-0.0001
2026021417,-0.0001
2026021417,-0.0001
2026021417,-0.0001
2026021418,-0.0001
2026021418,-0.0001
2026021418,-0.0001
2026021418,-0.0001
2026021419,-0.0001
2026021419,-0.0001
2026021419,-0.0001
2026021419,-0.0001
2026021420,-0.0001
2026021420,-0.0001
2026021420,-0.0001
2026021420,-0.0001
2026021421,-0.0001
2026021421,-0.0001
2026021421,-0.0001
2026021421,-0.0001
2026021422,-0.0001
2026021422,-0.0001
2026021422,-0.0001
2026021422,-0.0001
2026021423,-0.0001
2026021423,-0.0001
2026021423,-0.0001
2026021423,-0.0001
2026021500,0.0
2026021500,-0.0001
2026021500,-0.0001
2026021500,-0.0001
2026021501,-0.0001
2026021501,-0.0001
2026021501,-0.0001
2026021501,-0.0001
2026021502,-0.0001
2026021502,-0.0001
2026021502,-0.0001
2026021502,-0.0001
2026021503,-0.0001
2026021503,-0.0001
2026021503,-0.0001
2026021503,-0.0001
2026021504,-0.0001
2026021504,-0.0001
2026021504,-0.0001
2026021504,-0.0001
2026021505,-0.0001
2026021505,-0.0001
2026021505,-0.0001
2026021505,-0.0001
2026021506,1.89
2026021506,-0.0001
2026021506,-0.0001
2026021506,-0.0001
2026021507,4.41
2026021507,6.91
2026021507,12.74
2026021507,22.58
2026021508,27.09
2026021508,22.73
2026021508,23.03
2026021508,23.75
2026021509,38.78
2026021509,44.93
2026021509,48.35
2026021509,53.47
2026021510,89.8
2026021510,125.47
2026021510,98.26
2026021510,104.65
2026021511,75.55
2026021511,74.55
2026021511,79.59
2026021511,82.65
2026021512,70.87
2026021512,74.2
2026021512,74.11
2026021512,74.69
2026021513,67.76
2026021513,63.4
2026021513,57.04
2026021513,47.47
2026021514,45.55
2026021514,37.62
2026021514,31.19
2026021514,24.45
2026021515,19.06
2026021515,16.02
2026021515,9.37
2026021515,6.78
2026021516,4.86
2026021516,1.76
2026021516,0.02
2026021516,0.0
2026021517,-0.0001
2026021517,-0.0001
2026021517,-0.0001
2026021517,-0.0001
2026021518,-0.0001
2026021518,-0.0001
2026021518,-0.0001
2026021518,-0.0001
2026021519,-0.0001
2026021519,-0.0001
2026021519,-0.0001
2026021519,-0.0001
2026021520,-0.0001
2026021520,-0.0001
2026021520,-0.0001
2026021520,-0.0001
2026021521,-0.0001
2026021521,-0.0001
2026021521,-0.0001
2026021521,-0.0001
2026021522,-0.0001
2026021522,-0.0001
2026021522,-0.0001
2026021522,-0.0001
2026021523,-0.0001
2026021523,-0.0001
2026021523,-0.0001
2026021523,-0.0001
2026021600,0.0
2026021600,-0.0001
2026021600,-0.0001
2026021600,-0.0001
2026021601,-0.0001
2026021601,-0.0001
2026021601,-0.0001
2026021601,-0.0001
2026021602,-0.0001
2026021602,-0.0001
2026021602,-0.0001
2026021602,-0.0001
2026021603,-0.0001
2026021603,-0.0001
2026021603,-0.0001
2026021603,-0.0001
2026021604,-0.0001
2026021604,-0.0001
2026021604,-0.0001
2026021604,-0.0001
2026021605,-0.0001
2026021605,-0.0001
2026021605,-0.0001
2026021605,-0.0001
2026021606,0.58
2026021606,-0.0001
2026021606,-0.0001
2026021606,-0.0001
2026021607,2.97
2026021607,5.4
2026021607,7.85
2026021607,11.21
2026021608,12.48
2026021608,16.26
2026021608,19.63
2026021608,22.37
2026021609,21.8
2026021609,21.74
2026021609,23.39
2026021609,27.73
2026021610,30.47
2026021610,30.68
2026021610,32.15
2026021610,31.73
2026021611,35.25
2026021611,38.0
2026021611,39.28
2026021611,37.8
2026021612,40.12
2026021612,42.08
2026021612,39.47
2026021612,42.22
2026021613,46.12
2026021613,41.85
2026021613,34.21
2026021613,36.38
2026021614,35.31
2026021614,26.06
2026021614,19.2
2026021614,15.01
2026021615,12.22
2026021615,10.2
2026021615,7.46
2026021615,5.11
2026021616,1.9
2026021616,0.34
2026021616,0.0
2026021616,-0.0001
2026021617,-0.0001
2026021617,-0.0001
2026021617,-0.0001
2026021617,-0.0001
2026021618,-0.0001
2026021618,-0.0001
2026021618,-0.0001
2026021618,-0.0001
2026021619,-0.0001
2026021619,-0.0001
2026021619,-0.0001
2026021619,-0.0001
2026021620,-0.0001
2026021620,-0.0001
2026021620,-0.0001
2026021620,-0.0001
2026021621,-0.0001
2026021621,-0.0001
2026021621,-0.0001
2026021621,-0.0001
2026021622,-0.0001
2026021622,-0.0001
2026021622,-0.0001
2026021622,-0.0001
2026021623,-0.0001
2026021623,-0.0001
2026021623,-0.0001
2026021623,-0.0001
2026021700,0.0
2026021700,-0.0001
2026021700,-0.0001
2026021700,-0.0001
2026021701,-0.0001
2026021701,-0.0001
2026021701,-0.0001
2026021701,-0.0001
2026021702,-0.0001
2026021702,-0.0001
2026021702,-0.0001
2026021702,-0.0001
2026021703,-0.0001
2026021703,-0.0001
2026021703,-0.0001
2026021703,-0.0001
2026021704,-0.0001
2026021704,-0.0001
2026021704,-0.0001
2026021704,-0.0001
2026021705,-0.0001
2026021705,-0.0001
2026021705,-0.0001
2026021705,-0.0001
2026021706,1.95
2026021706,-0.0001
2026021706,-0.0001
2026021706,-0.0001
2026021707,6.32
2026021707,10.94
2026021707,11.73
2026021707,11.01
2026021708,11.52
2026021708,15.97
2026021708,21.29
2026021708,25.27
2026021709,29.16
2026021709,24.44
2026021709,25.26
2026021709,30.01
2026021710,37.93
2026021710,64.39
2026021710,28.93
2026021710,19.93
2026021711,36.76
2026021711,43.01
2026021711,40.3
2026021711,43.46
2026021712,47.55
2026021712,42.04
2026021712,35.84
2026021712,30.54
2026021713,24.27
2026021713,23.12
2026021713,28.12
2026021713,29.08
2026021714,27.42
2026021714,27.86
2026021714,26.41
2026021714,19.67
2026021715,14.04
2026021715,12.59
2026021715,9.12
2026021715,5.4
2026021716,2.77
2026021716,1.35
2026021716,0.06
2026021716,0.0
2026021717,-0.0001
2026021717,-0.0001
2026021717,-0.0001
2026021717,-0.0001
2026021718,-0.0001
2026021718,-0.0001
2026021718,-0.0001
2026021718,-0.0001
2026021719,-0.0001
2026021719,-0.0001
2026021719,-0.0001
2026021719,-0.0001
2026021720,-0.0001
2026021720,-0.0001
2026021720,-0.0001
2026021720,-0.0001
2026021721,-0.0001
2026021721,-0.0001
2026021721,-0.0001
2026021721,-0.0001
2026021722,-0.0001
2026021722,-0.0001
2026021722,-0.0001
2026021722,-0.0001
2026021723,-0.0001
2026021723,-0.0001
2026021723,-0.0001
2026021723,-0.0001
2026021800,0.0
2026021800,-0.0001
2026021800,-0.0001
2026021800,-0.0001
2026021801,-0.0001
2026021801,-0.0001
2026021801,-0.0001
2026021801,-0.0001
2026021802,-0.0001
2026021802,-0.0001
2026021802,-0.0001
2026021802,-0.0001
2026021803,-0.0001
2026021803,-0.0001
2026021803,-0.0001
2026021803,-0.0001
2026021804,-0.0001
2026021804,-0.0001
2026021804,-0.0001
2026021804,-0.0001
2026021805,-0.0001
2026021805,-0.0001
2026021805,-0.0001
2026021805,-0.0001
2026021806,0.12
2026021806,-0.0001
2026021806,-0.0001
2026021806,-0.0001
2026021807,1.5
2026021807,2.08
2026021807,2.43
2026021807,4.0
2026021808,4.9
2026021808,5.91
2026021808,6.99
2026021808,8.59
2026021809,9.97
2026021809,10.75
2026021809,10.71
2026021809,14.88
2026021810,21.88
2026021810,21.62
2026021810,22.02
2026021810,27.02
2026021811,31.2
2026021811,37.23
2026021811,48.94
2026021811,68.95
2026021812,98.19
2026021812,87.53
2026021812,46.97
2026021812,66.42
2026021813,45.94
2026021813,56.86
2026021813,53.26
2026021813,64.69
2026021814,72.55
2026021814,58.78
2026021814,45.89
2026021814,50.43
2026021815,36.49
2026021815,24.06
2026021815,14.31
2026021815,11.13
2026021816,6.03
2026021816,2.11
2026021816,0.31
2026021816,0.0
2026021817,-0.0001
2026021817,-0.0001
2026021817,-0.0001
2026021817,-0.0001
2026021818,-0.0001
2026021818,-0.0001
2026021818,-0.0001
2026021818,-0.0001
2026021819,-0.0001
2026021819,-0.0001
2026021819,-0.0001
2026021819,-0.0001
2026021820,-0.0001
2026021820,-0.0001
2026021820,-0.0001
2026021820,-0.0001
2026021821,-0.0001
2026021821,-0.0001
2026021821,-0.0001
2026021821,-0.0001
2026021822,-0.0001
2026021822,-0.0001
2026021822,-0.0001
2026021822,-0.0001
2026021823,-0.0001
2026021823,-0.0001
2026021823,-0.0001
2026021823,-0.0001
2026021900,0.0
2026021900,-0.0001
2026021900,-0.0001
2026021900,-0.0001
2026021901,-0.0001
2026021901,-0.0001
2026021901,-0.0001
2026021901,-0.0001
2026021902,-0.0001
2026021902,-0.0001
2026021902,-0.0001
2026021902,-0.0001
2026021903,-0.0001
2026021903,-0.0001
2026021903,-0.0001
2026021903,-0.0001
2026021904,-0.0001
2026021904,-0.0001
2026021904,-0.0001
2026021904,-0.0001
2026021905,-0.0001
2026021905,-0.0001
2026021905,-0.0001
2026021905,-0.0001
2026021906,0.12
2026021906,1.1
2026021906,-0.0001
2026021906,-0.0001
2026021907,2.56
2026021907,4.84
2026021907,7.14
2026021907,11.13
2026021908,15.62
2026021908,20.81
2026021908,23.75
2026021908,28.94
2026021909,31.71
2026021909,36.51
2026021909,38.67
2026021909,44.87
2026021910,60.76
2026021910,79.94
2026021910,83.46
2026021910,104.07
2026021911,82.72
2026021911,87.65
2026021911,121.71
2026021911,119.19
2026021912,118.27
2026021912,118.41
2026021912,111.22
2026021912,108.51
2026021913,105.8
2026021913,100.82
2026021913,94.5
2026021913,85.46
2026021914,74.46
2026021914,69.88
2026021914,59.33
2026021914,47.22
2026021915,36.02
2026021915,26.3
2026021915,14.68
2026021915,7.99
2026021916,5.02
2026021916,2.15
2026021916,0.26
2026021916,0.0
2026021917,-0.0001
2026021917,-0.0001
2026021917,-0.0001
2026021917,-0.0001
2026021918,-0.0001
2026021918,-0.0001
2026021918,-0.0001
2026021918,-0.0001
2026021919,-0.0001
2026021919,-0.0001
2026021919,-0.0001
2026021919,-0.0001
2026021920,-0.0001
2026021920,-0.0001
2026021920,-0.0001
2026021920,-0.0001
2026021921,-0.0001
2026021921,-0.0001
2026021921,-0.0001
2026021921,-0.0001
2026021922,-0.0001
2026021922,-0.0001
2026021922,-0.0001
2026021922,-0.0001
2026021923,-0.0001
2026021923,-0.0001
2026021923,-0.0001
2026021923,-0.0001
2026022000,0.0
2026022000,-0.0001
2026022000,-0.0001
2026022000,-0.0001
2026022001,-0.0001
2026022001,-0.0001
2026022001,-0.0001
2026022001,-0.0001
2026022002,-0.0001
2026022002,-0.0001
2026022002,-0.0001
2026022002,-0.0001
2026022003,-0.0001
2026022003,-0.0001
2026022003,-0.0001
2026022003,-0.0001
2026022004,-0.0001
2026022004,-0.0001
2026022004,-0.0001
2026022004,-0.0001
2026022005,-0.0001
2026022005,-0.0001
2026022005,-0.0001
2026022005,-0.0001
2026022006,0.24
2026022006,2.01
2026022006,-0.0001
2026022006,-0.0001
2026022007,5.5
2026022007,8.39
2026022007,13.71
2026022007,17.87
2026022008,26.72
2026022008,46.48
2026022008,66.23
2026022008,70.82
2026022009,49.41
2026022009,59.43
2026022009,59.71
2026022009,64.22
2026022010,74.42
2026022010,64.95
2026022010,65.4
2026022010,58.13
2026022011,54.36
2026022011,63.94
2026022011,63.74
2026022011,62.26
2026022012,58.34
2026022012,58.56
2026022012,57.48
2026022012,51.36
2026022013,44.0
2026022013,29.44
2026022013,20.61
2026022013,21.25
2026022014,21.37
2026022014,20.91
2026022014,15.31
2026022014,9.88
2026022015,7.05
2026022015,5.7
2026022015,4.3
2026022015,2.64
2026022016,0.21
2026022016,0.04
2026022016,0.0
2026022016,-0.0001
2026022017,-0.0001
2026022017,-0.0001
2026022017,-0.0001
2026022017,-0.0001
2026022018,-0.0001
2026022018,-0.0001
2026022018,-0.0001
2026022018,-0.0001
2026022019,-0.0001
2026022019,-0.0001
2026022019,-0.0001
2026022019,-0.0001
2026022020,-0.0001
2026022020,-0.0001
2026022020,-0.0001
2026022020,-0.0001
2026022021,-0.0001
2026022021,-0.0001
2026022021,-0.0001
2026022021,-0.0001
2026022022,-0.0001
2026022022,-0.0001
2026022022,-0.0001
2026022022,-0.0001
2026022023,-0.0001
2026022023,-0.0001
2026022023,-0.0001
2026022023,-0.0001
2026022100,0.0
2026022100,-0.0001
2026022100,-0.0001
2026022100,-0.0001
2026022101,-0.0001
2026022101,-0.0001
2026022101,-0.0001
2026022101,-0.0001
2026022102,-0.0001
2026022102,-0.0001
2026022102,-0.0001
2026022102,-0.0001
2026022103,-0.0001
2026022103,-0.0001
2026022103,-0.0001
2026022103,-0.0001
2026022104,-0.0001
2026022104,-0.0001
2026022104,-0.0001
2026022104,-0.0001
2026022105,-0.0001
2026022105,-0.0001
2026022105,-0.0001
2026022105,-0.0001
2026022106,0.3
2026022106,-0.0001
2026022106,-0.0001
2026022106,-0.0001
2026022107,1.4
2026022107,4.39
2026022107,13.55
2026022107,12.02
2026022108,19.64
2026022108,16.73
2026022108,22.48
2026022108,28.46
2026022109,25.03
2026022109,19.18
2026022109,26.86
2026022109,26.49
2026022110,24.57
2026022110,32.47
2026022110,31.83
2026022110,37.89
2026022111,49.72
2026022111,40.97
2026022111,35.57
2026022111,30.56
2026022112,43.99
2026022112,45.7
2026022112,36.45
2026022112,34.44
2026022113,36.44
2026022113,31.15
2026022113,27.08
2026022113,25.1
2026022114,19.48
2026022114,29.1
2026022114,26.84
2026022114,26.74
2026022115,19.99
2026022115,22.02
2026022115,21.84
2026022115,11.21
2026022116,6.28
2026022116,4.58
2026022116,1.13
2026022116,0.0
2026022117,-0.0001
2026022117,-0.0001
2026022117,-0.0001
2026022117,-0.0001
2026022118,-0.0001
2026022118,-0.0001
2026022118,-0.0001
2026022118,-0.0001
2026022119,-0.0001
2026022119,-0.0001
2026022119,-0.0001
2026022119,-0.0001
2026022120,-0.0001
2026022120,-0.0001
2026022120,-0.0001
2026022120,-0.0001
2026022121,-0.0001
2026022121,-0.0001
2026022121,-0.0001
2026022121,-0.0001
2026022122,-0.0001
2026022122,-0.0001
2026022122,-0.0001
2026022122,-0.0001
2026022123,-0.0001
2026022123,-0.0001
2026022123,-0.0001
2026022123,-0.0001
2026022200,0.0
2026022200,-0.0001
2026022200,-0.0001
2026022200,-0.0001
2026022201,-0.0001
2026022201,-0.0001
2026022201,-0.0001
2026022201,-0.0001
2026022202,-0.0001
2026022202,-0.0001
2026022202,-0.0001
2026022202,-0.0001
2026022203,-0.0001
2026022203,-0.0001
2026022203,-0.0001
2026022203,-0.0001
2026022204,-0.0001
2026022204,-0.0001
2026022204,-0.0001
2026022204,-0.0001
2026022205,-0.0001
2026022205,-0.0001
2026022205,-0.0001
2026022205,-0.0001
2026022206,0.16
2026022206,-0.0001
2026022206,-0.0001
2026022206,-0.0001
2026022207,1.53
2026022207,3.81
2026022207,5.45
2026022207,8.03
2026022208,9.64
2026022208,12.32
2026022208,13.35
2026022208,12.26
2026022209,14.52
2026022209,15.65
2026022209,17.06
2026022209,17.88
2026022210,22.21
2026022210,21.97
2026022210,19.91
2026022210,22.75
2026022211,23.52
2026022211,21.08
2026022211,18.44
2026022211,17.31
2026022212,15.44
2026022212,14.08
2026022212,13.88
2026022212,-0.0001
2026022213,12.28
2026022213,14.68
2026022213,9.63
2026022213,9.05
2026022214,16.73
2026022214,12.49
2026022214,7.82
2026022214,17.98
2026022215,8.7
2026022215,8.44
2026022215,6.06
2026022215,3.68
2026022216,0.53
2026022216,0.0
2026022216,0.05
2026022216,-0.0001
2026022217,0.0
2026022217,-0.0001
2026022217,-0.0001
2026022217,-0.0001
2026022218,-0.0001
2026022218,-0.0001
2026022218,-0.0001
2026022218,-0.0001
2026022219,-0.0001
2026022219,-0.0001
2026022219,-0.0001
2026022219,-0.0001
2026022220,-0.0001
2026022220,-0.0001
2026022220,-0.0001
2026022220,-0.0001
2026022221,-0.0001
2026022221,-0.0001
2026022221,-0.0001
2026022221,-0.0001
2026022222,-0.0001
2026022222,-0.0001
2026022222,-0.0001
2026022222,-0.0001
2026022223,-0.0001
2026022223,-0.0001
2026022223,-0.0001
2026022223,-0.0001
2026022300,0.0
2026022300,-0.0001
2026022300,-0.0001
2026022300,-0.0001
2026022301,-0.0001
2026022301,-0.0001
2026022301,-0.0001
2026022301,-0.0001
2026022302,-0.0001
2026022302,-0.0001
2026022302,-0.0001
2026022302,-0.0001
2026022303,-0.0001
2026022303,-0.0001
2026022303,-0.0001
2026022303,-0.0001
2026022304,-0.0001
2026022304,-0.0001
2026022304,-0.0001
2026022304,-0.0001
2026022305,-0.0001
2026022305,-0.0001
2026022305,-0.0001
2026022305,-0.0001
2026022306,0.22
2026022306,1.71
2026022306,-0.0001
2026022306,-0.0001
2026022307,3.3
2026022307,5.88
2026022307,9.33
2026022307,9.74
2026022308,10.23
2026022308,19.06
2026022308,16.33
2026022308,16.61
2026022309,20.73
2026022309,17.62
2026022309,15.37
2026022309,15.5
2026022310,28.83
2026022310,34.89
2026022310,26.68
2026022310,28.93
2026022311,34.43
2026022311,25.35
2026022311,15.95
2026022311,16.92
2026022312,26.75
2026022312,22.72
2026022312,27.51
2026022312,54.46
2026022313,65.17
2026022313,44.53
2026022313,25.4
2026022313,23.83
2026022314,12.14
2026022314,21.54
2026022314,24.25
2026022314,17.32
2026022315,20.15
2026022315,11.09
2026022315,7.85
2026022315,5.24
2026022316,4.41
2026022316,1.04
2026022316,0.78
2026022316,0.01
2026022317,0.0
2026022317,-0.0001
2026022317,-0.0001
2026022317,-0.0001
2026022318,-0.0001
2026022318,-0.0001
2026022318,-0.0001
2026022318,-0.0001
2026022319,-0.0001
2026022319,-0.0001
2026022319,-0.0001
2026022319,-0.0001
2026022320,-0.0001
2026022320,-0.0001
2026022320,-0.0001
2026022320,-0.0001
2026022321,-0.0001
2026022321,-0.0001
2026022321,-0.0001
2026022321,-0.0001
2026022322,-0.0001
2026022322,-0.0001
2026022322,-0.0001
2026022322,-0.0001
2026022323,-0.0001
2026022323,-0.0001
2026022323,-0.0001
2026022323,-0.0001
2026022400,0.0
2026022400,-0.0001
2026022400,-0.0001
2026022400,-0.0001
2026022401,-0.0001
2026022401,-0.0001
2026022401,-0.0001
2026022401,-0.0001
2026022402,-0.0001
2026022402,-0.0001
2026022402,-0.0001
2026022402,-0.0001
2026022403,-0.0001
2026022403,-0.0001
2026022403,-0.0001
2026022403,-0.0001
2026022404,-0.0001
2026022404,-0.0001
2026022404,-0.0001
2026022404,-0.0001
2026022405,-0.0001
2026022405,-0.0001
2026022405,-0.0001
2026022405,-0.0001
2026022406,0.02
2026022406,0.84
2026022406,3.31
2026022406,-0.0001
2026022407,6.52
2026022407,9.46
2026022407,11.91
2026022407,10.4
2026022408,14.69
2026022408,18.99
2026022408,23.66
2026022408,28.15
2026022409,34.33
2026022409,38.43
2026022409,37.79
2026022409,41.96
2026022410,43.85
2026022410,44.41
2026022410,41.33
2026022410,45.97
2026022411,50.2
2026022411,50.72
2026022411,46.88
2026022411,46.95
2026022412,43.09
2026022412,32.95
2026022412,28.8
2026022412,26.86
2026022413,39.66
2026022413,34.37
2026022413,33.67
2026022413,30.36
2026022414,23.57
2026022414,19.83
2026022414,15.18
2026022414,12.39
2026022415,13.56
2026022415,12.88
2026022415,16.5
2026022415,7.05
2026022416,4.71
2026022416,2.54
2026022416,0.32
2026022416,0.0
2026022417,-0.0001
2026022417,-0.0001
2026022417,-0.0001
2026022417,-0.0001
2026022418,-0.0001
2026022418,-0.0001
2026022418,-0.0001
2026022418,-0.0001
2026022419,-0.0001
2026022419,-0.0001
2026022419,-0.0001
2026022419,-0.0001
2026022420,-0.0001
2026022420,-0.0001
2026022420,-0.0001
2026022420,-0.0001
2026022421,-0.0001
2026022421,-0.0001
2026022421,-0.0001
2026022421,-0.0001
2026022422,-0.0001
2026022422,-0.0001
2026022422,-0.0001
2026022422,-0.0001
2026022423,-0.0001
2026022423,-0.0001
2026022423,-0.0001
2026022423,-0.0001
2026022500,0.0
2026022500,-0.0001
2026022500,-0.0001
2026022500,-0.0001
2026022501,-0.0001
2026022501,-0.0001
2026022501,-0.0001
2026022501,-0.0001
2026022502,-0.0001
2026022502,-0.0001
2026022502,-0.0001
2026022502,-0.0001
2026022503,-0.0001
2026022503,-0.0001
2026022503,-0.0001
2026022503,-0.0001
2026022504,-0.0001
2026022504,-0.0001
2026022504,-0.0001
2026022504,-0.0001
2026022505,-0.0001
2026022505,-0.0001
2026022505,-0.0001
2026022505,-0.0001
2026022506,0.4
2026022506,1.71
2026022506,-0.0001
2026022506,-0.0001
2026022507,3.7
2026022507,4.64
2026022507,5.42
2026022507,6.92
2026022508,8.53
2026022508,10.07
2026022508,12.63
2026022508,13.03
2026022509,12.19
2026022509,15.72
2026022509,15.17
2026022509,21.06
2026022510,22.01
2026022510,25.95
2026022510,26.31
2026022510,30.82
2026022511,33.13
2026022511,32.95
2026022511,30.99
2026022511,30.03
2026022512,29.14
2026022512,27.17
2026022512,32.87
2026022512,36.27
2026022513,25.97
2026022513,33.56
2026022513,24.92
2026022513,26.45
2026022514,27.6
2026022514,27.95
2026022514,21.15
2026022514,17.52
2026022515,13.79
2026022515,12.47
2026022515,8.09
2026022515,5.84
2026022516,4.61
2026022516,2.24
2026022516,0.27
2026022516,0.0
2026022517,-0.0001
2026022517,-0.0001
2026022517,-0.0001
2026022517,-0.0001
2026022518,-0.0001
2026022518,-0.0001
2026022518,-0.0001
2026022518,-0.0001
2026022519,-0.0001
2026022519,-0.0001
2026022519,-0.0001
2026022519,-0.0001
2026022520,-0.0001
2026022520,-0.0001
2026022520,-0.0001
2026022520,-0.0001
2026022521,-0.0001
2026022521,-0.0001
2026022521,-0.0001
2026022521,-0.0001
2026022522,-0.0001
2026022522,-0.0001
2026022522,-0.0001
2026022522,-0.0001
2026022523,-0.0001
2026022523,-0.0001
2026022523,-0.0001
2026022523,-0.0001
2026022600,0.0
2026022600,-0.0001
2026022600,-0.0001
2026022600,-0.0001
2026022601,-0.0001
2026022601,-0.0001
2026022601,-0.0001
2026022601,-0.0001
2026022602,-0.0001
2026022602,-0.0001
2026022602,-0.0001
2026022602,-0.0001
2026022603,-0.0001
2026022603,-0.0001
2026022603,-0.0001
2026022603,-0.0001
2026022604,-0.0001
2026022604,-0.0001
2026022604,-0.0001
2026022604,-0.0001
2026022605,-0.0001
2026022605,-0.0001
2026022605,-0.0001
2026022605,-0.0001
2026022606,0.03
2026022606,0.8
2026022606,2.47
2026022606,-0.0001
2026022607,4.35
2026022607,6.06
2026022607,5.73
2026022607,7.95
2026022608,10.33
2026022608,9.21
2026022608,12.0
2026022608,9.01
2026022609,10.63
2026022609,11.3
2026022609,17.99
2026022609,19.74
2026022610,20.71
2026022610,22.73
2026022610,22.14
2026022610,21.27
2026022611,25.48
2026022611,24.79
2026022611,21.65
2026022611,22.86
2026022612,20.42
2026022612,24.02
2026022612,32.21
2026022612,39.8
2026022613,44.61
2026022613,42.84
2026022613,37.35
2026022613,22.83
2026022614,19.91
2026022614,16.67
2026022614,16.87
2026022614,13.68
2026022615,11.2
2026022615,9.99
2026022615,6.25
2026022615,4.54
2026022616,2.36
2026022616,0.45
2026022616,0.0
2026022616,-0.0001
2026022617,-0.0001
2026022617,-0.0001
2026022617,-0.0001
2026022617,-0.0001
2026022618,-0.0001
2026022618,-0.0001
2026022618,-0.0001
2026022618,-0.0001
2026022619,-0.0001
2026022619,-0.0001
2026022619,-0.0001
2026022619,-0.0001
2026022620,-0.0001
2026022620,-0.0001
2026022620,-0.0001
2026022620,-0.0001
2026022621,-0.0001
2026022621,-0.0001
2026022621,-0.0001
2026022621,-0.0001
2026022622,-0.0001
2026022622,-0.0001
2026022622,-0.0001
2026022622,-0.0001
2026022623,-0.0001
2026022623,-0.0001
2026022623,-0.0001
2026022623,-0.0001
2026022700,0.0
2026022700,-0.0001
2026022700,-0.0001
2026022700,-0.0001
2026022701,-0.0001
2026022701,-0.0001
2026022701,-0.0001
2026022701,-0.0001
2026022702,-0.0001
2026022702,-0.0001
2026022702,-0.0001
2026022702,-0.0001
2026022703,-0.0001
2026022703,-0.0001
2026022703,-0.0001
2026022703,-0.0001
2026022704,-0.0001
2026022704,-0.0001
2026022704,-0.0001
2026022704,-0.0001
2026022705,-0.0001
2026022705,-0.0001
2026022705,-0.0001
2026022705,-0.0001
2026022706,0.28
2026022706,2.31
2026022706,-0.0001
2026022706,-0.0001
2026022707,3.7
2026022707,6.67
2026022707,9.62
2026022707,7.0
2026022708,6.72
2026022708,6.77
2026022708,9.81
2026022708,9.5
2026022709,11.71
2026022709,13.81
2026022709,21.11
2026022709,14.63
2026022710,16.81
2026022710,18.01
2026022710,21.32
2026022710,25.77
2026022711,18.25
2026022711,19.68
2026022711,24.37
2026022711,18.37
2026022712,14.85
2026022712,14.67
2026022712,10.61
2026022712,14.65
2026022713,18.76
2026022713,19.7
2026022713,23.13
2026022713,18.73
2026022714,17.51
2026022714,16.78
2026022714,12.5
2026022714,9.86
2026022715,8.34
2026022715,5.85
2026022715,4.11
2026022715,3.13
2026022716,1.08
2026022716,0.0
2026022716,-0.0001
2026022716,-0.0001
2026022717,-0.0001
2026022717,-0.0001
2026022717,-0.0001
2026022717,-0.0001
2026022718,-0.0001
2026022718,-0.0001
2026022718,-0.0001
2026022718,-0.0001
2026022719,-0.0001
2026022719,-0.0001
2026022719,-0.0001
2026022719,-0.0001
2026022720,-0.0001
2026022720,-0.0001
2026022720,-0.0001
2026022720,-0.0001
2026022721,-0.0001
2026022721,-0.0001
2026022721,-0.0001
2026022721,-0.0001
2026022722,-0.0001
2026022722,-0.0001
2026022722,-0.0001
2026022722,-0.0001
2026022723,-0.0001
2026022723,-0.0001
2026022723,-0.0001
2026022723,-0.0001
2026022800,0.0
2026022800,-0.0001
2026022800,-0.0001
2026022800,-0.0001
2026022801,-0.0001
2026022801,-0.0001
2026022801,-0.0001
2026022801,-0.0001
2026022802,-0.0001
2026022802,-0.0001
2026022802,-0.0001
2026022802,-0.0001
2026022803,-0.0001
2026022803,-0.0001
2026022803,-0.0001
2026022803,-0.0001
2026022804,-0.0001
2026022804,-0.0001
2026022804,-0.0001
2026022804,-0.0001
2026022805,-0.0001
2026022805,-0.0001
2026022805,-0.0001
2026022805,-0.0001
2026022806,0.77
2026022806,1.12
2026022806,-0.0001
2026022806,-0.0001
2026022807,3.34
2026022807,3.36
2026022807,4.75
2026022807,6.59
2026022808,5.83
2026022808,6.48
2026022808,6.11
2026022808,8.65
2026022809,9.91
2026022809,9.88
2026022809,19.89
2026022809,16.93
2026022810,15.69
2026022810,15.36
2026022810,14.29
2026022810,12.31
2026022811,13.65
2026022811,15.85
2026022811,27.21
2026022811,21.26
2026022812,19.09
2026022812,19.58
2026022812,15.4
2026022812,16.08
2026022813,20.89
2026022813,25.08
2026022813,10.31
2026022813,15.09
2026022814,17.3
2026022814,20.26
2026022814,27.48
2026022814,17.09
2026022815,9.63
2026022815,10.33
2026022815,6.1
2026022815,10.27
2026022816,5.44
2026022816,1.44
2026022816,0.52
2026022816,0.02
2026022817,0.0
2026022817,-0.0001
2026022817,-0.0001
2026022817,-0.0001
2026022818,-0.0001
2026022818,-0.0001
2026022818,-0.0001
2026022818,-0.0001
2026022819,-0.0001
2026022819,-0.0001
2026022819,-0.0001
2026022819,-0.0001
2026022820,-0.0001
2026022820,-0.0001
2026022820,-0.0001
2026022820,-0.0001
2026022821,-0.0001
2026022821,-0.0001
2026022821,-0.0001
2026022821,-0.0001
2026022822,-0.0001
2026022822,-0.0001
2026022822,-0.0001
2026022822,-0.0001
2026022823,-0.0001
2026022823,-0.0001
2026022823,-0.0001
2026022823,-0.0001
2026030100,0.0
2026030100,-0.0001
2026030100,-0.0001
2026030100,-0.0001
2026030101,-0.0001
2026030101,-0.0001
2026030101,-0.0001
2026030101,-0.0001
2026030102,-0.0001
2026030102,-0.0001
2026030102,-0.0001
2026030102,-0.0001
2026030103,-0.0001
2026030103,-0.0001
2026030103,-0.0001
2026030103,-0.0001
2026030104,-0.0001
2026030104,-0.0001
2026030104,-0.0001
2026030104,-0.0001
2026030105,-0.0001
2026030105,-0.0001
2026030105,-0.0001
2026030105,-0.0001
2026030106,0.25
2026030106,2.51
2026030106,5.61
2026030106,9.97
2026030107,14.36
2026030107,18.14
2026030107,32.23
2026030107,33.73
2026030108,26.63
2026030108,35.46
2026030108,45.76
2026030108,45.72
2026030109,32.02
2026030109,32.18
2026030109,40.03
2026030109,41.25
2026030110,28.23
2026030110,21.49
2026030110,23.36
2026030110,10.37
2026030111,14.78
2026030111,35.6
2026030111,44.03
2026030111,99.5
2026030112,115.81
2026030112,131.11
2026030112,127.73
2026030112,123.67
2026030113,118.18
2026030113,112.66
2026030113,105.75
2026030113,97.56
2026030114,90.56
2026030114,79.96
2026030114,31.4
2026030114,29.75
2026030115,18.84
2026030115,18.24
2026030115,14.38
2026030115,11.51
2026030116,8.2
2026030116,3.78
2026030116,0.54
2026030116,0.0
2026030117,-0.0001
2026030117,-0.0001
2026030117,-0.0001
2026030117,-0.0001
2026030118,-0.0001
2026030118,-0.0001
2026030118,-0.0001
2026030118,-0.0001
2026030119,-0.0001
2026030119,-0.0001
2026030119,-0.0001
2026030119,-0.0001
2026030120,-0.0001
2026030120,-0.0001
2026030120,-0.0001
2026030120,-0.0001
2026030121,-0.0001
2026030121,-0.0001
2026030121,-0.0001
2026030121,-0.0001
2026030122,-0.0001
2026030122,-0.0001
2026030122,-0.0001
2026030122,-0.0001
2026030123,-0.0001
2026030123,-0.0001
2026030123,-0.0001
2026030123,-0.0001
2026030200,0.0
2026030200,-0.0001
2026030200,-0.0001
2026030200,-0.0001
2026030201,-0.0001
2026030201,-0.0001
2026030201,-0.0001
2026030201,-0.0001
2026030202,-0.0001
2026030202,-0.0001
2026030202,-0.0001
2026030202,-0.0001
2026030203,-0.0001
2026030203,-0.0001
2026030203,-0.0001
2026030203,-0.0001
2026030204,-0.0001
2026030204,-0.0001
2026030204,-0.0001
2026030204,-0.0001
2026030205,-0.0001
2026030205,-0.0001
2026030205,-0.0001
2026030205,-0.0001
2026030206,0.71
2026030206,3.71
2026030206,-0.0001
2026030206,-0.0001
2026030207,6.57
2026030207,8.88
2026030207,8.27
2026030207,13.95
2026030208,27.43
2026030208,39.86
2026030208,48.33
2026030208,67.01
2026030209,78.24
2026030209,86.3
2026030209,112.74
2026030209,86.1
2026030210,80.69
2026030210,86.29
2026030210,66.4
2026030210,83.06
2026030211,106.9
2026030211,87.62
2026030211,113.49
2026030211,129.32
2026030212,131.77
2026030212,103.77
2026030212,98.96
2026030212,116.46
2026030213,109.15
2026030213,101.08
2026030213,99.2
2026030213,84.48
2026030214,82.24
2026030214,78.7
2026030214,68.27
2026030214,38.6
2026030215,46.26
2026030215,40.18
2026030215,32.75
2026030215,18.61
2026030216,12.66
2026030216,8.9
2026030216,5.73
2026030216,1.4
2026030217,0.07
2026030217,0.0
2026030217,-0.0001
2026030217,-0.0001
2026030218,-0.0001
2026030218,-0.0001
2026030218,-0.0001
2026030218,-0.0001
2026030219,-0.0001
2026030219,-0.0001
2026030219,-0.0001
2026030219,-0.0001
2026030220,-0.0001
2026030220,-0.0001
2026030220,-0.0001
2026030220,-0.0001
2026030221,-0.0001
2026030221,-0.0001
2026030221,-0.0001
2026030221,-0.0001
2026030222,1.07
2026030222,0.0
2026030222,-0.0001
2026030222,-0.0001
2026030223,-0.0001
2026030223,-0.0001
2026030223,-0.0001
2026030223,-0.0001
2026030300,0.0
2026030300,-0.0001
2026030300,-0.0001
2026030300,-0.0001
2026030301,-0.0001
2026030301,-0.0001
2026030301,-0.0001
2026030301,-0.0001
2026030302,-0.0001
2026030302,-0.0001
2026030302,-0.0001
2026030302,-0.0001
2026030303,-0.0001
2026030303,-0.0001
2026030303,-0.0001
2026030303,-0.0001
2026030304,-0.0001
2026030304,-0.0001
2026030304,-0.0001
2026030304,-0.0001
2026030305,-0.0001
2026030305,-0.0001
2026030305,-0.0001
2026030305,-0.0001
2026030306,0.48
2026030306,2.25
2026030306,4.47
2026030306,10.7
2026030307,18.2
2026030307,26.76
2026030307,36.11
2026030307,45.93
2026030308,55.48
2026030308,65.2
2026030308,73.95
2026030308,83.03
2026030309,91.13
2026030309,98.73
2026030309,105.64
2026030309,111.86
2026030310,117.37
2026030310,122.25
2026030310,126.51
2026030310,129.44
2026030311,131.68
2026030311,134.41
2026030311,133.15
2026030311,112.48
2026030312,131.76
2026030312,125.66
2026030312,126.61
2026030312,121.19
2026030313,119.95
2026030313,115.66
2026030313,111.63
2026030313,71.37
2026030314,68.88
2026030314,86.8
2026030314,75.91
2026030314,66.03
2026030315,51.0
2026030315,37.46
2026030315,31.43
2026030315,24.86
2026030316,11.53
2026030316,8.61
2026030316,6.74
2026030316,2.45
2026030317,0.57
2026030317,0.0
2026030317,-0.0001
2026030317,-0.0001
2026030318,-0.0001
2026030318,-0.0001
2026030318,-0.0001
2026030318,-0.0001
2026030319,-0.0001
2026030319,-0.0001
2026030319,-0.0001
2026030319,-0.0001
2026030320,-0.0001
2026030320,-0.0001
2026030320,-0.0001
2026030320,-0.0001
2026030321,-0.0001
2026030321,-0.0001
2026030321,-0.0001
2026030321,-0.0001
2026030322,-0.0001
2026030322,-0.0001
2026030322,-0.0001
2026030322,-0.0001
2026030323,-0.0001
2026030323,-0.0001
2026030323,-0.0001
2026030323,-0.0001
2026030400,0.0
2026030400,-0.0001
2026030400,-0.0001
2026030400,-0.0001
2026030401,-0.0001
2026030401,-0.0001
2026030401,-0.0001
2026030401,-0.0001
2026030402,-0.0001
2026030402,-0.0001
2026030402,-0.0001
2026030402,-0.0001
2026030403,-0.0001
2026030403,-0.0001
2026030403,-0.0001
2026030403,-0.0001
2026030404,-0.0001
2026030404,-0.0001
2026030404,-0.0001
2026030404,-0.0001
2026030405,-0.0001
2026030405,-0.0001
2026030405,-0.0001
2026030405,-0.0001
2026030406,0.24
2026030406,2.19
2026030406,5.29
2026030406,8.75
2026030407,12.01
2026030407,18.8
2026030407,31.87
2026030407,41.53
2026030408,46.55
2026030408,60.26
2026030408,74.99
2026030408,85.11
2026030409,94.41
2026030409,109.29
2026030409,112.4
2026030409,121.72
2026030410,122.13
2026030410,123.62
2026030410,127.52
2026030410,132.87
2026030411,135.43
2026030411,135.96
2026030411,133.86
2026030411,136.64
2026030412,137.65
2026030412,134.58
2026030412,130.48
2026030412,126.75
2026030413,123.07
2026030413,117.83
2026030413,110.41
2026030413,101.32
2026030414,92.02
2026030414,85.74
2026030414,77.28
2026030414,67.84
2026030415,57.59
2026030415,46.82
2026030415,35.97
2026030415,26.04
2026030416,17.4
2026030416,10.56
2026030416,6.27
2026030416,3.22
2026030417,0.8
2026030417,0.0
2026030417,-0.0001
2026030417,-0.0001
2026030418,-0.0001
2026030418,-0.0001
2026030418,-0.0001
2026030418,-0.0001
2026030419,-0.0001
2026030419,-0.0001
2026030419,-0.0001
2026030419,-0.0001
2026030420,-0.0001
2026030420,-0.0001
2026030420,-0.0001
2026030420,-0.0001
2026030421,-0.0001
2026030421,-0.0001
2026030421,-0.0001
2026030421,-0.0001
2026030422,-0.0001
2026030422,-0.0001
2026030422,-0.0001
2026030422,-0.0001
2026030423,-0.0001
2026030423,-0.0001
2026030423,-0.0001
2026030423,-0.0001
2026030500,0.0
2026030500,-0.0001
2026030500,-0.0001
2026030500,-0.0001
2026030501,-0.0001
2026030501,-0.0001
2026030501,-0.0001
2026030501,-0.0001
2026030502,-0.0001
2026030502,-0.0001
2026030502,-0.0001
2026030502,-0.0001
2026030503,-0.0001
2026030503,-0.0001
2026030503,-0.0001
2026030503,-0.0001
2026030504,-0.0001
2026030504,-0.0001
2026030504,-0.0001
2026030504,-0.0001
2026030505,0.06
2026030505,-0.0001
2026030505,-0.0001
2026030505,-0.0001
2026030506,1.87
2026030506,5.43
2026030506,10.08
2026030506,16.85
2026030507,25.05
2026030507,34.01
2026030507,40.63
2026030507,49.84
2026030508,61.02
2026030508,72.51
2026030508,80.53
2026030508,92.58
2026030509,101.3
2026030509,109.15
2026030509,115.74
2026030509,121.29
2026030510,125.92
2026030510,129.88
2026030510,133.08
2026030510,135.52
2026030511,136.94
2026030511,137.62
2026030511,137.23
2026030511,135.87
2026030512,133.73
2026030512,131.4
2026030512,128.1
2026030512,123.69
2026030513,118.04
2026030513,112.58
2026030513,106.91
2026030513,100.04
2026030514,91.52
2026030514,82.64
2026030514,73.21
2026030514,62.98
2026030515,52.98
2026030515,42.8
2026030515,33.28
2026030515,24.59
2026030516,16.62
2026030516,10.35
2026030516,6.54
2026030516,3.69
2026030517,0.8
2026030517,0.0
2026030517,-0.0001
2026030517,-0.0001
2026030518,-0.0001
2026030518,-0.0001
2026030518,-0.0001
2026030518,-0.0001
2026030519,-0.0001
2026030519,-0.0001
2026030519,-0.0001
2026030519,-0.0001
2026030520,-0.0001
2026030520,-0.0001
2026030520,-0.0001
2026030520,-0.0001
2026030521,-0.0001
2026030521,-0.0001
2026030521,-0.0001
2026030521,-0.0001
2026030522,-0.0001
2026030522,-0.0001
2026030522,-0.0001
2026030522,-0.0001
2026030523,-0.0001
2026030523,-0.0001
2026030523,-0.0001
2026030523,-0.0001
2026030600,0.0
2026030600,-0.0001
2026030600,-0.0001
2026030600,-0.0001
2026030601,-0.0001
2026030601,-0.0001
2026030601,-0.0001
2026030601,-0.0001
2026030602,-0.0001
2026030602,-0.0001
2026030602,-0.0001
2026030602,-0.0001
2026030603,-0.0001
2026030603,-0.0001
2026030603,-0.0001
2026030603,-0.0001
2026030604,-0.0001
2026030604,-0.0001
2026030604,-0.0001
2026030604,-0.0001
2026030605,0.32
2026030605,-0.0001
2026030605,-0.0001
2026030605,-0.0001
2026030606,2.79
2026030606,5.39
2026030606,9.27
2026030606,16.17
2026030607,24.89
2026030607,33.49
2026030607,43.39
2026030607,53.33
2026030608,63.82
2026030608,73.34
2026030608,83.01
2026030608,91.96
2026030609,99.01
2026030609,105.49
2026030609,111.77
2026030609,116.74
2026030610,123.12
2026030610,127.1
2026030610,130.06
2026030610,131.66
2026030611,132.82
2026030611,123.23
2026030611,106.06
2026030611,107.73
2026030612,142.94
2026030612,123.74
2026030612,135.42
2026030612,124.97
2026030613,118.19
2026030613,110.76
2026030613,78.44
2026030613,106.71
2026030614,95.09
2026030614,75.91
2026030614,49.86
2026030614,48.14
2026030615,55.43
2026030615,52.32
2026030615,41.27
2026030615,29.56
2026030616,19.03
2026030616,11.44
2026030616,7.01
2026030616,4.01
2026030617,0.79
2026030617,0.0
2026030617,-0.0001
2026030617,-0.0001
2026030618,-0.0001
2026030618,-0.0001
2026030618,-0.0001
2026030618,-0.0001
2026030619,-0.0001
2026030619,-0.0001
2026030619,-0.0001
2026030619,-0.0001
2026030620,-0.0001
2026030620,-0.0001
2026030620,-0.0001
2026030620,-0.0001
2026030621,-0.0001
2026030621,-0.0001
2026030621,-0.0001
2026030621,-0.0001
2026030622,-0.0001
2026030622,-0.0001
2026030622,-0.0001
2026030622,-0.0001
2026030623,-0.0001
2026030623,-0.0001
2026030623,-0.0001
2026030623,-0.0001
2026030700,0.0
2026030700,-0.0001
2026030700,-0.0001
2026030700,-0.0001
2026030701,-0.0001
2026030701,-0.0001
2026030701,-0.0001
2026030701,-0.0001
2026030702,-0.0001
2026030702,-0.0001
2026030702,-0.0001
2026030702,-0.0001
2026030703,-0.0001
2026030703,-0.0001
2026030703,-0.0001
2026030703,-0.0001
2026030704,-0.0001
2026030704,-0.0001
2026030704,-0.0001
2026030704,-0.0001
2026030705,-0.0001
2026030705,-0.0001
2026030705,-0.0001
2026030705,-0.0001
2026030706,0.53
2026030706,3.27
2026030706,2.66
2026030706,5.55
2026030707,12.96
2026030707,12.97
2026030707,11.47
2026030707,14.77
2026030708,13.7
2026030708,25.76
2026030708,30.7
2026030708,28.99
2026030709,27.79
2026030709,24.62
2026030709,23.37
2026030709,36.01
2026030710,38.47
2026030710,25.39
2026030710,27.54
2026030710,30.33
2026030711,17.85
2026030711,29.94
2026030711,46.58
2026030711,43.85
2026030712,67.2
2026030712,53.63
2026030712,64.32
2026030712,44.89
2026030713,37.58
2026030713,33.37
2026030713,31.0
2026030713,30.95
2026030714,25.91
2026030714,23.44
2026030714,30.47
2026030714,16.44
2026030715,12.32
2026030715,14.42
2026030715,11.76
2026030715,7.49
2026030716,5.39
2026030716,5.09
2026030716,4.71
2026030716,2.32
2026030717,0.16
2026030717,0.0
2026030717,-0.0001
2026030717,-0.0001
2026030718,-0.0001
2026030718,-0.0001
2026030718,-0.0001
2026030718,-0.0001
2026030719,-0.0001
2026030719,-0.0001
2026030719,-0.0001
2026030719,-0.0001
2026030720,-0.0001
2026030720,-0.0001
2026030720,-0.0001
2026030720,-0.0001
2026030721,-0.0001
2026030721,-0.0001
2026030721,-0.0001
2026030721,-0.0001
2026030722,-0.0001
2026030722,-0.0001
2026030722,-0.0001
2026030722,-0.0001
2026030723,-0.0001
2026030723,-0.0001
2026030723,-0.0001
2026030723,-0.0001
2026030800,0.0
2026030800,-0.0001
2026030800,-0.0001
2026030800,-0.0001
2026030801,-0.0001
2026030801,-0.0001
2026030801,-0.0001
2026030801,-0.0001
2026030802,-0.0001
2026030802,-0.0001
2026030802,-0.0001
2026030802,-0.0001
2026030803,-0.0001
2026030803,-0.0001
2026030803,-0.0001
2026030803,-0.0001
2026030804,-0.0001
2026030804,-0.0001
2026030804,-0.0001
2026030804,-0.0001
2026030805,-0.0001
2026030805,-0.0001
2026030805,-0.0001
2026030805,-0.0001
2026030806,0.17
2026030806,1.66
2026030806,3.02
2026030806,4.82
2026030807,6.59
2026030807,10.71
2026030807,13.12
2026030807,15.59
2026030808,18.12
2026030808,18.69
2026030808,16.98
2026030808,25.77
2026030809,31.28
2026030809,51.14
2026030809,45.65
2026030809,50.08
2026030810,49.98
2026030810,41.96
2026030810,41.14
2026030810,63.14
2026030811,49.03
2026030811,48.3
2026030811,58.23
2026030811,75.6
2026030812,59.26
2026030812,57.66
2026030812,67.39
2026030812,83.48
2026030813,81.91
2026030813,79.78
2026030813,80.77
2026030813,89.88
2026030814,86.9
2026030814,72.34
2026030814,54.42
2026030814,56.3
2026030815,48.89
2026030815,35.16
2026030815,31.67
2026030815,23.38
2026030816,15.58
2026030816,10.89
2026030816,7.26
2026030816,4.19
2026030817,1.01
2026030817,0.0
2026030817,-0.0001
2026030817,-0.0001
2026030818,-0.0001
2026030818,-0.0001
2026030818,-0.0001
2026030818,-0.0001
2026030819,-0.0001
2026030819,-0.0001
2026030819,-0.0001
2026030819,-0.0001
2026030820,-0.0001
2026030820,-0.0001
2026030820,-0.0001
2026030820,-0.0001
2026030821,-0.0001
2026030821,-0.0001
2026030821,-0.0001
2026030821,-0.0001
2026030822,-0.0001
2026030822,-0.0001
2026030822,-0.0001
2026030822,-0.0001
2026030823,-0.0001
2026030823,-0.0001
2026030823,-0.0001
2026030823,-0.0001
2026030900,0.0
2026030900,-0.0001
2026030900,-0.0001
2026030900,-0.0001
2026030901,-0.0001
2026030901,-0.0001
2026030901,-0.0001
2026030901,-0.0001
2026030902,-0.0001
2026030902,-0.0001
2026030902,-0.0001
2026030902,-0.0001
2026030903,-0.0001
2026030903,-0.0001
2026030903,-0.0001
2026030903,-0.0001
2026030904,-0.0001
2026030904,-0.0001
2026030904,-0.0001
2026030904,-0.0001
2026030905,0.32
2026030905,-0.0001
2026030905,-0.0001
2026030905,-0.0001
2026030906,2.52
2026030906,6.0
2026030906,9.99
2026030906,15.08
2026030907,21.79
2026030907,29.63
2026030907,38.53
2026030907,48.18
2026030908,56.55
2026030908,64.77
2026030908,73.84
2026030908,83.46
2026030909,91.47
2026030909,100.13
2026030909,107.26
2026030909,113.77
2026030910,118.6
2026030910,122.35
2026030910,125.77
2026030910,127.77
2026030911,129.61
2026030911,130.72
2026030911,131.36
2026030911,131.53
2026030912,129.77
2026030912,127.7
2026030912,125.31
2026030912,120.92
2026030913,115.55
2026030913,110.31
2026030913,103.45
2026030913,97.47
2026030914,90.65
2026030914,81.67
2026030914,72.64
2026030914,63.3
2026030915,53.49
2026030915,44.15
2026030915,34.93
2026030915,26.28
2026030916,18.95
2026030916,13.0
2026030916,8.43
2026030916,5.49
2026030917,1.98
2026030917,0.01
2026030917,0.0
2026030917,-0.0001
2026030918,-0.0001
2026030918,-0.0001
2026030918,-0.0001
2026030918,-0.0001
2026030919,-0.0001
2026030919,-0.0001
2026030919,-0.0001
2026030919,-0.0001
2026030920,-0.0001
2026030920,-0.0001
2026030920,-0.0001
2026030920,-0.0001
2026030921,-0.0001
2026030921,-0.0001
2026030921,-0.0001
2026030921,-0.0001
2026030922,-0.0001
2026030922,-0.0001
2026030922,-0.0001
2026030922,-0.0001
2026030923,-0.0001
2026030923,-0.0001
2026030923,-0.0001
2026030923,-0.0001
2026031000,0.0
2026031000,-0.0001
2026031000,-0.0001
2026031000,-0.0001
2026031001,-0.0001
2026031001,-0.0001
2026031001,-0.0001
2026031001,-0.0001
2026031002,-0.0001
2026031002,-0.0001
2026031002,-0.0001
2026031002,-0.0001
2026031003,-0.0001
2026031003,-0.0001
2026031003,-0.0001
2026031003,-0.0001
2026031004,-0.0001
2026031004,-0.0001
2026031004,-0.0001
2026031004,-0.0001
2026031005,-0.0001
2026031005,-0.0001
2026031005,-0.0001
2026031005,-0.0001
2026031006,0.89
2026031006,2.71
2026031006,4.53
2026031006,5.55
2026031007,6.92
2026031007,9.06
2026031007,11.39
2026031007,14.0
2026031008,16.09
2026031008,18.02
2026031008,19.9
2026031008,21.21
2026031009,22.79
2026031009,24.39
2026031009,26.93
2026031009,28.05
2026031010,32.76
2026031010,34.69
2026031010,36.01
2026031010,40.87
2026031011,42.26
2026031011,44.13
2026031011,42.39
2026031011,50.12
2026031012,48.28
2026031012,48.38
2026031012,48.9
2026031012,45.81
2026031013,47.13
2026031013,48.63
2026031013,39.95
2026031013,46.58
2026031014,46.78
2026031014,32.69
2026031014,36.05
2026031014,32.27
2026031015,30.01
2026031015,12.73
2026031015,12.92
2026031015,10.86
2026031016,8.66
2026031016,3.99
2026031016,4.04
2026031016,2.52
2026031017,0.3
2026031017,0.0
2026031017,-0.0001
2026031017,-0.0001
2026031018,-0.0001
2026031018,-0.0001
2026031018,-0.0001
2026031018,-0.0001
2026031019,-0.0001
2026031019,-0.0001
2026031019,-0.0001
2026031019,-0.0001
2026031020,-0.0001
2026031020,-0.0001
2026031020,-0.0001
2026031020,-0.0001
2026031021,-0.0001
2026031021,-0.0001
2026031021,-0.0001
2026031021,-0.0001
2026031022,-0.0001
2026031022,-0.0001
2026031022,-0.0001
2026031022,-0.0001
2026031023,-0.0001
2026031023,-0.0001
2026031023,-0.0001
2026031023,-0.0001
2026031100,0.0
2026031100,-0.0001
2026031100,-0.0001
2026031100,-0.0001
2026031101,-0.0001
2026031101,-0.0001
2026031101,-0.0001
2026031101,-0.0001
2026031102,-0.0001
2026031102,-0.0001
2026031102,-0.0001
2026031102,-0.0001
2026031103,-0.0001
2026031103,-0.0001
2026031103,-0.0001
2026031103,-0.0001
2026031104,-0.0001
2026031104,-0.0001
2026031104,-0.0001
2026031104,-0.0001
2026031105,-0.0001
2026031105,-0.0001
2026031105,-0.0001
2026031105,-0.0001
2026031106,0.01
2026031106,0.35
2026031106,4.15
2026031106,11.71
2026031107,11.83
2026031107,9.01
2026031107,16.76
2026031107,17.24
2026031108,29.16
2026031108,66.51
2026031108,81.8
2026031108,82.83
2026031109,125.35
2026031109,115.42
2026031109,94.21
2026031109,54.21
2026031110,17.6
2026031110,23.93
2026031110,19.71
2026031110,13.77
2026031111,12.09
2026031111,9.33
2026031111,18.73
2026031111,39.91
2026031112,37.77
2026031112,33.54
2026031112,27.79
2026031112,21.34
2026031113,19.18
2026031113,16.74
2026031113,24.26
2026031113,31.77
2026031114,29.17
2026031114,18.98
2026031114,14.56
2026031114,10.09
2026031115,9.52
2026031115,4.99
2026031115,6.45
2026031115,4.78
2026031116,5.68
2026031116,1.32
2026031116,0.6
2026031116,0.09
2026031117,0.01
2026031117,0.0
2026031117,-0.0001
2026031117,-0.0001
2026031118,-0.0001
2026031118,-0.0001
2026031118,-0.0001
2026031118,-0.0001
2026031119,-0.0001
2026031119,-0.0001
2026031119,-0.0001
2026031119,-0.0001
2026031120,-0.0001
2026031120,-0.0001
2026031120,-0.0001
2026031120,-0.0001
2026031121,-0.0001
2026031121,-0.0001
2026031121,-0.0001
2026031121,-0.0001
2026031122,-0.0001
2026031122,-0.0001
2026031122,-0.0001
2026031122,-0.0001
2026031123,-0.0001
2026031123,-0.0001
2026031123,-0.0001
2026031123,-0.0001
2026031200,0.0
2026031200,-0.0001
2026031200,-0.0001
2026031200,-0.0001
2026031201,-0.0001
2026031201,-0.0001
2026031201,-0.0001
2026031201,-0.0001
2026031202,-0.0001
2026031202,-0.0001
2026031202,-0.0001
2026031202,-0.0001
2026031203,-0.0001
2026031203,-0.0001
2026031203,-0.0001
2026031203,-0.0001
2026031204,-0.0001
2026031204,-0.0001
2026031204,-0.0001
2026031204,-0.0001
2026031205,0.31
2026031205,2.41
2026031205,-0.0001
2026031205,-0.0001
2026031206,5.24
2026031206,8.14
2026031206,11.85
2026031206,10.29
2026031207,11.32
2026031207,25.58
2026031207,15.05
2026031207,17.06
2026031208,40.62
2026031208,65.42
2026031208,82.71
2026031208,102.79
2026031209,118.02
2026031209,122.98
2026031209,130.31
2026031209,126.73
2026031210,135.74
2026031210,33.38
2026031210,2.38
2026031210,1.92
2026031211,1.66
2026031211,1.98
2026031211,1.72
2026031211,-0.0001
2026031212,1.57
2026031212,1.0
2026031212,1.04
2026031212,0.97
2026031213,1.05
2026031213,1.23
2026031213,0.69
2026031213,0.34
2026031214,0.7
2026031214,1.6
2026031214,39.35
2026031214,25.97
2026031215,26.9
2026031215,18.87
2026031215,21.33
2026031215,12.44
2026031216,11.82
2026031216,10.63
2026031216,7.85
2026031216,5.25
2026031217,1.31
2026031217,0.0
2026031217,-0.0001
2026031217,-0.0001
2026031218,-0.0001
2026031218,-0.0001
2026031218,-0.0001
2026031218,-0.0001
2026031219,-0.0001
2026031219,-0.0001
2026031219,-0.0001
2026031219,-0.0001
2026031220,-0.0001
2026031220,-0.0001
2026031220,-0.0001
2026031220,-0.0001
2026031221,-0.0001
2026031221,-0.0001
2026031221,-0.0001
2026031221,-0.0001
2026031222,-0.0001
2026031222,-0.0001
2026031222,-0.0001
2026031222,-0.0001
2026031223,-0.0001
2026031223,-0.0001
2026031223,-0.0001
2026031223,-0.0001
2026031300,0.0
2026031300,-0.0001
2026031300,-0.0001
2026031300,-0.0001
2026031301,-0.0001
2026031301,-0.0001
2026031301,-0.0001
2026031301,-0.0001
2026031302,-0.0001
2026031302,-0.0001
2026031302,-0.0001
2026031302,-0.0001
2026031303,-0.0001
2026031303,-0.0001
2026031303,-0.0001
2026031303,-0.0001
2026031304,-0.0001
2026031304,-0.0001
2026031304,-0.0001
2026031304,-0.0001
2026031305,-0.0001
2026031305,-0.0001
2026031305,-0.0001
2026031305,-0.0001
2026031306,0.03
2026031306,1.59
2026031306,2.35
2026031306,3.22
2026031307,4.08
2026031307,4.0
2026031307,5.62
2026031307,6.61
2026031308,6.5
2026031308,5.07
2026031308,7.12
2026031308,5.34
2026031309,5.86
2026031309,3.74
2026031309,9.39
2026031309,13.95
2026031310,14.3
2026031310,22.95
2026031310,28.42
2026031310,37.25
2026031311,39.5
2026031311,38.26
2026031311,43.97
2026031311,41.51
2026031312,33.22
2026031312,36.76
2026031312,42.44
2026031312,42.64
2026031313,32.32
2026031313,31.5
2026031313,41.92
2026031313,38.12
2026031314,40.65
2026031314,36.6
2026031314,37.13
2026031314,36.2
2026031315,35.53
2026031315,29.24
2026031315,21.18
2026031315,22.14
2026031316,16.46
2026031316,10.92
2026031316,8.84
2026031316,4.56
2026031317,2.12
2026031317,0.19
2026031317,0.0
2026031317,-0.0001
2026031318,-0.0001
2026031318,-0.0001
2026031318,-0.0001
2026031318,-0.0001
2026031319,-0.0001
2026031319,-0.0001
2026031319,-0.0001
2026031319,-0.0001
2026031320,-0.0001
2026031320,-0.0001
2026031320,-0.0001
2026031320,-0.0001
2026031321,-0.0001
2026031321,-0.0001
2026031321,-0.0001
2026031321,-0.0001
2026031322,-0.0001
2026031322,-0.0001
2026031322,-0.0001
2026031322,-0.0001
2026031323,-0.0001
2026031323,-0.0001
2026031323,-0.0001
2026031323,-0.0001
2026031400,0.0
2026031400,-0.0001
2026031400,-0.0001
2026031400,-0.0001
2026031401,-0.0001
2026031401,-0.0001
2026031401,-0.0001
2026031401,-0.0001
2026031402,-0.0001
2026031402,-0.0001
2026031402,-0.0001
2026031402,-0.0001
2026031403,-0.0001
2026031403,-0.0001
2026031403,-0.0001
2026031403,-0.0001
2026031404,-0.0001
2026031404,-0.0001
2026031404,-0.0001
2026031404,-0.0001
2026031405,0.01
2026031405,0.21
2026031405,-0.0001
2026031405,-0.0001
2026031406,2.48
2026031406,5.75
2026031406,6.74
2026031406,9.36
2026031407,10.39
2026031407,11.66
2026031407,16.77
2026031407,21.41
2026031408,27.28
2026031408,33.88
2026031408,42.82
2026031408,53.13
2026031409,55.88
2026031409,52.14
2026031409,63.12
2026031409,57.88
2026031410,53.63
2026031410,74.43
2026031410,93.21
2026031410,109.29
2026031411,121.33
2026031411,90.99
2026031411,64.89
2026031411,48.94
2026031412,42.54
2026031412,51.51
2026031412,51.68
2026031412,-0.0001
2026031413,43.06
2026031413,41.6
2026031413,29.95
2026031413,29.66
2026031414,26.42
2026031414,28.89
2026031414,29.21
2026031414,24.75
2026031415,21.68
2026031415,10.32
2026031415,4.79
2026031415,6.63
2026031416,6.98
2026031416,6.62
2026031416,5.15
2026031416,2.26
2026031417,3.65
2026031417,3.44
2026031417,0.0
2026031417,-0.0001
2026031418,-0.0001
2026031418,-0.0001
2026031418,-0.0001
2026031418,-0.0001
2026031419,-0.0001
2026031419,-0.0001
2026031419,-0.0001
2026031419,-0.0001
2026031420,-0.0001
2026031420,-0.0001
2026031420,-0.0001
2026031420,-0.0001
2026031421,-0.0001
2026031421,-0.0001
2026031421,-0.0001
2026031421,-0.0001
2026031422,-0.0001
2026031422,-0.0001
2026031422,-0.0001
2026031422,-0.0001
2026031423,-0.0001
2026031423,-0.0001
2026031423,-0.0001
2026031423,-0.0001
2026031500,0.0
2026031500,-0.0001
2026031500,-0.0001
2026031500,-0.0001
2026031501,-0.0001
2026031501,-0.0001
2026031501,-0.0001
2026031501,-0.0001
2026031502,-0.0001
2026031502,-0.0001
2026031502,-0.0001
2026031502,-0.0001
2026031503,-0.0001
2026031503,-0.0001
2026031503,-0.0001
2026031503,-0.0001
2026031504,-0.0001
2026031504,-0.0001
2026031504,-0.0001
2026031504,-0.0001
2026031505,0.86
2026031505,-0.0001
2026031505,-0.0001
2026031505,-0.0001
2026031506,3.53
2026031506,5.32
2026031506,7.11
2026031506,9.36
2026031507,15.18
2026031507,29.15
2026031507,32.18
2026031507,34.14
2026031508,35.49
2026031508,35.21
2026031508,35.33
2026031508,45.69
2026031509,56.22
2026031509,58.99
2026031509,51.23
2026031509,47.56
2026031510,48.74
2026031510,80.81
2026031510,60.69
2026031510,64.04
2026031511,98.57
2026031511,163.78
2026031511,151.23
2026031511,74.32
2026031512,83.39
2026031512,93.78
2026031512,73.21
2026031512,47.03
2026031513,47.64
2026031513,94.37
2026031513,67.63
2026031513,76.92
2026031514,58.46
2026031514,72.54
2026031514,74.45
2026031514,57.01
2026031515,50.24
2026031515,56.27
2026031515,49.05
2026031515,31.31
2026031516,23.75
2026031516,18.89
2026031516,11.82
2026031516,7.06
2026031517,3.08
2026031517,0.51
2026031517,0.0
2026031517,-0.0001
2026031518,-0.0001
2026031518,-0.0001
2026031518,-0.0001
2026031518,-0.0001
2026031519,-0.0001
2026031519,-0.0001
2026031519,-0.0001
2026031519,-0.0001
2026031520,-0.0001
2026031520,-0.0001
2026031520,-0.0001
2026031520,-0.0001
2026031521,-0.0001
2026031521,-0.0001
2026031521,-0.0001
2026031521,-0.0001
2026031522,-0.0001
2026031522,-0.0001
2026031522,-0.0001
2026031522,-0.0001
2026031523,-0.0001
2026031523,-0.0001
2026031523,-0.0001
2026031523,-0.0001
2026031600,0.0
2026031600,-0.0001
2026031600,-0.0001
2026031600,-0.0001
2026031601,-0.0001
2026031601,-0.0001
2026031601,-0.0001
2026031601,-0.0001
2026031602,-0.0001
2026031602,-0.0001
2026031602,-0.0001
2026031602,-0.0001
2026031603,-0.0001
2026031603,-0.0001
2026031603,-0.0001
2026031603,-0.0001
2026031604,-0.0001
2026031604,-0.0001
2026031604,-0.0001
2026031604,-0.0001
2026031605,0.23
2026031605,-0.0001
2026031605,-0.0001
2026031605,-0.0001
2026031606,1.36
2026031606,2.51
2026031606,3.87
2026031606,5.35
2026031607,4.92
2026031607,5.41
2026031607,7.42
2026031607,7.6
2026031608,10.12
2026031608,18.89
2026031608,28.78
2026031608,22.32
2026031609,19.26
2026031609,23.39
2026031609,29.89
2026031609,39.08
2026031610,45.98
2026031610,45.55
2026031610,60.4
2026031610,45.25
2026031611,74.6
2026031611,81.28
2026031611,117.97
2026031611,90.27
2026031612,94.12
2026031612,131.0
2026031612,91.65
2026031612,104.17
2026031613,107.88
2026031613,116.28
2026031613,128.2
2026031613,59.57
2026031614,55.03
2026031614,83.05
2026031614,64.87
2026031614,103.26
2026031615,83.88
2026031615,75.95
2026031615,41.98
2026031615,43.21
2026031616,24.96
2026031616,17.75
2026031616,13.99
2026031616,7.44
2026031617,3.96
2026031617,1.46
2026031617,0.03
2026031617,0.0
2026031618,-0.0001
2026031618,-0.0001
2026031618,-0.0001
2026031618,-0.0001
2026031619,-0.0001
2026031619,-0.0001
2026031619,-0.0001
2026031619,-0.0001
2026031620,-0.0001
2026031620,-0.0001
2026031620,-0.0001
2026031620,-0.0001
2026031621,-0.0001
2026031621,-0.0001
2026031621,-0.0001
2026031621,-0.0001
2026031622,-0.0001
2026031622,-0.0001
2026031622,-0.0001
2026031622,-0.0001
2026031623,-0.0001
2026031623,-0.0001
2026031623,-0.0001
2026031623,-0.0001
2026031700,0.0
2026031700,-0.0001
2026031700,-0.0001
2026031700,-0.0001
2026031701,-0.0001
2026031701,-0.0001
2026031701,-0.0001
2026031701,-0.0001
2026031702,-0.0001
2026031702,-0.0001
2026031702,-0.0001
2026031702,-0.0001
2026031703,-0.0001
2026031703,-0.0001
2026031703,-0.0001
2026031703,-0.0001
2026031704,-0.0001
2026031704,-0.0001
2026031704,-0.0001
2026031704,-0.0001
2026031705,0.51
2026031705,2.63
2026031705,4.92
2026031705,-0.0001
2026031706,8.79
2026031706,11.03
2026031706,16.02
2026031706,25.97
2026031707,25.03
2026031707,26.72
2026031707,34.77
2026031707,41.91
2026031708,38.31
2026031708,47.85
2026031708,50.24
2026031708,56.67
2026031709,63.45
2026031709,78.09
2026031709,78.61
2026031709,100.9
2026031710,99.27
2026031710,83.2
2026031710,72.2
2026031710,62.87
2026031711,58.64
2026031711,66.54
2026031711,61.66
2026031711,63.85
2026031712,56.62
2026031712,52.69
2026031712,46.45
2026031712,44.26
2026031713,48.55
2026031713,66.55
2026031713,56.25
2026031713,51.77
2026031714,45.01
2026031714,45.67
2026031714,38.42
2026031714,26.22
2026031715,20.7
2026031715,14.49
2026031715,11.73
2026031715,11.85
2026031716,8.57
2026031716,7.61
2026031716,5.8
2026031716,4.6
2026031717,2.74
2026031717,0.55
2026031717,0.09
2026031717,0.0
2026031718,-0.0001
2026031718,-0.0001
2026031718,-0.0001
2026031718,-0.0001
2026031719,-0.0001
2026031719,-0.0001
2026031719,-0.0001
2026031719,-0.0001
2026031720,-0.0001
2026031720,-0.0001
2026031720,-0.0001
2026031720,-0.0001
2026031721,-0.0001
2026031721,-0.0001
2026031721,-0.0001
2026031721,-0.0001
2026031722,-0.0001
2026031722,-0.0001
2026031722,-0.0001
2026031722,-0.0001
2026031723,-0.0001
2026031723,-0.0001
2026031723,-0.0001
2026031723,-0.0001
2026031800,0.0
2026031800,-0.0001
2026031800,-0.0001
2026031800,-0.0001
2026031801,-0.0001
2026031801,-0.0001
2026031801,-0.0001
2026031801,-0.0001
2026031802,-0.0001
2026031802,-0.0001
2026031802,-0.0001
2026031802,-0.0001
2026031803,-0.0001
2026031803,-0.0001
2026031803,-0.0001
2026031803,-0.0001
2026031804,-0.0001
2026031804,-0.0001
2026031804,-0.0001
2026031804,-0.0001
2026031805,0.06
2026031805,2.09
2026031805,4.47
2026031805,-0.0001
2026031806,9.11
2026031806,17.45
2026031806,29.45
2026031806,28.82
2026031807,32.61
2026031807,36.23
2026031807,36.76
2026031807,64.61
2026031808,44.38
2026031808,41.81
2026031808,44.48
2026031808,50.46
2026031809,71.28
2026031809,83.4
2026031809,84.5
2026031809,76.07
2026031810,95.17
2026031810,151.35
2026031810,150.26
2026031810,132.55
2026031811,141.15
2026031811,146.22
2026031811,151.15
2026031811,154.84
2026031812,140.36
2026031812,142.29
2026031812,132.64
2026031812,140.85
2026031813,146.31
2026031813,140.77
2026031813,130.84
2026031813,121.99
2026031814,110.51
2026031814,107.06
2026031814,96.76
2026031814,83.04
2026031815,71.05
2026031815,66.56
2026031815,55.74
2026031815,46.65
2026031816,34.76
2026031816,26.16
2026031816,17.39
2026031816,10.52
2026031817,6.28
2026031817,3.0
2026031817,0.64
2026031817,0.0
2026031818,-0.0001
2026031818,-0.0001
2026031818,-0.0001
2026031818,-0.0001
2026031819,-0.0001
2026031819,-0.0001
2026031819,-0.0001
2026031819,-0.0001
2026031820,-0.0001
2026031820,-0.0001
2026031820,-0.0001
2026031820,-0.0001
2026031821,-0.0001
2026031821,-0.0001
2026031821,-0.0001
2026031821,-0.0001
2026031822,-0.0001
2026031822,-0.0001
2026031822,-0.0001
2026031822,-0.0001
2026031823,-0.0001
2026031823,-0.0001
2026031823,-0.0001
2026031823,-0.0001
2026031900,0.0
2026031900,-0.0001
2026031900,-0.0001
2026031900,-0.0001
2026031901,-0.0001
2026031901,-0.0001
2026031901,-0.0001
2026031901,-0.0001
2026031902,-0.0001
2026031902,-0.0001
2026031902,-0.0001
2026031902,-0.0001
2026031903,-0.0001
2026031903,-0.0001
2026031903,-0.0001
2026031903,-0.0001
2026031904,-0.0001
2026031904,-0.0001
2026031904,-0.0001
2026031904,-0.0001
2026031905,0.23
2026031905,2.57
2026031905,6.29
2026031905,-0.0001
2026031906,11.94
2026031906,18.5
2026031906,24.98
2026031906,33.46
2026031907,38.62
2026031907,48.31
2026031907,79.91
2026031907,60.03
2026031908,69.48
2026031908,103.95
2026031908,84.06
2026031908,83.05
2026031909,111.72
2026031909,125.07
2026031909,130.9
2026031909,94.47
2026031910,149.64
2026031910,103.16
2026031910,97.42
2026031910,144.37
2026031911,103.48
2026031911,38.7
2026031911,47.86
2026031911,13.67
2026031912,14.66
2026031912,13.35
2026031912,22.06
2026031912,19.56
2026031913,14.16
2026031913,13.97
2026031913,21.56
2026031913,27.36
2026031914,28.85
2026031914,26.84
2026031914,34.93
2026031914,17.13
2026031915,17.22
2026031915,43.91
2026031915,50.12
2026031915,47.48
2026031916,35.84
2026031916,25.34
2026031916,16.5
2026031916,9.96
2026031917,5.89
2026031917,2.58
2026031917,0.37
2026031917,0.0
2026031918,-0.0001
2026031918,-0.0001
2026031918,-0.0001
2026031918,-0.0001
2026031919,-0.0001
2026031919,-0.0001
2026031919,-0.0001
2026031919,-0.0001
2026031920,-0.0001
2026031920,-0.0001
2026031920,-0.0001
2026031920,-0.0001
2026031921,-0.0001
2026031921,-0.0001
2026031921,-0.0001
2026031921,-0.0001
2026031922,-0.0001
2026031922,-0.0001
2026031922,-0.0001
2026031922,-0.0001
2026031923,-0.0001
2026031923,-0.0001
2026031923,-0.0001
2026031923,-0.0001
2026032000,0.0
2026032000,-0.0001
2026032000,-0.0001
2026032000,-0.0001
2026032001,-0.0001
2026032001,-0.0001
2026032001,-0.0001
2026032001,-0.0001
2026032002,-0.0001
2026032002,-0.0001
2026032002,-0.0001
2026032002,-0.0001
2026032003,-0.0001
2026032003,-0.0001
2026032003,-0.0001
2026032003,-0.0001
2026032004,-0.0001
2026032004,-0.0001
2026032004,-0.0001
2026032004,-0.0001
2026032005,0.1
2026032005,1.96
2026032005,4.47
2026032005,-0.0001
2026032006,7.26
2026032006,10.94
2026032006,14.75
2026032006,26.36
2026032007,42.0
2026032007,39.62
2026032007,45.49
2026032007,70.62
2026032008,78.74
2026032008,107.19
2026032008,124.17
2026032008,122.61
2026032009,127.57
2026032009,134.82
2026032009,142.96
2026032009,150.18
2026032010,147.71
2026032010,149.48
2026032010,145.72
2026032010,156.28
2026032011,160.57
2026032011,162.41
2026032011,155.26
2026032011,147.44
2026032012,160.2
2026032012,153.16
2026032012,121.12
2026032012,106.98
2026032013,117.16
2026032013,121.25
2026032013,138.2
2026032013,129.28
2026032014,120.6
2026032014,111.69
2026032014,101.26
2026032014,92.27
2026032015,81.95
2026032015,68.11
2026032015,59.54
2026032015,48.79
2026032016,37.73
2026032016,27.21
2026032016,17.17
2026032016,10.63
2026032017,6.01
2026032017,2.82
2026032017,0.54
2026032017,0.0
2026032018,-0.0001
2026032018,-0.0001
2026032018,-0.0001
2026032018,-0.0001
2026032019,-0.0001
2026032019,-0.0001
2026032019,-0.0001
2026032019,-0.0001
2026032020,-0.0001
2026032020,-0.0001
2026032020,-0.0001
2026032020,-0.0001
2026032021,-0.0001
2026032021,-0.0001
2026032021,-0.0001
2026032021,-0.0001
2026032022,-0.0001
2026032022,-0.0001
2026032022,-0.0001
2026032022,-0.0001
2026032023,-0.0001
2026032023,-0.0001
2026032023,-0.0001
2026032023,-0.0001
2026032100,0.0
2026032100,-0.0001
2026032100,-0.0001
2026032100,-0.0001
2026032101,-0.0001
2026032101,-0.0001
2026032101,-0.0001
2026032101,-0.0001
2026032102,-0.0001
2026032102,-0.0001
2026032102,-0.0001
2026032102,-0.0001
2026032103,-0.0001
2026032103,-0.0001
2026032103,-0.0001
2026032103,-0.0001
2026032104,-0.0001
2026032104,-0.0001
2026032104,-0.0001
2026032104,-0.0001
2026032105,0.41
2026032105,1.89
2026032105,-0.0001
2026032105,-0.0001
2026032106,3.85
2026032106,5.51
2026032106,7.13
2026032106,8.86
2026032107,10.11
2026032107,11.92
2026032107,13.96
2026032107,15.58
2026032108,17.87
2026032108,18.71
2026032108,20.11
2026032108,22.47
2026032109,25.22
2026032109,25.68
2026032109,28.98
2026032109,30.09
2026032110,31.89
2026032110,31.26
2026032110,27.24
2026032110,27.89
2026032111,24.43
2026032111,27.23
2026032111,27.6
2026032111,24.67
2026032112,33.77
2026032112,38.72
2026032112,36.36
2026032112,33.47
2026032113,31.81
2026032113,28.06
2026032113,30.07
2026032113,32.18
2026032114,30.6
2026032114,28.48
2026032114,24.33
2026032114,23.72
2026032115,26.42
2026032115,28.44
2026032115,24.56
2026032115,24.32
2026032116,23.02
2026032116,17.27
2026032116,10.74
2026032116,6.27
2026032117,3.1
2026032117,0.61
2026032117,0.0
2026032117,-0.0001
2026032118,-0.0001
2026032118,-0.0001
2026032118,-0.0001
2026032118,-0.0001
2026032119,-0.0001
2026032119,-0.0001
2026032119,-0.0001
2026032119,-0.0001
2026032120,-0.0001
2026032120,-0.0001
2026032120,-0.0001
2026032120,-0.0001
2026032121,-0.0001
2026032121,-0.0001
2026032121,-0.0001
2026032121,-0.0001
2026032122,-0.0001
2026032122,-0.0001
2026032122,-0.0001
2026032122,-0.0001
2026032123,-0.0001
2026032123,-0.0001
2026032123,-0.0001
2026032123,-0.0001
2026032200,0.0
2026032200,-0.0001
2026032200,-0.0001
2026032200,-0.0001
2026032201,-0.0001
2026032201,-0.0001
2026032201,-0.0001
2026032201,-0.0001
2026032202,-0.0001
2026032202,-0.0001
2026032202,-0.0001
2026032202,-0.0001
2026032203,-0.0001
2026032203,-0.0001
2026032203,-0.0001
2026032203,-0.0001
2026032204,-0.0001
2026032204,-0.0001
2026032204,-0.0001
2026032204,-0.0001
2026032205,0.19
2026032205,2.02
2026032205,4.27
2026032205,-0.0001
2026032206,6.04
2026032206,7.87
2026032206,12.1
2026032206,15.57
2026032207,18.59
2026032207,23.61
2026032207,29.45
2026032207,35.37
2026032208,43.98
2026032208,58.92
2026032208,76.44
2026032208,105.59
2026032209,115.83
2026032209,137.8
2026032209,148.42
2026032209,153.76
2026032210,158.39
2026032210,161.96
2026032210,165.19
2026032210,167.59
2026032211,168.77
2026032211,35.25
2026032211,3.16
2026032211,3.09
2026032212,2.53
2026032212,2.55
2026032212,2.51
2026032212,2.26
2026032213,2.29
2026032213,2.01
2026032213,15.36
2026032213,127.65
2026032214,40.64
2026032214,111.85
2026032214,101.93
2026032214,91.34
2026032215,80.89
2026032215,69.57
2026032215,58.89
2026032215,47.63
2026032216,36.98
2026032216,27.13
2026032216,18.52
2026032216,11.86
2026032217,7.3
2026032217,3.9
2026032217,1.09
2026032217,0.0
2026032218,-0.0001
2026032218,-0.0001
2026032218,-0.0001
2026032218,-0.0001
2026032219,-0.0001
2026032219,-0.0001
2026032219,-0.0001
2026032219,-0.0001
2026032220,-0.0001
2026032220,-0.0001
2026032220,-0.0001
2026032220,-0.0001
2026032221,-0.0001
2026032221,-0.0001
2026032221,-0.0001
2026032221,-0.0001
2026032222,-0.0001
2026032222,-0.0001
2026032222,-0.0001
2026032222,-0.0001
2026032223,-0.0001
2026032223,-0.0001
2026032223,-0.0001
2026032223,-0.0001
2026032300,0.0
2026032300,-0.0001
2026032300,-0.0001
2026032300,-0.0001
2026032301,-0.0001
2026032301,-0.0001
2026032301,-0.0001
2026032301,-0.0001
2026032302,-0.0001
2026032302,-0.0001
2026032302,-0.0001
2026032302,-0.0001
2026032303,-0.0001
2026032303,-0.0001
2026032303,-0.0001
2026032303,-0.0001
2026032304,-0.0001
2026032304,-0.0001
2026032304,-0.0001
2026032304,-0.0001
2026032305,0.25
2026032305,2.59
2026032305,-0.0001
2026032305,-0.0001
2026032306,7.64
2026032306,7.5
2026032306,7.04
2026032306,8.0
2026032307,15.06
2026032307,30.16
2026032307,32.43
2026032307,25.38
2026032308,29.81
2026032308,36.21
2026032308,43.95
2026032308,39.49
2026032309,48.03
2026032309,61.09
2026032309,57.22
2026032309,85.01
2026032310,109.95
2026032310,102.93
2026032310,105.67
2026032310,120.17
2026032311,129.83
2026032311,141.74
2026032311,111.9
2026032311,109.67
2026032312,90.58
2026032312,109.02
2026032312,90.05
2026032312,77.56
2026032313,70.19
2026032313,71.12
2026032313,76.71
2026032313,88.3
2026032314,68.81
2026032314,97.05
2026032314,98.92
2026032314,92.49
2026032315,84.03
2026032315,61.0
2026032315,37.83
2026032315,27.16
2026032316,22.63
2026032316,15.39
2026032316,12.19
2026032316,8.68
2026032317,5.93
2026032317,3.09
2026032317,0.6
2026032317,0.0
2026032318,-0.0001
2026032318,-0.0001
2026032318,-0.0001
2026032318,-0.0001
2026032319,-0.0001
2026032319,-0.0001
2026032319,-0.0001
2026032319,-0.0001
2026032320,-0.0001
2026032320,-0.0001
2026032320,-0.0001
2026032320,-0.0001
2026032321,-0.0001
2026032321,-0.0001
2026032321,-0.0001
2026032321,-0.0001
2026032322,-0.0001
2026032322,-0.0001
2026032322,-0.0001
2026032322,-0.0001
2026032323,-0.0001
2026032323,-0.0001
2026032323,-0.0001
2026032323,-0.0001
2026032400,0.0
2026032400,-0.0001
2026032400,-0.0001
2026032400,-0.0001
2026032401,-0.0001
2026032401,-0.0001
2026032401,-0.0001
2026032401,-0.0001
2026032402,-0.0001
2026032402,-0.0001
2026032402,-0.0001
2026032402,-0.0001
2026032403,-0.0001
2026032403,-0.0001
2026032403,-0.0001
2026032403,-0.0001
2026032404,-0.0001
2026032404,-0.0001
2026032404,-0.0001
2026032404,-0.0001
2026032405,2.26
2026032405,3.56
2026032405,-0.0001
2026032405,-0.0001
2026032406,5.73
2026032406,9.0
2026032406,10.29
2026032406,16.04
2026032407,22.34
2026032407,25.6
2026032407,25.59
2026032407,23.52
2026032408,26.86
2026032408,29.23
2026032408,30.92
2026032408,35.22
2026032409,51.24
2026032409,54.68
2026032409,59.76
2026032409,41.54
2026032410,31.05
2026032410,45.38
2026032410,50.53
2026032410,52.52
2026032411,48.91
2026032411,26.03
2026032411,23.36
2026032411,25.05
2026032412,18.02
2026032412,20.83
2026032412,15.26
2026032412,11.14
2026032413,11.38
2026032413,18.51
2026032413,13.79
2026032413,11.18
2026032414,8.03
2026032414,6.9
2026032414,6.26
2026032414,8.66
2026032415,6.7
2026032415,4.73
2026032415,3.67
2026032415,4.45
2026032416,3.65
2026032416,3.06
2026032416,2.71
2026032416,2.43
2026032417,0.7
2026032417,0.05
2026032417,0.0
2026032417,-0.0001
2026032418,-0.0001
2026032418,-0.0001
2026032418,-0.0001
2026032418,-0.0001
2026032419,-0.0001
2026032419,-0.0001
2026032419,-0.0001
2026032419,-0.0001
2026032420,-0.0001
2026032420,-0.0001
2026032420,-0.0001
2026032420,-0.0001
2026032421,-0.0001
2026032421,-0.0001
2026032421,-0.0001
2026032421,-0.0001
2026032422,-0.0001
2026032422,-0.0001
2026032422,-0.0001
2026032422,-0.0001
2026032423,-0.0001
2026032423,-0.0001
2026032423,-0.0001
2026032423,-0.0001
2026032500,0.0
2026032500,-0.0001
2026032500,-0.0001
2026032500,-0.0001
2026032501,-0.0001
2026032501,-0.0001
2026032501,-0.0001
2026032501,-0.0001
2026032502,-0.0001
2026032502,-0.0001
2026032502,-0.0001
2026032502,-0.0001
2026032503,-0.0001
2026032503,-0.0001
2026032503,-0.0001
2026032503,-0.0001
2026032504,-0.0001
2026032504,-0.0001
2026032504,-0.0001
2026032504,-0.0001
2026032505,0.01
2026032505,0.1
2026032505,0.63
2026032505,-0.0001
2026032506,6.28
2026032506,7.37
2026032506,19.89
2026032506,16.83
2026032507,13.56
2026032507,13.01
2026032507,25.19
2026032507,29.01
2026032508,31.91
2026032508,20.83
2026032508,20.74
2026032508,12.02
2026032509,19.19
2026032509,27.2
2026032509,33.92
2026032509,31.54
2026032510,67.87
2026032510,91.66
2026032510,67.04
2026032510,69.37
2026032511,63.58
2026032511,34.4
2026032511,49.27
2026032511,35.94
2026032512,55.91
2026032512,93.41
2026032512,118.11
2026032512,98.37
2026032513,107.08
2026032513,114.04
2026032513,60.6
2026032513,84.59
2026032514,62.32
2026032514,76.94
2026032514,62.99
2026032514,35.59
2026032515,60.64
2026032515,35.5
2026032515,60.87
2026032515,56.83
2026032516,15.74
2026032516,27.56
2026032516,16.68
2026032516,11.52
2026032517,5.71
2026032517,2.04
2026032517,1.94
2026032517,0.1
2026032518,0.0
2026032518,-0.0001
2026032518,-0.0001
2026032518,-0.0001
2026032519,-0.0001
2026032519,-0.0001
2026032519,-0.0001
2026032519,-0.0001
2026032520,-0.0001
2026032520,-0.0001
2026032520,-0.0001
2026032520,-0.0001
2026032521,-0.0001
2026032521,-0.0001
2026032521,-0.0001
2026032521,-0.0001
2026032522,-0.0001
2026032522,-0.0001
2026032522,-0.0001
2026032522,-0.0001
2026032523,-0.0001
2026032523,-0.0001
2026032523,-0.0001
2026032523,-0.0001
2026032600,0.0
2026032600,-0.0001
2026032600,-0.0001
2026032600,-0.0001
2026032601,-0.0001
2026032601,-0.0001
2026032601,-0.0001
2026032601,-0.0001
2026032602,-0.0001
2026032602,-0.0001
2026032602,-0.0001
2026032602,-0.0001
2026032603,-0.0001
2026032603,-0.0001
2026032603,-0.0001
2026032603,-0.0001
2026032604,-0.0001
2026032604,-0.0001
2026032604,-0.0001
2026032604,-0.0001
2026032605,0.08
2026032605,2.32
2026032605,5.18
2026032605,6.54
2026032606,14.21
2026032606,28.73
2026032606,38.81
2026032606,47.51
2026032607,65.83
2026032607,55.86
2026032607,63.27
2026032607,90.31
2026032608,91.38
2026032608,65.04
2026032608,70.9
2026032608,60.58
2026032609,117.96
2026032609,69.13
2026032609,98.88
2026032609,138.41
2026032610,172.06
2026032610,132.91
2026032610,161.01
2026032610,58.38
2026032611,143.47
2026032611,101.96
2026032611,90.45
2026032611,54.63
2026032612,105.69
2026032612,88.09
2026032612,49.03
2026032612,70.51
2026032613,81.24
2026032613,156.57
2026032613,119.59
2026032613,138.56
2026032614,74.66
2026032614,62.34
2026032614,51.86
2026032614,49.72
2026032615,37.86
2026032615,54.56
2026032615,18.02
2026032615,14.61
2026032616,19.9
2026032616,18.14
2026032616,12.75
2026032616,8.04
2026032617,5.74
2026032617,2.73
2026032617,0.98
2026032617,0.01
2026032618,0.0
2026032618,-0.0001
2026032618,-0.0001
2026032618,-0.0001
2026032619,-0.0001
2026032619,-0.0001
2026032619,-0.0001
2026032619,-0.0001
2026032620,-0.0001
2026032620,-0.0001
2026032620,-0.0001
2026032620,-0.0001
2026032621,-0.0001
2026032621,-0.0001
2026032621,-0.0001
2026032621,-0.0001
2026032622,-0.0001
2026032622,-0.0001
2026032622,-0.0001
2026032622,-0.0001
2026032623,-0.0001
2026032623,-0.0001
2026032623,-0.0001
2026032623,-0.0001
2026032700,0.0
2026032700,-0.0001
2026032700,-0.0001
2026032700,-0.0001
2026032701,-0.0001
2026032701,-0.0001
2026032701,-0.0001
2026032701,-0.0001
2026032702,-0.0001
2026032702,-0.0001
2026032702,-0.0001
2026032702,-0.0001
2026032703,-0.0001
2026032703,-0.0001
2026032703,-0.0001
2026032703,-0.0001
2026032704,-0.0001
2026032704,-0.0001
2026032704,-0.0001
2026032704,-0.0001
2026032705,0.24
2026032705,2.38
2026032705,5.31
2026032705,8.39
2026032706,13.04
2026032706,28.58
2026032706,39.51
2026032706,51.86
2026032707,64.31
2026032707,77.29
2026032707,73.65
2026032707,87.36
2026032708,98.75
2026032708,111.81
2026032708,94.67
2026032708,119.53
2026032709,143.66
2026032709,155.4
2026032709,169.14
2026032709,110.1
2026032710,80.06
2026032710,140.3
2026032710,176.59
2026032710,165.59
2026032711,120.03
2026032711,160.05
2026032711,179.51
2026032711,178.09
2026032712,167.74
2026032712,177.19
2026032712,183.01
2026032712,168.8
2026032713,168.73
2026032713,165.91
2026032713,147.66
2026032713,147.99
2026032714,136.58
2026032714,128.14
2026032714,86.08
2026032714,86.65
2026032715,86.27
2026032715,55.24
2026032715,70.16
2026032715,55.01
2026032716,38.35
2026032716,13.23
2026032716,9.63
2026032716,8.08
2026032717,4.48
2026032717,3.02
2026032717,0.55
2026032717,0.02
2026032718,0.0
2026032718,-0.0001
2026032718,-0.0001
2026032718,-0.0001
2026032719,-0.0001
2026032719,-0.0001
2026032719,-0.0001
2026032719,-0.0001
2026032720,-0.0001
2026032720,-0.0001
2026032720,-0.0001
2026032720,-0.0001
2026032721,-0.0001
2026032721,-0.0001
2026032721,-0.0001
2026032721,-0.0001
2026032722,-0.0001
2026032722,-0.0001
2026032722,-0.0001
2026032722,-0.0001
2026032723,-0.0001
2026032723,-0.0001
2026032723,-0.0001
2026032723,-0.0001
2026032800,0.0
2026032800,-0.0001
2026032800,-0.0001
2026032800,-0.0001
2026032801,-0.0001
2026032801,-0.0001
2026032801,-0.0001
2026032801,-0.0001
2026032802,-0.0001
2026032802,-0.0001
2026032802,-0.0001
2026032802,-0.0001
2026032803,-0.0001
2026032803,-0.0001
2026032803,-0.0001
2026032803,-0.0001
2026032804,-0.0001
2026032804,-0.0001
2026032804,-0.0001
2026032804,-0.0001
2026032805,0.38
2026032805,2.6
2026032805,4.68
2026032805,4.86
2026032806,7.82
2026032806,13.2
2026032806,11.81
2026032806,29.56
2026032807,38.25
2026032807,47.81
2026032807,77.76
2026032807,102.85
2026032808,112.56
2026032808,121.55
2026032808,109.61
2026032808,94.07
2026032809,87.1
2026032809,87.76
2026032809,95.14
2026032809,96.22
2026032810,68.4
2026032810,82.3
2026032810,112.41
2026032810,127.4
2026032811,161.93
2026032811,101.7
2026032811,161.01
2026032811,156.44
2026032812,142.0
2026032812,112.4
2026032812,81.76
2026032812,82.9
2026032813,73.0
2026032813,73.45
2026032813,86.07
2026032813,88.68
2026032814,99.34
2026032814,87.3
2026032814,74.29
2026032814,55.54
2026032815,92.86
2026032815,83.69
2026032815,28.13
2026032815,41.82
2026032816,57.97
2026032816,47.67
2026032816,34.61
2026032816,19.45
2026032817,15.83
2026032817,7.97
2026032817,3.99
2026032817,0.79
2026032818,0.0
2026032818,-0.0001
2026032818,-0.0001
2026032818,-0.0001
2026032819,-0.0001
2026032819,-0.0001
2026032819,-0.0001
2026032819,-0.0001
2026032820,-0.0001
2026032820,-0.0001
2026032820,-0.0001
2026032820,-0.0001
2026032821,-0.0001
2026032821,-0.0001
2026032821,-0.0001
2026032821,-0.0001
2026032822,-0.0001
2026032822,-0.0001
2026032822,-0.0001
2026032822,-0.0001
2026032823,-0.0001
2026032823,-0.0001
2026032823,-0.0001
2026032823,-0.0001
2026032900,0.0
2026032900,-0.0001
2026032900,-0.0001
2026032900,-0.0001
2026032901,-0.0001
2026032901,-0.0001
2026032901,-0.0001
2026032901,-0.0001
2026032902,-0.0001
2026032902,-0.0001
2026032902,-0.0001
2026032902,-0.0001
2026032903,-0.0001
2026032903,-0.0001
2026032903,-0.0001
2026032903,-0.0001
2026032904,0.04
2026032904,-0.0001
2026032904,-0.0001
2026032904,-0.0001
2026032905,1.29
2026032905,4.41
2026032905,7.91
2026032905,13.31
2026032906,20.82
2026032906,30.73
2026032906,41.65
2026032906,53.98
2026032907,66.89
2026032907,81.45
2026032907,82.95
2026032907,56.15
2026032908,56.85
2026032908,62.85
2026032908,62.08
2026032908,64.82
2026032909,36.22
2026032909,34.49
2026032909,46.72
2026032909,42.41
2026032910,78.95
2026032910,40.28
2026032910,118.7
2026032910,81.11
2026032911,46.64
2026032911,131.17
2026032911,92.65
2026032911,57.29
2026032912,88.87
2026032912,134.85
2026032912,97.78
2026032912,49.63
2026032913,35.14
2026032913,30.31
2026032913,47.34
2026032913,42.0
2026032914,18.86
2026032914,40.48
2026032914,29.34
2026032914,27.91
2026032915,17.86
2026032915,22.26
2026032915,10.52
2026032915,11.66
2026032916,12.41
2026032916,8.24
2026032916,7.33
2026032916,6.19
2026032917,4.77
2026032917,4.23
2026032917,4.32
2026032917,0.15
2026032918,0.0
2026032918,-0.0001
2026032918,-0.0001
2026032918,-0.0001
2026032919,-0.0001
2026032919,-0.0001
2026032919,-0.0001
2026032919,-0.0001
2026032920,-0.0001
2026032920,-0.0001
2026032920,-0.0001
2026032920,-0.0001
2026032921,-0.0001
2026032921,-0.0001
2026032921,-0.0001
2026032921,-0.0001
2026032922,-0.0001
2026032922,-0.0001
2026032922,-0.0001
2026032922,-0.0001
2026032923,-0.0001
2026032923,-0.0001
2026032923,-0.0001
2026032923,-0.0001
2026033000,0.0
2026033000,-0.0001
2026033000,-0.0001
2026033000,-0.0001
2026033001,-0.0001
2026033001,-0.0001
2026033001,-0.0001
2026033001,-0.0001
2026033002,-0.0001
2026033002,-0.0001
2026033002,-0.0001
2026033002,-0.0001
2026033003,-0.0001
2026033003,-0.0001
2026033003,-0.0001
2026033003,-0.0001
2026033004,0.01
2026033004,-0.0001
2026033004,-0.0001
2026033004,-0.0001
2026033005,1.53
2026033005,4.28
2026033005,8.78
2026033005,17.61
2026033006,26.0
2026033006,14.76
2026033006,21.65
2026033006,35.87
2026033007,69.93
2026033007,84.42
2026033007,82.67
2026033007,86.02
2026033008,61.05
2026033008,62.71
2026033008,108.05
2026033008,97.95
2026033009,82.04
2026033009,105.19
2026033009,122.94
2026033009,48.45
2026033010,46.86
2026033010,118.92
2026033010,148.97
2026033010,111.59
2026033011,139.75
2026033011,189.52
2026033011,131.57
2026033011,189.21
2026033012,156.34
2026033012,142.92
2026033012,82.62
2026033012,51.3
2026033013,40.28
2026033013,61.65
2026033013,86.22
2026033013,119.15
2026033014,86.62
2026033014,81.21
2026033014,113.05
2026033014,96.06
2026033015,81.61
2026033015,67.83
2026033015,30.16
2026033015,31.62
2026033016,29.59
2026033016,23.5
2026033016,11.31
2026033016,23.01
2026033017,19.97
2026033017,6.1
2026033017,3.21
2026033017,0.81
2026033018,0.0
2026033018,-0.0001
2026033018,-0.0001
2026033018,-0.0001
2026033019,-0.0001
2026033019,-0.0001
2026033019,-0.0001
2026033019,-0.0001
2026033020,-0.0001
2026033020,-0.0001
2026033020,-0.0001
2026033020,-0.0001
2026033021,-0.0001
2026033021,-0.0001
2026033021,-0.0001
2026033021,-0.0001
2026033022,-0.0001
2026033022,-0.0001
2026033022,-0.0001
2026033022,-0.0001
2026033023,-0.0001
2026033023,-0.0001
2026033023,-0.0001
2026033023,-0.0001
2026033100,0.0
2026033100,-0.0001
2026033100,-0.0001
2026033100,-0.0001
2026033101,-0.0001
2026033101,-0.0001
2026033101,-0.0001
2026033101,-0.0001
2026033102,-0.0001
2026033102,-0.0001
2026033102,-0.0001
2026033102,-0.0001
2026033103,-0.0001
2026033103,-0.0001
2026033103,-0.0001
2026033103,-0.0001
2026033104,-0.0001
2026033104,-0.0001
2026033104,-0.0001
2026033104,-0.0001
2026033105,0.05
2026033105,0.2
2026033105,2.93
2026033105,15.92
2026033106,22.01
2026033106,32.53
2026033106,44.47
2026033106,51.16
2026033107,50.07
2026033107,52.51
2026033107,62.08
2026033107,44.6
2026033108,74.56
2026033108,57.5
2026033108,86.08
2026033108,62.55
2026033109,43.9
2026033109,53.99
2026033109,62.47
2026033109,75.01
2026033110,118.6
2026033110,106.43
2026033110,134.94
2026033110,87.81
2026033111,82.64
2026033111,106.46
2026033111,156.5
2026033111,185.65
2026033112,167.63
2026033112,151.32
2026033112,130.72
2026033112,183.53
2026033113,174.72
2026033113,166.76
2026033113,150.73
2026033113,151.93
2026033114,144.83
2026033114,132.83
2026033114,115.68
2026033114,114.69
2026033115,104.75
2026033115,85.44
2026033115,80.63
2026033115,67.98
2026033116,54.4
2026033116,41.52
2026033116,29.51
2026033116,19.33
2026033117,10.4
2026033117,6.54
2026033117,3.65
2026033117,1.39
2026033118,0.08
2026033118,0.0
2026033118,-0.0001
2026033118,-0.0001
2026033119,-0.0001
2026033119,-0.0001
2026033119,-0.0001
2026033119,-0.0001
2026033120,-0.0001
2026033120,-0.0001
2026033120,-0.0001
2026033120,-0.0001
2026033121,-0.0001
2026033121,-0.0001
2026033121,-0.0001
2026033121,-0.0001
2026033122,-0.0001
2026033122,-0.0001
2026033122,-0.0001
2026033122,-0.0001
2026033123,-0.0001
2026033123,-0.0001
2026033123,-0.0001
2026033123,-0.0001
2026040100,0.0
2026040100,-0.0001
2026040100,-0.0001
2026040100,-0.0001
2026040101,-0.0001
2026040101,-0.0001
2026040101,-0.0001
2026040101,-0.0001
2026040102,-0.0001
2026040102,-0.0001
2026040102,-0.0001
2026040102,-0.0001
2026040103,-0.0001
2026040103,-0.0001
2026040103,-0.0001
2026040103,-0.0001
2026040104,0.06
2026040104,-0.0001
2026040104,-0.0001
2026040104,-0.0001
2026040105,1.03
2026040105,3.41
2026040105,6.07
2026040105,8.75
2026040106,12.19
2026040106,16.57
2026040106,21.54
2026040106,26.92
2026040107,33.5
2026040107,38.15
2026040107,44.45
2026040107,56.62
2026040108,60.45
2026040108,67.29
2026040108,76.78
2026040108,108.72
2026040109,147.37
2026040109,164.02
2026040109,180.92
2026040109,178.13
2026040110,135.06
2026040110,125.82
2026040110,128.83
2026040110,124.05
2026040111,118.85
2026040111,99.92
2026040111,100.74
2026040111,96.2
2026040112,94.36
2026040112,88.22
2026040112,87.71
2026040112,82.32
2026040113,77.67
2026040113,70.53
2026040113,70.1
2026040113,64.42
2026040114,62.11
2026040114,60.29
2026040114,57.08
2026040114,53.31
2026040115,46.48
2026040115,39.03
2026040115,30.03
2026040115,24.56
2026040116,19.76
2026040116,15.08
2026040116,11.85
2026040116,9.84
2026040117,7.76
2026040117,5.65
2026040117,3.46
2026040117,1.26
2026040118,0.11
2026040118,0.0
2026040118,-0.0001
2026040118,-0.0001
2026040119,-0.0001
2026040119,-0.0001
2026040119,-0.0001
2026040119,-0.0001
2026040120,-0.0001
2026040120,-0.0001
2026040120,-0.0001
2026040120,-0.0001
2026040121,-0.0001
2026040121,-0.0001
2026040121,-0.0001
2026040121,-0.0001
2026040122,-0.0001
2026040122,-0.0001
2026040122,-0.0001
2026040122,-0.0001
2026040123,-0.0001
2026040123,-0.0001
2026040123,-0.0001
2026040123,-0.0001
2026040200,0.0
2026040200,-0.0001
2026040200,-0.0001
2026040200,-0.0001
2026040201,-0.0001
2026040201,-0.0001
2026040201,-0.0001
2026040201,-0.0001
2026040202,-0.0001
2026040202,-0.0001
2026040202,-0.0001
2026040202,-0.0001
2026040203,-0.0001
2026040203,-0.0001
2026040203,-0.0001
2026040203,-0.0001
2026040204,-0.0001
2026040204,-0.0001
2026040204,-0.0001
2026040204,-0.0001
2026040205,0.78
2026040205,2.42
2026040205,2.26
2026040205,2.53
2026040206,4.11
2026040206,4.75
2026040206,7.38
2026040206,8.17
2026040207,7.08
2026040207,8.16
2026040207,13.75
2026040207,21.03
2026040208,25.86
2026040208,30.82
2026040208,39.53
2026040208,28.75
2026040209,27.58
2026040209,31.43
2026040209,29.58
2026040209,34.76
2026040210,48.21
2026040210,56.0
2026040210,34.26
2026040210,37.66
2026040211,43.69
2026040211,41.89
2026040211,19.89
2026040211,12.67
2026040212,14.46
2026040212,18.71
2026040212,27.68
2026040212,25.67
2026040213,31.22
2026040213,18.37
2026040213,31.21
2026040213,42.03
2026040214,39.71
2026040214,38.23
2026040214,57.63
2026040214,46.04
2026040215,95.03
2026040215,77.36
2026040215,75.57
2026040215,67.23
2026040216,60.17
2026040216,42.5
2026040216,20.85
2026040216,25.36
2026040217,13.6
2026040217,7.91
2026040217,4.05
2026040217,1.37
2026040218,0.08
2026040218,0.0
2026040218,-0.0001
2026040218,-0.0001
2026040219,-0.0001
2026040219,-0.0001
2026040219,-0.0001
2026040219,-0.0001
2026040220,-0.0001
2026040220,-0.0001
2026040220,-0.0001
2026040220,-0.0001
2026040221,-0.0001
2026040221,-0.0001
2026040221,-0.0001
2026040221,-0.0001
2026040222,-0.0001
2026040222,-0.0001
2026040222,-0.0001
2026040222,-0.0001
2026040223,-0.0001
2026040223,-0.0001
2026040223,-0.0001
2026040223,-0.0001
2026040300,0.0
2026040300,-0.0001
2026040300,-0.0001
2026040300,-0.0001
2026040301,-0.0001
2026040301,-0.0001
2026040301,-0.0001
2026040301,-0.0001
2026040302,-0.0001
2026040302,-0.0001
2026040302,-0.0001
2026040302,-0.0001
2026040303,-0.0001
2026040303,-0.0001
2026040303,-0.0001
2026040303,-0.0001
2026040304,0.02
2026040304,-0.0001
2026040304,-0.0001
2026040304,-0.0001
2026040305,1.02
2026040305,2.55
2026040305,4.92
2026040305,8.17
2026040306,10.61
2026040306,14.6
2026040306,17.18
2026040306,22.01
2026040307,30.56
2026040307,37.28
2026040307,34.03
2026040307,41.14
2026040308,74.91
2026040308,46.31
2026040308,71.3
2026040308,61.11
2026040309,59.16
2026040309,69.95
2026040309,146.63
2026040309,109.79
2026040310,82.78
2026040310,116.3
2026040310,111.52
2026040310,115.4
2026040311,161.87
2026040311,158.04
2026040311,183.24
2026040311,180.8
2026040312,147.08
2026040312,144.12
2026040312,90.13
2026040312,56.07
2026040313,52.8
2026040313,56.22
2026040313,58.29
2026040313,79.7
2026040314,70.93
2026040314,72.04
2026040314,59.27
2026040314,62.04
2026040315,40.81
2026040315,44.76
2026040315,26.02
2026040315,17.97
2026040316,15.35
2026040316,13.39
2026040316,10.4
2026040316,8.93
2026040317,4.82
2026040317,2.43
2026040317,0.97
2026040317,0.0
2026040318,-0.0001
2026040318,-0.0001
2026040318,-0.0001
2026040318,-0.0001
2026040319,-0.0001
2026040319,-0.0001
2026040319,-0.0001
2026040319,-0.0001
2026040320,-0.0001
2026040320,-0.0001
2026040320,-0.0001
2026040320,-0.0001
2026040321,-0.0001
2026040321,-0.0001
2026040321,-0.0001
2026040321,-0.0001
2026040322,-0.0001
2026040322,-0.0001
2026040322,-0.0001
2026040322,-0.0001
2026040323,-0.0001
2026040323,-0.0001
2026040323,-0.0001
2026040323,-0.0001
2026040400,0.0
2026040400,-0.0001
2026040400,-0.0001
2026040400,-0.0001
2026040401,-0.0001
2026040401,-0.0001
2026040401,-0.0001
2026040401,-0.0001
2026040402,-0.0001
2026040402,-0.0001
2026040402,-0.0001
2026040402,-0.0001
2026040403,-0.0001
2026040403,-0.0001
2026040403,-0.0001
2026040403,-0.0001
2026040404,0.19
2026040404,-0.0001
2026040404,-0.0001
2026040404,-0.0001
2026040405,3.12
2026040405,4.53
2026040405,7.33
2026040405,11.14
2026040406,27.57
2026040406,38.69
2026040406,46.8
2026040406,58.05
2026040407,54.96
2026040407,40.83
2026040407,72.57
2026040407,92.97
2026040408,112.13
2026040408,104.38
2026040408,106.05
2026040408,88.42
2026040409,143.57
2026040409,135.73
2026040409,141.33
2026040409,128.36
2026040410,129.52
2026040410,131.3
2026040410,165.16
2026040410,173.79
2026040411,157.43
2026040411,159.7
2026040411,188.21
2026040411,96.2
2026040412,76.74
2026040412,131.6
2026040412,154.94
2026040412,93.77
2026040413,63.66
2026040413,111.51
2026040413,179.99
2026040413,75.3
2026040414,114.17
2026040414,153.63
2026040414,146.91
2026040414,125.76
2026040415,46.04
2026040415,58.92
2026040415,89.19
2026040415,71.13
2026040416,55.47
2026040416,44.19
2026040416,31.24
2026040416,21.92
2026040417,13.73
2026040417,8.17
2026040417,4.65
2026040417,2.06
2026040418,0.28
2026040418,0.0
2026040418,-0.0001
2026040418,-0.0001
2026040419,-0.0001
2026040419,-0.0001
2026040419,-0.0001
2026040419,-0.0001
2026040420,-0.0001
2026040420,-0.0001
2026040420,-0.0001
2026040420,-0.0001
2026040421,-0.0001
2026040421,-0.0001
2026040421,-0.0001
2026040421,-0.0001
2026040422,-0.0001
2026040422,-0.0001
2026040422,-0.0001
2026040422,-0.0001
2026040423,-0.0001
2026040423,-0.0001
2026040423,-0.0001
2026040423,-0.0001
2026040500,0.0
2026040500,-0.0001
2026040500,-0.0001
2026040500,-0.0001
2026040501,-0.0001
2026040501,-0.0001
2026040501,-0.0001
2026040501,-0.0001
2026040502,-0.0001
2026040502,-0.0001
2026040502,-0.0001
2026040502,-0.0001
2026040503,-0.0001
2026040503,-0.0001
2026040503,-0.0001
2026040503,-0.0001
2026040504,-0.0001
2026040504,-0.0001
2026040504,-0.0001
2026040504,-0.0001
2026040505,0.06
2026040505,0.0
2026040505,0.71
2026040505,-0.0001
2026040506,9.57
2026040506,15.18
2026040506,10.27
2026040506,5.63
2026040507,4.86
2026040507,7.03
2026040507,8.92
2026040507,11.0
2026040508,18.37
2026040508,13.16
2026040508,14.25
2026040508,20.48
2026040509,22.86
2026040509,24.07
2026040509,23.78
2026040509,26.85
2026040510,29.47
2026040510,28.45
2026040510,31.47
2026040510,32.44
2026040511,31.45
2026040511,32.87
2026040511,30.04
2026040511,31.41
2026040512,32.78
2026040512,32.59
2026040512,32.18
2026040512,31.39
2026040513,29.99
2026040513,29.54
2026040513,27.3
2026040513,24.85
2026040514,20.78
2026040514,16.84
2026040514,17.08
2026040514,15.77
2026040515,14.69
2026040515,10.62
2026040515,12.12
2026040515,8.61
2026040516,5.99
2026040516,3.06
2026040516,13.46
2026040516,11.26
2026040517,11.76
2026040517,7.22
2026040517,4.92
2026040517,3.04
2026040518,0.57
2026040518,0.0
2026040518,-0.0001
2026040518,-0.0001
2026040519,-0.0001
2026040519,-0.0001
2026040519,-0.0001
2026040519,-0.0001
2026040520,-0.0001
2026040520,-0.0001
2026040520,-0.0001
2026040520,-0.0001
2026040521,-0.0001
2026040521,-0.0001
2026040521,-0.0001
2026040521,-0.0001
2026040522,-0.0001
2026040522,-0.0001
2026040522,-0.0001
2026040522,-0.0001
2026040523,-0.0001
2026040523,-0.0001
2026040523,-0.0001
2026040523,-0.0001
2026040600,0.0
2026040600,-0.0001
2026040600,-0.0001
2026040600,-0.0001
2026040601,-0.0001
2026040601,-0.0001
2026040601,-0.0001
2026040601,-0.0001
2026040602,-0.0001
2026040602,-0.0001
2026040602,-0.0001
2026040602,-0.0001
2026040603,-0.0001
2026040603,-0.0001
2026040603,-0.0001
2026040603,-0.0001
2026040604,0.35
2026040604,2.35
2026040604,-0.0001
2026040604,-0.0001
2026040605,5.48
2026040605,11.72
2026040605,14.45
2026040605,23.53
2026040606,8.24
2026040606,6.52
2026040606,8.16
2026040606,9.07
2026040607,7.92
2026040607,3.91
2026040607,5.14
2026040607,6.76
2026040608,6.95
2026040608,8.75
2026040608,10.12
2026040608,12.06
2026040609,16.81
2026040609,17.08
2026040609,23.82
2026040609,26.74
2026040610,22.04
2026040610,18.47
2026040610,22.58
2026040610,25.63
2026040611,24.7
2026040611,24.49
2026040611,23.58
2026040611,25.78
2026040612,20.17
2026040612,16.17
2026040612,14.62
2026040612,23.65
2026040613,18.78
2026040613,19.83
2026040613,11.99
2026040613,15.84
2026040614,9.59
2026040614,20.09
2026040614,12.68
2026040614,15.74
2026040615,13.21
2026040615,8.9
2026040615,49.71
2026040615,48.46
2026040616,55.58
2026040616,46.12
2026040616,38.04
2026040616,23.42
2026040617,16.91
2026040617,10.53
2026040617,6.06
2026040617,2.93
2026040618,0.82
2026040618,0.0
2026040618,-0.0001
2026040618,-0.0001
2026040619,-0.0001
2026040619,-0.0001
2026040619,-0.0001
2026040619,-0.0001
2026040620,-0.0001
2026040620,-0.0001
2026040620,-0.0001
2026040620,-0.0001
2026040621,-0.0001
2026040621,-0.0001
2026040621,-0.0001
2026040621,-0.0001
2026040622,-0.0001
2026040622,-0.0001
2026040622,-0.0001
2026040622,-0.0001
2026040623,-0.0001
2026040623,-0.0001
2026040623,-0.0001
2026040623,-0.0001
2026040700,0.0
2026040700,-0.0001
2026040700,-0.0001
2026040700,-0.0001
2026040701,-0.0001
2026040701,-0.0001
2026040701,-0.0001
2026040701,-0.0001
2026040702,-0.0001
2026040702,-0.0001
2026040702,-0.0001
2026040702,-0.0001
2026040703,-0.0001
2026040703,-0.0001
2026040703,-0.0001
2026040703,-0.0001
2026040704,0.42
2026040704,2.52
2026040704,-0.0001
2026040704,-0.0001
2026040705,5.06
2026040705,8.3
2026040705,14.07
2026040705,22.53
2026040706,33.31
2026040706,45.74
2026040706,59.01
2026040706,72.51
2026040707,85.74
2026040707,98.94
2026040707,110.6
2026040707,84.87
2026040708,45.85
2026040708,61.57
2026040708,124.53
2026040708,8.12
2026040709,157.66
2026040709,176.77
2026040709,182.82
2026040709,188.18
2026040710,192.65
2026040710,196.2
2026040710,198.66
2026040710,199.89
2026040711,200.1
2026040711,198.76
2026040711,199.76
2026040711,198.76
2026040712,198.33
2026040712,195.02
2026040712,191.44
2026040712,187.22
2026040713,181.05
2026040713,174.4
2026040713,168.23
2026040713,161.16
2026040714,152.66
2026040714,143.26
2026040714,133.33
2026040714,122.92
2026040715,111.94
2026040715,99.99
2026040715,87.12
2026040715,74.11
2026040716,61.06
2026040716,48.11
2026040716,35.83
2026040716,24.76
2026040717,15.79
2026040717,9.53
2026040717,6.01
2026040717,3.76
2026040718,1.46
2026040718,0.1
2026040718,0.0
2026040718,-0.0001
2026040719,-0.0001
2026040719,-0.0001
2026040719,-0.0001
2026040719,-0.0001
2026040720,-0.0001
2026040720,-0.0001
2026040720,-0.0001
2026040720,-0.0001
2026040721,-0.0001
2026040721,-0.0001
2026040721,-0.0001
2026040721,-0.0001
2026040722,-0.0001
2026040722,-0.0001
2026040722,-0.0001
2026040722,-0.0001
2026040723,-0.0001
2026040723,-0.0001
2026040723,-0.0001
2026040723,-0.0001
2026040800,0.0
2026040800,-0.0001
2026040800,-0.0001
2026040800,-0.0001
2026040801,-0.0001
2026040801,-0.0001
2026040801,-0.0001
2026040801,-0.0001
2026040802,-0.0001
2026040802,-0.0001
2026040802,-0.0001
2026040802,-0.0001
2026040803,-0.0001
2026040803,-0.0001
2026040803,-0.0001
2026040803,-0.0001
2026040804,1.12
2026040804,3.56
2026040804,-0.0001
2026040804,-0.0001
2026040805,6.22
2026040805,11.64
2026040805,19.92
2026040805,27.49
2026040806,35.13
2026040806,47.27
2026040806,60.59
2026040806,72.94
2026040807,84.24
2026040807,96.93
2026040807,109.17
2026040807,121.33
2026040808,133.95
2026040808,144.32
2026040808,153.75
2026040808,161.98
2026040809,167.99
2026040809,177.36
2026040809,181.92
2026040809,172.83
2026040810,191.92
2026040810,197.01
2026040810,197.96
2026040810,189.74
2026040811,114.95
2026040811,176.15
2026040811,189.59
2026040811,197.43
2026040812,193.49
2026040812,185.91
2026040812,184.19
2026040812,188.55
2026040813,178.46
2026040813,163.82
2026040813,130.3
2026040813,133.6
2026040814,126.99
2026040814,140.95
2026040814,129.75
2026040814,109.85
2026040815,67.8
2026040815,66.17
2026040815,79.66
2026040815,57.59
2026040816,47.34
2026040816,32.28
2026040816,28.07
2026040816,22.19
2026040817,15.24
2026040817,10.27
2026040817,6.78
2026040817,4.23
2026040818,1.22
2026040818,0.0
2026040818,-0.0001
2026040818,-0.0001
2026040819,-0.0001
2026040819,-0.0001
2026040819,-0.0001
2026040819,-0.0001
2026040820,-0.0001
2026040820,-0.0001
2026040820,-0.0001
2026040820,-0.0001
2026040821,-0.0001
2026040821,-0.0001
2026040821,-0.0001
2026040821,-0.0001
2026040822,-0.0001
2026040822,-0.0001
2026040822,-0.0001
2026040822,-0.0001
2026040823,-0.0001
2026040823,-0.0001
2026040823,-0.0001
2026040823,-0.0001
2026040900,0.0
2026040900,-0.0001
2026040900,-0.0001
2026040900,-0.0001
2026040901,-0.0001
2026040901,-0.0001
2026040901,-0.0001
2026040901,-0.0001
2026040902,-0.0001
2026040902,-0.0001
2026040902,-0.0001
2026040902,-0.0001
2026040903,-0.0001
2026040903,-0.0001
2026040903,-0.0001
2026040903,-0.0001
2026040904,0.03
2026040904,1.45
2026040904,3.63
2026040904,-0.0001
2026040905,5.78
2026040905,7.75
2026040905,9.68
2026040905,15.48
2026040906,13.93
2026040906,32.47
2026040906,62.08
2026040906,78.26
2026040907,90.01
2026040907,101.71
2026040907,113.08
2026040907,123.61
2026040908,126.86
2026040908,130.39
2026040908,131.72
2026040908,133.1
2026040909,123.03
2026040909,129.91
2026040909,181.47
2026040909,147.5
2026040910,166.73
2026040910,187.75
2026040910,194.19
2026040910,199.84
2026040911,184.01
2026040911,173.99
2026040911,100.66
2026040911,138.82
2026040912,125.7
2026040912,114.51
2026040912,121.76
2026040912,191.55
2026040913,186.57
2026040913,180.2
2026040913,172.68
2026040913,164.47
2026040914,155.73
2026040914,145.4
2026040914,132.6
2026040914,120.77
2026040915,105.98
2026040915,98.51
2026040915,79.3
2026040915,28.17
2026040916,17.27
2026040916,17.39
2026040916,24.6
2026040916,27.1
2026040917,24.65
2026040917,16.74
2026040917,8.93
2026040917,5.04
2026040918,1.25
2026040918,0.0
2026040918,-0.0001
2026040918,-0.0001
2026040919,-0.0001
2026040919,-0.0001
2026040919,-0.0001
2026040919,-0.0001
2026040920,-0.0001
2026040920,-0.0001
2026040920,-0.0001
2026040920,-0.0001
2026040921,-0.0001
2026040921,-0.0001
2026040921,-0.0001
2026040921,-0.0001
2026040922,-0.0001
2026040922,-0.0001
2026040922,-0.0001
2026040922,-0.0001
2026040923,-0.0001
2026040923,-0.0001
2026040923,-0.0001
2026040923,-0.0001
2026041000,0.0
2026041000,-0.0001
2026041000,-0.0001
2026041000,-0.0001
2026041001,-0.0001
2026041001,-0.0001
2026041001,-0.0001
2026041001,-0.0001
2026041002,-0.0001
2026041002,-0.0001
2026041002,-0.0001
2026041002,-0.0001
2026041003,-0.0001
2026041003,-0.0001
2026041003,-0.0001
2026041003,-0.0001
2026041004,-0.0001
2026041004,-0.0001
2026041004,-0.0001
2026041004,-0.0001
2026041005,0.05
2026041005,0.98
2026041005,0.79
2026041005,-0.0001
2026041006,0.99
2026041006,1.65
2026041006,1.54
2026041006,5.28
2026041007,19.2
2026041007,24.84
2026041007,34.81
2026041007,51.28
2026041008,35.02
2026041008,8.48
2026041008,77.38
2026041008,13.38
2026041009,34.45
2026041009,21.04
2026041009,60.93
2026041009,101.42
2026041010,64.35
2026041010,145.42
2026041010,136.29
2026041010,51.53
2026041011,115.05
2026041011,110.59
2026041011,174.37
2026041011,108.44
2026041012,134.03
2026041012,74.27
2026041012,61.74
2026041012,67.14
2026041013,114.92
2026041013,119.11
2026041013,94.88
2026041013,112.83
2026041014,53.66
2026041014,40.83
2026041014,79.8
2026041014,77.02
2026041015,32.11
2026041015,94.78
2026041015,49.05
2026041015,28.06
2026041016,25.36
2026041016,19.34
2026041016,16.28
2026041016,21.24
2026041017,18.87
2026041017,10.71
2026041017,5.12
2026041017,3.64
2026041018,2.08
2026041018,0.35
2026041018,0.0
2026041018,-0.0001
2026041019,-0.0001
2026041019,-0.0001
2026041019,-0.0001
2026041019,-0.0001
2026041020,-0.0001
2026041020,-0.0001
2026041020,-0.0001
2026041020,-0.0001
2026041021,-0.0001
2026041021,-0.0001
2026041021,-0.0001
2026041021,-0.0001
2026041022,-0.0001
2026041022,-0.0001
2026041022,-0.0001
2026041022,-0.0001
2026041023,-0.0001
2026041023,-0.0001
2026041023,-0.0001
2026041023,-0.0001
2026041100,0.0
2026041100,-0.0001
2026041100,-0.0001
2026041100,-0.0001
2026041101,-0.0001
2026041101,-0.0001
2026041101,-0.0001
2026041101,-0.0001
2026041102,-0.0001
2026041102,-0.0001
2026041102,-0.0001
2026041102,-0.0001
2026041103,-0.0001
2026041103,-0.0001
2026041103,-0.0001
2026041103,-0.0001
2026041104,1.15
2026041104,4.23
2026041104,-0.0001
2026041104,-0.0001
2026041105,6.69
2026041105,11.38
2026041105,17.62
2026041105,26.09
2026041106,38.53
2026041106,52.16
2026041106,65.55
2026041106,78.79
2026041107,91.4
2026041107,104.33
2026041107,116.94
2026041107,128.64
2026041108,136.21
2026041108,137.79
2026041108,156.32
2026041108,162.57
2026041109,168.41
2026041109,167.6
2026041109,33.94
2026041109,0.0
2026041110,-0.0001
2026041110,-0.0001
2026041110,-0.0001
2026041110,-0.0001
2026041111,0.01
2026041111,0.0
2026041111,0.01
2026041111,0.0
2026041112,-0.0001
2026041112,-0.0001
2026041112,-0.0001
2026041112,-0.0001
2026041113,-0.0001
2026041113,-0.0001
2026041113,-0.0001
2026041113,-0.0001
2026041114,6.24
2026041114,-0.0001
2026041114,-0.0001
2026041114,-0.0001
2026041115,99.35
2026041115,60.49
2026041115,73.55
2026041115,62.34
2026041116,38.32
2026041116,36.62
2026041116,32.42
2026041116,25.61
2026041117,20.82
2026041117,13.55
2026041117,8.98
2026041117,5.81
2026041118,2.33
2026041118,0.09
2026041118,0.0
2026041118,-0.0001
2026041119,-0.0001
2026041119,-0.0001
2026041119,-0.0001
2026041119,-0.0001
2026041120,-0.0001
2026041120,-0.0001
2026041120,-0.0001
2026041120,-0.0001
2026041121,-0.0001
2026041121,-0.0001
2026041121,-0.0001
2026041121,-0.0001
2026041122,-0.0001
2026041122,-0.0001
2026041122,-0.0001
2026041122,-0.0001
2026041123,-0.0001
2026041123,-0.0001
2026041123,-0.0001
2026041123,-0.0001
2026041200,0.0
2026041200,-0.0001
2026041200,-0.0001
2026041200,-0.0001
2026041201,-0.0001
2026041201,-0.0001
2026041201,-0.0001
2026041201,-0.0001
2026041202,-0.0001
2026041202,-0.0001
2026041202,-0.0001
2026041202,-0.0001
2026041203,-0.0001
2026041203,-0.0001
2026041203,-0.0001
2026041203,-0.0001
2026041204,0.42
2026041204,-0.0001
2026041204,-0.0001
2026041204,-0.0001
2026041205,2.32
2026041205,3.87
2026041205,4.99
2026041205,8.64
2026041206,16.48
2026041206,26.98
2026041206,32.22
2026041206,40.55
2026041207,48.17
2026041207,84.17
2026041207,105.65
2026041207,98.77
2026041208,131.97
2026041208,148.46
2026041208,157.61
2026041208,165.7
2026041209,173.22
2026041209,179.82
2026041209,185.28
2026041209,190.01
2026041210,193.11
2026041210,175.73
2026041210,174.01
2026041210,102.16
2026041211,107.72
2026041211,151.42
2026041211,109.49
2026041211,78.97
2026041212,93.67
2026041212,61.2
2026041212,76.28
2026041212,87.3
2026041213,95.12
2026041213,145.79
2026041213,159.4
2026041213,145.95
2026041214,136.49
2026041214,139.37
2026041214,94.67
2026041214,119.31
2026041215,59.46
2026041215,75.98
2026041215,66.92
2026041215,39.48
2026041216,31.65
2026041216,37.8
2026041216,43.59
2026041216,35.89
2026041217,28.2
2026041217,20.27
2026041217,13.28
2026041217,8.95
2026041218,4.62
2026041218,1.2
2026041218,0.06
2026041218,0.0
2026041219,-0.0001
2026041219,-0.0001
2026041219,-0.0001
2026041219,-0.0001
2026041220,-0.0001
2026041220,-0.0001
2026041220,-0.0001
2026041220,-0.0001
2026041221,-0.0001
2026041221,-0.0001
2026041221,-0.0001
2026041221,-0.0001
2026041222,-0.0001
2026041222,-0.0001
2026041222,-0.0001
2026041222,-0.0001
2026041223,-0.0001
2026041223,-0.0001
2026041223,-0.0001
2026041223,-0.0001
2026041300,0.0
2026041300,-0.0001
2026041300,-0.0001
2026041300,-0.0001
2026041301,-0.0001
2026041301,-0.0001
2026041301,-0.0001
2026041301,-0.0001
2026041302,-0.0001
2026041302,-0.0001
2026041302,-0.0001
2026041302,-0.0001
2026041303,-0.0001
2026041303,-0.0001
2026041303,-0.0001
2026041303,-0.0001
2026041304,1.32
2026041304,4.17
2026041304,-0.0001
2026041304,-0.0001
2026041305,6.93
2026041305,9.62
2026041305,12.42
2026041305,16.68
2026041306,21.08
2026041306,24.73
2026041306,25.24
2026041306,26.44
2026041307,29.54
2026041307,32.67
2026041307,37.84
2026041307,58.62
2026041308,85.92
2026041308,67.49
2026041308,66.94
2026041308,51.8
2026041309,51.29
2026041309,51.39
2026041309,39.11
2026041309,31.47
2026041310,33.34
2026041310,27.6
2026041310,22.47
2026041310,25.12
2026041311,26.26
2026041311,27.34
2026041311,26.17
2026041311,24.43
2026041312,23.23
2026041312,24.01
2026041312,15.78
2026041312,17.85
2026041313,13.16
2026041313,16.58
2026041313,24.03
2026041313,28.91
2026041314,31.23
2026041314,26.86
2026041314,26.1
2026041314,24.85
2026041315,14.62
2026041315,8.9
2026041315,5.85
2026041315,4.0
2026041316,5.15
2026041316,6.25
2026041316,4.89
2026041316,2.68
2026041317,4.52
2026041317,3.39
2026041317,1.01
2026041317,0.16
2026041318,0.0
2026041318,-0.0001
2026041318,-0.0001
2026041318,-0.0001
2026041319,-0.0001
2026041319,-0.0001
2026041319,-0.0001
2026041319,-0.0001
2026041320,-0.0001
2026041320,-0.0001
2026041320,-0.0001
2026041320,-0.0001
2026041321,-0.0001
2026041321,-0.0001
2026041321,-0.0001
2026041321,-0.0001
2026041322,-0.0001
2026041322,-0.0001
2026041322,-0.0001
2026041322,-0.0001
2026041323,-0.0001
2026041323,-0.0001
2026041323,-0.0001
2026041323,-0.0001
2026041400,0.0
2026041400,-0.0001
2026041400,-0.0001
2026041400,-0.0001
2026041401,-0.0001
2026041401,-0.0001
2026041401,-0.0001
2026041401,-0.0001
2026041402,-0.0001
2026041402,-0.0001
2026041402,-0.0001
2026041402,-0.0001
2026041403,-0.0001
2026041403,-0.0001
2026041403,-0.0001
2026041403,-0.0001
2026041404,-0.0001
2026041404,-0.0001
2026041404,-0.0001
2026041404,-0.0001
2026041405,0.67
2026041405,2.91
2026041405,5.28
2026041405,-0.0001
2026041406,6.26
2026041406,5.9
2026041406,6.03
2026041406,5.46
2026041407,7.74
2026041407,11.09
2026041407,11.13
2026041407,13.31
2026041408,16.79
2026041408,15.37
2026041408,15.81
2026041408,15.97
2026041409,19.91
2026041409,27.87
2026041409,20.57
2026041409,19.76
2026041410,29.17
2026041410,41.87
2026041410,57.19
2026041410,34.63
2026041411,34.17
2026041411,41.8
2026041411,68.56
2026041411,82.27
2026041412,51.27
2026041412,106.23
2026041412,81.65
2026041412,38.55
2026041413,119.98
2026041413,101.43
2026041413,79.0
2026041413,86.44
2026041414,118.64
2026041414,143.59
2026041414,89.81
2026041414,75.69
2026041415,112.57
2026041415,53.88
2026041415,53.37
2026041415,60.11
2026041416,39.5
2026041416,31.61
2026041416,25.16
2026041416,27.98
2026041417,14.47
2026041417,11.4
2026041417,10.25
2026041417,6.19
2026041418,4.19
2026041418,1.19
2026041418,0.03
2026041418,0.0
2026041419,-0.0001
2026041419,-0.0001
2026041419,-0.0001
2026041419,-0.0001
2026041420,-0.0001
2026041420,-0.0001
2026041420,-0.0001
2026041420,-0.0001
2026041421,-0.0001
2026041421,-0.0001
2026041421,-0.0001
2026041421,-0.0001
2026041422,-0.0001
2026041422,-0.0001
2026041422,-0.0001
2026041422,-0.0001
2026041423,-0.0001
2026041423,-0.0001
2026041423,-0.0001
2026041423,-0.0001
2026041500,0.0
2026041500,-0.0001
2026041500,-0.0001
2026041500,-0.0001
2026041501,-0.0001
2026041501,-0.0001
2026041501,-0.0001
2026041501,-0.0001
2026041502,-0.0001
2026041502,-0.0001
2026041502,-0.0001
2026041502,-0.0001
2026041503,-0.0001
2026041503,-0.0001
2026041503,-0.0001
2026041503,-0.0001
2026041504,1.12
2026041504,4.12
2026041504,8.23
2026041504,-0.0001
2026041505,11.22
2026041505,10.28
2026041505,13.33
2026041505,17.64
2026041506,24.02
2026041506,31.83
2026041506,29.66
2026041506,32.51
2026041507,68.6
2026041507,85.2
2026041507,93.72
2026041507,86.0
2026041508,78.27
2026041508,76.38
2026041508,86.59
2026041508,93.75
2026041509,155.57
2026041509,150.96
2026041509,176.78
2026041509,173.91
2026041510,127.02
2026041510,143.24
2026041510,103.4
2026041510,102.78
2026041511,93.58
2026041511,83.34
2026041511,70.78
2026041511,63.3
2026041512,55.97
2026041512,66.91
2026041512,117.9
2026041512,89.35
2026041513,62.41
2026041513,79.01
2026041513,60.79
2026041513,58.76
2026041514,59.77
2026041514,46.13
2026041514,41.99
2026041514,35.82
2026041515,28.13
2026041515,24.95
2026041515,21.11
2026041515,18.4
2026041516,16.52
2026041516,16.99
2026041516,17.25
2026041516,13.22
2026041517,8.45
2026041517,6.4
2026041517,5.72
2026041517,4.49
2026041518,1.03
2026041518,0.0
2026041518,-0.0001
2026041518,-0.0001
2026041519,-0.0001
2026041519,-0.0001
2026041519,-0.0001
2026041519,-0.0001
2026041520,-0.0001
2026041520,-0.0001
2026041520,-0.0001
2026041520,-0.0001
2026041521,-0.0001
2026041521,-0.0001
2026041521,-0.0001
2026041521,-0.0001
2026041522,-0.0001
2026041522,-0.0001
2026041522,-0.0001
2026041522,-0.0001
2026041523,-0.0001
2026041523,-0.0001
2026041523,-0.0001
2026041523,-0.0001
2026041600,0.0
2026041600,-0.0001
2026041600,-0.0001
2026041600,-0.0001
2026041601,-0.0001
2026041601,-0.0001
2026041601,-0.0001
2026041601,-0.0001
2026041602,-0.0001
2026041602,-0.0001
2026041602,-0.0001
2026041602,-0.0001
2026041603,-0.0001
2026041603,-0.0001
2026041603,-0.0001
2026041603,-0.0001
2026041604,0.12
2026041604,1.98
2026041604,-0.0001
2026041604,-0.0001
2026041605,2.36
2026041605,4.92
2026041605,5.37
2026041605,6.8
2026041606,7.54
2026041606,9.39
2026041606,7.32
2026041606,14.06
2026041607,11.94
2026041607,27.44
2026041607,37.32
2026041607,53.99
2026041608,46.25
2026041608,51.48
2026041608,69.47
2026041608,54.43
2026041609,88.7
2026041609,65.4
2026041609,73.07
2026041609,86.68
2026041610,139.06
2026041610,95.92
2026041610,77.5
2026041610,117.45
2026041611,159.74
2026041611,133.7
2026041611,168.92
2026041611,190.22
2026041612,185.55
2026041612,190.11
2026041612,187.48
2026041612,122.95
2026041613,58.28
2026041613,52.54
2026041613,64.31
2026041613,99.66
2026041614,77.06
2026041614,94.74
2026041614,139.15
2026041614,135.04
2026041615,119.74
2026041615,106.08
2026041615,92.5
2026041615,75.17
2026041616,66.64
2026041616,38.16
2026041616,21.06
2026041616,17.04
2026041617,16.72
2026041617,16.89
2026041617,10.88
2026041617,6.81
2026041618,4.75
2026041618,2.16
2026041618,0.28
2026041618,0.0
2026041619,-0.0001
2026041619,-0.0001
2026041619,-0.0001
2026041619,-0.0001
2026041620,-0.0001
2026041620,-0.0001
2026041620,-0.0001
2026041620,-0.0001
2026041621,-0.0001
2026041621,-0.0001
2026041621,-0.0001
2026041621,-0.0001
2026041622,-0.0001
2026041622,-0.0001
2026041622,-0.0001
2026041622,-0.0001
2026041623,-0.0001
2026041623,-0.0001
2026041623,-0.0001
2026041623,-0.0001
2026041700,0.0
2026041700,-0.0001
2026041700,-0.0001
2026041700,-0.0001
2026041701,-0.0001
2026041701,-0.0001
2026041701,-0.0001
2026041701,-0.0001
2026041702,-0.0001
2026041702,-0.0001
2026041702,-0.0001
2026041702,-0.0001
2026041703,-0.0001
2026041703,-0.0001
2026041703,-0.0001
2026041703,-0.0001
2026041704,0.15
2026041704,1.96
2026041704,3.85
2026041704,-0.0001
2026041705,5.85
2026041705,7.83
2026041705,9.5
2026041705,10.37
2026041706,15.55
2026041706,19.68
2026041706,23.76
2026041706,25.43
2026041707,28.85
2026041707,31.33
2026041707,36.07
2026041707,40.66
2026041708,44.36
2026041708,46.06
2026041708,50.66
2026041708,51.07
2026041709,62.16
2026041709,83.91
2026041709,123.68
2026041709,156.97
2026041710,153.34
2026041710,108.05
2026041710,188.12
2026041710,110.47
2026041711,131.61
2026041711,177.67
2026041711,191.99
2026041711,165.2
2026041712,134.86
2026041712,161.47
2026041712,198.45
2026041712,177.4
2026041713,162.23
2026041713,148.79
2026041713,136.63
2026041713,126.51
2026041714,88.46
2026041714,78.83
2026041714,68.62
2026041714,59.19
2026041715,59.09
2026041715,48.62
2026041715,36.26
2026041715,32.16
2026041716,20.72
2026041716,12.48
2026041716,24.21
2026041716,18.13
2026041717,14.71
2026041717,12.48
2026041717,9.5
2026041717,6.3
2026041718,3.71
2026041718,0.83
2026041718,0.0
2026041718,-0.0001
2026041719,-0.0001
2026041719,-0.0001
2026041719,-0.0001
2026041719,-0.0001
2026041720,-0.0001
2026041720,-0.0001
2026041720,-0.0001
2026041720,-0.0001
2026041721,-0.0001
2026041721,-0.0001
2026041721,-0.0001
2026041721,-0.0001
2026041722,-0.0001
2026041722,-0.0001
2026041722,-0.0001
2026041722,-0.0001
2026041723,-0.0001
2026041723,-0.0001
2026041723,-0.0001
2026041723,-0.0001
2026041800,0.0
2026041800,-0.0001
2026041800,-0.0001
2026041800,-0.0001
2026041801,-0.0001
2026041801,-0.0001
2026041801,-0.0001
2026041801,-0.0001
2026041802,-0.0001
2026041802,-0.0001
2026041802,-0.0001
2026041802,-0.0001
2026041803,-0.0001
2026041803,-0.0001
2026041803,-0.0001
2026041803,-0.0001
2026041804,0.73
2026041804,3.35
2026041804,7.73
2026041804,-0.0001
2026041805,12.38
2026041805,13.61
2026041805,16.5
2026041805,20.04
2026041806,24.7
2026041806,19.01
2026041806,10.94
2026041806,9.3
2026041807,11.77
2026041807,14.04
2026041807,11.64
2026041807,16.36
2026041808,23.32
2026041808,43.76
2026041808,71.24
2026041808,85.07
2026041809,47.95
2026041809,53.21
2026041809,72.76
2026041809,56.54
2026041810,69.48
2026041810,81.3
2026041810,70.15
2026041810,61.13
2026041811,63.5
2026041811,75.22
2026041811,98.03
2026041811,89.93
2026041812,63.22
2026041812,51.2
2026041812,68.18
2026041812,79.72
2026041813,63.38
2026041813,62.95
2026041813,56.03
2026041813,41.45
2026041814,32.38
2026041814,23.87
2026041814,14.54
2026041814,13.63
2026041815,14.59
2026041815,13.14
2026041815,16.76
2026041815,26.13
2026041816,59.84
2026041816,50.98
2026041816,50.94
2026041816,26.52
2026041817,22.63
2026041817,15.11
2026041817,9.2
2026041817,4.25
2026041818,1.91
2026041818,0.6
2026041818,0.01
2026041818,0.0
2026041819,-0.0001
2026041819,-0.0001
2026041819,-0.0001
2026041819,-0.0001
2026041820,-0.0001
2026041820,-0.0001
2026041820,-0.0001
2026041820,-0.0001
2026041821,-0.0001
2026041821,-0.0001
2026041821,-0.0001
2026041821,-0.0001
2026041822,-0.0001
2026041822,-0.0001
2026041822,-0.0001
2026041822,-0.0001
2026041823,-0.0001
2026041823,-0.0001
2026041823,-0.0001
2026041823,-0.0001
2026041900,0.0
2026041900,-0.0001
2026041900,-0.0001
2026041900,-0.0001
2026041901,-0.0001
2026041901,-0.0001
2026041901,-0.0001
2026041901,-0.0001
2026041902,-0.0001
2026041902,-0.0001
2026041902,-0.0001
2026041902,-0.0001
2026041903,-0.0001
2026041903,-0.0001
2026041903,-0.0001
2026041903,-0.0001
2026041904,1.4
2026041904,4.13
2026041904,8.38
2026041904,-0.0001
2026041905,12.92
2026041905,11.82
2026041905,12.59
2026041905,15.1
2026041906,18.6
2026041906,20.4
2026041906,28.94
2026041906,26.0
2026041907,36.97
2026041907,58.21
2026041907,64.63
2026041907,86.28
2026041908,77.95
2026041908,144.56
2026041908,158.42
2026041908,147.66
2026041909,116.97
2026041909,108.21
2026041909,100.75
2026041909,89.3
2026041910,51.64
2026041910,45.48
2026041910,41.06
2026041910,49.57
2026041911,59.81
2026041911,70.16
2026041911,107.58
2026041911,85.79
2026041912,71.06
2026041912,55.01
2026041912,52.9
2026041912,50.7
2026041913,43.36
2026041913,42.59
2026041913,39.56
2026041913,31.81
2026041914,33.93
2026041914,27.63
2026041914,26.5
2026041914,32.06
2026041915,28.84
2026041915,30.46
2026041915,38.7
2026041915,27.9
2026041916,16.46
2026041916,8.55
2026041916,7.42
2026041916,5.96
2026041917,4.97
2026041917,3.63
2026041917,3.25
2026041917,0.03
2026041918,0.96
2026041918,0.68
2026041918,0.0
2026041918,-0.0001
2026041919,-0.0001
2026041919,-0.0001
2026041919,-0.0001
2026041919,-0.0001
2026041920,-0.0001
2026041920,-0.0001
2026041920,-0.0001
2026041920,-0.0001
2026041921,-0.0001
2026041921,-0.0001
2026041921,-0.0001
2026041921,-0.0001
2026041922,-0.0001
2026041922,-0.0001
2026041922,-0.0001
2026041922,-0.0001
2026041923,-0.0001
2026041923,-0.0001
2026041923,-0.0001
2026041923,-0.0001
2026042000,0.0
2026042000,-0.0001
2026042000,-0.0001
2026042000,-0.0001
2026042001,-0.0001
2026042001,-0.0001
2026042001,-0.0001
2026042001,-0.0001
2026042002,-0.0001
2026042002,-0.0001
2026042002,-0.0001
2026042002,-0.0001
2026042003,-0.0001
2026042003,-0.0001
2026042003,-0.0001
2026042003,-0.0001
2026042004,0.32
2026042004,2.58
2026042004,4.68
2026042004,5.96
2026042005,8.37
2026042005,15.2
2026042005,28.64
2026042005,36.35
2026042006,41.07
2026042006,46.55
2026042006,56.08
2026042006,49.68
2026042007,44.58
2026042007,47.29
2026042007,58.32
2026042007,84.45
2026042008,89.44
2026042008,76.27
2026042008,159.89
2026042008,164.04
2026042009,175.31
2026042009,187.96
2026042009,192.43
2026042009,190.54
2026042010,189.13
2026042010,198.47
2026042010,199.92
2026042010,199.94
2026042011,199.99
2026042011,199.98
2026042011,199.99
2026042011,199.93
2026042012,199.96
2026042012,199.97
2026042012,199.88
2026042012,199.96
2026042013,198.11
2026042013,191.29
2026042013,183.34
2026042013,174.71
2026042014,163.21
2026042014,152.69
2026042014,145.88
2026042014,134.43
2026042015,122.79
2026042015,110.93
2026042015,97.84
2026042015,85.72
2026042016,72.97
2026042016,59.72
2026042016,47.1
2026042016,34.65
2026042017,24.95
2026042017,16.49
2026042017,10.56
2026042017,7.32
2026042018,5.21
2026042018,3.2
2026042018,0.97
2026042018,0.0
2026042019,-0.0001
2026042019,-0.0001
2026042019,-0.0001
2026042019,-0.0001
2026042020,-0.0001
2026042020,-0.0001
2026042020,-0.0001
2026042020,-0.0001
2026042021,-0.0001
2026042021,-0.0001
2026042021,-0.0001
2026042021,-0.0001
2026042022,-0.0001
2026042022,-0.0001
2026042022,-0.0001
2026042022,-0.0001
2026042023,-0.0001
2026042023,-0.0001
2026042023,-0.0001
2026042023,-0.0001
2026042100,0.0
2026042100,-0.0001
2026042100,-0.0001
2026042100,-0.0001
2026042101,-0.0001
2026042101,-0.0001
2026042101,-0.0001
2026042101,-0.0001
2026042102,-0.0001
2026042102,-0.0001
2026042102,-0.0001
2026042102,-0.0001
2026042103,-0.0001
2026042103,-0.0001
2026042103,-0.0001
2026042103,-0.0001
2026042104,1.34
2026042104,4.07
2026042104,5.5
2026042104,8.18
2026042105,12.46
2026042105,18.95
2026042105,28.64
2026042105,40.29
2026042106,52.99
2026042106,66.22
2026042106,79.34
2026042106,93.22
2026042107,105.91
2026042107,116.81
2026042107,129.08
2026042107,140.32
2026042108,150.13
2026042108,159.91
2026042108,169.09
2026042108,177.44
2026042109,185.06
2026042109,191.83
2026042109,197.93
2026042109,199.97
2026042110,199.99
2026042110,200.01
2026042110,199.71
2026042110,199.94
2026042111,199.97
2026042111,199.94
2026042111,199.93
2026042111,199.94
2026042112,199.92
2026042112,200.04
2026042112,199.92
2026042112,-0.0001
2026042113,197.8
2026042113,191.22
2026042113,184.81
2026042113,177.23
2026042114,168.77
2026042114,159.38
2026042114,149.3
2026042114,138.37
2026042115,127.25
2026042115,115.1
2026042115,102.42
2026042115,89.28
2026042116,76.01
2026042116,62.64
2026042116,49.63
2026042116,37.22
2026042117,26.05
2026042117,17.12
2026042117,10.88
2026042117,7.31
2026042118,5.23
2026042118,3.42
2026042118,1.29
2026042118,0.05
2026042119,0.0
2026042119,-0.0001
2026042119,-0.0001
2026042119,-0.0001
2026042120,-0.0001
2026042120,-0.0001
2026042120,-0.0001
2026042120,-0.0001
2026042121,-0.0001
2026042121,-0.0001
2026042121,-0.0001
2026042121,-0.0001
2026042122,-0.0001
2026042122,-0.0001
2026042122,-0.0001
2026042122,-0.0001
2026042123,-0.0001
2026042123,-0.0001
2026042123,-0.0001
2026042123,-0.0001
2026042200,0.0
2026042200,-0.0001
2026042200,-0.0001
2026042200,-0.0001
2026042201,-0.0001
2026042201,-0.0001
2026042201,-0.0001
2026042201,-0.0001
2026042202,-0.0001
2026042202,-0.0001
2026042202,-0.0001
2026042202,-0.0001
2026042203,0.02
2026042203,-0.0001
2026042203,-0.0001
2026042203,-0.0001
2026042204,1.82
2026042204,3.7
2026042204,5.72
2026042204,8.77
2026042205,14.2
2026042205,20.44
2026042205,30.75
2026042205,42.94
2026042206,56.19
2026042206,69.88
2026042206,83.68
2026042206,97.18
2026042207,109.96
2026042207,122.29
2026042207,133.79
2026042207,144.47
2026042208,154.94
2026042208,164.73
2026042208,173.33
2026042208,181.19
2026042209,188.68
2026042209,194.81
2026042209,34.4
2026042209,0.02
2026042210,0.0
2026042210,-0.0001
2026042210,-0.0001
2026042210,-0.0001
2026042211,0.01
2026042211,0.0
2026042211,0.04
2026042211,0.0
2026042212,-0.0001
2026042212,-0.0001
2026042212,-0.0001
2026042212,-0.0001
2026042213,-0.0001
2026042213,-0.0001
2026042213,-0.0001
2026042213,-0.0001
2026042214,16.86
2026042214,148.15
2026042214,138.65
2026042214,-0.0001
2026042215,128.18
2026042215,116.32
2026042215,104.04
2026042215,91.48
2026042216,79.32
2026042216,65.62
2026042216,50.44
2026042216,34.42
2026042217,27.62
2026042217,18.35
2026042217,11.71
2026042217,7.89
2026042218,5.46
2026042218,3.43
2026042218,1.28
2026042218,0.07
2026042219,0.0
2026042219,-0.0001
2026042219,-0.0001
2026042219,-0.0001
2026042220,-0.0001
2026042220,-0.0001
2026042220,-0.0001
2026042220,-0.0001
2026042221,-0.0001
2026042221,-0.0001
2026042221,-0.0001
2026042221,-0.0001
2026042222,-0.0001
2026042222,-0.0001
2026042222,-0.0001
2026042222,-0.0001
2026042223,-0.0001
2026042223,-0.0001
2026042223,-0.0001
2026042223,-0.0001
2026042300,0.0
2026042300,-0.0001
2026042300,-0.0001
2026042300,-0.0001
2026042301,-0.0001
2026042301,-0.0001
2026042301,-0.0001
2026042301,-0.0001
2026042302,-0.0001
2026042302,-0.0001
2026042302,-0.0001
2026042302,-0.0001
2026042303,0.44
2026042303,-0.0001
2026042303,-0.0001
2026042303,-0.0001
2026042304,2.31
2026042304,4.41
2026042304,5.79
2026042304,7.66
2026042305,10.67
2026042305,13.15
2026042305,17.16
2026042305,21.37
2026042306,26.38
2026042306,37.54
2026042306,43.76
2026042306,55.16
2026042307,100.61
2026042307,119.4
2026042307,130.41
2026042307,141.03
2026042308,150.96
2026042308,159.88
2026042308,167.71
2026042308,175.18
2026042309,182.12
2026042309,188.66
2026042309,194.42
2026042309,198.59
2026042310,199.9
2026042310,199.91
2026042310,199.95
2026042310,200.04
2026042311,199.99
2026042311,199.98
2026042311,199.97
2026042311,199.98
2026042312,199.84
2026042312,34.17
2026042312,0.0
2026042312,-0.0001
2026042313,21.24
2026042313,-0.0001
2026042313,-0.0001
2026042313,-0.0001
2026042314,164.32
2026042314,157.46
2026042314,148.45
2026042314,138.39
2026042315,126.75
2026042315,113.44
2026042315,98.85
2026042315,86.8
2026042316,75.67
2026042316,63.02
2026042316,50.73
2026042316,39.85
2026042317,28.48
2026042317,18.76
2026042317,12.55
2026042317,8.33
2026042318,6.83
2026042318,5.12
2026042318,2.23
2026042318,0.3
2026042319,0.0
2026042319,-0.0001
2026042319,-0.0001
2026042319,-0.0001
2026042320,-0.0001
2026042320,-0.0001
2026042320,-0.0001
2026042320,-0.0001
2026042321,-0.0001
2026042321,-0.0001
2026042321,-0.0001
2026042321,-0.0001
2026042322,-0.0001
2026042322,-0.0001
2026042322,-0.0001
2026042322,-0.0001
2026042323,-0.0001
2026042323,-0.0001
2026042323,-0.0001
2026042323,-0.0001
2026042400,0.0
2026042400,-0.0001
2026042400,-0.0001
2026042400,-0.0001
2026042401,-0.0001
2026042401,-0.0001
2026042401,-0.0001
2026042401,-0.0001
2026042402,-0.0001
2026042402,-0.0001
2026042402,-0.0001
2026042402,-0.0001
2026042403,0.23
2026042403,-0.0001
2026042403,-0.0001
2026042403,-0.0001
2026042404,2.46
2026042404,4.51
2026042404,6.89
2026042404,9.6
2026042405,14.48
2026042405,21.75
2026042405,31.3
2026042405,42.72
2026042406,55.19
2026042406,68.4
2026042406,81.79
2026042406,94.47
2026042407,107.15
2026042407,119.57
2026042407,131.0
2026042407,141.68
2026042408,151.75
2026042408,161.24
2026042408,169.64
2026042408,177.31
2026042409,184.12
2026042409,190.21
2026042409,195.96
2026042409,199.54
2026042410,199.92
2026042410,199.89
2026042410,199.93
2026042410,-0.0001
2026042411,199.88
2026042411,199.94
2026042411,199.88
2026042411,-0.0001
2026042412,199.97
2026042412,199.82
2026042412,199.87
2026042412,197.42
2026042413,192.07
2026042413,186.6
2026042413,179.79
2026042413,172.97
2026042414,164.02
2026042414,155.76
2026042414,145.7
2026042414,135.17
2026042415,124.15
2026042415,113.36
2026042415,100.99
2026042415,88.63
2026042416,75.87
2026042416,63.19
2026042416,50.78
2026042416,38.79
2026042417,27.81
2026042417,18.15
2026042417,11.6
2026042417,9.48
2026042418,7.48
2026042418,5.06
2026042418,2.63
2026042418,0.52
2026042419,0.0
2026042419,-0.0001
2026042419,-0.0001
2026042419,-0.0001
2026042420,-0.0001
2026042420,-0.0001
2026042420,-0.0001
2026042420,-0.0001
2026042421,-0.0001
2026042421,-0.0001
2026042421,-0.0001
2026042421,-0.0001
2026042422,-0.0001
2026042422,-0.0001
2026042422,-0.0001
2026042422,-0.0001
2026042423,-0.0001
2026042423,-0.0001
2026042423,-0.0001
2026042423,-0.0001
2026042500,0.0
2026042500,-0.0001
2026042500,-0.0001
2026042500,-0.0001
2026042501,-0.0001
2026042501,-0.0001
2026042501,-0.0001
2026042501,-0.0001
2026042502,-0.0001
2026042502,-0.0001
2026042502,-0.0001
2026042502,-0.0001
2026042503,0.24
2026042503,-0.0001
2026042503,-0.0001
2026042503,-0.0001
2026042504,1.89
2026042504,4.91
2026042504,6.02
2026042504,8.4
2026042505,15.57
2026042505,18.45
2026042505,16.45
2026042505,19.92
2026042506,23.67
2026042506,28.73
2026042506,37.15
2026042506,36.11
2026042507,42.27
2026042507,39.47
2026042507,39.61
2026042507,50.53
2026042508,8.25
2026042508,0.01
2026042508,0.0
2026042508,-0.0001
2026042509,-0.0001
2026042509,-0.0001
2026042509,-0.0001
2026042509,-0.0001
2026042510,0.02
2026042510,0.0
2026042510,-0.0001
2026042510,-0.0001
2026042511,-0.0001
2026042511,-0.0001
2026042511,-0.0001
2026042511,-0.0001
2026042512,-0.0001
2026042512,-0.0001
2026042512,-0.0001
2026042512,-0.0001
2026042513,-0.0001
2026042513,-0.0001
2026042513,-0.0001
2026042513,-0.0001
2026042514,-0.0001
2026042514,-0.0001
2026042514,-0.0001
2026042514,-0.0001
2026042515,5.76
2026042515,86.9
2026042515,80.99
2026042515,-0.0001
2026042516,75.6
2026042516,57.08
2026042516,53.19
2026042516,39.59
2026042517,29.33
2026042517,20.23
2026042517,13.61
2026042517,9.25
2026042518,6.74
2026042518,4.68
2026042518,1.94
2026042518,0.19
2026042519,0.0
2026042519,-0.0001
2026042519,-0.0001
2026042519,-0.0001
2026042520,-0.0001
2026042520,-0.0001
2026042520,-0.0001
2026042520,-0.0001
2026042521,-0.0001
2026042521,-0.0001
2026042521,-0.0001
2026042521,-0.0001
2026042522,-0.0001
2026042522,-0.0001
2026042522,-0.0001
2026042522,-0.0001
2026042523,-0.0001
2026042523,-0.0001
2026042523,-0.0001
2026042523,-0.0001
2026042600,0.0
2026042600,-0.0001
2026042600,-0.0001
2026042600,-0.0001
2026042601,-0.0001
2026042601,-0.0001
2026042601,-0.0001
2026042601,-0.0001
2026042602,-0.0001
2026042602,-0.0001
2026042602,-0.0001
2026042602,-0.0001
2026042603,0.02
2026042603,0.83
2026042603,-0.0001
2026042603,-0.0001
2026042604,2.63
2026042604,4.8
2026042604,6.98
2026042604,11.35
2026042605,17.72
2026042605,23.96
2026042605,34.71
2026042605,47.23
2026042606,60.37
2026042606,73.74
2026042606,87.1
2026042606,100.44
2026042607,112.88
2026042607,124.13
2026042607,135.06
2026042607,145.16
2026042608,154.47
2026042608,164.03
2026042608,172.34
2026042608,179.59
2026042609,186.2
2026042609,192.35
2026042609,198.1
2026042609,199.92
2026042610,199.9
2026042610,200.02
2026042610,199.44
2026042610,199.94
2026042611,199.96
2026042611,200.01
2026042611,183.55
2026042611,123.54
2026042612,156.44
2026042612,152.92
2026042612,133.88
2026042612,99.02
2026042613,127.91
2026042613,154.72
2026042613,155.53
2026042613,154.77
2026042614,149.98
2026042614,165.21
2026042614,160.79
2026042614,135.93
2026042615,121.22
2026042615,119.92
2026042615,85.77
2026042615,76.32
2026042616,78.84
2026042616,65.73
2026042616,53.19
2026042616,41.14
2026042617,30.03
2026042617,20.71
2026042617,13.46
2026042617,8.84
2026042618,6.5
2026042618,4.45
2026042618,2.4
2026042618,0.17
2026042619,0.0
2026042619,-0.0001
2026042619,-0.0001
2026042619,-0.0001
2026042620,-0.0001
2026042620,-0.0001
2026042620,-0.0001
2026042620,-0.0001
2026042621,-0.0001
2026042621,-0.0001
2026042621,-0.0001
2026042621,-0.0001
2026042622,-0.0001
2026042622,-0.0001
2026042622,-0.0001
2026042622,-0.0001
2026042623,-0.0001
2026042623,-0.0001
2026042623,-0.0001
2026042623,-0.0001
2026042700,0.0
2026042700,-0.0001
2026042700,-0.0001
2026042700,-0.0001
2026042701,-0.0001
2026042701,-0.0001
2026042701,-0.0001
2026042701,-0.0001
2026042702,-0.0001
2026042702,-0.0001
2026042702,-0.0001
2026042702,-0.0001
2026042703,0.78
2026042703,-0.0001
2026042703,-0.0001
2026042703,-0.0001
2026042704,3.34
2026042704,5.33
2026042704,6.8
2026042704,11.13
2026042705,19.21
2026042705,24.48
2026042705,35.91
2026042705,42.92
2026042706,54.35
2026042706,55.54
2026042706,82.62
2026042706,98.92
2026042707,98.91
2026042707,115.19
2026042707,100.77
2026042707,104.69
2026042708,127.9
2026042708,166.78
2026042708,171.38
2026042708,181.38
2026042709,188.63
2026042709,193.27
2026042709,197.36
2026042709,198.78
2026042710,199.94
2026042710,176.29
2026042710,170.11
2026042710,131.58
2026042711,172.04
2026042711,189.31
2026042711,196.97
2026042711,163.7
2026042712,157.98
2026042712,186.09
2026042712,180.66
2026042712,193.88
2026042713,195.5
2026042713,189.58
2026042713,181.76
2026042713,174.67
2026042714,164.15
2026042714,147.68
2026042714,138.31
2026042714,130.86
2026042715,123.29
2026042715,121.1
2026042715,107.66
2026042715,93.09
2026042716,70.5
2026042716,79.9
2026042716,58.53
2026042716,41.12
2026042717,31.79
2026042717,22.09
2026042717,16.52
2026042717,11.53
2026042718,8.11
2026042718,5.46
2026042718,2.43
2026042718,0.24
2026042719,0.0
2026042719,-0.0001
2026042719,-0.0001
2026042719,-0.0001
2026042720,-0.0001
2026042720,-0.0001
2026042720,-0.0001
2026042720,-0.0001
2026042721,-0.0001
2026042721,-0.0001
2026042721,-0.0001
2026042721,-0.0001
2026042722,-0.0001
2026042722,-0.0001
2026042722,-0.0001
2026042722,-0.0001
2026042723,-0.0001
2026042723,-0.0001
2026042723,-0.0001
2026042723,-0.0001
2026042800,0.0
2026042800,-0.0001
2026042800,-0.0001
2026042800,-0.0001
2026042801,-0.0001
2026042801,-0.0001
2026042801,-0.0001
2026042801,-0.0001
2026042802,-0.0001
2026042802,-0.0001
2026042802,-0.0001
2026042802,-0.0001
2026042803,0.92
2026042803,-0.0001
2026042803,-0.0001
2026042803,-0.0001
2026042804,3.17
2026042804,5.23
2026042804,7.67
2026042804,11.57
2026042805,16.62
2026042805,23.8
2026042805,37.63
2026042805,48.03
2026042806,61.74
2026042806,70.83
2026042806,75.47
2026042806,102.3
2026042807,100.75
2026042807,114.89
2026042807,121.49
2026042807,135.82
2026042808,156.17
2026042808,163.23
2026042808,172.44
2026042808,180.84
2026042809,188.2
2026042809,186.26
2026042809,176.11
2026042809,199.97
2026042810,195.65
2026042810,197.36
2026042810,199.88
2026042810,185.69
2026042811,199.18
2026042811,198.77
2026042811,199.44
2026042811,195.64
2026042812,199.95
2026042812,199.92
2026042812,198.77
2026042812,196.78
2026042813,191.48
2026042813,185.13
2026042813,181.77
2026042813,172.82
2026042814,166.41
2026042814,158.04
2026042814,148.05
2026042814,138.48
2026042815,127.1
2026042815,115.68
2026042815,104.08
2026042815,91.75
2026042816,78.24
2026042816,64.57
2026042816,51.54
2026042816,42.24
2026042817,31.17
2026042817,21.47
2026042817,14.23
2026042817,9.37
2026042818,6.06
2026042818,3.7
2026042818,1.8
2026042818,0.45
2026042819,0.0
2026042819,-0.0001
2026042819,-0.0001
2026042819,-0.0001
2026042820,-0.0001
2026042820,-0.0001
2026042820,-0.0001
2026042820,-0.0001
2026042821,-0.0001
2026042821,-0.0001
2026042821,-0.0001
2026042821,-0.0001
2026042822,-0.0001
2026042822,-0.0001
2026042822,-0.0001
2026042822,-0.0001
2026042823,-0.0001
2026042823,-0.0001
2026042823,-0.0001
2026042823,-0.0001
2026042900,0.0
2026042900,-0.0001
2026042900,-0.0001
2026042900,-0.0001
2026042901,-0.0001
2026042901,-0.0001
2026042901,-0.0001
2026042901,-0.0001
2026042902,-0.0001
2026042902,-0.0001
2026042902,-0.0001
2026042902,-0.0001
2026042903,0.02
2026042903,0.73
2026042903,-0.0001
2026042903,-0.0001
2026042904,2.05
2026042904,4.07
2026042904,7.37
2026042904,13.06
2026042905,17.39
2026042905,24.84
2026042905,36.79
2026042905,49.26
2026042906,61.38
2026042906,71.23
2026042906,85.57
2026042906,99.64
2026042907,111.3
2026042907,120.79
2026042907,132.49
2026042907,143.55
2026042908,150.11
2026042908,161.59
2026042908,169.74
2026042908,177.1
2026042909,183.91
2026042909,189.95
2026042909,195.31
2026042909,199.18
2026042910,34.81
2026042910,0.58
2026042910,0.74
2026042910,-0.0001
2026042911,1.15
2026042911,0.96
2026042911,0.88
2026042911,1.07
2026042912,0.88
2026042912,0.76
2026042912,0.9
2026042912,0.8
2026042913,0.66
2026042913,0.61
2026042913,0.56
2026042913,-0.0001
2026042914,0.55
2026042914,0.5
2026042914,15.39
2026042914,130.9
2026042915,121.18
2026042915,111.42
2026042915,100.68
2026042915,89.34
2026042916,77.25
2026042916,65.37
2026042916,53.23
2026042916,41.39
2026042917,30.71
2026042917,21.41
2026042917,14.32
2026042917,9.63
2026042918,7.11
2026042918,5.07
2026042918,3.27
2026042918,0.7
2026042919,0.0
2026042919,-0.0001
2026042919,-0.0001
2026042919,-0.0001
2026042920,-0.0001
2026042920,-0.0001
2026042920,-0.0001
2026042920,-0.0001
2026042921,-0.0001
2026042921,-0.0001
2026042921,-0.0001
2026042921,-0.0001
2026042922,-0.0001
2026042922,-0.0001
2026042922,-0.0001
2026042922,-0.0001
2026042923,-0.0001
2026042923,-0.0001
2026042923,-0.0001
2026042923,-0.0001
2026043000,0.0
2026043000,-0.0001
2026043000,-0.0001
2026043000,-0.0001
2026043001,-0.0001
2026043001,-0.0001
2026043001,-0.0001
2026043001,-0.0001
2026043002,-0.0001
2026043002,-0.0001
2026043002,-0.0001
2026043002,-0.0001
2026043003,0.08
2026043003,1.36
2026043003,-0.0001
2026043003,-0.0001
2026043004,3.65
2026043004,5.96
2026043004,8.5
2026043004,12.96
2026043005,19.16
2026043005,27.49
2026043005,37.09
2026043005,45.06
2026043006,57.55
2026043006,72.51
2026043006,85.37
2026043006,99.26
2026043007,109.19
2026043007,121.2
2026043007,132.64
2026043007,142.25
2026043008,152.33
2026043008,161.83
2026043008,170.69
2026043008,175.43
2026043009,184.54
2026043009,191.71
2026043009,196.7
2026043009,199.67
2026043010,34.92
2026043010,0.82
2026043010,0.77
2026043010,0.79
2026043011,1.07
2026043011,0.82
2026043011,0.81
2026043011,0.93
2026043012,0.91
2026043012,0.75
2026043012,0.82
2026043012,0.76
2026043013,0.74
2026043013,0.62
2026043013,0.59
2026043013,-0.0001
2026043014,20.13
2026043014,154.1
2026043014,146.56
2026043014,136.72
2026043015,30.25
2026043015,10.55
2026043015,103.29
2026043015,91.8
2026043016,79.58
2026043016,67.21
2026043016,54.88
2026043016,42.8
2026043017,31.79
2026043017,22.37
2026043017,14.9
2026043017,9.87
2026043018,7.14
2026043018,5.06
2026043018,3.44
2026043018,1.36
2026043019,0.06
2026043019,0.0
2026043019,-0.0001
2026043019,-0.0001
2026043020,-0.0001
2026043020,-0.0001
2026043020,-0.0001
2026043020,-0.0001
2026043021,-0.0001
2026043021,-0.0001
2026043021,-0.0001
2026043021,-0.0001
2026043022,-0.0001
2026043022,-0.0001
2026043022,-0.0001
2026043022,-0.0001
2026043023,-0.0001
2026043023,-0.0001
2026043023,-0.0001
2026043023,-0.0001
2026050100,0.0
2026050100,-0.0001
2026050100,-0.0001
2026050100,-0.0001
2026050101,-0.0001
2026050101,-0.0001
2026050101,-0.0001
2026050101,-0.0001
2026050102,-0.0001
2026050102,-0.0001
2026050102,-0.0001
2026050102,-0.0001
2026050103,0.45
2026050103,2.68
2026050103,-0.0001
2026050103,-0.0001
2026050104,4.35
2026050104,6.06
2026050104,8.62
2026050104,13.49
2026050105,20.28
2026050105,28.69
2026050105,38.99
2026050105,50.64
2026050106,62.81
2026050106,75.39
2026050106,87.88
2026050106,99.99
2026050107,111.59
2026050107,122.68
2026050107,133.33
2026050107,143.73
2026050108,153.07
2026050108,161.76
2026050108,169.54
2026050108,34.42
2026050109,0.95
2026050109,1.0
2026050109,1.24
2026050109,1.41
2026050110,1.15
2026050110,1.01
2026050110,0.99
2026050110,1.0
2026050111,0.88
2026050111,0.73
2026050111,0.83
2026050111,0.84
2026050112,0.81
2026050112,0.8
2026050112,0.81
2026050112,0.76
2026050113,0.72
2026050113,0.68
2026050113,0.61
2026050113,0.55
2026050114,0.9
2026050114,1.22
2026050114,0.74
2026050114,0.54
2026050115,13.69
2026050115,113.35
2026050115,102.41
2026050115,90.51
2026050116,78.34
2026050116,66.18
2026050116,54.11
2026050116,42.51
2026050117,31.95
2026050117,22.82
2026050117,15.47
2026050117,10.43
2026050118,7.45
2026050118,5.53
2026050118,3.63
2026050118,1.8
2026050119,0.17
2026050119,0.0
2026050119,-0.0001
2026050119,-0.0001
2026050120,-0.0001
2026050120,-0.0001
2026050120,-0.0001
2026050120,-0.0001
2026050121,-0.0001
2026050121,-0.0001
2026050121,-0.0001
2026050121,-0.0001
2026050122,-0.0001
2026050122,-0.0001
2026050122,-0.0001
2026050122,-0.0001
2026050123,-0.0001
2026050123,-0.0001
2026050123,-0.0001
2026050123,-0.0001
2026050200,0.0
2026050200,-0.0001
2026050200,-0.0001
2026050200,-0.0001
2026050201,-0.0001
2026050201,-0.0001
2026050201,-0.0001
2026050201,-0.0001
2026050202,-0.0001
2026050202,-0.0001
2026050202,-0.0001
2026050202,-0.0001
2026050203,0.73
2026050203,2.4
2026050203,-0.0001
2026050203,-0.0001
2026050204,4.46
2026050204,6.13
2026050204,8.81
2026050204,13.7
2026050205,20.29
2026050205,24.18
2026050205,28.6
2026050205,50.13
2026050206,62.19
2026050206,74.6
2026050206,86.96
2026050206,98.96
2026050207,110.61
2026050207,121.87
2026050207,132.26
2026050207,31.38
2026050208,0.76
2026050208,0.85
2026050208,0.78
2026050208,0.95
2026050209,0.94
2026050209,0.99
2026050209,0.97
2026050209,1.39
2026050210,1.43
2026050210,1.44
2026050210,-0.0001
2026050210,-0.0001
2026050211,1.09
2026050211,0.94
2026050211,0.85
2026050211,1.04
2026050212,1.14
2026050212,1.36
2026050212,1.47
2026050212,1.39
2026050213,1.02
2026050213,0.97
2026050213,0.87
2026050213,0.83
2026050214,0.86
2026050214,9.51
2026050214,68.03
2026050214,48.97
2026050215,38.05
2026050215,49.32
2026050215,40.98
2026050215,29.47
2026050216,22.38
2026050216,18.29
2026050216,25.24
2026050216,20.01
2026050217,15.75
2026050217,9.68
2026050217,18.44
2026050217,15.32
2026050218,12.8
2026050218,8.98
2026050218,4.97
2026050218,1.32
2026050219,0.0
2026050219,-0.0001
2026050219,-0.0001
2026050219,-0.0001
2026050220,-0.0001
2026050220,-0.0001
2026050220,-0.0001
2026050220,-0.0001
2026050221,-0.0001
2026050221,-0.0001
2026050221,-0.0001
2026050221,-0.0001
2026050222,-0.0001
2026050222,-0.0001
2026050222,-0.0001
2026050222,-0.0001
2026050223,-0.0001
2026050223,-0.0001
2026050223,-0.0001
2026050223,-0.0001
2026050300,0.0
2026050300,-0.0001
2026050300,-0.0001
2026050300,-0.0001
2026050301,-0.0001
2026050301,-0.0001
2026050301,-0.0001
2026050301,-0.0001
2026050302,-0.0001
2026050302,-0.0001
2026050302,-0.0001
2026050302,-0.0001
2026050303,0.03
2026050303,-0.0001
2026050303,-0.0001
2026050303,-0.0001
2026050304,1.67
2026050304,2.86
2026050304,3.54
2026050304,5.51
2026050305,8.85
2026050305,12.99
2026050305,23.32
2026050305,24.38
2026050306,24.87
2026050306,36.69
2026050306,41.71
2026050306,79.67
2026050307,95.9
2026050307,74.21
2026050307,79.49
2026050307,79.04
2026050308,79.64
2026050308,55.21
2026050308,57.21
2026050308,94.44
2026050309,119.46
2026050309,140.39
2026050309,125.58
2026050309,111.79
2026050310,138.93
2026050310,140.88
2026050310,185.16
2026050310,177.44
2026050311,138.67
2026050311,176.52
2026050311,155.54
2026050311,83.34
2026050312,64.28
2026050312,91.7
2026050312,107.45
2026050312,112.4
2026050313,89.65
2026050313,64.36
2026050313,66.78
2026050313,60.56
2026050314,100.2
2026050314,147.5
2026050314,51.52
2026050314,40.15
2026050315,25.96
2026050315,18.73
2026050315,14.29
2026050315,16.66
2026050316,8.73
2026050316,5.26
2026050316,7.79
2026050316,9.98
2026050317,7.97
2026050317,7.14
2026050317,7.53
2026050317,5.43
2026050318,3.97
2026050318,0.69
2026050318,0.0
2026050318,-0.0001
2026050319,-0.0001
2026050319,-0.0001
2026050319,-0.0001
2026050319,-0.0001
2026050320,-0.0001
2026050320,-0.0001
2026050320,-0.0001
2026050320,-0.0001
2026050321,-0.0001
2026050321,-0.0001
2026050321,-0.0001
2026050321,-0.0001
2026050322,-0.0001
2026050322,-0.0001
2026050322,-0.0001
2026050322,-0.0001
2026050323,-0.0001
2026050323,-0.0001
2026050323,-0.0001
2026050323,-0.0001
2026050400,0.0
2026050400,-0.0001
2026050400,-0.0001
2026050400,-0.0001
2026050401,-0.0001
2026050401,-0.0001
2026050401,-0.0001
2026050401,-0.0001
2026050402,-0.0001
2026050402,-0.0001
2026050402,-0.0001
2026050402,-0.0001
2026050403,0.09
2026050403,-0.0001
2026050403,-0.0001
2026050403,-0.0001
2026050404,1.38
2026050404,6.05
2026050404,7.35
2026050404,9.62
2026050405,21.62
2026050405,30.0
2026050405,39.39
2026050405,51.09
2026050406,65.95
2026050406,78.82
2026050406,91.77
2026050406,104.53
2026050407,116.77
2026050407,128.37
2026050407,139.12
2026050407,150.55
2026050408,167.64
2026050408,137.43
2026050408,91.66
2026050408,101.49
2026050409,135.14
2026050409,162.24
2026050409,174.73
2026050409,155.19
2026050410,147.7
2026050410,146.48
2026050410,183.81
2026050410,158.91
2026050411,144.49
2026050411,170.01
2026050411,171.52
2026050411,155.4
2026050412,175.85
2026050412,199.92
2026050412,199.9
2026050412,199.97
2026050413,199.27
2026050413,193.75
2026050413,186.58
2026050413,179.17
2026050414,170.83
2026050414,153.72
2026050414,107.49
2026050414,140.33
2026050415,135.88
2026050415,121.0
2026050415,109.07
2026050415,96.74
2026050416,84.63
2026050416,71.75
2026050416,58.97
2026050416,46.75
2026050417,35.42
2026050417,25.42
2026050417,17.46
2026050417,11.79
2026050418,8.44
2026050418,6.23
2026050418,3.98
2026050418,2.06
2026050419,0.48
2026050419,0.0
2026050419,-0.0001
2026050419,-0.0001
2026050420,-0.0001
2026050420,-0.0001
2026050420,-0.0001
2026050420,-0.0001
2026050421,-0.0001
2026050421,-0.0001
2026050421,-0.0001
2026050421,-0.0001
2026050422,-0.0001
2026050422,-0.0001
2026050422,-0.0001
2026050422,-0.0001
2026050423,-0.0001
2026050423,-0.0001
2026050423,-0.0001
2026050423,-0.0001
2026050500,0.0
2026050500,-0.0001
2026050500,-0.0001
2026050500,-0.0001
2026050501,-0.0001
2026050501,-0.0001
2026050501,-0.0001
2026050501,-0.0001
2026050502,-0.0001
2026050502,-0.0001
2026050502,-0.0001
2026050502,-0.0001
2026050503,0.02
2026050503,0.88
2026050503,2.87
2026050503,-0.0001
2026050504,5.07
2026050504,7.42
2026050504,10.91
2026050504,16.98
2026050505,24.71
2026050505,33.75
2026050505,44.33
2026050505,56.17
2026050506,68.54
2026050506,80.99
2026050506,90.21
2026050506,103.14
2026050507,104.09
2026050507,109.97
2026050507,126.93
2026050507,105.16
2026050508,107.57
2026050508,166.58
2026050508,161.33
2026050508,104.21
2026050509,189.37
2026050509,148.17
2026050509,83.34
2026050509,191.22
2026050510,179.5
2026050510,121.43
2026050510,149.25
2026050510,184.43
2026050511,154.69
2026050511,138.39
2026050511,164.09
2026050511,186.77
2026050512,130.64
2026050512,113.63
2026050512,152.12
2026050512,142.32
2026050513,167.07
2026050513,97.23
2026050513,99.53
2026050513,64.47
2026050514,54.31
2026050514,75.56
2026050514,71.73
2026050514,49.77
2026050515,47.46
2026050515,39.29
2026050515,32.01
2026050515,25.27
2026050516,15.23
2026050516,8.16
2026050516,8.41
2026050516,10.7
2026050517,12.19
2026050517,12.69
2026050517,18.12
2026050517,20.31
2026050518,13.44
2026050518,9.16
2026050518,6.3
2026050518,4.26
2026050519,0.81
2026050519,0.0
2026050519,-0.0001
2026050519,-0.0001
2026050520,-0.0001
2026050520,-0.0001
2026050520,-0.0001
2026050520,-0.0001
2026050521,-0.0001
2026050521,-0.0001
2026050521,-0.0001
2026050521,-0.0001
2026050522,-0.0001
2026050522,-0.0001
2026050522,-0.0001
2026050522,-0.0001
2026050523,-0.0001
2026050523,-0.0001
2026050523,-0.0001
2026050523,-0.0001
2026050600,0.0
2026050600,-0.0001
2026050600,-0.0001
2026050600,-0.0001
2026050601,-0.0001
2026050601,-0.0001
2026050601,-0.0001
2026050601,-0.0001
2026050602,-0.0001
2026050602,-0.0001
2026050602,-0.0001
2026050602,-0.0001
2026050603,0.58
2026050603,2.29
2026050603,4.4
2026050603,-0.0001
2026050604,6.17
2026050604,8.17
2026050604,11.28
2026050604,15.78
2026050605,24.15
2026050605,33.3
2026050605,46.15
2026050605,56.98
2026050606,57.76
2026050606,83.22
2026050606,91.64
2026050606,108.19
2026050607,119.18
2026050607,131.97
2026050607,135.99
2026050607,133.52
2026050608,153.78
2026050608,129.65
2026050608,153.33
2026050608,137.37
2026050609,176.55
2026050609,137.76
2026050609,98.38
2026050609,153.18
2026050610,172.07
2026050610,139.0
2026050610,157.72
2026050610,182.15
2026050611,178.54
2026050611,182.94
2026050611,196.85
2026050611,199.93
2026050612,199.88
2026050612,199.93
2026050612,199.98
2026050612,199.84
2026050613,198.95
2026050613,194.69
2026050613,178.39
2026050613,178.8
2026050614,173.35
2026050614,162.1
2026050614,146.05
2026050614,145.9
2026050615,124.76
2026050615,86.36
2026050615,48.83
2026050615,38.23
2026050616,49.1
2026050616,42.2
2026050616,39.89
2026050616,31.33
2026050617,26.58
2026050617,20.08
2026050617,16.18
2026050617,13.65
2026050618,11.64
2026050618,7.11
2026050618,5.23
2026050618,2.91
2026050619,1.19
2026050619,0.04
2026050619,0.0
2026050619,-0.0001
2026050620,-0.0001
2026050620,-0.0001
2026050620,-0.0001
2026050620,-0.0001
2026050621,-0.0001
2026050621,-0.0001
2026050621,-0.0001
2026050621,-0.0001
2026050622,-0.0001
2026050622,-0.0001
2026050622,-0.0001
2026050622,-0.0001
2026050623,-0.0001
2026050623,-0.0001
2026050623,-0.0001
2026050623,-0.0001
2026050700,0.0
2026050700,-0.0001
2026050700,-0.0001
2026050700,-0.0001
2026050701,-0.0001
2026050701,-0.0001
2026050701,-0.0001
2026050701,-0.0001
2026050702,-0.0001
2026050702,-0.0001
2026050702,-0.0001
2026050702,-0.0001
2026050703,0.82
2026050703,3.02
2026050703,-0.0001
2026050703,-0.0001
2026050704,5.34
2026050704,7.56
2026050704,11.09
2026050704,16.04
2026050705,20.15
2026050705,23.71
2026050705,29.08
2026050705,38.41
2026050706,44.53
2026050706,58.45
2026050706,59.07
2026050706,92.34
2026050707,125.38
2026050707,119.66
2026050707,127.61
2026050707,139.37
2026050708,143.7
2026050708,169.16
2026050708,176.89
2026050708,182.96
2026050709,190.23
2026050709,196.18
2026050709,199.78
2026050709,199.93
2026050710,199.94
2026050710,199.9
2026050710,199.93
2026050710,199.82
2026050711,200.02
2026050711,195.42
2026050711,197.58
2026050711,189.56
2026050712,186.85
2026050712,199.94
2026050712,198.8
2026050712,185.74
2026050713,196.15
2026050713,157.3
2026050713,146.46
2026050713,181.53
2026050714,166.36
2026050714,131.8
2026050714,95.66
2026050714,76.77
2026050715,56.89
2026050715,54.36
2026050715,50.55
2026050715,43.47
2026050716,33.36
2026050716,28.99
2026050716,26.37
2026050716,22.75
2026050717,16.96
2026050717,14.17
2026050717,10.78
2026050717,8.71
2026050718,7.51
2026050718,5.35
2026050718,3.95
2026050718,3.32
2026050719,1.22
2026050719,0.01
2026050719,0.0
2026050719,-0.0001
2026050720,-0.0001
2026050720,-0.0001
2026050720,-0.0001
2026050720,-0.0001
2026050721,-0.0001
2026050721,-0.0001
2026050721,-0.0001
2026050721,-0.0001
2026050722,-0.0001
2026050722,-0.0001
2026050722,-0.0001
2026050722,-0.0001
2026050723,-0.0001
2026050723,-0.0001
2026050723,-0.0001
2026050723,-0.0001
2026050800,0.0
2026050800,-0.0001
2026050800,-0.0001
2026050800,-0.0001
2026050801,-0.0001
2026050801,-0.0001
2026050801,-0.0001
2026050801,-0.0001
2026050802,-0.0001
2026050802,-0.0001
2026050802,-0.0001
2026050802,-0.0001
2026050803,0.04
2026050803,1.59
2026050803,3.47
2026050803,-0.0001
2026050804,5.6
2026050804,8.64
2026050804,18.52
2026050804,26.68
2026050805,33.81
2026050805,49.5
2026050805,59.7
2026050805,57.42
2026050806,67.79
2026050806,80.51
2026050806,94.03
2026050806,106.09
2026050807,114.66
2026050807,128.11
2026050807,139.22
2026050807,148.71
2026050808,157.11
2026050808,165.34
2026050808,172.59
2026050808,175.55
2026050809,98.14
2026050809,158.15
2026050809,155.34
2026050809,146.58
2026050810,125.8
2026050810,173.69
2026050810,156.7
2026050810,175.28
2026050811,143.92
2026050811,185.62
2026050811,176.35
2026050811,198.09
2026050812,199.3
2026050812,199.92
2026050812,199.41
2026050812,199.92
2026050813,199.12
2026050813,174.41
2026050813,52.11
2026050813,40.71
2026050814,53.11
2026050814,65.56
2026050814,56.45
2026050814,76.8
2026050815,111.03
2026050815,124.55
2026050815,106.8
2026050815,92.53
2026050816,79.42
2026050816,24.29
2026050816,41.41
2026050816,44.66
2026050817,38.02
2026050817,27.85
2026050817,19.36
2026050817,13.09
2026050818,9.06
2026050818,6.83
2026050818,4.76
2026050818,3.29
2026050819,1.18
2026050819,0.03
2026050819,0.0
2026050819,-0.0001
2026050820,-0.0001
2026050820,-0.0001
2026050820,-0.0001
2026050820,-0.0001
2026050821,-0.0001
2026050821,-0.0001
2026050821,-0.0001
2026050821,-0.0001
2026050822,-0.0001
2026050822,-0.0001
2026050822,-0.0001
2026050822,-0.0001
2026050823,-0.0001
2026050823,-0.0001
2026050823,-0.0001
2026050823,-0.0001
2026050900,0.0
2026050900,-0.0001
2026050900,-0.0001
2026050900,-0.0001
2026050901,-0.0001
2026050901,-0.0001
2026050901,-0.0001
2026050901,-0.0001
2026050902,-0.0001
2026050902,-0.0001
2026050902,-0.0001
2026050902,-0.0001
2026050903,0.32
2026050903,1.79
2026050903,3.82
2026050903,-0.0001
2026050904,5.9
2026050904,8.27
2026050904,12.06
2026050904,18.07
2026050905,26.12
2026050905,36.2
2026050905,47.83
2026050905,60.41
2026050906,73.43
2026050906,86.37
2026050906,99.55
2026050906,113.04
2026050907,120.43
2026050907,134.04
2026050907,140.77
2026050907,151.21
2026050908,161.44
2026050908,167.61
2026050908,176.09
2026050908,187.75
2026050909,195.4
2026050909,199.69
2026050909,199.91
2026050909,-0.0001
2026050910,199.94
2026050910,199.97
2026050910,199.92
2026050910,199.96
2026050911,199.93
2026050911,199.16
2026050911,199.54
2026050911,199.95
2026050912,200.02
2026050912,199.95
2026050912,192.15
2026050912,-0.0001
2026050913,199.85
2026050913,196.94
2026050913,189.77
2026050913,181.3
2026050914,174.64
2026050914,165.42
2026050914,155.86
2026050914,145.99
2026050915,135.12
2026050915,123.86
2026050915,112.04
2026050915,100.06
2026050916,87.55
2026050916,75.06
2026050916,62.49
2026050916,50.2
2026050917,38.74
2026050917,28.56
2026050917,20.04
2026050917,13.68
2026050918,9.54
2026050918,7.23
2026050918,5.71
2026050918,3.74
2026050919,1.34
2026050919,0.08
2026050919,0.0
2026050919,-0.0001
2026050920,-0.0001
2026050920,-0.0001
2026050920,-0.0001
2026050920,-0.0001
2026050921,-0.0001
2026050921,-0.0001
2026050921,-0.0001
2026050921,-0.0001
2026050922,-0.0001
2026050922,-0.0001
2026050922,-0.0001
2026050922,-0.0001
2026050923,-0.0001
2026050923,-0.0001
2026050923,-0.0001
2026050923,-0.0001
2026051000,0.0
2026051000,-0.0001
2026051000,-0.0001
2026051000,-0.0001
2026051001,-0.0001
2026051001,-0.0001
2026051001,-0.0001
2026051001,-0.0001
2026051002,-0.0001
2026051002,-0.0001
2026051002,-0.0001
2026051002,-0.0001
2026051003,0.63
2026051003,-0.0001
2026051003,-0.0001
2026051003,-0.0001
2026051004,3.17
2026051004,6.03
2026051004,10.88
2026051004,16.69
2026051005,21.87
2026051005,28.93
2026051005,30.6
2026051005,38.12
2026051006,38.04
2026051006,45.12
2026051006,91.71
2026051006,73.06
2026051007,62.17
2026051007,55.57
2026051007,99.53
2026051007,160.26
2026051008,159.99
2026051008,110.54
2026051008,107.33
2026051008,182.03
2026051009,142.77
2026051009,192.06
2026051009,128.67
2026051009,156.24
2026051010,99.18
2026051010,113.52
2026051010,174.01
2026051010,151.58
2026051011,97.74
2026051011,109.26
2026051011,164.63
2026051011,138.43
2026051012,149.07
2026051012,155.04
2026051012,165.58
2026051012,148.12
2026051013,143.51
2026051013,104.31
2026051013,71.6
2026051013,76.55
2026051014,82.53
2026051014,123.68
2026051014,148.26
2026051014,116.44
2026051015,111.58
2026051015,137.97
2026051015,121.25
2026051015,104.65
2026051016,90.35
2026051016,77.23
2026051016,64.33
2026051016,51.8
2026051017,40.27
2026051017,30.09
2026051017,21.25
2026051017,14.42
2026051018,9.96
2026051018,7.34
2026051018,5.7
2026051018,3.86
2026051019,2.25
2026051019,0.23
2026051019,0.0
2026051019,-0.0001
2026051020,-0.0001
2026051020,-0.0001
2026051020,-0.0001
2026051020,-0.0001
2026051021,-0.0001
2026051021,-0.0001
2026051021,-0.0001
2026051021,-0.0001
2026051022,-0.0001
2026051022,-0.0001
2026051022,-0.0001
2026051022,-0.0001
2026051023,-0.0001
2026051023,-0.0001
2026051023,-0.0001
2026051023,-0.0001
2026051100,0.0
2026051100,-0.0001
2026051100,-0.0001
2026051100,-0.0001
2026051101,-0.0001
2026051101,-0.0001
2026051101,-0.0001
2026051101,-0.0001
2026051102,-0.0001
2026051102,-0.0001
2026051102,-0.0001
2026051102,-0.0001
2026051103,0.06
2026051103,1.45
2026051103,3.96
2026051103,6.17
2026051104,8.0
2026051104,9.68
2026051104,14.36
2026051104,21.19
2026051105,27.25
2026051105,37.85
2026051105,44.72
2026051105,53.58
2026051106,69.85
2026051106,81.53
2026051106,71.35
2026051106,76.43
2026051107,72.54
2026051107,67.79
2026051107,90.6
2026051107,89.29
2026051108,103.8
2026051108,139.65
2026051108,165.81
2026051108,168.54
2026051109,169.15
2026051109,174.24
2026051109,153.04
2026051109,109.22
2026051110,90.17
2026051110,76.07
2026051110,81.53
2026051110,85.24
2026051111,98.66
2026051111,109.31
2026051111,107.39
2026051111,124.66
2026051112,108.75
2026051112,102.6
2026051112,105.91
2026051112,103.16
2026051113,113.3
2026051113,90.31
2026051113,82.15
2026051113,131.74
2026051114,142.95
2026051114,107.81
2026051114,126.76
2026051114,76.88
2026051115,40.54
2026051115,31.74
2026051115,37.69
2026051115,38.57
2026051116,33.83
2026051116,32.06
2026051116,34.2
2026051116,24.38
2026051117,14.35
2026051117,7.85
2026051117,4.07
2026051117,1.21
2026051118,2.51
2026051118,1.68
2026051118,0.01
2026051118,0.0
2026051119,-0.0001
2026051119,-0.0001
2026051119,-0.0001
2026051119,-0.0001
2026051120,-0.0001
2026051120,-0.0001
2026051120,-0.0001
2026051120,-0.0001
2026051121,-0.0001
2026051121,-0.0001
2026051121,-0.0001
2026051121,-0.0001
2026051122,-0.0001
2026051122,-0.0001
2026051122,-0.0001
2026051122,-0.0001
2026051123,-0.0001
2026051123,-0.0001
2026051123,-0.0001
2026051123,-0.0001
2026051200,0.0
2026051200,-0.0001
2026051200,-0.0001
2026051200,-0.0001
2026051201,-0.0001
2026051201,-0.0001
2026051201,-0.0001
2026051201,-0.0001
2026051202,-0.0001
2026051202,-0.0001
2026051202,-0.0001
2026051202,-0.0001
2026051203,0.14
2026051203,2.15
2026051203,3.4
2026051203,5.49
2026051204,6.49
2026051204,6.77
2026051204,12.65
2026051204,18.3
2026051205,26.54
2026051205,36.71
2026051205,48.14
2026051205,60.63
2026051206,73.52
2026051206,86.44
2026051206,98.86
2026051206,111.18
2026051207,123.09
2026051207,134.79
2026051207,143.14
2026051207,122.16
2026051208,121.45
2026051208,133.37
2026051208,156.05
2026051208,76.37
2026051209,140.67
2026051209,183.45
2026051209,77.44
2026051209,23.21
2026051210,50.68
2026051210,126.75
2026051210,96.89
2026051210,105.74
2026051211,98.33
2026051211,19.76
2026051211,20.77
2026051211,52.81
2026051212,86.02
2026051212,83.62
2026051212,67.47
2026051212,76.5
2026051213,91.83
2026051213,106.06
2026051213,96.93
2026051213,22.49
2026051214,69.49
2026051214,94.8
2026051214,109.86
2026051214,153.31
2026051215,71.01
2026051215,66.11
2026051215,96.26
2026051215,70.01
2026051216,79.36
2026051216,35.21
2026051216,24.65
2026051216,29.18
2026051217,23.61
2026051217,22.5
2026051217,19.53
2026051217,15.79
2026051218,11.74
2026051218,8.18
2026051218,6.15
2026051218,4.38
2026051219,2.47
2026051219,0.42
2026051219,0.0
2026051219,-0.0001
2026051220,-0.0001
2026051220,-0.0001
2026051220,-0.0001
2026051220,-0.0001
2026051221,-0.0001
2026051221,-0.0001
2026051221,-0.0001
2026051221,-0.0001
2026051222,-0.0001
2026051222,-0.0001
2026051222,-0.0001
2026051222,-0.0001
2026051223,-0.0001
2026051223,-0.0001
2026051223,-0.0001
2026051223,-0.0001
2026051300,0.0
2026051300,-0.0001
2026051300,-0.0001
2026051300,-0.0001
2026051301,-0.0001
2026051301,-0.0001
2026051301,-0.0001
2026051301,-0.0001
2026051302,-0.0001
2026051302,-0.0001
2026051302,-0.0001
2026051302,-0.0001
2026051303,-0.0001
2026051303,-0.0001
2026051303,-0.0001
2026051303,-0.0001
2026051304,1.38
2026051304,4.44
2026051304,6.34
2026051304,-0.0001
2026051305,11.88
2026051305,20.29
2026051305,19.22
2026051305,24.77
2026051306,22.65
2026051306,17.84
2026051306,19.24
2026051306,28.12
2026051307,40.92
2026051307,36.61
2026051307,21.75
2026051307,19.99
2026051308,22.08
2026051308,34.23
2026051308,37.86
2026051308,54.24
2026051309,55.1
2026051309,58.17
2026051309,112.22
2026051309,137.5
2026051310,149.62
2026051310,165.18
2026051310,159.63
2026051310,102.25
2026051311,13.76
2026051311,10.26
2026051311,23.28
2026051311,58.31
2026051312,152.64
2026051312,99.31
2026051312,76.82
2026051312,25.04
2026051313,48.83
2026051313,67.97
2026051313,145.39
2026051313,190.61
2026051314,186.58
2026051314,177.65
2026051314,146.73
2026051314,97.97
2026051315,91.01
2026051315,63.47
2026051315,61.58
2026051315,46.8
2026051316,40.02
2026051316,25.68
2026051316,11.48
2026051316,30.53
2026051317,23.12
2026051317,33.27
2026051317,31.71
2026051317,22.55
2026051318,12.17
2026051318,8.56
2026051318,6.58
2026051318,4.85
2026051319,2.99
2026051319,0.52
2026051319,0.0
2026051319,-0.0001
2026051320,-0.0001
2026051320,-0.0001
2026051320,-0.0001
2026051320,-0.0001
2026051321,-0.0001
2026051321,-0.0001
2026051321,-0.0001
2026051321,-0.0001
2026051322,-0.0001
2026051322,-0.0001
2026051322,-0.0001
2026051322,-0.0001
2026051323,-0.0001
2026051323,-0.0001
2026051323,-0.0001
2026051323,-0.0001
2026051400,0.0
2026051400,-0.0001
2026051400,-0.0001
2026051400,-0.0001
2026051401,-0.0001
2026051401,-0.0001
2026051401,-0.0001
2026051401,-0.0001
2026051402,-0.0001
2026051402,-0.0001
2026051402,-0.0001
2026051402,-0.0001
2026051403,0.03
2026051403,1.67
2026051403,3.59
2026051403,5.04
2026051404,6.74
2026051404,9.63
2026051404,13.91
2026051404,20.37
2026051405,29.9
2026051405,41.21
2026051405,40.44
2026051405,51.2
2026051406,61.73
2026051406,62.15
2026051406,78.73
2026051406,112.47
2026051407,97.49
2026051407,40.16
2026051407,81.99
2026051407,80.31
2026051408,152.6
2026051408,171.87
2026051408,183.37
2026051408,71.72
2026051409,180.23
2026051409,196.72
2026051409,198.82
2026051409,196.01
2026051410,121.51
2026051410,48.2
2026051410,52.72
2026051410,39.0
2026051411,166.5
2026051411,153.72
2026051411,68.4
2026051411,36.25
2026051412,108.43
2026051412,161.29
2026051412,61.4
2026051412,42.62
2026051413,21.81
2026051413,64.38
2026051413,35.09
2026051413,18.91
2026051414,119.97
2026051414,67.88
2026051414,105.38
2026051414,91.73
2026051415,120.48
2026051415,73.66
2026051415,103.39
2026051415,77.43
2026051416,59.64
2026051416,97.38
2026051416,66.26
2026051416,35.87
2026051417,30.04
2026051417,36.74
2026051417,23.79
2026051417,12.38
2026051418,12.18
2026051418,5.61
2026051418,3.64
2026051418,2.37
2026051419,1.2
2026051419,0.13
2026051419,0.0
2026051419,-0.0001
2026051420,-0.0001
2026051420,-0.0001
2026051420,-0.0001
2026051420,-0.0001
2026051421,-0.0001
2026051421,-0.0001
2026051421,-0.0001
2026051421,-0.0001
2026051422,-0.0001
2026051422,-0.0001
2026051422,-0.0001
2026051422,-0.0001
2026051423,-0.0001
2026051423,-0.0001
2026051423,-0.0001
2026051423,-0.0001
2026051500,0.0
2026051500,-0.0001
2026051500,-0.0001
2026051500,-0.0001
2026051501,-0.0001
2026051501,-0.0001
2026051501,-0.0001
2026051501,-0.0001
2026051502,-0.0001
2026051502,-0.0001
2026051502,-0.0001
2026051502,-0.0001
2026051503,0.11
2026051503,1.54
2026051503,3.58
2026051503,3.97
2026051504,5.84
2026051504,9.98
2026051504,17.92
2026051504,26.7
2026051505,45.62
2026051505,52.44
2026051505,80.23
2026051505,32.93
2026051506,44.71
2026051506,47.21
2026051506,71.68
2026051506,147.96
2026051507,109.32
2026051507,51.95
2026051507,32.64
2026051507,84.43
2026051508,125.87
2026051508,24.84
2026051508,38.09
2026051508,175.32
2026051509,90.55
2026051509,186.42
2026051509,188.26
2026051509,153.57
2026051510,121.56
2026051510,65.62
2026051510,65.25
2026051510,56.74
2026051511,139.24
2026051511,124.52
2026051511,66.83
2026051511,73.92
2026051512,98.76
2026051512,132.91
2026051512,96.84
2026051512,143.38
2026051513,73.05
2026051513,132.81
2026051513,123.42
2026051513,116.12
2026051514,99.25
2026051514,91.28
2026051514,92.54
2026051514,87.33
2026051515,50.95
2026051515,63.61
2026051515,42.18
2026051515,49.56
2026051516,43.02
2026051516,38.13
2026051516,41.54
2026051516,19.58
2026051517,13.09
2026051517,9.03
2026051517,8.97
2026051517,11.59
2026051518,7.95
2026051518,3.46
2026051518,3.47
2026051518,0.79
2026051519,1.08
2026051519,0.32
2026051519,0.0
2026051519,-0.0001
2026051520,-0.0001
2026051520,-0.0001
2026051520,-0.0001
2026051520,-0.0001
2026051521,-0.0001
2026051521,-0.0001
2026051521,-0.0001
2026051521,-0.0001
2026051522,-0.0001
2026051522,-0.0001
2026051522,-0.0001
2026051522,-0.0001
2026051523,-0.0001
2026051523,-0.0001
2026051523,-0.0001
2026051523,-0.0001
2026051600,0.0
2026051600,-0.0001
2026051600,-0.0001
2026051600,-0.0001
2026051601,-0.0001
2026051601,-0.0001
2026051601,-0.0001
2026051601,-0.0001
2026051602,-0.0001
2026051602,-0.0001
2026051602,-0.0001
2026051602,-0.0001
2026051603,0.77
2026051603,4.3
2026051603,-0.0001
2026051603,-0.0001
2026051604,3.31
2026051604,4.4
2026051604,8.11
2026051604,8.03
2026051605,12.77
2026051605,26.76
2026051605,30.57
2026051605,42.1
2026051606,28.91
2026051606,46.97
2026051606,51.44
2026051606,71.51
2026051607,73.71
2026051607,33.77
2026051607,26.94
2026051607,17.36
2026051608,20.06
2026051608,72.66
2026051608,110.07
2026051608,100.77
2026051609,67.38
2026051609,73.66
2026051609,73.53
2026051609,85.41
2026051610,66.89
2026051610,49.87
2026051610,76.59
2026051610,88.45
2026051611,54.66
2026051611,95.3
2026051611,128.4
2026051611,104.54
2026051612,119.97
2026051612,137.45
2026051612,134.82
2026051612,116.94
2026051613,129.61
2026051613,119.13
2026051613,133.81
2026051613,135.13
2026051614,38.45
2026051614,17.96
2026051614,41.34
2026051614,61.08
2026051615,95.69
2026051615,75.56
2026051615,52.68
2026051615,74.33
2026051616,40.38
2026051616,31.53
2026051616,28.65
2026051616,18.08
2026051617,16.27
2026051617,12.97
2026051617,10.96
2026051617,11.42
2026051618,11.52
2026051618,9.69
2026051618,9.02
2026051618,4.26
2026051619,4.44
2026051619,1.29
2026051619,0.0
2026051619,-0.0001
2026051620,-0.0001
2026051620,-0.0001
2026051620,-0.0001
2026051620,-0.0001
2026051621,-0.0001
2026051621,-0.0001
2026051621,-0.0001
2026051621,-0.0001
2026051622,-0.0001
2026051622,-0.0001
2026051622,-0.0001
2026051622,-0.0001
2026051623,-0.0001
2026051623,-0.0001
2026051623,-0.0001
2026051623,-0.0001
2026051700,0.0
2026051700,-0.0001
2026051700,-0.0001
2026051700,-0.0001
2026051701,-0.0001
2026051701,-0.0001
2026051701,-0.0001
2026051701,-0.0001
2026051702,-0.0001
2026051702,-0.0001
2026051702,-0.0001
2026051702,-0.0001
2026051703,0.18
2026051703,2.22
2026051703,3.74
2026051703,7.28
2026051704,8.9
2026051704,9.95
2026051704,14.01
2026051704,21.07
2026051705,29.87
2026051705,40.76
2026051705,52.59
2026051705,65.05
2026051706,77.61
2026051706,90.27
2026051706,101.37
2026051706,106.07
2026051707,103.51
2026051707,132.31
2026051707,151.16
2026051707,130.67
2026051708,135.15
2026051708,118.49
2026051708,130.7
2026051708,123.12
2026051709,109.22
2026051709,60.2
2026051709,83.4
2026051709,95.59
2026051710,81.24
2026051710,128.28
2026051710,140.45
2026051710,148.27
2026051711,155.18
2026051711,139.87
2026051711,113.79
2026051711,113.52
2026051712,134.58
2026051712,116.13
2026051712,51.69
2026051712,40.2
2026051713,43.48
2026051713,41.76
2026051713,82.52
2026051713,98.41
2026051714,72.25
2026051714,49.34
2026051714,28.03
2026051714,28.6
2026051715,31.43
2026051715,15.82
2026051715,10.73
2026051715,20.92
2026051716,36.9
2026051716,16.88
2026051716,14.35
2026051716,17.23
2026051717,10.99
2026051717,7.54
2026051717,10.94
2026051717,11.93
2026051718,10.1
2026051718,8.22
2026051718,6.48
2026051718,4.58
2026051719,2.93
2026051719,0.74
2026051719,0.0
2026051719,-0.0001
2026051720,-0.0001
2026051720,-0.0001
2026051720,-0.0001
2026051720,-0.0001
2026051721,-0.0001
2026051721,-0.0001
2026051721,-0.0001
2026051721,-0.0001
2026051722,-0.0001
2026051722,-0.0001
2026051722,-0.0001
2026051722,-0.0001
2026051723,-0.0001
2026051723,-0.0001
2026051723,-0.0001
2026051723,-0.0001
2026051800,0.0
2026051800,-0.0001
2026051800,-0.0001
2026051800,-0.0001
2026051801,-0.0001
2026051801,-0.0001
2026051801,-0.0001
2026051801,-0.0001
2026051802,-0.0001
2026051802,-0.0001
2026051802,-0.0001
2026051802,-0.0001
2026051803,0.8
2026051803,0.89
2026051803,2.81
2026051803,-0.0001
2026051804,5.68
2026051804,6.06
2026051804,9.05
2026051804,12.34
2026051805,13.54
2026051805,15.09
2026051805,21.32
2026051805,30.07
2026051806,37.42
2026051806,43.69
2026051806,49.37
2026051806,56.06
2026051807,62.31
2026051807,67.01
2026051807,74.19
2026051807,66.51
2026051808,73.48
2026051808,93.05
2026051808,88.22
2026051808,128.22
2026051809,167.62
2026051809,193.34
2026051809,189.28
2026051809,155.86
2026051810,126.04
2026051810,196.91
2026051810,168.49
2026051810,119.21
2026051811,97.84
2026051811,87.88
2026051811,52.2
2026051811,42.63
2026051812,32.59
2026051812,44.39
2026051812,88.87
2026051812,103.91
2026051813,86.13
2026051813,54.2
2026051813,44.69
2026051813,25.47
2026051814,29.01
2026051814,35.78
2026051814,44.41
2026051814,31.02
2026051815,8.33
2026051815,7.6
2026051815,7.62
2026051815,10.64
2026051816,15.96
2026051816,11.69
2026051816,8.84
2026051816,10.99
2026051817,16.15
2026051817,12.49
2026051817,13.59
2026051817,15.19
2026051818,13.48
2026051818,4.21
2026051818,0.53
2026051818,0.0
2026051819,-0.0001
2026051819,-0.0001
2026051819,-0.0001
2026051819,-0.0001
2026051820,-0.0001
2026051820,-0.0001
2026051820,-0.0001
2026051820,-0.0001
2026051821,-0.0001
2026051821,-0.0001
2026051821,-0.0001
2026051821,-0.0001
2026051822,-0.0001
2026051822,-0.0001
2026051822,-0.0001
2026051822,-0.0001
2026051823,-0.0001
2026051823,-0.0001
2026051823,-0.0001
2026051823,-0.0001
2026051900,0.0
2026051900,-0.0001
2026051900,-0.0001
2026051900,-0.0001
2026051901,-0.0001
2026051901,-0.0001
2026051901,-0.0001
2026051901,-0.0001
2026051902,-0.0001
2026051902,-0.0001
2026051902,-0.0001
2026051902,-0.0001
2026051903,0.28
2026051903,2.25
2026051903,6.66
2026051903,-0.0001
2026051904,11.82
2026051904,8.77
2026051904,6.1
2026051904,9.72
2026051905,12.1
2026051905,9.96
2026051905,14.29
2026051905,31.95
2026051906,41.89
2026051906,53.22
2026051906,81.96
2026051906,91.27
2026051907,54.14
2026051907,82.1
2026051907,70.27
2026051907,61.28
2026051908,73.46
2026051908,80.12
2026051908,102.65
2026051908,101.55
2026051909,92.78
2026051909,91.39
2026051909,74.51
2026051909,46.02
2026051910,39.01
2026051910,35.07
2026051910,39.1
2026051910,51.1
2026051911,73.7
2026051911,45.13
2026051911,33.77
2026051911,41.74
2026051912,72.99
2026051912,131.19
2026051912,177.11
2026051912,129.91
2026051913,42.4
2026051913,69.0
2026051913,99.08
2026051913,112.44
2026051914,86.76
2026051914,78.71
2026051914,58.51
2026051914,62.34
2026051915,52.82
2026051915,66.17
2026051915,64.88
2026051915,75.49
2026051916,86.46
2026051916,73.6
2026051916,35.66
2026051916,34.65
2026051917,30.4
2026051917,28.31
2026051917,23.61
2026051917,27.78
2026051918,22.08
2026051918,14.83
2026051918,9.36
2026051918,5.94
2026051919,2.98
2026051919,1.2
2026051919,0.01
2026051919,0.0
2026051920,-0.0001
2026051920,-0.0001
2026051920,-0.0001
2026051920,-0.0001
2026051921,-0.0001
2026051921,-0.0001
2026051921,-0.0001
2026051921,-0.0001
2026051922,-0.0001
2026051922,-0.0001
2026051922,-0.0001
2026051922,-0.0001
2026051923,-0.0001
2026051923,-0.0001
2026051923,-0.0001
2026051923,-0.0001
2026052000,0.0
2026052000,-0.0001
2026052000,-0.0001
2026052000,-0.0001
2026052001,-0.0001
2026052001,-0.0001
2026052001,-0.0001
2026052001,-0.0001
2026052002,-0.0001
2026052002,-0.0001
2026052002,-0.0001
2026052002,-0.0001
2026052003,0.5
2026052003,0.92
2026052003,1.04
2026052003,2.67
2026052004,4.26
2026052004,5.16
2026052004,6.67
2026052004,12.02
2026052005,14.85
2026052005,11.56
2026052005,24.46
2026052005,14.85
2026052006,13.1
2026052006,23.13
2026052006,18.93
2026052006,22.7
2026052007,14.98
2026052007,15.44
2026052007,22.59
2026052007,25.11
2026052008,32.04
2026052008,26.58
2026052008,19.18
2026052008,23.32
2026052009,33.4
2026052009,37.91
2026052009,34.3
2026052009,40.41
2026052010,41.01
2026052010,19.21
2026052010,9.33
2026052010,23.1
2026052011,43.1
2026052011,29.57
2026052011,30.39
2026052011,34.39
2026052012,27.32
2026052012,24.15
2026052012,28.11
2026052012,61.55
2026052013,45.17
2026052013,26.47
2026052013,50.32
2026052013,53.84
2026052014,143.8
2026052014,76.15
2026052014,72.18
2026052014,79.12
2026052015,79.32
2026052015,66.33
2026052015,47.63
2026052015,71.05
2026052016,79.1
2026052016,59.56
2026052016,59.71
2026052016,35.24
2026052017,37.54
2026052017,23.79
2026052017,17.73
2026052017,12.26
2026052018,8.95
2026052018,8.6
2026052018,10.09
2026052018,5.93
2026052019,3.04
2026052019,0.2
2026052019,0.01
2026052019,0.0
2026052020,-0.0001
2026052020,-0.0001
2026052020,-0.0001
2026052020,-0.0001
2026052021,-0.0001
2026052021,-0.0001
2026052021,-0.0001
2026052021,-0.0001
2026052022,-0.0001
2026052022,-0.0001
2026052022,-0.0001
2026052022,-0.0001
2026052023,-0.0001
2026052023,-0.0001
2026052023,-0.0001
2026052023,-0.0001
2026052100,0.0
2026052100,-0.0001
2026052100,-0.0001
2026052100,-0.0001
2026052101,-0.0001
2026052101,-0.0001
2026052101,-0.0001
2026052101,-0.0001
2026052102,-0.0001
2026052102,-0.0001
2026052102,-0.0001
2026052102,-0.0001
2026052103,0.19
2026052103,2.44
2026052103,4.86
2026052103,5.51
2026052104,8.75
2026052104,14.43
2026052104,16.73
2026052104,17.5
2026052105,27.68
2026052105,33.56
2026052105,51.32
2026052105,71.97
2026052106,80.37
2026052106,87.04
2026052106,105.58
2026052106,115.58
2026052107,99.39
2026052107,111.11
2026052107,135.52
2026052107,115.45
2026052108,145.7
2026052108,167.57
2026052108,-0.0001
2026052108,-0.0001
2026052109,-0.0001
2026052109,-0.0001
2026052109,-0.0001
2026052109,-0.0001
2026052110,-0.0001
2026052110,-0.0001
2026052110,-0.0001
2026052110,-0.0001
2026052111,-0.0001
2026052111,-0.0001
2026052111,-0.0001
2026052111,-0.0001
2026052112,-0.0001
2026052112,-0.0001
2026052112,-0.0001
2026052112,-0.0001
2026052113,-0.0001
2026052113,-0.0001
2026052113,-0.0001
2026052113,-0.0001
2026052114,-0.0001
2026052114,-0.0001
2026052114,-0.0001
2026052114,-0.0001
2026052115,-0.0001
2026052115,-0.0001
2026052115,-0.0001
2026052115,-0.0001
2026052116,-0.0001
2026052116,-0.0001
2026052116,-0.0001
2026052116,-0.0001
2026052117,-0.0001
2026052117,-0.0001
2026052117,-0.0001
2026052117,-0.0001
2026052118,-0.0001
2026052118,-0.0001
2026052118,-0.0001
2026052118,-0.0001
2026052119,-0.0001
2026052119,-0.0001
2026052119,-0.0001
2026052119,-0.0001
2026052120,-0.0001
2026052120,-0.0001
2026052120,-0.0001
2026052120,-0.0001
2026052121,-0.0001
2026052121,-0.0001
2026052121,-0.0001
2026052121,-0.0001
2026052122,-0.0001
2026052122,-0.0001
2026052122,-0.0001
2026052122,-0.0001
2026052123,-0.0001
2026052123,-0.0001
2026052123,-0.0001
2026052123,-0.0001
2026052200,0.0
2026052200,-0.0001
2026052200,-0.0001
2026052200,-0.0001
2026052201,-0.0001
2026052201,-0.0001
2026052201,-0.0001
2026052201,-0.0001
2026052202,-0.0001
2026052202,-0.0001
2026052202,-0.0001
2026052202,-0.0001
2026052203,0.46
2026052203,1.72
2026052203,3.45
2026052203,-0.0001
2026052204,3.78
2026052204,4.47
2026052204,5.92
2026052204,6.85
2026052205,9.43
2026052205,12.2
2026052205,15.62
2026052205,18.06
2026052206,20.47
2026052206,21.23
2026052206,36.89
2026052206,51.04
2026052207,40.69
2026052207,44.68
2026052207,44.29
2026052207,41.74
2026052208,55.91
2026052208,32.52
2026052208,52.38
2026052208,73.14
2026052209,71.61
2026052209,93.45
2026052209,84.14
2026052209,106.97
2026052210,97.99
2026052210,103.92
2026052210,138.99
2026052210,128.86
2026052211,112.17
2026052211,138.93
2026052211,153.07
2026052211,105.99
2026052212,70.88
2026052212,54.36
2026052212,49.21
2026052212,74.12
2026052213,83.78
2026052213,90.15
2026052213,76.46
2026052213,135.29
2026052214,61.89
2026052214,62.32
2026052214,47.03
2026052214,57.03
2026052215,51.97
2026052215,64.37
2026052215,103.03
2026052215,83.18
2026052216,64.52
2026052216,81.5
2026052216,69.49
2026052216,58.96
2026052217,46.7
2026052217,35.44
2026052217,26.06
2026052217,18.88
2026052218,12.63
2026052218,8.69
2026052218,7.04
2026052218,6.58
2026052219,4.5
2026052219,2.19
2026052219,0.16
2026052219,0.0
2026052220,-0.0001
2026052220,-0.0001
2026052220,-0.0001
2026052220,-0.0001
2026052221,-0.0001
2026052221,-0.0001
2026052221,-0.0001
2026052221,-0.0001
2026052222,-0.0001
2026052222,-0.0001
2026052222,-0.0001
2026052222,-0.0001
2026052223,-0.0001
2026052223,-0.0001
2026052223,-0.0001
2026052223,-0.0001
2026052300,0.0
2026052300,-0.0001
2026052300,-0.0001
2026052300,-0.0001
2026052301,-0.0001
2026052301,-0.0001
2026052301,-0.0001
2026052301,-0.0001
2026052302,-0.0001
2026052302,-0.0001
2026052302,-0.0001
2026052302,-0.0001
2026052303,-0.0001
2026052303,-0.0001
2026052303,-0.0001
2026052303,-0.0001
2026052304,-0.0001
2026052304,-0.0001
2026052304,-0.0001
2026052304,-0.0001
2026052305,39.76
2026052305,60.8
2026052305,-0.0001
2026052305,-0.0001
2026052306,70.18
2026052306,86.99
2026052306,98.63
2026052306,107.56
2026052307,120.23
2026052307,139.39
2026052307,159.99
2026052307,114.29
2026052308,19.26
2026052308,0.0
2026052308,-0.0001
2026052308,-0.0001
2026052309,-0.0001
2026052309,-0.0001
2026052309,-0.0001
2026052309,-0.0001
2026052310,0.01
2026052310,0.0
2026052310,0.02
2026052310,-0.0001
2026052311,0.0
2026052311,-0.0001
2026052311,-0.0001
2026052311,-0.0001
2026052312,-0.0001
2026052312,-0.0001
2026052312,-0.0001
2026052312,-0.0001
2026052313,-0.0001
2026052313,-0.0001
2026052313,-0.0001
2026052313,-0.0001
2026052314,12.32
2026052314,147.06
2026052314,139.44
2026052314,-0.0001
2026052315,130.53
2026052315,100.36
2026052315,99.33
2026052315,104.71
2026052316,81.83
2026052316,72.13
2026052316,66.79
2026052316,51.51
2026052317,41.44
2026052317,36.13
2026052317,27.52
2026052317,18.44
2026052318,16.3
2026052318,13.95
2026052318,7.99
2026052318,6.77
2026052319,4.85
2026052319,2.7
2026052319,0.45
2026052319,0.0
2026052320,-0.0001
2026052320,-0.0001
2026052320,-0.0001
2026052320,-0.0001
2026052321,-0.0001
2026052321,-0.0001
2026052321,-0.0001
2026052321,-0.0001
2026052322,-0.0001
2026052322,-0.0001
2026052322,-0.0001
2026052322,-0.0001
2026052323,-0.0001
2026052323,-0.0001
2026052323,-0.0001
2026052323,-0.0001
2026052400,0.0
2026052400,-0.0001
2026052400,-0.0001
2026052400,-0.0001
2026052401,-0.0001
2026052401,-0.0001
2026052401,-0.0001
2026052401,-0.0001
2026052402,0.24
2026052402,-0.0001
2026052402,-0.0001
2026052402,-0.0001
2026052403,2.68
2026052403,7.77
2026052403,11.58
2026052403,15.73
2026052404,16.6
2026052404,15.2
2026052404,18.29
2026052404,21.88
2026052405,18.15
2026052405,19.65
2026052405,30.29
2026052405,54.16
2026052406,76.48
2026052406,97.63
2026052406,110.66
2026052406,103.28
2026052407,117.8
2026052407,117.87
2026052407,26.21
2026052407,0.0
2026052408,-0.0001
2026052408,-0.0001
2026052408,-0.0001
2026052408,-0.0001
2026052409,-0.0001
2026052409,-0.0001
2026052409,-0.0001
2026052409,-0.0001
2026052410,-0.0001
2026052410,-0.0001
2026052410,-0.0001
2026052410,-0.0001
2026052411,-0.0001
2026052411,-0.0001
2026052411,-0.0001
2026052411,-0.0001
2026052412,-0.0001
2026052412,-0.0001
2026052412,-0.0001
2026052412,-0.0001
2026052413,-0.0001
2026052413,-0.0001
2026052413,-0.0001
2026052413,-0.0001
2026052414,-0.0001
2026052414,-0.0001
2026052414,-0.0001
2026052414,-0.0001
2026052415,12.14
2026052415,126.36
2026052415,117.29
2026052415,101.75
2026052416,84.08
2026052416,78.5
2026052416,65.73
2026052416,59.22
2026052417,47.67
2026052417,36.73
2026052417,26.8
2026052417,20.18
2026052418,14.35
2026052418,10.75
2026052418,8.31
2026052418,5.97
2026052419,4.17
2026052419,2.49
2026052419,1.01
2026052419,0.06
2026052420,0.0
2026052420,-0.0001
2026052420,-0.0001
2026052420,-0.0001
2026052421,-0.0001
2026052421,-0.0001
2026052421,-0.0001
2026052421,-0.0001
2026052422,-0.0001
2026052422,-0.0001
2026052422,-0.0001
2026052422,-0.0001
2026052423,-0.0001
2026052423,-0.0001
2026052423,-0.0001
2026052423,-0.0001
2026052500,0.0
2026052500,-0.0001
2026052500,-0.0001
2026052500,-0.0001
2026052501,-0.0001
2026052501,-0.0001
2026052501,-0.0001
2026052501,-0.0001
2026052502,0.03
2026052502,-0.0001
2026052502,-0.0001
2026052502,-0.0001
2026052503,0.66
2026052503,2.26
2026052503,4.68
2026052503,7.87
2026052504,11.3
2026052504,15.22
2026052504,18.7
2026052504,24.1
2026052505,32.85
2026052505,43.05
2026052505,54.29
2026052505,66.26
2026052506,78.47
2026052506,90.18
2026052506,101.96
2026052506,113.42
2026052507,124.68
2026052507,136.18
2026052507,146.2
2026052507,155.73
2026052508,164.53
2026052508,33.1
2026052508,0.0
2026052508,-0.0001
2026052509,-0.0001
2026052509,-0.0001
2026052509,-0.0001
2026052509,-0.0001
2026052510,-0.0001
2026052510,-0.0001
2026052510,-0.0001
2026052510,-0.0001
2026052511,0.02
2026052511,0.0
2026052511,-0.0001
2026052511,-0.0001
2026052512,-0.0001
2026052512,-0.0001
2026052512,-0.0001
2026052512,-0.0001
2026052513,-0.0001
2026052513,-0.0001
2026052513,-0.0001
2026052513,-0.0001
2026052514,0.03
2026052514,16.29
2026052514,-0.0001
2026052514,-0.0001
2026052515,138.47
2026052515,127.58
2026052515,116.21
2026052515,105.78
2026052516,94.34
2026052516,82.32
2026052516,70.72
2026052516,59.23
2026052517,47.85
2026052517,37.28
2026052517,28.4
2026052517,20.78
2026052518,15.16
2026052518,11.37
2026052518,8.89
2026052518,6.5
2026052519,4.3
2026052519,2.51
2026052519,0.92
2026052519,0.05
2026052520,0.0
2026052520,-0.0001
2026052520,-0.0001
2026052520,-0.0001
2026052521,-0.0001
2026052521,-0.0001
2026052521,-0.0001
2026052521,-0.0001
2026052522,-0.0001
2026052522,-0.0001
2026052522,-0.0001
2026052522,-0.0001
2026052523,-0.0001
2026052523,-0.0001
2026052523,-0.0001
2026052523,-0.0001
2026052600,0.0
2026052600,-0.0001
2026052600,-0.0001
2026052600,-0.0001
2026052601,-0.0001
2026052601,-0.0001
2026052601,-0.0001
2026052601,-0.0001
2026052602,0.06
2026052602,-0.0001
2026052602,-0.0001
2026052602,-0.0001
2026052603,1.32
2026052603,3.54
2026052603,5.69
2026052603,8.08
2026052604,10.84
2026052604,14.06
2026052604,18.8
2026052604,25.22
2026052605,32.96
2026052605,39.38
2026052605,53.04
2026052605,61.02
2026052606,75.34
2026052606,83.1
2026052606,96.49
2026052606,89.26
2026052607,105.62
2026052607,121.43
2026052607,130.38
2026052607,120.43
2026052608,140.03
2026052608,163.06
2026052608,170.51
2026052608,178.66
2026052609,132.42
2026052609,108.29
2026052609,150.55
2026052609,117.85
2026052610,29.23
2026052610,0.0
2026052610,-0.0001
2026052610,-0.0001
2026052611,-0.0001
2026052611,-0.0001
2026052611,-0.0001
2026052611,-0.0001
2026052612,-0.0001
2026052612,-0.0001
2026052612,-0.0001
2026052612,-0.0001
2026052613,18.34
2026052613,172.69
2026052613,-0.0001
2026052613,-0.0001
2026052614,167.87
2026052614,161.32
2026052614,151.66
2026052614,142.48
2026052615,132.49
2026052615,123.22
2026052615,113.67
2026052615,103.19
2026052616,92.17
2026052616,81.5
2026052616,69.86
2026052616,57.69
2026052617,48.06
2026052617,38.45
2026052617,29.06
2026052617,20.55
2026052618,14.09
2026052618,9.97
2026052618,8.0
2026052618,6.36
2026052619,4.4
2026052619,2.84
2026052619,1.28
2026052619,0.2
2026052620,0.0
2026052620,-0.0001
2026052620,-0.0001
2026052620,-0.0001
2026052621,-0.0001
2026052621,-0.0001
2026052621,-0.0001
2026052621,-0.0001
2026052622,-0.0001
2026052622,-0.0001
2026052622,-0.0001
2026052622,-0.0001
2026052623,-0.0001
2026052623,-0.0001
2026052623,-0.0001
2026052623,-0.0001
2026052700,0.0
2026052700,-0.0001
2026052700,-0.0001
2026052700,-0.0001
2026052701,-0.0001
2026052701,-0.0001
2026052701,-0.0001
2026052701,-0.0001
2026052702,0.55
2026052702,-0.0001
2026052702,-0.0001
2026052702,-0.0001
2026052703,2.34
2026052703,4.36
2026052703,6.03
2026052703,7.73
2026052704,10.1
2026052704,13.74
2026052704,19.28
2026052704,27.14
2026052705,38.34
2026052705,53.0
2026052705,60.92
2026052705,71.86
2026052706,84.63
2026052706,97.25
2026052706,108.89
2026052706,120.37
2026052707,131.5
2026052707,141.72
2026052707,152.39
2026052707,162.17
2026052708,171.16
2026052708,178.01
2026052708,186.23
2026052708,56.75
2026052709,197.5
2026052709,34.35
2026052709,0.38
2026052709,0.29
2026052710,0.06
2026052710,0.02
2026052710,0.0
2026052710,-0.0001
2026052711,-0.0001
2026052711,-0.0001
2026052711,-0.0001
2026052711,-0.0001
2026052712,-0.0001
2026052712,-0.0001
2026052712,-0.0001
2026052712,-0.0001
2026052713,0.2
2026052713,0.41
2026052713,0.34
2026052713,-0.0001
2026052714,0.16
2026052714,0.02
2026052714,15.48
2026052714,134.18
2026052715,144.45
2026052715,136.08
2026052715,124.08
2026052715,112.58
2026052716,101.19
2026052716,88.52
2026052716,75.89
2026052716,63.6
2026052717,51.88
2026052717,40.61
2026052717,31.02
2026052717,22.54
2026052718,16.2
2026052718,11.66
2026052718,8.83
2026052718,6.44
2026052719,5.35
2026052719,3.82
2026052719,1.92
2026052719,0.35
2026052720,0.0
2026052720,-0.0001
2026052720,-0.0001
2026052720,-0.0001
2026052721,-0.0001
2026052721,-0.0001
2026052721,-0.0001
2026052721,-0.0001
2026052722,-0.0001
2026052722,-0.0001
2026052722,-0.0001
2026052722,-0.0001
2026052723,-0.0001
2026052723,-0.0001
2026052723,-0.0001
2026052723,-0.0001
2026052800,0.0
2026052800,-0.0001
2026052800,-0.0001
2026052800,-0.0001
2026052801,-0.0001
2026052801,-0.0001
2026052801,-0.0001
2026052801,-0.0001
2026052802,0.34
2026052802,-0.0001
2026052802,-0.0001
2026052802,-0.0001
2026052803,1.81
2026052803,3.71
2026052803,5.53
2026052803,7.46
2026052804,9.8
2026052804,13.6
2026052804,19.19
2026052804,26.39
2026052805,35.82
2026052805,47.07
2026052805,58.89
2026052805,71.19
2026052806,84.17
2026052806,95.97
2026052806,107.11
2026052806,113.33
2026052807,129.38
2026052807,138.89
2026052807,144.13
2026052807,159.36
2026052808,168.56
2026052808,176.95
2026052808,184.38
2026052808,191.68
2026052809,195.39
2026052809,194.31
2026052809,199.78
2026052809,190.8
2026052810,199.1
2026052810,199.97
2026052810,35.5
2026052810,30.28
2026052811,199.86
2026052811,35.43
2026052811,0.01
2026052811,29.69
2026052812,199.75
2026052812,199.9
2026052812,198.95
2026052812,183.92
2026052813,199.35
2026052813,195.57
2026052813,189.38
2026052813,184.18
2026052814,172.96
2026052814,168.49
2026052814,159.75
2026052814,150.86
2026052815,141.15
2026052815,130.88
2026052815,119.9
2026052815,109.01
2026052816,97.92
2026052816,86.55
2026052816,74.48
2026052816,62.56
2026052817,50.74
2026052817,39.51
2026052817,29.08
2026052817,21.35
2026052818,15.02
2026052818,10.82
2026052818,8.45
2026052818,6.71
2026052819,5.39
2026052819,3.92
2026052819,2.18
2026052819,0.66
2026052820,0.0
2026052820,-0.0001
2026052820,-0.0001
2026052820,-0.0001
2026052821,-0.0001
2026052821,-0.0001
2026052821,-0.0001
2026052821,-0.0001
2026052822,-0.0001
2026052822,-0.0001
2026052822,-0.0001
2026052822,-0.0001
2026052823,-0.0001
2026052823,-0.0001
2026052823,-0.0001
2026052823,-0.0001
2026052900,0.0
2026052900,-0.0001
2026052900,-0.0001
2026052900,-0.0001
2026052901,-0.0001
2026052901,-0.0001
2026052901,-0.0001
2026052901,-0.0001
2026052902,0.5
2026052902,-0.0001
2026052902,-0.0001
2026052902,-0.0001
2026052903,2.33
2026052903,4.01
2026052903,6.14
2026052903,7.75
2026052904,9.72
2026052904,13.91
2026052904,19.98
2026052904,27.08
2026052905,36.33
2026052905,46.67
2026052905,58.03
2026052905,69.18
2026052906,80.89
2026052906,92.6
2026052906,103.78
2026052906,113.86
2026052907,129.13
2026052907,100.84
2026052907,107.2
2026052907,41.83
2026052908,21.5
2026052908,43.96
2026052908,94.53
2026052908,177.39
2026052909,177.12
2026052909,157.55
2026052909,120.0
2026052909,44.6
2026052910,133.1
2026052910,134.96
2026052910,31.67
2026052910,19.76
2026052911,197.95
2026052911,199.93
2026052911,199.89
2026052911,199.44
2026052912,34.55
2026052912,16.89
2026052912,187.9
2026052912,174.72
2026052913,123.05
2026052913,126.01
2026052913,160.8
2026052913,172.56
2026052914,151.02
2026052914,132.04
2026052914,154.4
2026052914,136.86
2026052915,93.86
2026052915,100.3
2026052915,86.98
2026052915,70.18
2026052916,85.0
2026052916,96.99
2026052916,74.48
2026052916,55.99
2026052917,34.17
2026052917,41.73
2026052917,28.05
2026052917,28.76
2026052918,18.63
2026052918,12.7
2026052918,9.7
2026052918,7.55
2026052919,6.1
2026052919,4.0
2026052919,2.06
2026052919,0.57
2026052920,0.0
2026052920,-0.0001
2026052920,-0.0001
2026052920,-0.0001
2026052921,-0.0001
2026052921,-0.0001
2026052921,-0.0001
2026052921,-0.0001
2026052922,-0.0001
2026052922,-0.0001
2026052922,-0.0001
2026052922,-0.0001
2026052923,-0.0001
2026052923,-0.0001
2026052923,-0.0001
2026052923,-0.0001
2026053000,0.0
2026053000,-0.0001
2026053000,-0.0001
2026053000,-0.0001
2026053001,-0.0001
2026053001,-0.0001
2026053001,-0.0001
2026053001,-0.0001
2026053002,0.11
2026053002,-0.0001
2026053002,-0.0001
2026053002,-0.0001
2026053003,1.49
2026053003,3.66
2026053003,6.67
2026053003,8.56
2026053004,11.44
2026053004,15.13
2026053004,19.47
2026053004,22.47
2026053005,29.83
2026053005,35.58
2026053005,36.17
2026053005,40.34
2026053006,53.79
2026053006,78.42
2026053006,51.64
2026053006,46.65
2026053007,45.61
2026053007,55.83
2026053007,74.59
2026053007,84.73
2026053008,99.55
2026053008,114.15
2026053008,123.94
2026053008,123.39
2026053009,117.95
2026053009,110.43
2026053009,27.18
2026053009,11.72
2026053010,138.59
2026053010,134.1
2026053010,150.61
2026053010,114.76
2026053011,16.04
2026053011,0.0
2026053011,-0.0001
2026053011,-0.0001
2026053012,6.62
2026053012,53.11
2026053012,-0.0001
2026053012,-0.0001
2026053013,53.13
2026053013,56.37
2026053013,86.89
2026053013,44.36
2026053014,69.34
2026053014,50.94
2026053014,45.69
2026053014,34.68
2026053015,35.14
2026053015,35.39
2026053015,40.37
2026053015,44.29
2026053016,40.65
2026053016,40.56
2026053016,28.63
2026053016,24.85
2026053017,23.23
2026053017,18.29
2026053017,13.78
2026053017,14.85
2026053018,13.26
2026053018,12.83
2026053018,11.3
2026053018,8.61
2026053019,6.32
2026053019,3.42
2026053019,0.63
2026053019,0.0
2026053020,-0.0001
2026053020,-0.0001
2026053020,-0.0001
2026053020,-0.0001
2026053021,-0.0001
2026053021,-0.0001
2026053021,-0.0001
2026053021,-0.0001
2026053022,-0.0001
2026053022,-0.0001
2026053022,-0.0001
2026053022,-0.0001
2026053023,-0.0001
2026053023,-0.0001
2026053023,-0.0001
2026053023,-0.0001
2026053100,0.0
2026053100,-0.0001
2026053100,-0.0001
2026053100,-0.0001
2026053101,-0.0001
2026053101,-0.0001
2026053101,-0.0001
2026053101,-0.0001
2026053102,-0.0001
2026053102,-0.0001
2026053102,-0.0001
2026053102,-0.0001
2026053103,0.93
2026053103,2.71
2026053103,4.12
2026053103,3.79
2026053104,3.14
2026053104,5.3
2026053104,8.22
2026053104,10.4
2026053105,12.05
2026053105,14.01
2026053105,16.25
2026053105,22.49
2026053106,22.92
2026053106,25.06
2026053106,27.33
2026053106,33.08
2026053107,36.44
2026053107,32.0
2026053107,24.21
2026053107,31.5
2026053108,36.02
2026053108,36.08
2026053108,26.71
2026053108,27.94
2026053109,29.54
2026053109,33.62
2026053109,27.4
2026053109,24.87
2026053110,32.79
2026053110,41.63
2026053110,32.15
2026053110,23.48
2026053111,31.15
2026053111,25.57
2026053111,20.8
2026053111,23.51
2026053112,32.1
2026053112,34.48
2026053112,37.93
2026053112,39.68
2026053113,29.23
2026053113,28.12
2026053113,30.85
2026053113,32.03
2026053114,29.76
2026053114,25.9
2026053114,23.37
2026053114,17.6
2026053115,21.65
2026053115,24.44
2026053115,24.05
2026053115,21.6
2026053116,14.33
2026053116,14.27
2026053116,17.68
2026053116,17.54
2026053117,17.88
2026053117,15.9
2026053117,16.03
2026053117,14.31
2026053118,15.08
2026053118,11.63
2026053118,8.16
2026053118,6.0
2026053119,4.35
2026053119,1.85
2026053119,0.0
2026053119,-0.0001
2026053120,-0.0001
2026053120,-0.0001
2026053120,-0.0001
2026053120,-0.0001
2026053121,-0.0001
2026053121,-0.0001
2026053121,-0.0001
2026053121,-0.0001
2026053122,-0.0001
2026053122,-0.0001
2026053122,-0.0001
2026053122,-0.0001
2026053123,-0.0001
2026053123,-0.0001
2026053123,-0.0001
2026053123,-0.0001
2026060100,0.0
2026060100,-0.0001
2026060100,-0.0001
2026060100,-0.0001
2026060101,-0.0001
2026060101,-0.0001
2026060101,-0.0001
2026060101,-0.0001
2026060102,0.13
2026060102,1.54
2026060102,-0.0001
2026060102,-0.0001
2026060103,4.09
2026060103,7.68
2026060103,8.5
2026060103,10.79
2026060104,14.67
2026060104,16.02
2026060104,13.51
2026060104,13.7
2026060105,13.34
2026060105,20.09
2026060105,35.96
2026060105,34.31
2026060106,45.99
2026060106,50.67
2026060106,59.8
2026060106,48.36
2026060107,75.87
2026060107,60.78
2026060107,68.68
2026060107,87.63
2026060108,104.94
2026060108,80.11
2026060108,84.99
2026060108,100.34
2026060109,115.29
2026060109,160.18
2026060109,143.04
2026060109,155.08
2026060110,130.11
2026060110,138.02
2026060110,172.02
2026060110,143.12
2026060111,107.62
2026060111,65.38
2026060111,26.26
2026060111,25.92
2026060112,52.61
2026060112,70.29
2026060112,64.74
2026060112,126.25
2026060113,141.91
2026060113,152.85
2026060113,188.71
2026060113,159.05
2026060114,173.04
2026060114,174.97
2026060114,161.81
2026060114,142.39
2026060115,141.5
2026060115,130.76
2026060115,110.11
2026060115,103.98
2026060116,99.12
2026060116,77.83
2026060116,56.48
2026060116,42.93
2026060117,42.5
2026060117,33.08
2026060117,29.19
2026060117,27.48
2026060118,19.13
2026060118,14.75
2026060118,12.02
2026060118,8.21
2026060119,6.12
2026060119,4.74
2026060119,2.38
2026060119,0.31
2026060120,0.0
2026060120,-0.0001
2026060120,-0.0001
2026060120,-0.0001
2026060121,-0.0001
2026060121,-0.0001
2026060121,-0.0001
2026060121,-0.0001
2026060122,-0.0001
2026060122,-0.0001
2026060122,-0.0001
2026060122,-0.0001
2026060123,-0.0001
2026060123,-0.0001
2026060123,-0.0001
2026060123,-0.0001
2026060200,0.0
2026060200,-0.0001
2026060200,-0.0001
2026060200,-0.0001
2026060201,-0.0001
2026060201,-0.0001
2026060201,-0.0001
2026060201,-0.0001
2026060202,0.13
2026060202,-0.0001
2026060202,-0.0001
2026060202,-0.0001
2026060203,1.91
2026060203,4.08
2026060203,6.07
2026060203,9.77
2026060204,11.2
2026060204,14.59
2026060204,13.57
2026060204,8.97
2026060205,11.04
2026060205,17.0
2026060205,26.5
2026060205,38.97
2026060206,52.6
2026060206,56.38
2026060206,96.87
2026060206,112.24
2026060207,46.64
2026060207,89.16
2026060207,83.28
2026060207,77.91
2026060208,77.17
2026060208,98.07
2026060208,109.54
2026060208,127.27
2026060209,169.79
2026060209,182.18
2026060209,192.01
2026060209,186.75
2026060210,191.72
2026060210,159.56
2026060210,148.9
2026060210,152.31
2026060211,147.63
2026060211,151.56
2026060211,153.38
2026060211,144.44
2026060212,133.3
2026060212,136.41
2026060212,121.69
2026060212,108.87
2026060213,113.22
2026060213,114.5
2026060213,101.83
2026060213,105.29
2026060214,115.13
2026060214,125.27
2026060214,112.39
2026060214,89.24
2026060215,80.52
2026060215,77.88
2026060215,70.84
2026060215,62.58
2026060216,55.59
2026060216,46.8
2026060216,35.87
2026060216,22.38
2026060217,16.49
2026060217,16.94
2026060217,13.24
2026060217,18.57
2026060218,17.85
2026060218,18.21
2026060218,16.95
2026060218,16.58
2026060219,9.75
2026060219,4.59
2026060219,1.86
2026060219,0.3
2026060220,0.0
2026060220,-0.0001
2026060220,-0.0001
2026060220,-0.0001
2026060221,-0.0001
2026060221,-0.0001
2026060221,-0.0001
2026060221,-0.0001
2026060222,-0.0001
2026060222,-0.0001
2026060222,-0.0001
2026060222,-0.0001
2026060223,-0.0001
2026060223,-0.0001
2026060223,-0.0001
2026060223,-0.0001
2026060300,0.0
2026060300,-0.0001
2026060300,-0.0001
2026060300,-0.0001
2026060301,-0.0001
2026060301,-0.0001
2026060301,-0.0001
2026060301,-0.0001
2026060302,0.33
2026060302,-0.0001
2026060302,-0.0001
2026060302,-0.0001
2026060303,0.72
2026060303,1.55
2026060303,2.37
2026060303,2.52
2026060304,3.74
2026060304,6.36
2026060304,4.62
2026060304,3.58
2026060305,11.81
2026060305,14.79
2026060305,16.73
2026060305,10.99
2026060306,6.78
2026060306,8.36
2026060306,12.52
2026060306,24.67
2026060307,44.87
2026060307,55.34
2026060307,48.22
2026060307,37.31
2026060308,36.19
2026060308,77.96
2026060308,59.53
2026060308,63.39
2026060309,92.46
2026060309,93.31
2026060309,111.85
2026060309,115.3
2026060310,124.07
2026060310,51.92
2026060310,96.27
2026060310,68.63
2026060311,80.75
2026060311,88.8
2026060311,94.02
2026060311,134.3
2026060312,110.37
2026060312,89.14
2026060312,154.72
2026060312,138.05
2026060313,143.33
2026060313,128.29
2026060313,84.04
2026060313,133.69
2026060314,114.17
2026060314,98.23
2026060314,91.14
2026060314,94.74
2026060315,70.17
2026060315,33.9
2026060315,30.82
2026060315,53.67
2026060316,75.7
2026060316,49.18
2026060316,71.63
2026060316,67.55
2026060317,50.36
2026060317,43.21
2026060317,27.45
2026060317,24.11
2026060318,21.37
2026060318,15.73
2026060318,13.97
2026060318,13.09
2026060319,8.87
2026060319,5.27
2026060319,2.51
2026060319,0.01
2026060320,0.0
2026060320,-0.0001
2026060320,-0.0001
2026060320,-0.0001
2026060321,-0.0001
2026060321,-0.0001
2026060321,-0.0001
2026060321,-0.0001
2026060322,-0.0001
2026060322,-0.0001
2026060322,-0.0001
2026060322,-0.0001
2026060323,-0.0001
2026060323,-0.0001
2026060323,-0.0001
2026060323,-0.0001
2026060400,0.0
2026060400,-0.0001
2026060400,-0.0001
2026060400,-0.0001
2026060401,-0.0001
2026060401,-0.0001
2026060401,-0.0001
2026060401,-0.0001
2026060402,0.01
2026060402,-0.0001
2026060402,-0.0001
2026060402,-0.0001
2026060403,0.93
2026060403,1.73
2026060403,3.38
2026060403,5.1
2026060404,8.91
2026060404,6.07
2026060404,6.5
2026060404,10.96
2026060405,19.3
2026060405,14.84
2026060405,7.93
2026060405,29.56
2026060406,58.91
2026060406,51.7
2026060406,64.29
2026060406,83.94
2026060407,92.41
2026060407,58.71
2026060407,68.19
2026060407,105.86
2026060408,130.14
2026060408,128.43
2026060408,137.23
2026060408,148.93
2026060409,156.14
2026060409,120.57
2026060409,117.28
2026060409,137.49
2026060410,127.97
2026060410,45.04
2026060410,160.5
2026060410,64.7
2026060411,99.09
2026060411,86.3
2026060411,54.4
2026060411,81.71
2026060412,108.18
2026060412,112.82
2026060412,108.94
2026060412,84.18
2026060413,41.51
2026060413,101.07
2026060413,46.32
2026060413,66.28
2026060414,95.6
2026060414,131.57
2026060414,56.59
2026060414,16.4
2026060415,20.99
2026060415,25.54
2026060415,24.06
2026060415,23.2
2026060416,15.28
2026060416,36.23
2026060416,31.56
2026060416,25.16
2026060417,21.92
2026060417,18.12
2026060417,17.79
2026060417,21.99
2026060418,15.74
2026060418,18.26
2026060418,13.34
2026060418,7.09
2026060419,6.02
2026060419,4.99
2026060419,2.49
2026060419,0.84
2026060420,0.0
2026060420,-0.0001
2026060420,-0.0001
2026060420,-0.0001
2026060421,-0.0001
2026060421,-0.0001
2026060421,-0.0001
2026060421,-0.0001
2026060422,-0.0001
2026060422,-0.0001
2026060422,-0.0001
2026060422,-0.0001
2026060423,-0.0001
2026060423,-0.0001
2026060423,-0.0001
2026060423,-0.0001
2026060500,0.0
2026060500,-0.0001
2026060500,-0.0001
2026060500,-0.0001
2026060501,-0.0001
2026060501,-0.0001
2026060501,-0.0001
2026060501,-0.0001
2026060502,0.16
2026060502,-0.0001
2026060502,-0.0001
2026060502,-0.0001
2026060503,4.38
2026060503,5.63
2026060503,6.6
2026060503,9.74
2026060504,9.65
2026060504,13.77
2026060504,19.83
2026060504,35.46
2026060505,49.96
2026060505,54.7
2026060505,33.6
2026060505,41.16
2026060506,47.99
2026060506,74.75
2026060506,73.56
2026060506,66.05
2026060507,90.14
2026060507,89.37
2026060507,120.53
2026060507,147.94
2026060508,55.46
2026060508,148.64
2026060508,45.27
2026060508,51.12
2026060509,183.04
2026060509,99.09
2026060509,134.59
2026060509,101.06
2026060510,48.53
2026060510,95.71
2026060510,129.93
2026060510,49.83
2026060511,150.34
2026060511,70.34
2026060511,116.49
2026060511,150.53
2026060512,117.55
2026060512,168.05
2026060512,135.44
2026060512,149.1
2026060513,149.82
2026060513,156.65
2026060513,129.07
2026060513,159.14
2026060514,179.88
2026060514,132.69
2026060514,81.19
2026060514,94.57
2026060515,104.75
2026060515,60.03
2026060515,59.46
2026060515,74.76
2026060516,61.12
2026060516,79.22
2026060516,46.96
2026060516,57.44
2026060517,64.75
2026060517,37.43
2026060517,34.18
2026060517,38.29
2026060518,36.08
2026060518,28.28
2026060518,17.51
2026060518,11.52
2026060519,9.28
2026060519,6.51
2026060519,4.57
2026060519,1.74
2026060520,0.14
2026060520,0.0
2026060520,-0.0001
2026060520,-0.0001
2026060521,-0.0001
2026060521,-0.0001
2026060521,-0.0001
2026060521,-0.0001
2026060522,-0.0001
2026060522,-0.0001
2026060522,-0.0001
2026060522,-0.0001
2026060523,-0.0001
2026060523,-0.0001
2026060523,-0.0001
2026060523,-0.0001
2026060600,0.0
2026060600,-0.0001
2026060600,-0.0001
2026060600,-0.0001
2026060601,-0.0001
2026060601,-0.0001
2026060601,-0.0001
2026060601,-0.0001
2026060602,0.26
2026060602,2.09
2026060602,-0.0001
2026060602,-0.0001
2026060603,3.54
2026060603,5.38
2026060603,7.76
2026060603,11.28
2026060604,14.34
2026060604,17.35
2026060604,21.25
2026060604,25.2
2026060605,38.44
2026060605,46.23
2026060605,55.36
2026060605,69.82
2026060606,80.32
2026060606,91.69
2026060606,104.58
2026060606,107.89
2026060607,126.12
2026060607,116.01
2026060607,141.71
2026060607,152.64
2026060608,166.57
2026060608,161.47
2026060608,143.3
2026060608,136.37
2026060609,103.63
2026060609,109.67
2026060609,107.33
2026060609,136.51
2026060610,110.15
2026060610,52.11
2026060610,84.83
2026060610,148.19
2026060611,124.58
2026060611,97.14
2026060611,63.71
2026060611,129.96
2026060612,113.48
2026060612,94.32
2026060612,140.25
2026060612,151.79
2026060613,155.58
2026060613,182.61
2026060613,171.17
2026060613,162.48
2026060614,136.9
2026060614,114.15
2026060614,79.39
2026060614,132.64
2026060615,135.81
2026060615,51.86
2026060615,33.4
2026060615,25.65
2026060616,16.45
2026060616,14.04
2026060616,20.54
2026060616,30.97
2026060617,42.29
2026060617,46.76
2026060617,33.26
2026060617,15.56
2026060618,11.81
2026060618,7.22
2026060618,5.98
2026060618,5.67
2026060619,3.97
2026060619,3.04
2026060619,1.12
2026060619,0.07
2026060620,0.0
2026060620,-0.0001
2026060620,-0.0001
2026060620,-0.0001
2026060621,-0.0001
2026060621,-0.0001
2026060621,-0.0001
2026060621,-0.0001
2026060622,-0.0001
2026060622,-0.0001
2026060622,-0.0001
2026060622,-0.0001
2026060623,-0.0001
2026060623,-0.0001
2026060623,-0.0001
2026060623,-0.0001
2026060700,0.0
2026060700,-0.0001
2026060700,-0.0001
2026060700,-0.0001
2026060701,-0.0001
2026060701,-0.0001
2026060701,-0.0001
2026060701,-0.0001
2026060702,-0.0001
2026060702,-0.0001
2026060702,-0.0001
2026060702,-0.0001
2026060703,0.39
2026060703,3.4
2026060703,5.93
2026060703,6.25
2026060704,5.98
2026060704,6.72
2026060704,18.89
2026060704,25.85
2026060705,38.01
2026060705,46.43
2026060705,60.3
2026060705,62.31
2026060706,59.88
2026060706,9.98
2026060706,0.0
2026060706,-0.0001
2026060707,-0.0001
2026060707,-0.0001
2026060707,-0.0001
2026060707,-0.0001
2026060708,-0.0001
2026060708,-0.0001
2026060708,-0.0001
2026060708,-0.0001
2026060709,-0.0001
2026060709,-0.0001
2026060709,-0.0001
2026060709,-0.0001
2026060710,-0.0001
2026060710,-0.0001
2026060710,-0.0001
2026060710,-0.0001
2026060711,-0.0001
2026060711,-0.0001
2026060711,-0.0001
2026060711,-0.0001
2026060712,-0.0001
2026060712,-0.0001
2026060712,-0.0001
2026060712,-0.0001
2026060713,-0.0001
2026060713,-0.0001
2026060713,-0.0001
2026060713,-0.0001
2026060714,4.39
2026060714,-0.0001
2026060714,-0.0001
2026060714,-0.0001
2026060715,59.3
2026060715,60.46
2026060715,48.91
2026060715,52.35
2026060716,46.37
2026060716,33.09
2026060716,31.57
2026060716,36.04
2026060717,33.19
2026060717,29.85
2026060717,14.24
2026060717,19.57
2026060718,8.84
2026060718,4.42
2026060718,4.28
2026060718,3.51
2026060719,3.63
2026060719,3.11
2026060719,0.26
2026060719,0.0
2026060720,-0.0001
2026060720,-0.0001
2026060720,-0.0001
2026060720,-0.0001
2026060721,-0.0001
2026060721,-0.0001
2026060721,-0.0001
2026060721,-0.0001
2026060722,-0.0001
2026060722,-0.0001
2026060722,-0.0001
2026060722,-0.0001
2026060723,-0.0001
2026060723,-0.0001
2026060723,-0.0001
2026060723,-0.0001
2026060800,0.0
2026060800,-0.0001
2026060800,-0.0001
2026060800,-0.0001
2026060801,-0.0001
2026060801,-0.0001
2026060801,-0.0001
2026060801,-0.0001
2026060802,0.22
2026060802,1.99
2026060802,-0.0001
2026060802,-0.0001
2026060803,3.79
2026060803,6.76
2026060803,10.89
2026060803,12.53
2026060804,13.84
2026060804,16.32
2026060804,36.04
2026060804,34.97
2026060805,54.79
2026060805,45.7
2026060805,48.43
2026060805,45.69
2026060806,33.83
2026060806,88.92
2026060806,86.46
2026060806,54.26
2026060807,20.49
2026060807,23.99
2026060807,40.83
2026060807,86.95
2026060808,112.0
2026060808,74.78
2026060808,61.21
2026060808,59.8
2026060809,44.14
2026060809,122.4
2026060809,53.49
2026060809,52.67
2026060810,46.37
2026060810,70.37
2026060810,47.48
2026060810,50.89
2026060811,32.29
2026060811,43.39
2026060811,56.63
2026060811,42.12
2026060812,41.44
2026060812,36.43
2026060812,38.01
2026060812,32.03
2026060813,41.93
2026060813,37.41
2026060813,20.35
2026060813,35.62
2026060814,50.2
2026060814,23.85
2026060814,20.93
2026060814,21.19
2026060815,22.43
2026060815,28.48
2026060815,32.91
2026060815,27.81
2026060816,29.03
2026060816,30.43
2026060816,28.46
2026060816,40.16
2026060817,41.69
2026060817,29.86
2026060817,20.73
2026060817,15.48
2026060818,12.32
2026060818,6.84
2026060818,8.51
2026060818,6.17
2026060819,2.48
2026060819,1.37
2026060819,1.57
2026060819,0.21
2026060820,0.0
2026060820,-0.0001
2026060820,-0.0001
2026060820,-0.0001
2026060821,-0.0001
2026060821,-0.0001
2026060821,-0.0001
2026060821,-0.0001
2026060822,-0.0001
2026060822,-0.0001
2026060822,-0.0001
2026060822,-0.0001
2026060823,-0.0001
2026060823,-0.0001
2026060823,-0.0001
2026060823,-0.0001
2026060900,0.0
2026060900,-0.0001
2026060900,-0.0001
2026060900,-0.0001
2026060901,-0.0001
2026060901,-0.0001
2026060901,-0.0001
2026060901,-0.0001
2026060902,-0.0001
2026060902,-0.0001
2026060902,-0.0001
2026060902,-0.0001
2026060903,0.28
2026060903,3.22
2026060903,3.76
2026060903,-0.0001
2026060904,6.84
2026060904,9.26
2026060904,8.1
2026060904,11.15
2026060905,27.1
2026060905,31.09
2026060905,24.57
2026060905,37.83
2026060906,22.61
2026060906,33.35
2026060906,19.71
2026060906,45.9
2026060907,62.19
2026060907,69.23
2026060907,82.44
2026060907,79.76
2026060908,35.5
2026060908,54.27
2026060908,79.16
2026060908,103.29
2026060909,176.01
2026060909,152.0
2026060909,139.55
2026060909,69.35
2026060910,19.8
2026060910,52.22
2026060910,80.54
2026060910,75.05
2026060911,77.75
2026060911,102.45
2026060911,150.87
2026060911,179.88
2026060912,125.73
2026060912,165.34
2026060912,109.06
2026060912,110.23
2026060913,102.22
2026060913,184.66
2026060913,84.46
2026060913,173.47
2026060914,142.7
2026060914,54.94
2026060914,75.25
2026060914,67.23
2026060915,74.82
2026060915,92.08
2026060915,104.93
2026060915,116.29
2026060916,107.84
2026060916,96.68
2026060916,72.44
2026060916,57.52
2026060917,40.92
2026060917,34.14
2026060917,30.95
2026060917,24.21
2026060918,19.46
2026060918,14.62
2026060918,13.13
2026060918,8.14
2026060919,6.48
2026060919,4.77
2026060919,3.44
2026060919,1.84
2026060920,0.17
2026060920,0.0
2026060920,-0.0001
2026060920,-0.0001
2026060921,-0.0001
2026060921,-0.0001
2026060921,-0.0001
2026060921,-0.0001
2026060922,-0.0001
2026060922,-0.0001
2026060922,-0.0001
2026060922,-0.0001
2026060923,-0.0001
2026060923,-0.0001
2026060923,-0.0001
2026060923,-0.0001
2026061000,0.0
2026061000,-0.0001
2026061000,-0.0001
2026061000,-0.0001
2026061001,-0.0001
2026061001,-0.0001
2026061001,-0.0001
2026061001,-0.0001
2026061002,0.03
2026061002,1.22
2026061002,-0.0001
2026061002,-0.0001
2026061003,4.32
2026061003,5.28
2026061003,6.61
2026061003,10.74
2026061004,27.28
2026061004,14.51
2026061004,10.35
2026061004,29.84
2026061005,34.24
2026061005,49.65
2026061005,62.3
2026061005,78.19
2026061006,91.33
2026061006,25.89
2026061006,29.91
2026061006,42.82
2026061007,27.06
2026061007,9.75
2026061007,115.02
2026061007,177.88
2026061008,93.71
2026061008,116.8
2026061008,189.34
2026061008,180.13
2026061009,168.53
2026061009,163.24
2026061009,83.94
2026061009,166.89
2026061010,132.5
2026061010,177.11
2026061010,185.71
2026061010,125.98
2026061011,191.28
2026061011,165.32
2026061011,179.29
2026061011,146.33
2026061012,189.22
2026061012,195.03
2026061012,144.58
2026061012,94.61
2026061013,126.42
2026061013,171.53
2026061013,165.49
2026061013,160.68
2026061014,160.11
2026061014,188.9
2026061014,175.17
2026061014,157.08
2026061015,144.21
2026061015,130.32
2026061015,118.33
2026061015,106.2
2026061016,104.21
2026061016,90.53
2026061016,82.53
2026061016,72.82
2026061017,57.82
2026061017,43.68
2026061017,26.47
2026061017,21.43
2026061018,17.59
2026061018,12.26
2026061018,15.28
2026061018,13.08
2026061019,9.28
2026061019,6.29
2026061019,4.4
2026061019,2.2
2026061020,1.94
2026061020,0.07
2026061020,0.0
2026061020,-0.0001
2026061021,-0.0001
2026061021,-0.0001
2026061021,-0.0001
2026061021,-0.0001
2026061022,-0.0001
2026061022,-0.0001
2026061022,-0.0001
2026061022,-0.0001
2026061023,-0.0001
2026061023,-0.0001
2026061023,-0.0001
2026061023,-0.0001
2026061100,0.0
2026061100,-0.0001
2026061100,-0.0001
2026061100,-0.0001
2026061101,-0.0001
2026061101,-0.0001
2026061101,-0.0001
2026061101,-0.0001
2026061102,0.05
2026061102,1.53
2026061102,-0.0001
2026061102,-0.0001
2026061103,3.53
2026061103,5.31
2026061103,7.14
2026061103,9.21
2026061104,12.7
2026061104,19.97
2026061104,31.04
2026061104,42.43
2026061105,45.43
2026061105,49.22
2026061105,64.45
2026061105,69.09
2026061106,88.69
2026061106,90.63
2026061106,100.63
2026061106,97.79
2026061107,131.2
2026061107,79.45
2026061107,76.69
2026061107,85.65
2026061108,38.43
2026061108,35.59
2026061108,71.92
2026061108,139.71
2026061109,151.78
2026061109,125.26
2026061109,61.51
2026061109,191.58
2026061110,97.67
2026061110,55.05
2026061110,149.15
2026061110,181.88
2026061111,72.25
2026061111,58.95
2026061111,39.67
2026061111,46.46
2026061112,57.74
2026061112,91.63
2026061112,173.06
2026061112,197.59
2026061113,195.75
2026061113,136.75
2026061113,64.53
2026061113,48.84
2026061114,141.56
2026061114,69.04
2026061114,24.62
2026061114,28.09
2026061115,54.04
2026061115,69.52
2026061115,52.36
2026061115,57.93
2026061116,60.6
2026061116,81.54
2026061116,77.6
2026061116,86.74
2026061117,50.22
2026061117,26.91
2026061117,-0.0001
2026061117,-0.0001
2026061118,19.04
2026061118,13.32
2026061118,-0.0001
2026061118,-0.0001
2026061119,-0.0001
2026061119,-0.0001
2026061119,-0.0001
2026061119,-0.0001
2026061120,-0.0001
2026061120,-0.0001
2026061120,-0.0001
2026061120,-0.0001
2026061121,-0.0001
2026061121,-0.0001
2026061121,-0.0001
2026061121,-0.0001
2026061122,-0.0001
2026061122,-0.0001
2026061122,-0.0001
2026061122,-0.0001
2026061123,-0.0001
2026061123,-0.0001
2026061123,-0.0001
2026061123,-0.0001
2026061200,-0.0001
2026061200,-0.0001
2026061200,-0.0001
2026061200,-0.0001
2026061201,-0.0001
2026061201,-0.0001
2026061201,-0.0001
2026061201,-0.0001
2026061202,-0.0001
2026061202,-0.0001
2026061202,-0.0001
2026061202,-0.0001
2026061203,-0.0001
2026061203,-0.0001
2026061203,-0.0001
2026061203,-0.0001
2026061204,-0.0001
2026061204,-0.0001
2026061204,-0.0001
2026061204,-0.0001
2026061205,-0.0001
2026061205,-0.0001
2026061205,-0.0001
2026061205,-0.0001
2026061206,-0.0001
2026061206,-0.0001
2026061206,-0.0001
2026061206,-0.0001
2026061207,-0.0001
2026061207,-0.0001
2026061207,-0.0001
2026061207,-0.0001
2026061208,-0.0001
2026061208,-0.0001
2026061208,-0.0001
2026061208,-0.0001
2026061209,-0.0001
2026061209,-0.0001
2026061209,-0.0001
2026061209,-0.0001
2026061210,-0.0001
2026061210,-0.0001
2026061210,-0.0001
2026061210,-0.0001
2026061211,-0.0001
2026061211,-0.0001
2026061211,-0.0001
2026061211,-0.0001
2026061212,-0.0001
2026061212,-0.0001
2026061212,-0.0001
2026061212,-0.0001
2026061213,-0.0001
2026061213,-0.0001
2026061213,-0.0001
2026061213,-0.0001
2026061214,-0.0001
2026061214,-0.0001
2026061214,-0.0001
2026061214,-0.0001
2026061215,-0.0001
2026061215,-0.0001
2026061215,-0.0001
2026061215,-0.0001
2026061216,-0.0001
2026061216,-0.0001
2026061216,-0.0001
2026061216,-0.0001
2026061217,-0.0001
2026061217,-0.0001
2026061217,-0.0001
2026061217,-0.0001
2026061218,-0.0001
2026061218,-0.0001
2026061218,-0.0001
2026061218,-0.0001
2026061219,-0.0001
2026061219,-0.0001
2026061219,-0.0001
2026061219,-0.0001
2026061220,-0.0001
2026061220,-0.0001
2026061220,-0.0001
2026061220,-0.0001
2026061221,-0.0001
2026061221,-0.0001
2026061221,-0.0001
2026061221,-0.0001
2026061222,-0.0001
2026061222,-0.0001
2026061222,-0.0001
2026061222,-0.0001
2026061223,-0.0001
2026061223,-0.0001
2026061223,-0.0001
2026061223,-0.0001
