Timestamp,Quantity_MW
2025010100,0.0
2025010100,0.0
2025010100,0.0
2025010100,0.0
2025010101,0.06
2025010101,0.06
2025010101,0.06
2025010101,0.06
2025010102,0.0
2025010102,0.0
2025010102,0.0
2025010102,0.0
2025010103,-0.0001
2025010103,-0.0001
2025010103,-0.0001
2025010103,-0.0001
2025010104,-0.0001
2025010104,-0.0001
2025010104,-0.0001
2025010104,-0.0001
2025010105,-0.0001
2025010105,-0.0001
2025010105,-0.0001
2025010105,-0.0001
2025010106,-0.0001
2025010106,-0.0001
2025010106,-0.0001
2025010106,-0.0001
2025010107,-0.0001
2025010107,-0.0001
2025010107,-0.0001
2025010107,-0.0001
2025010108,-0.0001
2025010108,-0.0001
2025010108,-0.0001
2025010108,-0.0001
2025010109,-0.0001
2025010109,-0.0001
2025010109,-0.0001
2025010109,-0.0001
2025010110,-0.0001
2025010110,-0.0001
2025010110,-0.0001
2025010110,-0.0001
2025010111,-0.0001
2025010111,-0.0001
2025010111,-0.0001
2025010111,-0.0001
2025010112,-0.0001
2025010112,-0.0001
2025010112,-0.0001
2025010112,-0.0001
2025010113,-0.0001
2025010113,-0.0001
2025010113,-0.0001
2025010113,-0.0001
2025010114,-0.0001
2025010114,-0.0001
2025010114,-0.0001
2025010114,-0.0001
2025010115,-0.0001
2025010115,-0.0001
2025010115,-0.0001
2025010115,-0.0001
2025010116,-0.0001
2025010116,-0.0001
2025010116,-0.0001
2025010116,-0.0001
2025010117,-0.0001
2025010117,-0.0001
2025010117,-0.0001
2025010117,-0.0001
2025010118,-0.0001
2025010118,-0.0001
2025010118,-0.0001
2025010118,-0.0001
2025010119,-0.0001
2025010119,-0.0001
2025010119,-0.0001
2025010119,-0.0001
2025010120,-0.0001
2025010120,-0.0001
2025010120,-0.0001
2025010120,-0.0001
2025010121,-0.0001
2025010121,-0.0001
2025010121,-0.0001
2025010121,-0.0001
2025010122,-0.0001
2025010122,-0.0001
2025010122,-0.0001
2025010122,-0.0001
2025010123,-0.0001
2025010123,-0.0001
2025010123,-0.0001
2025010123,-0.0001
2025010200,0.0
2025010200,0.0
2025010200,0.0
2025010200,0.0
2025010201,9.09
2025010201,9.09
2025010201,9.09
2025010201,9.09
2025010202,32.46
2025010202,32.46
2025010202,32.46
2025010202,32.46
2025010203,56.64
2025010203,56.64
2025010203,56.64
2025010203,56.64
2025010204,67.08
2025010204,67.08
2025010204,67.08
2025010204,67.08
2025010205,40.15
2025010205,40.15
2025010205,40.15
2025010205,40.15
2025010206,25.08
2025010206,25.08
2025010206,25.08
2025010206,25.08
2025010207,4.31
2025010207,4.31
2025010207,4.31
2025010207,4.31
2025010208,0.0
2025010208,0.0
2025010208,0.0
2025010208,0.0
2025010209,-0.0001
2025010209,-0.0001
2025010209,-0.0001
2025010209,-0.0001
2025010210,-0.0001
2025010210,-0.0001
2025010210,-0.0001
2025010210,-0.0001
2025010211,-0.0001
2025010211,-0.0001
2025010211,-0.0001
2025010211,-0.0001
2025010212,-0.0001
2025010212,-0.0001
2025010212,-0.0001
2025010212,-0.0001
2025010213,-0.0001
2025010213,-0.0001
2025010213,-0.0001
2025010213,-0.0001
2025010214,-0.0001
2025010214,-0.0001
2025010214,-0.0001
2025010214,-0.0001
2025010215,-0.0001
2025010215,-0.0001
2025010215,-0.0001
2025010215,-0.0001
2025010216,-0.0001
2025010216,-0.0001
2025010216,-0.0001
2025010216,-0.0001
2025010217,-0.0001
2025010217,-0.0001
2025010217,-0.0001
2025010217,-0.0001
2025010218,-0.0001
2025010218,-0.0001
2025010218,-0.0001
2025010218,-0.0001
2025010219,-0.0001
2025010219,-0.0001
2025010219,-0.0001
2025010219,-0.0001
2025010220,-0.0001
2025010220,-0.0001
2025010220,-0.0001
2025010220,-0.0001
2025010221,-0.0001
2025010221,-0.0001
2025010221,-0.0001
2025010221,-0.0001
2025010222,-0.0001
2025010222,-0.0001
2025010222,-0.0001
2025010222,-0.0001
2025010223,-0.0001
2025010223,-0.0001
2025010223,-0.0001
2025010223,-0.0001
2025010300,0.0
2025010300,0.0
2025010300,0.0
2025010300,0.0
2025010301,1.12
2025010301,1.12
2025010301,1.12
2025010301,1.12
2025010302,6.28
2025010302,6.28
2025010302,6.28
2025010302,6.28
2025010303,11.63
2025010303,11.63
2025010303,11.63
2025010303,11.63
2025010304,30.12
2025010304,30.12
2025010304,30.12
2025010304,30.12
2025010305,42.93
2025010305,42.93
2025010305,42.93
2025010305,42.93
2025010306,24.23
2025010306,24.23
2025010306,24.23
2025010306,24.23
2025010307,3.28
2025010307,3.28
2025010307,3.28
2025010307,3.28
2025010308,0.0
2025010308,0.0
2025010308,0.0
2025010308,0.0
2025010309,-0.0001
2025010309,-0.0001
2025010309,-0.0001
2025010309,-0.0001
2025010310,-0.0001
2025010310,-0.0001
2025010310,-0.0001
2025010310,-0.0001
2025010311,-0.0001
2025010311,-0.0001
2025010311,-0.0001
2025010311,-0.0001
2025010312,-0.0001
2025010312,-0.0001
2025010312,-0.0001
2025010312,-0.0001
2025010313,-0.0001
2025010313,-0.0001
2025010313,-0.0001
2025010313,-0.0001
2025010314,-0.0001
2025010314,-0.0001
2025010314,-0.0001
2025010314,-0.0001
2025010315,-0.0001
2025010315,-0.0001
2025010315,-0.0001
2025010315,-0.0001
2025010316,-0.0001
2025010316,-0.0001
2025010316,-0.0001
2025010316,-0.0001
2025010317,-0.0001
2025010317,-0.0001
2025010317,-0.0001
2025010317,-0.0001
2025010318,-0.0001
2025010318,-0.0001
2025010318,-0.0001
2025010318,-0.0001
2025010319,-0.0001
2025010319,-0.0001
2025010319,-0.0001
2025010319,-0.0001
2025010320,-0.0001
2025010320,-0.0001
2025010320,-0.0001
2025010320,-0.0001
2025010321,-0.0001
2025010321,-0.0001
2025010321,-0.0001
2025010321,-0.0001
2025010322,-0.0001
2025010322,-0.0001
2025010322,-0.0001
2025010322,-0.0001
2025010323,-0.0001
2025010323,-0.0001
2025010323,-0.0001
2025010323,-0.0001
2025010400,0.0
2025010400,0.0
2025010400,0.0
2025010400,0.0
2025010401,2.15
2025010401,2.15
2025010401,2.15
2025010401,2.15
2025010402,8.44
2025010402,8.44
2025010402,8.44
2025010402,8.44
2025010403,37.2
2025010403,37.2
2025010403,37.2
2025010403,37.2
2025010404,27.76
2025010404,27.76
2025010404,27.76
2025010404,27.76
2025010405,36.9
2025010405,36.9
2025010405,36.9
2025010405,36.9
2025010406,16.38
2025010406,16.38
2025010406,16.38
2025010406,16.38
2025010407,6.47
2025010407,6.47
2025010407,6.47
2025010407,6.47
2025010408,0.0
2025010408,0.0
2025010408,0.0
2025010408,0.0
2025010409,-0.0001
2025010409,-0.0001
2025010409,-0.0001
2025010409,-0.0001
2025010410,-0.0001
2025010410,-0.0001
2025010410,-0.0001
2025010410,-0.0001
2025010411,-0.0001
2025010411,-0.0001
2025010411,-0.0001
2025010411,-0.0001
2025010412,-0.0001
2025010412,-0.0001
2025010412,-0.0001
2025010412,-0.0001
2025010413,-0.0001
2025010413,-0.0001
2025010413,-0.0001
2025010413,-0.0001
2025010414,-0.0001
2025010414,-0.0001
2025010414,-0.0001
2025010414,-0.0001
2025010415,-0.0001
2025010415,-0.0001
2025010415,-0.0001
2025010415,-0.0001
2025010416,-0.0001
2025010416,-0.0001
2025010416,-0.0001
2025010416,-0.0001
2025010417,-0.0001
2025010417,-0.0001
2025010417,-0.0001
2025010417,-0.0001
2025010418,-0.0001
2025010418,-0.0001
2025010418,-0.0001
2025010418,-0.0001
2025010419,-0.0001
2025010419,-0.0001
2025010419,-0.0001
2025010419,-0.0001
2025010420,-0.0001
2025010420,-0.0001
2025010420,-0.0001
2025010420,-0.0001
2025010421,-0.0001
2025010421,-0.0001
2025010421,-0.0001
2025010421,-0.0001
2025010422,-0.0001
2025010422,-0.0001
2025010422,-0.0001
2025010422,-0.0001
2025010423,-0.0001
2025010423,-0.0001
2025010423,-0.0001
2025010423,-0.0001
2025010500,0.0
2025010500,0.0
2025010500,0.0
2025010500,0.0
2025010501,0.64
2025010501,0.64
2025010501,0.64
2025010501,0.64
2025010502,4.0
2025010502,4.0
2025010502,4.0
2025010502,4.0
2025010503,10.8
2025010503,10.8
2025010503,10.8
2025010503,10.8
2025010504,9.94
2025010504,9.94
2025010504,9.94
2025010504,9.94
2025010505,8.1
2025010505,8.1
2025010505,8.1
2025010505,8.1
2025010506,5.17
2025010506,5.17
2025010506,5.17
2025010506,5.17
2025010507,1.4
2025010507,1.4
2025010507,1.4
2025010507,1.4
2025010508,0.0
2025010508,0.0
2025010508,0.0
2025010508,0.0
2025010509,-0.0001
2025010509,-0.0001
2025010509,-0.0001
2025010509,-0.0001
2025010510,-0.0001
2025010510,-0.0001
2025010510,-0.0001
2025010510,-0.0001
2025010511,-0.0001
2025010511,-0.0001
2025010511,-0.0001
2025010511,-0.0001
2025010512,-0.0001
2025010512,-0.0001
2025010512,-0.0001
2025010512,-0.0001
2025010513,-0.0001
2025010513,-0.0001
2025010513,-0.0001
2025010513,-0.0001
2025010514,-0.0001
2025010514,-0.0001
2025010514,-0.0001
2025010514,-0.0001
2025010515,-0.0001
2025010515,-0.0001
2025010515,-0.0001
2025010515,-0.0001
2025010516,-0.0001
2025010516,-0.0001
2025010516,-0.0001
2025010516,-0.0001
2025010517,-0.0001
2025010517,-0.0001
2025010517,-0.0001
2025010517,-0.0001
2025010518,-0.0001
2025010518,-0.0001
2025010518,-0.0001
2025010518,-0.0001
2025010519,-0.0001
2025010519,-0.0001
2025010519,-0.0001
2025010519,-0.0001
2025010520,-0.0001
2025010520,-0.0001
2025010520,-0.0001
2025010520,-0.0001
2025010521,-0.0001
2025010521,-0.0001
2025010521,-0.0001
2025010521,-0.0001
2025010522,-0.0001
2025010522,-0.0001
2025010522,-0.0001
2025010522,-0.0001
2025010523,-0.0001
2025010523,-0.0001
2025010523,-0.0001
2025010523,-0.0001
2025010600,0.0
2025010600,0.0
2025010600,0.0
2025010600,0.0
2025010601,1.32
2025010601,1.32
2025010601,1.32
2025010601,1.32
2025010602,3.42
2025010602,3.42
2025010602,3.42
2025010602,3.42
2025010603,10.78
2025010603,10.78
2025010603,10.78
2025010603,10.78
2025010604,8.72
2025010604,8.72
2025010604,8.72
2025010604,8.72
2025010605,10.56
2025010605,10.56
2025010605,10.56
2025010605,10.56
2025010606,1.03
2025010606,1.03
2025010606,1.03
2025010606,1.03
2025010607,0.0
2025010607,0.0
2025010607,0.0
2025010607,0.0
2025010608,-0.0001
2025010608,-0.0001
2025010608,-0.0001
2025010608,-0.0001
2025010609,-0.0001
2025010609,-0.0001
2025010609,-0.0001
2025010609,-0.0001
2025010610,-0.0001
2025010610,-0.0001
2025010610,-0.0001
2025010610,-0.0001
2025010611,-0.0001
2025010611,-0.0001
2025010611,-0.0001
2025010611,-0.0001
2025010612,-0.0001
2025010612,-0.0001
2025010612,-0.0001
2025010612,-0.0001
2025010613,-0.0001
2025010613,-0.0001
2025010613,-0.0001
2025010613,-0.0001
2025010614,-0.0001
2025010614,-0.0001
2025010614,-0.0001
2025010614,-0.0001
2025010615,-0.0001
2025010615,-0.0001
2025010615,-0.0001
2025010615,-0.0001
2025010616,-0.0001
2025010616,-0.0001
2025010616,-0.0001
2025010616,-0.0001
2025010617,-0.0001
2025010617,-0.0001
2025010617,-0.0001
2025010617,-0.0001
2025010618,-0.0001
2025010618,-0.0001
2025010618,-0.0001
2025010618,-0.0001
2025010619,-0.0001
2025010619,-0.0001
2025010619,-0.0001
2025010619,-0.0001
2025010620,-0.0001
2025010620,-0.0001
2025010620,-0.0001
2025010620,-0.0001
2025010621,-0.0001
2025010621,-0.0001
2025010621,-0.0001
2025010621,-0.0001
2025010622,-0.0001
2025010622,-0.0001
2025010622,-0.0001
2025010622,-0.0001
2025010623,-0.0001
2025010623,-0.0001
2025010623,-0.0001
2025010623,-0.0001
2025010700,0.0
2025010700,0.0
2025010700,0.0
2025010700,0.0
2025010701,2.07
2025010701,2.07
2025010701,2.07
2025010701,2.07
2025010702,11.64
2025010702,11.64
2025010702,11.64
2025010702,11.64
2025010703,10.8
2025010703,10.8
2025010703,10.8
2025010703,10.8
2025010704,21.15
2025010704,21.15
2025010704,21.15
2025010704,21.15
2025010705,24.6
2025010705,24.6
2025010705,24.6
2025010705,24.6
2025010706,13.26
2025010706,13.26
2025010706,13.26
2025010706,13.26
2025010707,2.24
2025010707,2.24
2025010707,2.24
2025010707,2.24
2025010708,0.0
2025010708,0.0
2025010708,0.0
2025010708,0.0
2025010709,-0.0001
2025010709,-0.0001
2025010709,-0.0001
2025010709,-0.0001
2025010710,-0.0001
2025010710,-0.0001
2025010710,-0.0001
2025010710,-0.0001
2025010711,-0.0001
2025010711,-0.0001
2025010711,-0.0001
2025010711,-0.0001
2025010712,-0.0001
2025010712,-0.0001
2025010712,-0.0001
2025010712,-0.0001
2025010713,-0.0001
2025010713,-0.0001
2025010713,-0.0001
2025010713,-0.0001
2025010714,-0.0001
2025010714,-0.0001
2025010714,-0.0001
2025010714,-0.0001
2025010715,-0.0001
2025010715,-0.0001
2025010715,-0.0001
2025010715,-0.0001
2025010716,-0.0001
2025010716,-0.0001
2025010716,-0.0001
2025010716,-0.0001
2025010717,-0.0001
2025010717,-0.0001
2025010717,-0.0001
2025010717,-0.0001
2025010718,-0.0001
2025010718,-0.0001
2025010718,-0.0001
2025010718,-0.0001
2025010719,-0.0001
2025010719,-0.0001
2025010719,-0.0001
2025010719,-0.0001
2025010720,-0.0001
2025010720,-0.0001
2025010720,-0.0001
2025010720,-0.0001
2025010721,-0.0001
2025010721,-0.0001
2025010721,-0.0001
2025010721,-0.0001
2025010722,-0.0001
2025010722,-0.0001
2025010722,-0.0001
2025010722,-0.0001
2025010723,-0.0001
2025010723,-0.0001
2025010723,-0.0001
2025010723,-0.0001
2025010800,0.0
2025010800,0.0
2025010800,0.0
2025010800,0.0
2025010801,6.39
2025010801,6.39
2025010801,6.39
2025010801,6.39
2025010802,9.78
2025010802,9.78
2025010802,9.78
2025010802,9.78
2025010803,20.85
2025010803,20.85
2025010803,20.85
2025010803,20.85
2025010804,0.26
2025010804,0.26
2025010804,0.26
2025010804,0.26
2025010805,0.0
2025010805,0.0
2025010805,0.0
2025010805,0.0
2025010806,-0.0001
2025010806,-0.0001
2025010806,-0.0001
2025010806,-0.0001
2025010807,-0.0001
2025010807,-0.0001
2025010807,-0.0001
2025010807,-0.0001
2025010808,-0.0001
2025010808,-0.0001
2025010808,-0.0001
2025010808,-0.0001
2025010809,-0.0001
2025010809,-0.0001
2025010809,-0.0001
2025010809,-0.0001
2025010810,-0.0001
2025010810,-0.0001
2025010810,-0.0001
2025010810,-0.0001
2025010811,-0.0001
2025010811,-0.0001
2025010811,-0.0001
2025010811,-0.0001
2025010812,-0.0001
2025010812,-0.0001
2025010812,-0.0001
2025010812,-0.0001
2025010813,-0.0001
2025010813,-0.0001
2025010813,-0.0001
2025010813,-0.0001
2025010814,-0.0001
2025010814,-0.0001
2025010814,-0.0001
2025010814,-0.0001
2025010815,-0.0001
2025010815,-0.0001
2025010815,-0.0001
2025010815,-0.0001
2025010816,-0.0001
2025010816,-0.0001
2025010816,-0.0001
2025010816,-0.0001
2025010817,-0.0001
2025010817,-0.0001
2025010817,-0.0001
2025010817,-0.0001
2025010818,-0.0001
2025010818,-0.0001
2025010818,-0.0001
2025010818,-0.0001
2025010819,-0.0001
2025010819,-0.0001
2025010819,-0.0001
2025010819,-0.0001
2025010820,-0.0001
2025010820,-0.0001
2025010820,-0.0001
2025010820,-0.0001
2025010821,-0.0001
2025010821,-0.0001
2025010821,-0.0001
2025010821,-0.0001
2025010822,-0.0001
2025010822,-0.0001
2025010822,-0.0001
2025010822,-0.0001
2025010823,-0.0001
2025010823,-0.0001
2025010823,-0.0001
2025010823,-0.0001
2025010900,0.0
2025010900,0.0
2025010900,0.0
2025010900,0.0
2025010901,-0.0001
2025010901,-0.0001
2025010901,-0.0001
2025010901,-0.0001
2025010902,-0.0001
2025010902,-0.0001
2025010902,-0.0001
2025010902,-0.0001
2025010903,-0.0001
2025010903,-0.0001
2025010903,-0.0001
2025010903,-0.0001
2025010904,-0.0001
2025010904,-0.0001
2025010904,-0.0001
2025010904,-0.0001
2025010905,-0.0001
2025010905,-0.0001
2025010905,-0.0001
2025010905,-0.0001
2025010906,-0.0001
2025010906,-0.0001
2025010906,-0.0001
2025010906,-0.0001
2025010907,-0.0001
2025010907,-0.0001
2025010907,-0.0001
2025010907,-0.0001
2025010908,-0.0001
2025010908,-0.0001
2025010908,-0.0001
2025010908,-0.0001
2025010909,-0.0001
2025010909,-0.0001
2025010909,-0.0001
2025010909,-0.0001
2025010910,-0.0001
2025010910,-0.0001
2025010910,-0.0001
2025010910,-0.0001
2025010911,-0.0001
2025010911,-0.0001
2025010911,-0.0001
2025010911,-0.0001
2025010912,-0.0001
2025010912,-0.0001
2025010912,-0.0001
2025010912,-0.0001
2025010913,-0.0001
2025010913,-0.0001
2025010913,-0.0001
2025010913,-0.0001
2025010914,-0.0001
2025010914,-0.0001
2025010914,-0.0001
2025010914,-0.0001
2025010915,-0.0001
2025010915,-0.0001
2025010915,-0.0001
2025010915,-0.0001
2025010916,-0.0001
2025010916,-0.0001
2025010916,-0.0001
2025010916,-0.0001
2025010917,-0.0001
2025010917,-0.0001
2025010917,-0.0001
2025010917,-0.0001
2025010918,-0.0001
2025010918,-0.0001
2025010918,-0.0001
2025010918,-0.0001
2025010919,-0.0001
2025010919,-0.0001
2025010919,-0.0001
2025010919,-0.0001
2025010920,-0.0001
2025010920,-0.0001
2025010920,-0.0001
2025010920,-0.0001
2025010921,-0.0001
2025010921,-0.0001
2025010921,-0.0001
2025010921,-0.0001
2025010922,-0.0001
2025010922,-0.0001
2025010922,-0.0001
2025010922,-0.0001
2025010923,-0.0001
2025010923,-0.0001
2025010923,-0.0001
2025010923,-0.0001
2025011000,0.0
2025011000,0.0
2025011000,0.0
2025011000,0.0
2025011001,-0.0001
2025011001,-0.0001
2025011001,-0.0001
2025011001,-0.0001
2025011002,-0.0001
2025011002,-0.0001
2025011002,-0.0001
2025011002,-0.0001
2025011003,-0.0001
2025011003,-0.0001
2025011003,-0.0001
2025011003,-0.0001
2025011004,-0.0001
2025011004,-0.0001
2025011004,-0.0001
2025011004,-0.0001
2025011005,-0.0001
2025011005,-0.0001
2025011005,-0.0001
2025011005,-0.0001
2025011006,-0.0001
2025011006,-0.0001
2025011006,-0.0001
2025011006,-0.0001
2025011007,-0.0001
2025011007,-0.0001
2025011007,-0.0001
2025011007,-0.0001
2025011008,-0.0001
2025011008,-0.0001
2025011008,-0.0001
2025011008,-0.0001
2025011009,-0.0001
2025011009,-0.0001
2025011009,-0.0001
2025011009,-0.0001
2025011010,-0.0001
2025011010,-0.0001
2025011010,-0.0001
2025011010,-0.0001
2025011011,-0.0001
2025011011,-0.0001
2025011011,-0.0001
2025011011,-0.0001
2025011012,-0.0001
2025011012,-0.0001
2025011012,-0.0001
2025011012,-0.0001
2025011013,-0.0001
2025011013,-0.0001
2025011013,-0.0001
2025011013,-0.0001
2025011014,-0.0001
2025011014,-0.0001
2025011014,-0.0001
2025011014,-0.0001
2025011015,-0.0001
2025011015,-0.0001
2025011015,-0.0001
2025011015,-0.0001
2025011016,-0.0001
2025011016,-0.0001
2025011016,-0.0001
2025011016,-0.0001
2025011017,-0.0001
2025011017,-0.0001
2025011017,-0.0001
2025011017,-0.0001
2025011018,-0.0001
2025011018,-0.0001
2025011018,-0.0001
2025011018,-0.0001
2025011019,-0.0001
2025011019,-0.0001
2025011019,-0.0001
2025011019,-0.0001
2025011020,-0.0001
2025011020,-0.0001
2025011020,-0.0001
2025011020,-0.0001
2025011021,-0.0001
2025011021,-0.0001
2025011021,-0.0001
2025011021,-0.0001
2025011022,-0.0001
2025011022,-0.0001
2025011022,-0.0001
2025011022,-0.0001
2025011023,-0.0001
2025011023,-0.0001
2025011023,-0.0001
2025011023,-0.0001
2025011100,0.0
2025011100,0.0
2025011100,0.0
2025011100,0.0
2025011101,-0.0001
2025011101,-0.0001
2025011101,-0.0001
2025011101,-0.0001
2025011102,-0.0001
2025011102,-0.0001
2025011102,-0.0001
2025011102,-0.0001
2025011103,-0.0001
2025011103,-0.0001
2025011103,-0.0001
2025011103,-0.0001
2025011104,-0.0001
2025011104,-0.0001
2025011104,-0.0001
2025011104,-0.0001
2025011105,-0.0001
2025011105,-0.0001
2025011105,-0.0001
2025011105,-0.0001
2025011106,-0.0001
2025011106,-0.0001
2025011106,-0.0001
2025011106,-0.0001
2025011107,-0.0001
2025011107,-0.0001
2025011107,-0.0001
2025011107,-0.0001
2025011108,-0.0001
2025011108,-0.0001
2025011108,-0.0001
2025011108,-0.0001
2025011109,-0.0001
2025011109,-0.0001
2025011109,-0.0001
2025011109,-0.0001
2025011110,-0.0001
2025011110,-0.0001
2025011110,-0.0001
2025011110,-0.0001
2025011111,-0.0001
2025011111,-0.0001
2025011111,-0.0001
2025011111,-0.0001
2025011112,-0.0001
2025011112,-0.0001
2025011112,-0.0001
2025011112,-0.0001
2025011113,-0.0001
2025011113,-0.0001
2025011113,-0.0001
2025011113,-0.0001
2025011114,-0.0001
2025011114,-0.0001
2025011114,-0.0001
2025011114,-0.0001
2025011115,-0.0001
2025011115,-0.0001
2025011115,-0.0001
2025011115,-0.0001
2025011116,-0.0001
2025011116,-0.0001
2025011116,-0.0001
2025011116,-0.0001
2025011117,-0.0001
2025011117,-0.0001
2025011117,-0.0001
2025011117,-0.0001
2025011118,-0.0001
2025011118,-0.0001
2025011118,-0.0001
2025011118,-0.0001
2025011119,-0.0001
2025011119,-0.0001
2025011119,-0.0001
2025011119,-0.0001
2025011120,-0.0001
2025011120,-0.0001
2025011120,-0.0001
2025011120,-0.0001
2025011121,-0.0001
2025011121,-0.0001
2025011121,-0.0001
2025011121,-0.0001
2025011122,-0.0001
2025011122,-0.0001
2025011122,-0.0001
2025011122,-0.0001
2025011123,-0.0001
2025011123,-0.0001
2025011123,-0.0001
2025011123,-0.0001
2025011200,0.0
2025011200,0.0
2025011200,0.0
2025011200,0.0
2025011201,0.08
2025011201,0.08
2025011201,0.08
2025011201,0.08
2025011202,13.12
2025011202,13.12
2025011202,13.12
2025011202,13.12
2025011203,40.36
2025011203,40.36
2025011203,40.36
2025011203,40.36
2025011204,71.51
2025011204,71.51
2025011204,71.51
2025011204,71.51
2025011205,80.48
2025011205,80.48
2025011205,80.48
2025011205,80.48
2025011206,73.11
2025011206,73.11
2025011206,73.11
2025011206,73.11
2025011207,43.24
2025011207,43.24
2025011207,43.24
2025011207,43.24
2025011208,15.75
2025011208,15.75
2025011208,15.75
2025011208,15.75
2025011209,0.32
2025011209,0.32
2025011209,0.32
2025011209,0.32
2025011210,0.0
2025011210,0.0
2025011210,0.0
2025011210,0.0
2025011211,-0.0001
2025011211,-0.0001
2025011211,-0.0001
2025011211,-0.0001
2025011212,-0.0001
2025011212,-0.0001
2025011212,-0.0001
2025011212,-0.0001
2025011213,-0.0001
2025011213,-0.0001
2025011213,-0.0001
2025011213,-0.0001
2025011214,-0.0001
2025011214,-0.0001
2025011214,-0.0001
2025011214,-0.0001
2025011215,-0.0001
2025011215,-0.0001
2025011215,-0.0001
2025011215,-0.0001
2025011216,-0.0001
2025011216,-0.0001
2025011216,-0.0001
2025011216,-0.0001
2025011217,-0.0001
2025011217,-0.0001
2025011217,-0.0001
2025011217,-0.0001
2025011218,-0.0001
2025011218,-0.0001
2025011218,-0.0001
2025011218,-0.0001
2025011219,-0.0001
2025011219,-0.0001
2025011219,-0.0001
2025011219,-0.0001
2025011220,-0.0001
2025011220,-0.0001
2025011220,-0.0001
2025011220,-0.0001
2025011221,-0.0001
2025011221,-0.0001
2025011221,-0.0001
2025011221,-0.0001
2025011222,-0.0001
2025011222,-0.0001
2025011222,-0.0001
2025011222,-0.0001
2025011223,-0.0001
2025011223,-0.0001
2025011223,-0.0001
2025011223,-0.0001
2025011300,0.0
2025011300,0.0
2025011300,0.0
2025011300,0.0
2025011301,-0.0001
2025011301,-0.0001
2025011301,-0.0001
2025011301,-0.0001
2025011302,-0.0001
2025011302,-0.0001
2025011302,-0.0001
2025011302,-0.0001
2025011303,-0.0001
2025011303,-0.0001
2025011303,-0.0001
2025011303,-0.0001
2025011304,-0.0001
2025011304,-0.0001
2025011304,-0.0001
2025011304,-0.0001
2025011305,-0.0001
2025011305,-0.0001
2025011305,-0.0001
2025011305,-0.0001
2025011306,-0.0001
2025011306,-0.0001
2025011306,-0.0001
2025011306,-0.0001
2025011307,-0.0001
2025011307,-0.0001
2025011307,-0.0001
2025011307,-0.0001
2025011308,-0.0001
2025011308,-0.0001
2025011308,-0.0001
2025011308,-0.0001
2025011309,-0.0001
2025011309,-0.0001
2025011309,-0.0001
2025011309,-0.0001
2025011310,-0.0001
2025011310,-0.0001
2025011310,-0.0001
2025011310,-0.0001
2025011311,-0.0001
2025011311,-0.0001
2025011311,-0.0001
2025011311,-0.0001
2025011312,-0.0001
2025011312,-0.0001
2025011312,-0.0001
2025011312,-0.0001
2025011313,-0.0001
2025011313,-0.0001
2025011313,-0.0001
2025011313,-0.0001
2025011314,-0.0001
2025011314,-0.0001
2025011314,-0.0001
2025011314,-0.0001
2025011315,-0.0001
2025011315,-0.0001
2025011315,-0.0001
2025011315,-0.0001
2025011316,-0.0001
2025011316,-0.0001
2025011316,-0.0001
2025011316,-0.0001
2025011317,-0.0001
2025011317,-0.0001
2025011317,-0.0001
2025011317,-0.0001
2025011318,-0.0001
2025011318,-0.0001
2025011318,-0.0001
2025011318,-0.0001
2025011319,-0.0001
2025011319,-0.0001
2025011319,-0.0001
2025011319,-0.0001
2025011320,-0.0001
2025011320,-0.0001
2025011320,-0.0001
2025011320,-0.0001
2025011321,-0.0001
2025011321,-0.0001
2025011321,-0.0001
2025011321,-0.0001
2025011322,-0.0001
2025011322,-0.0001
2025011322,-0.0001
2025011322,-0.0001
2025011323,-0.0001
2025011323,-0.0001
2025011323,-0.0001
2025011323,-0.0001
2025011400,0.0
2025011400,0.0
2025011400,0.0
2025011400,0.0
2025011401,2.26
2025011401,2.26
2025011401,2.26
2025011401,2.26
2025011402,5.63
2025011402,5.63
2025011402,5.63
2025011402,5.63
2025011403,5.36
2025011403,5.36
2025011403,5.36
2025011403,5.36
2025011404,5.09
2025011404,5.09
2025011404,5.09
2025011404,5.09
2025011405,4.33
2025011405,4.33
2025011405,4.33
2025011405,4.33
2025011406,0.36
2025011406,0.36
2025011406,0.36
2025011406,0.36
2025011407,0.0
2025011407,0.0
2025011407,0.0
2025011407,0.0
2025011408,-0.0001
2025011408,-0.0001
2025011408,-0.0001
2025011408,-0.0001
2025011409,-0.0001
2025011409,-0.0001
2025011409,-0.0001
2025011409,-0.0001
2025011410,-0.0001
2025011410,-0.0001
2025011410,-0.0001
2025011410,-0.0001
2025011411,-0.0001
2025011411,-0.0001
2025011411,-0.0001
2025011411,-0.0001
2025011412,-0.0001
2025011412,-0.0001
2025011412,-0.0001
2025011412,-0.0001
2025011413,-0.0001
2025011413,-0.0001
2025011413,-0.0001
2025011413,-0.0001
2025011414,-0.0001
2025011414,-0.0001
2025011414,-0.0001
2025011414,-0.0001
2025011415,-0.0001
2025011415,-0.0001
2025011415,-0.0001
2025011415,-0.0001
2025011416,-0.0001
2025011416,-0.0001
2025011416,-0.0001
2025011416,-0.0001
2025011417,-0.0001
2025011417,-0.0001
2025011417,-0.0001
2025011417,-0.0001
2025011418,-0.0001
2025011418,-0.0001
2025011418,-0.0001
2025011418,-0.0001
2025011419,-0.0001
2025011419,-0.0001
2025011419,-0.0001
2025011419,-0.0001
2025011420,-0.0001
2025011420,-0.0001
2025011420,-0.0001
2025011420,-0.0001
2025011421,-0.0001
2025011421,-0.0001
2025011421,-0.0001
2025011421,-0.0001
2025011422,-0.0001
2025011422,-0.0001
2025011422,-0.0001
2025011422,-0.0001
2025011423,-0.0001
2025011423,-0.0001
2025011423,-0.0001
2025011423,-0.0001
2025011500,0.0
2025011500,0.0
2025011500,0.0
2025011500,0.0
2025011501,8.11
2025011501,8.11
2025011501,8.11
2025011501,8.11
2025011502,0.0
2025011502,0.0
2025011502,0.0
2025011502,0.0
2025011503,-0.0001
2025011503,-0.0001
2025011503,-0.0001
2025011503,-0.0001
2025011504,-0.0001
2025011504,-0.0001
2025011504,-0.0001
2025011504,-0.0001
2025011505,-0.0001
2025011505,-0.0001
2025011505,-0.0001
2025011505,-0.0001
2025011506,-0.0001
2025011506,-0.0001
2025011506,-0.0001
2025011506,-0.0001
2025011507,-0.0001
2025011507,-0.0001
2025011507,-0.0001
2025011507,-0.0001
2025011508,-0.0001
2025011508,-0.0001
2025011508,-0.0001
2025011508,-0.0001
2025011509,-0.0001
2025011509,-0.0001
2025011509,-0.0001
2025011509,-0.0001
2025011510,-0.0001
2025011510,-0.0001
2025011510,-0.0001
2025011510,-0.0001
2025011511,-0.0001
2025011511,-0.0001
2025011511,-0.0001
2025011511,-0.0001
2025011512,-0.0001
2025011512,-0.0001
2025011512,-0.0001
2025011512,-0.0001
2025011513,-0.0001
2025011513,-0.0001
2025011513,-0.0001
2025011513,-0.0001
2025011514,-0.0001
2025011514,-0.0001
2025011514,-0.0001
2025011514,-0.0001
2025011515,-0.0001
2025011515,-0.0001
2025011515,-0.0001
2025011515,-0.0001
2025011516,-0.0001
2025011516,-0.0001
2025011516,-0.0001
2025011516,-0.0001
2025011517,-0.0001
2025011517,-0.0001
2025011517,-0.0001
2025011517,-0.0001
2025011518,-0.0001
2025011518,-0.0001
2025011518,-0.0001
2025011518,-0.0001
2025011519,-0.0001
2025011519,-0.0001
2025011519,-0.0001
2025011519,-0.0001
2025011520,-0.0001
2025011520,-0.0001
2025011520,-0.0001
2025011520,-0.0001
2025011521,-0.0001
2025011521,-0.0001
2025011521,-0.0001
2025011521,-0.0001
2025011522,-0.0001
2025011522,-0.0001
2025011522,-0.0001
2025011522,-0.0001
2025011523,-0.0001
2025011523,-0.0001
2025011523,-0.0001
2025011523,-0.0001
2025011600,0.0
2025011600,0.0
2025011600,0.0
2025011600,0.0
2025011601,0.26
2025011601,0.26
2025011601,0.26
2025011601,0.26
2025011602,0.0
2025011602,0.0
2025011602,0.0
2025011602,0.0
2025011603,6.57
2025011603,6.57
2025011603,6.57
2025011603,6.57
2025011604,12.97
2025011604,12.97
2025011604,12.97
2025011604,12.97
2025011605,6.38
2025011605,6.38
2025011605,6.38
2025011605,6.38
2025011606,1.01
2025011606,1.01
2025011606,1.01
2025011606,1.01
2025011607,0.0
2025011607,0.0
2025011607,0.0
2025011607,0.0
2025011608,-0.0001
2025011608,-0.0001
2025011608,-0.0001
2025011608,-0.0001
2025011609,-0.0001
2025011609,-0.0001
2025011609,-0.0001
2025011609,-0.0001
2025011610,-0.0001
2025011610,-0.0001
2025011610,-0.0001
2025011610,-0.0001
2025011611,-0.0001
2025011611,-0.0001
2025011611,-0.0001
2025011611,-0.0001
2025011612,-0.0001
2025011612,-0.0001
2025011612,-0.0001
2025011612,-0.0001
2025011613,-0.0001
2025011613,-0.0001
2025011613,-0.0001
2025011613,-0.0001
2025011614,-0.0001
2025011614,-0.0001
2025011614,-0.0001
2025011614,-0.0001
2025011615,-0.0001
2025011615,-0.0001
2025011615,-0.0001
2025011615,-0.0001
2025011616,-0.0001
2025011616,-0.0001
2025011616,-0.0001
2025011616,-0.0001
2025011617,-0.0001
2025011617,-0.0001
2025011617,-0.0001
2025011617,-0.0001
2025011618,-0.0001
2025011618,-0.0001
2025011618,-0.0001
2025011618,-0.0001
2025011619,-0.0001
2025011619,-0.0001
2025011619,-0.0001
2025011619,-0.0001
2025011620,-0.0001
2025011620,-0.0001
2025011620,-0.0001
2025011620,-0.0001
2025011621,-0.0001
2025011621,-0.0001
2025011621,-0.0001
2025011621,-0.0001
2025011622,-0.0001
2025011622,-0.0001
2025011622,-0.0001
2025011622,-0.0001
2025011623,-0.0001
2025011623,-0.0001
2025011623,-0.0001
2025011623,-0.0001
2025011700,0.0
2025011700,0.0
2025011700,0.0
2025011700,0.0
2025011701,0.23
2025011701,0.23
2025011701,0.23
2025011701,0.23
2025011702,8.58
2025011702,8.58
2025011702,8.58
2025011702,8.58
2025011703,5.8
2025011703,5.8
2025011703,5.8
2025011703,5.8
2025011704,0.73
2025011704,0.73
2025011704,0.73
2025011704,0.73
2025011705,0.0
2025011705,0.0
2025011705,0.0
2025011705,0.0
2025011706,-0.0001
2025011706,-0.0001
2025011706,-0.0001
2025011706,-0.0001
2025011707,-0.0001
2025011707,-0.0001
2025011707,-0.0001
2025011707,-0.0001
2025011708,-0.0001
2025011708,-0.0001
2025011708,-0.0001
2025011708,-0.0001
2025011709,-0.0001
2025011709,-0.0001
2025011709,-0.0001
2025011709,-0.0001
2025011710,-0.0001
2025011710,-0.0001
2025011710,-0.0001
2025011710,-0.0001
2025011711,-0.0001
2025011711,-0.0001
2025011711,-0.0001
2025011711,-0.0001
2025011712,-0.0001
2025011712,-0.0001
2025011712,-0.0001
2025011712,-0.0001
2025011713,-0.0001
2025011713,-0.0001
2025011713,-0.0001
2025011713,-0.0001
2025011714,-0.0001
2025011714,-0.0001
2025011714,-0.0001
2025011714,-0.0001
2025011715,-0.0001
2025011715,-0.0001
2025011715,-0.0001
2025011715,-0.0001
2025011716,-0.0001
2025011716,-0.0001
2025011716,-0.0001
2025011716,-0.0001
2025011717,-0.0001
2025011717,-0.0001
2025011717,-0.0001
2025011717,-0.0001
2025011718,-0.0001
2025011718,-0.0001
2025011718,-0.0001
2025011718,-0.0001
2025011719,-0.0001
2025011719,-0.0001
2025011719,-0.0001
2025011719,-0.0001
2025011720,-0.0001
2025011720,-0.0001
2025011720,-0.0001
2025011720,-0.0001
2025011721,-0.0001
2025011721,-0.0001
2025011721,-0.0001
2025011721,-0.0001
2025011722,-0.0001
2025011722,-0.0001
2025011722,-0.0001
2025011722,-0.0001
2025011723,-0.0001
2025011723,-0.0001
2025011723,-0.0001
2025011723,-0.0001
2025011800,0.0
2025011800,0.0
2025011800,0.0
2025011800,0.0
2025011801,2.95
2025011801,2.95
2025011801,2.95
2025011801,2.95
2025011802,7.35
2025011802,7.35
2025011802,7.35
2025011802,7.35
2025011803,10.53
2025011803,10.53
2025011803,10.53
2025011803,10.53
2025011804,12.9
2025011804,12.9
2025011804,12.9
2025011804,12.9
2025011805,14.88
2025011805,14.88
2025011805,14.88
2025011805,14.88
2025011806,10.61
2025011806,10.61
2025011806,10.61
2025011806,10.61
2025011807,4.45
2025011807,4.45
2025011807,4.45
2025011807,4.45
2025011808,0.0
2025011808,0.0
2025011808,0.0
2025011808,0.0
2025011809,-0.0001
2025011809,-0.0001
2025011809,-0.0001
2025011809,-0.0001
2025011810,-0.0001
2025011810,-0.0001
2025011810,-0.0001
2025011810,-0.0001
2025011811,-0.0001
2025011811,-0.0001
2025011811,-0.0001
2025011811,-0.0001
2025011812,-0.0001
2025011812,-0.0001
2025011812,-0.0001
2025011812,-0.0001
2025011813,-0.0001
2025011813,-0.0001
2025011813,-0.0001
2025011813,-0.0001
2025011814,-0.0001
2025011814,-0.0001
2025011814,-0.0001
2025011814,-0.0001
2025011815,-0.0001
2025011815,-0.0001
2025011815,-0.0001
2025011815,-0.0001
2025011816,-0.0001
2025011816,-0.0001
2025011816,-0.0001
2025011816,-0.0001
2025011817,-0.0001
2025011817,-0.0001
2025011817,-0.0001
2025011817,-0.0001
2025011818,-0.0001
2025011818,-0.0001
2025011818,-0.0001
2025011818,-0.0001
2025011819,-0.0001
2025011819,-0.0001
2025011819,-0.0001
2025011819,-0.0001
2025011820,-0.0001
2025011820,-0.0001
2025011820,-0.0001
2025011820,-0.0001
2025011821,-0.0001
2025011821,-0.0001
2025011821,-0.0001
2025011821,-0.0001
2025011822,-0.0001
2025011822,-0.0001
2025011822,-0.0001
2025011822,-0.0001
2025011823,-0.0001
2025011823,-0.0001
2025011823,-0.0001
2025011823,-0.0001
2025011900,0.0
2025011900,0.0
2025011900,0.0
2025011900,0.0
2025011901,0.77
2025011901,0.77
2025011901,0.77
2025011901,0.77
2025011902,16.34
2025011902,16.34
2025011902,16.34
2025011902,16.34
2025011903,45.4
2025011903,45.4
2025011903,45.4
2025011903,45.4
2025011904,52.95
2025011904,52.95
2025011904,52.95
2025011904,52.95
2025011905,81.74
2025011905,81.74
2025011905,81.74
2025011905,81.74
2025011906,76.66
2025011906,76.66
2025011906,76.66
2025011906,76.66
2025011907,55.27
2025011907,55.27
2025011907,55.27
2025011907,55.27
2025011908,20.73
2025011908,20.73
2025011908,20.73
2025011908,20.73
2025011909,1.21
2025011909,1.21
2025011909,1.21
2025011909,1.21
2025011910,0.0
2025011910,0.0
2025011910,0.0
2025011910,0.0
2025011911,-0.0001
2025011911,-0.0001
2025011911,-0.0001
2025011911,-0.0001
2025011912,-0.0001
2025011912,-0.0001
2025011912,-0.0001
2025011912,-0.0001
2025011913,-0.0001
2025011913,-0.0001
2025011913,-0.0001
2025011913,-0.0001
2025011914,-0.0001
2025011914,-0.0001
2025011914,-0.0001
2025011914,-0.0001
2025011915,-0.0001
2025011915,-0.0001
2025011915,-0.0001
2025011915,-0.0001
2025011916,-0.0001
2025011916,-0.0001
2025011916,-0.0001
2025011916,-0.0001
2025011917,-0.0001
2025011917,-0.0001
2025011917,-0.0001
2025011917,-0.0001
2025011918,-0.0001
2025011918,-0.0001
2025011918,-0.0001
2025011918,-0.0001
2025011919,-0.0001
2025011919,-0.0001
2025011919,-0.0001
2025011919,-0.0001
2025011920,-0.0001
2025011920,-0.0001
2025011920,-0.0001
2025011920,-0.0001
2025011921,-0.0001
2025011921,-0.0001
2025011921,-0.0001
2025011921,-0.0001
2025011922,-0.0001
2025011922,-0.0001
2025011922,-0.0001
2025011922,-0.0001
2025011923,-0.0001
2025011923,-0.0001
2025011923,-0.0001
2025011923,-0.0001
2025012000,0.0
2025012000,0.0
2025012000,0.0
2025012000,0.0
2025012001,0.31
2025012001,0.31
2025012001,0.31
2025012001,0.31
2025012002,6.58
2025012002,6.58
2025012002,6.58
2025012002,6.58
2025012003,10.78
2025012003,10.78
2025012003,10.78
2025012003,10.78
2025012004,10.6
2025012004,10.6
2025012004,10.6
2025012004,10.6
2025012005,13.41
2025012005,13.41
2025012005,13.41
2025012005,13.41
2025012006,9.7
2025012006,9.7
2025012006,9.7
2025012006,9.7
2025012007,7.27
2025012007,7.27
2025012007,7.27
2025012007,7.27
2025012008,1.48
2025012008,1.48
2025012008,1.48
2025012008,1.48
2025012009,0.0
2025012009,0.0
2025012009,0.0
2025012009,0.0
2025012010,-0.0001
2025012010,-0.0001
2025012010,-0.0001
2025012010,-0.0001
2025012011,-0.0001
2025012011,-0.0001
2025012011,-0.0001
2025012011,-0.0001
2025012012,-0.0001
2025012012,-0.0001
2025012012,-0.0001
2025012012,-0.0001
2025012013,-0.0001
2025012013,-0.0001
2025012013,-0.0001
2025012013,-0.0001
2025012014,-0.0001
2025012014,-0.0001
2025012014,-0.0001
2025012014,-0.0001
2025012015,-0.0001
2025012015,-0.0001
2025012015,-0.0001
2025012015,-0.0001
2025012016,-0.0001
2025012016,-0.0001
2025012016,-0.0001
2025012016,-0.0001
2025012017,-0.0001
2025012017,-0.0001
2025012017,-0.0001
2025012017,-0.0001
2025012018,-0.0001
2025012018,-0.0001
2025012018,-0.0001
2025012018,-0.0001
2025012019,-0.0001
2025012019,-0.0001
2025012019,-0.0001
2025012019,-0.0001
2025012020,-0.0001
2025012020,-0.0001
2025012020,-0.0001
2025012020,-0.0001
2025012021,-0.0001
2025012021,-0.0001
2025012021,-0.0001
2025012021,-0.0001
2025012022,-0.0001
2025012022,-0.0001
2025012022,-0.0001
2025012022,-0.0001
2025012023,-0.0001
2025012023,-0.0001
2025012023,-0.0001
2025012023,-0.0001
2025012100,0.0
2025012100,0.0
2025012100,0.0
2025012100,0.0
2025012101,0.09
2025012101,0.09
2025012101,0.09
2025012101,0.09
2025012102,5.42
2025012102,5.42
2025012102,5.42
2025012102,5.42
2025012103,6.27
2025012103,6.27
2025012103,6.27
2025012103,6.27
2025012104,6.46
2025012104,6.46
2025012104,6.46
2025012104,6.46
2025012105,2.25
2025012105,2.25
2025012105,2.25
2025012105,2.25
2025012106,0.0
2025012106,0.0
2025012106,0.0
2025012106,0.0
2025012107,-0.0001
2025012107,-0.0001
2025012107,-0.0001
2025012107,-0.0001
2025012108,-0.0001
2025012108,-0.0001
2025012108,-0.0001
2025012108,-0.0001
2025012109,-0.0001
2025012109,-0.0001
2025012109,-0.0001
2025012109,-0.0001
2025012110,-0.0001
2025012110,-0.0001
2025012110,-0.0001
2025012110,-0.0001
2025012111,-0.0001
2025012111,-0.0001
2025012111,-0.0001
2025012111,-0.0001
2025012112,-0.0001
2025012112,-0.0001
2025012112,-0.0001
2025012112,-0.0001
2025012113,-0.0001
2025012113,-0.0001
2025012113,-0.0001
2025012113,-0.0001
2025012114,-0.0001
2025012114,-0.0001
2025012114,-0.0001
2025012114,-0.0001
2025012115,-0.0001
2025012115,-0.0001
2025012115,-0.0001
2025012115,-0.0001
2025012116,-0.0001
2025012116,-0.0001
2025012116,-0.0001
2025012116,-0.0001
2025012117,-0.0001
2025012117,-0.0001
2025012117,-0.0001
2025012117,-0.0001
2025012118,-0.0001
2025012118,-0.0001
2025012118,-0.0001
2025012118,-0.0001
2025012119,-0.0001
2025012119,-0.0001
2025012119,-0.0001
2025012119,-0.0001
2025012120,-0.0001
2025012120,-0.0001
2025012120,-0.0001
2025012120,-0.0001
2025012121,-0.0001
2025012121,-0.0001
2025012121,-0.0001
2025012121,-0.0001
2025012122,-0.0001
2025012122,-0.0001
2025012122,-0.0001
2025012122,-0.0001
2025012123,-0.0001
2025012123,-0.0001
2025012123,-0.0001
2025012123,-0.0001
2025012200,0.0
2025012200,0.0
2025012200,0.0
2025012200,0.0
2025012201,0.03
2025012201,0.03
2025012201,0.03
2025012201,0.03
2025012202,5.67
2025012202,5.67
2025012202,5.67
2025012202,5.67
2025012203,1.98
2025012203,1.98
2025012203,1.98
2025012203,1.98
2025012204,13.45
2025012204,13.45
2025012204,13.45
2025012204,13.45
2025012205,20.22
2025012205,20.22
2025012205,20.22
2025012205,20.22
2025012206,9.66
2025012206,9.66
2025012206,9.66
2025012206,9.66
2025012207,20.42
2025012207,20.42
2025012207,20.42
2025012207,20.42
2025012208,4.84
2025012208,4.84
2025012208,4.84
2025012208,4.84
2025012209,0.08
2025012209,0.08
2025012209,0.08
2025012209,0.08
2025012210,0.0
2025012210,0.0
2025012210,0.0
2025012210,0.0
2025012211,-0.0001
2025012211,-0.0001
2025012211,-0.0001
2025012211,-0.0001
2025012212,-0.0001
2025012212,-0.0001
2025012212,-0.0001
2025012212,-0.0001
2025012213,-0.0001
2025012213,-0.0001
2025012213,-0.0001
2025012213,-0.0001
2025012214,-0.0001
2025012214,-0.0001
2025012214,-0.0001
2025012214,-0.0001
2025012215,-0.0001
2025012215,-0.0001
2025012215,-0.0001
2025012215,-0.0001
2025012216,-0.0001
2025012216,-0.0001
2025012216,-0.0001
2025012216,-0.0001
2025012217,-0.0001
2025012217,-0.0001
2025012217,-0.0001
2025012217,-0.0001
2025012218,-0.0001
2025012218,-0.0001
2025012218,-0.0001
2025012218,-0.0001
2025012219,-0.0001
2025012219,-0.0001
2025012219,-0.0001
2025012219,-0.0001
2025012220,-0.0001
2025012220,-0.0001
2025012220,-0.0001
2025012220,-0.0001
2025012221,-0.0001
2025012221,-0.0001
2025012221,-0.0001
2025012221,-0.0001
2025012222,-0.0001
2025012222,-0.0001
2025012222,-0.0001
2025012222,-0.0001
2025012223,-0.0001
2025012223,-0.0001
2025012223,-0.0001
2025012223,-0.0001
2025012300,0.0
2025012300,0.0
2025012300,0.0
2025012300,0.0
2025012301,5.74
2025012301,5.74
2025012301,5.74
2025012301,5.74
2025012302,5.24
2025012302,5.24
2025012302,5.24
2025012302,5.24
2025012303,36.37
2025012303,36.37
2025012303,36.37
2025012303,36.37
2025012304,37.0
2025012304,37.0
2025012304,37.0
2025012304,37.0
2025012305,20.21
2025012305,20.21
2025012305,20.21
2025012305,20.21
2025012306,9.51
2025012306,9.51
2025012306,9.51
2025012306,9.51
2025012307,0.89
2025012307,0.89
2025012307,0.89
2025012307,0.89
2025012308,0.0
2025012308,0.0
2025012308,0.0
2025012308,0.0
2025012309,-0.0001
2025012309,-0.0001
2025012309,-0.0001
2025012309,-0.0001
2025012310,-0.0001
2025012310,-0.0001
2025012310,-0.0001
2025012310,-0.0001
2025012311,-0.0001
2025012311,-0.0001
2025012311,-0.0001
2025012311,-0.0001
2025012312,-0.0001
2025012312,-0.0001
2025012312,-0.0001
2025012312,-0.0001
2025012313,-0.0001
2025012313,-0.0001
2025012313,-0.0001
2025012313,-0.0001
2025012314,-0.0001
2025012314,-0.0001
2025012314,-0.0001
2025012314,-0.0001
2025012315,-0.0001
2025012315,-0.0001
2025012315,-0.0001
2025012315,-0.0001
2025012316,-0.0001
2025012316,-0.0001
2025012316,-0.0001
2025012316,-0.0001
2025012317,-0.0001
2025012317,-0.0001
2025012317,-0.0001
2025012317,-0.0001
2025012318,-0.0001
2025012318,-0.0001
2025012318,-0.0001
2025012318,-0.0001
2025012319,-0.0001
2025012319,-0.0001
2025012319,-0.0001
2025012319,-0.0001
2025012320,-0.0001
2025012320,-0.0001
2025012320,-0.0001
2025012320,-0.0001
2025012321,-0.0001
2025012321,-0.0001
2025012321,-0.0001
2025012321,-0.0001
2025012322,-0.0001
2025012322,-0.0001
2025012322,-0.0001
2025012322,-0.0001
2025012323,-0.0001
2025012323,-0.0001
2025012323,-0.0001
2025012323,-0.0001
2025012400,0.0
2025012400,0.0
2025012400,0.0
2025012400,0.0
2025012401,1.02
2025012401,1.02
2025012401,1.02
2025012401,1.02
2025012402,10.51
2025012402,10.51
2025012402,10.51
2025012402,10.51
2025012403,14.4
2025012403,14.4
2025012403,14.4
2025012403,14.4
2025012404,14.49
2025012404,14.49
2025012404,14.49
2025012404,14.49
2025012405,4.91
2025012405,4.91
2025012405,4.91
2025012405,4.91
2025012406,5.31
2025012406,5.31
2025012406,5.31
2025012406,5.31
2025012407,7.18
2025012407,7.18
2025012407,7.18
2025012407,7.18
2025012408,0.0
2025012408,0.0
2025012408,0.0
2025012408,0.0
2025012409,-0.0001
2025012409,-0.0001
2025012409,-0.0001
2025012409,-0.0001
2025012410,-0.0001
2025012410,-0.0001
2025012410,-0.0001
2025012410,-0.0001
2025012411,-0.0001
2025012411,-0.0001
2025012411,-0.0001
2025012411,-0.0001
2025012412,-0.0001
2025012412,-0.0001
2025012412,-0.0001
2025012412,-0.0001
2025012413,-0.0001
2025012413,-0.0001
2025012413,-0.0001
2025012413,-0.0001
2025012414,-0.0001
2025012414,-0.0001
2025012414,-0.0001
2025012414,-0.0001
2025012415,-0.0001
2025012415,-0.0001
2025012415,-0.0001
2025012415,-0.0001
2025012416,-0.0001
2025012416,-0.0001
2025012416,-0.0001
2025012416,-0.0001
2025012417,-0.0001
2025012417,-0.0001
2025012417,-0.0001
2025012417,-0.0001
2025012418,-0.0001
2025012418,-0.0001
2025012418,-0.0001
2025012418,-0.0001
2025012419,-0.0001
2025012419,-0.0001
2025012419,-0.0001
2025012419,-0.0001
2025012420,-0.0001
2025012420,-0.0001
2025012420,-0.0001
2025012420,-0.0001
2025012421,-0.0001
2025012421,-0.0001
2025012421,-0.0001
2025012421,-0.0001
2025012422,-0.0001
2025012422,-0.0001
2025012422,-0.0001
2025012422,-0.0001
2025012423,-0.0001
2025012423,-0.0001
2025012423,-0.0001
2025012423,-0.0001
2025012500,0.0
2025012500,0.0
2025012500,0.0
2025012500,0.0
2025012501,-0.0001
2025012501,-0.0001
2025012501,-0.0001
2025012501,-0.0001
2025012502,-0.0001
2025012502,-0.0001
2025012502,-0.0001
2025012502,-0.0001
2025012503,-0.0001
2025012503,-0.0001
2025012503,-0.0001
2025012503,-0.0001
2025012504,-0.0001
2025012504,-0.0001
2025012504,-0.0001
2025012504,-0.0001
2025012505,-0.0001
2025012505,-0.0001
2025012505,-0.0001
2025012505,-0.0001
2025012506,-0.0001
2025012506,-0.0001
2025012506,-0.0001
2025012506,-0.0001
2025012507,-0.0001
2025012507,-0.0001
2025012507,-0.0001
2025012507,-0.0001
2025012508,-0.0001
2025012508,-0.0001
2025012508,-0.0001
2025012508,-0.0001
2025012509,-0.0001
2025012509,-0.0001
2025012509,-0.0001
2025012509,-0.0001
2025012510,-0.0001
2025012510,-0.0001
2025012510,-0.0001
2025012510,-0.0001
2025012511,-0.0001
2025012511,-0.0001
2025012511,-0.0001
2025012511,-0.0001
2025012512,-0.0001
2025012512,-0.0001
2025012512,-0.0001
2025012512,-0.0001
2025012513,-0.0001
2025012513,-0.0001
2025012513,-0.0001
2025012513,-0.0001
2025012514,-0.0001
2025012514,-0.0001
2025012514,-0.0001
2025012514,-0.0001
2025012515,-0.0001
2025012515,-0.0001
2025012515,-0.0001
2025012515,-0.0001
2025012516,-0.0001
2025012516,-0.0001
2025012516,-0.0001
2025012516,-0.0001
2025012517,-0.0001
2025012517,-0.0001
2025012517,-0.0001
2025012517,-0.0001
2025012518,-0.0001
2025012518,-0.0001
2025012518,-0.0001
2025012518,-0.0001
2025012519,-0.0001
2025012519,-0.0001
2025012519,-0.0001
2025012519,-0.0001
2025012520,-0.0001
2025012520,-0.0001
2025012520,-0.0001
2025012520,-0.0001
2025012521,-0.0001
2025012521,-0.0001
2025012521,-0.0001
2025012521,-0.0001
2025012522,-0.0001
2025012522,-0.0001
2025012522,-0.0001
2025012522,-0.0001
2025012523,-0.0001
2025012523,-0.0001
2025012523,-0.0001
2025012523,-0.0001
2025012600,0.0
2025012600,0.0
2025012600,0.0
2025012600,0.0
2025012601,2.19
2025012601,2.19
2025012601,2.19
2025012601,2.19
2025012602,16.01
2025012602,16.01
2025012602,16.01
2025012602,16.01
2025012603,25.13
2025012603,25.13
2025012603,25.13
2025012603,25.13
2025012604,21.92
2025012604,21.92
2025012604,21.92
2025012604,21.92
2025012605,23.5
2025012605,23.5
2025012605,23.5
2025012605,23.5
2025012606,18.59
2025012606,18.59
2025012606,18.59
2025012606,18.59
2025012607,11.82
2025012607,11.82
2025012607,11.82
2025012607,11.82
2025012608,2.67
2025012608,2.67
2025012608,2.67
2025012608,2.67
2025012609,0.0
2025012609,0.0
2025012609,0.0
2025012609,0.0
2025012610,-0.0001
2025012610,-0.0001
2025012610,-0.0001
2025012610,-0.0001
2025012611,-0.0001
2025012611,-0.0001
2025012611,-0.0001
2025012611,-0.0001
2025012612,-0.0001
2025012612,-0.0001
2025012612,-0.0001
2025012612,-0.0001
2025012613,-0.0001
2025012613,-0.0001
2025012613,-0.0001
2025012613,-0.0001
2025012614,-0.0001
2025012614,-0.0001
2025012614,-0.0001
2025012614,-0.0001
2025012615,-0.0001
2025012615,-0.0001
2025012615,-0.0001
2025012615,-0.0001
2025012616,-0.0001
2025012616,-0.0001
2025012616,-0.0001
2025012616,-0.0001
2025012617,-0.0001
2025012617,-0.0001
2025012617,-0.0001
2025012617,-0.0001
2025012618,-0.0001
2025012618,-0.0001
2025012618,-0.0001
2025012618,-0.0001
2025012619,-0.0001
2025012619,-0.0001
2025012619,-0.0001
2025012619,-0.0001
2025012620,-0.0001
2025012620,-0.0001
2025012620,-0.0001
2025012620,-0.0001
2025012621,-0.0001
2025012621,-0.0001
2025012621,-0.0001
2025012621,-0.0001
2025012622,-0.0001
2025012622,-0.0001
2025012622,-0.0001
2025012622,-0.0001
2025012623,-0.0001
2025012623,-0.0001
2025012623,-0.0001
2025012623,-0.0001
2025012700,0.0
2025012700,0.0
2025012700,0.0
2025012700,0.0
2025012701,1.1
2025012701,1.1
2025012701,1.1
2025012701,1.1
2025012702,9.4
2025012702,9.4
2025012702,9.4
2025012702,9.4
2025012703,29.63
2025012703,29.63
2025012703,29.63
2025012703,29.63
2025012704,57.18
2025012704,57.18
2025012704,57.18
2025012704,57.18
2025012705,54.85
2025012705,54.85
2025012705,54.85
2025012705,54.85
2025012706,53.68
2025012706,53.68
2025012706,53.68
2025012706,53.68
2025012707,22.63
2025012707,22.63
2025012707,22.63
2025012707,22.63
2025012708,1.74
2025012708,1.74
2025012708,1.74
2025012708,1.74
2025012709,0.0
2025012709,0.0
2025012709,0.0
2025012709,0.0
2025012710,-0.0001
2025012710,-0.0001
2025012710,-0.0001
2025012710,-0.0001
2025012711,-0.0001
2025012711,-0.0001
2025012711,-0.0001
2025012711,-0.0001
2025012712,-0.0001
2025012712,-0.0001
2025012712,-0.0001
2025012712,-0.0001
2025012713,-0.0001
2025012713,-0.0001
2025012713,-0.0001
2025012713,-0.0001
2025012714,-0.0001
2025012714,-0.0001
2025012714,-0.0001
2025012714,-0.0001
2025012715,-0.0001
2025012715,-0.0001
2025012715,-0.0001
2025012715,-0.0001
2025012716,-0.0001
2025012716,-0.0001
2025012716,-0.0001
2025012716,-0.0001
2025012717,-0.0001
2025012717,-0.0001
2025012717,-0.0001
2025012717,-0.0001
2025012718,-0.0001
2025012718,-0.0001
2025012718,-0.0001
2025012718,-0.0001
2025012719,-0.0001
2025012719,-0.0001
2025012719,-0.0001
2025012719,-0.0001
2025012720,-0.0001
2025012720,-0.0001
2025012720,-0.0001
2025012720,-0.0001
2025012721,-0.0001
2025012721,-0.0001
2025012721,-0.0001
2025012721,-0.0001
2025012722,-0.0001
2025012722,-0.0001
2025012722,-0.0001
2025012722,-0.0001
2025012723,-0.0001
2025012723,-0.0001
2025012723,-0.0001
2025012723,-0.0001
2025012800,0.0
2025012800,0.0
2025012800,0.0
2025012800,0.0
2025012801,6.48
2025012801,6.48
2025012801,6.48
2025012801,6.48
2025012802,22.74
2025012802,22.74
2025012802,22.74
2025012802,22.74
2025012803,43.56
2025012803,43.56
2025012803,43.56
2025012803,43.56
2025012804,87.03
2025012804,87.03
2025012804,87.03
2025012804,87.03
2025012805,77.86
2025012805,77.86
2025012805,77.86
2025012805,77.86
2025012806,69.45
2025012806,69.45
2025012806,69.45
2025012806,69.45
2025012807,35.41
2025012807,35.41
2025012807,35.41
2025012807,35.41
2025012808,3.97
2025012808,3.97
2025012808,3.97
2025012808,3.97
2025012809,0.0
2025012809,0.0
2025012809,0.0
2025012809,0.0
2025012810,-0.0001
2025012810,-0.0001
2025012810,-0.0001
2025012810,-0.0001
2025012811,-0.0001
2025012811,-0.0001
2025012811,-0.0001
2025012811,-0.0001
2025012812,-0.0001
2025012812,-0.0001
2025012812,-0.0001
2025012812,-0.0001
2025012813,-0.0001
2025012813,-0.0001
2025012813,-0.0001
2025012813,-0.0001
2025012814,-0.0001
2025012814,-0.0001
2025012814,-0.0001
2025012814,-0.0001
2025012815,-0.0001
2025012815,-0.0001
2025012815,-0.0001
2025012815,-0.0001
2025012816,-0.0001
2025012816,-0.0001
2025012816,-0.0001
2025012816,-0.0001
2025012817,-0.0001
2025012817,-0.0001
2025012817,-0.0001
2025012817,-0.0001
2025012818,-0.0001
2025012818,-0.0001
2025012818,-0.0001
2025012818,-0.0001
2025012819,-0.0001
2025012819,-0.0001
2025012819,-0.0001
2025012819,-0.0001
2025012820,-0.0001
2025012820,-0.0001
2025012820,-0.0001
2025012820,-0.0001
2025012821,-0.0001
2025012821,-0.0001
2025012821,-0.0001
2025012821,-0.0001
2025012822,-0.0001
2025012822,-0.0001
2025012822,-0.0001
2025012822,-0.0001
2025012823,-0.0001
2025012823,-0.0001
2025012823,-0.0001
2025012823,-0.0001
2025012900,0.0
2025012900,0.0
2025012900,0.0
2025012900,0.0
2025012901,1.37
2025012901,1.37
2025012901,1.37
2025012901,1.37
2025012902,7.43
2025012902,7.43
2025012902,7.43
2025012902,7.43
2025012903,5.55
2025012903,5.55
2025012903,5.55
2025012903,5.55
2025012904,0.76
2025012904,0.76
2025012904,0.76
2025012904,0.76
2025012905,0.61
2025012905,0.61
2025012905,0.61
2025012905,0.61
2025012906,8.11
2025012906,8.11
2025012906,8.11
2025012906,8.11
2025012907,2.79
2025012907,2.79
2025012907,2.79
2025012907,2.79
2025012908,0.02
2025012908,0.02
2025012908,0.02
2025012908,0.02
2025012909,0.0
2025012909,0.0
2025012909,0.0
2025012909,0.0
2025012910,-0.0001
2025012910,-0.0001
2025012910,-0.0001
2025012910,-0.0001
2025012911,-0.0001
2025012911,-0.0001
2025012911,-0.0001
2025012911,-0.0001
2025012912,-0.0001
2025012912,-0.0001
2025012912,-0.0001
2025012912,-0.0001
2025012913,-0.0001
2025012913,-0.0001
2025012913,-0.0001
2025012913,-0.0001
2025012914,-0.0001
2025012914,-0.0001
2025012914,-0.0001
2025012914,-0.0001
2025012915,-0.0001
2025012915,-0.0001
2025012915,-0.0001
2025012915,-0.0001
2025012916,-0.0001
2025012916,-0.0001
2025012916,-0.0001
2025012916,-0.0001
2025012917,-0.0001
2025012917,-0.0001
2025012917,-0.0001
2025012917,-0.0001
2025012918,-0.0001
2025012918,-0.0001
2025012918,-0.0001
2025012918,-0.0001
2025012919,-0.0001
2025012919,-0.0001
2025012919,-0.0001
2025012919,-0.0001
2025012920,-0.0001
2025012920,-0.0001
2025012920,-0.0001
2025012920,-0.0001
2025012921,-0.0001
2025012921,-0.0001
2025012921,-0.0001
2025012921,-0.0001
2025012922,-0.0001
2025012922,-0.0001
2025012922,-0.0001
2025012922,-0.0001
2025012923,-0.0001
2025012923,-0.0001
2025012923,-0.0001
2025012923,-0.0001
2025013000,0.0
2025013000,0.0
2025013000,0.0
2025013000,0.0
2025013001,0.44
2025013001,0.44
2025013001,0.44
2025013001,0.44
2025013002,15.25
2025013002,15.25
2025013002,15.25
2025013002,15.25
2025013003,15.87
2025013003,15.87
2025013003,15.87
2025013003,15.87
2025013004,50.82
2025013004,50.82
2025013004,50.82
2025013004,50.82
2025013005,42.56
2025013005,42.56
2025013005,42.56
2025013005,42.56
2025013006,20.22
2025013006,20.22
2025013006,20.22
2025013006,20.22
2025013007,10.41
2025013007,10.41
2025013007,10.41
2025013007,10.41
2025013008,7.95
2025013008,7.95
2025013008,7.95
2025013008,7.95
2025013009,1.39
2025013009,1.39
2025013009,1.39
2025013009,1.39
2025013010,0.0
2025013010,0.0
2025013010,0.0
2025013010,0.0
2025013011,-0.0001
2025013011,-0.0001
2025013011,-0.0001
2025013011,-0.0001
2025013012,-0.0001
2025013012,-0.0001
2025013012,-0.0001
2025013012,-0.0001
2025013013,-0.0001
2025013013,-0.0001
2025013013,-0.0001
2025013013,-0.0001
2025013014,-0.0001
2025013014,-0.0001
2025013014,-0.0001
2025013014,-0.0001
2025013015,-0.0001
2025013015,-0.0001
2025013015,-0.0001
2025013015,-0.0001
2025013016,-0.0001
2025013016,-0.0001
2025013016,-0.0001
2025013016,-0.0001
2025013017,-0.0001
2025013017,-0.0001
2025013017,-0.0001
2025013017,-0.0001
2025013018,-0.0001
2025013018,-0.0001
2025013018,-0.0001
2025013018,-0.0001
2025013019,-0.0001
2025013019,-0.0001
2025013019,-0.0001
2025013019,-0.0001
2025013020,-0.0001
2025013020,-0.0001
2025013020,-0.0001
2025013020,-0.0001
2025013021,-0.0001
2025013021,-0.0001
2025013021,-0.0001
2025013021,-0.0001
2025013022,-0.0001
2025013022,-0.0001
2025013022,-0.0001
2025013022,-0.0001
2025013023,-0.0001
2025013023,-0.0001
2025013023,-0.0001
2025013023,-0.0001
2025013100,0.0
2025013100,0.0
2025013100,0.0
2025013100,0.0
2025013101,0.22
2025013101,0.22
2025013101,0.22
2025013101,0.22
2025013102,7.47
2025013102,7.47
2025013102,7.47
2025013102,7.47
2025013103,18.59
2025013103,18.59
2025013103,18.59
2025013103,18.59
2025013104,39.7
2025013104,39.7
2025013104,39.7
2025013104,39.7
2025013105,51.88
2025013105,51.88
2025013105,51.88
2025013105,51.88
2025013106,43.95
2025013106,43.95
2025013106,43.95
2025013106,43.95
2025013107,22.47
2025013107,22.47
2025013107,22.47
2025013107,22.47
2025013108,15.47
2025013108,15.47
2025013108,15.47
2025013108,15.47
2025013109,3.5
2025013109,3.5
2025013109,3.5
2025013109,3.5
2025013110,0.0
2025013110,0.0
2025013110,0.0
2025013110,0.0
2025013111,-0.0001
2025013111,-0.0001
2025013111,-0.0001
2025013111,-0.0001
2025013112,-0.0001
2025013112,-0.0001
2025013112,-0.0001
2025013112,-0.0001
2025013113,-0.0001
2025013113,-0.0001
2025013113,-0.0001
2025013113,-0.0001
2025013114,-0.0001
2025013114,-0.0001
2025013114,-0.0001
2025013114,-0.0001
2025013115,-0.0001
2025013115,-0.0001
2025013115,-0.0001
2025013115,-0.0001
2025013116,-0.0001
2025013116,-0.0001
2025013116,-0.0001
2025013116,-0.0001
2025013117,-0.0001
2025013117,-0.0001
2025013117,-0.0001
2025013117,-0.0001
2025013118,-0.0001
2025013118,-0.0001
2025013118,-0.0001
2025013118,-0.0001
2025013119,-0.0001
2025013119,-0.0001
2025013119,-0.0001
2025013119,-0.0001
2025013120,-0.0001
2025013120,-0.0001
2025013120,-0.0001
2025013120,-0.0001
2025013121,-0.0001
2025013121,-0.0001
2025013121,-0.0001
2025013121,-0.0001
2025013122,-0.0001
2025013122,-0.0001
2025013122,-0.0001
2025013122,-0.0001
2025013123,-0.0001
2025013123,-0.0001
2025013123,-0.0001
2025013123,-0.0001
2025020100,0.0
2025020100,0.0
2025020100,0.0
2025020100,0.0
2025020101,4.39
2025020101,4.39
2025020101,4.39
2025020101,4.39
2025020102,27.62
2025020102,27.62
2025020102,27.62
2025020102,27.62
2025020103,52.03
2025020103,52.03
2025020103,52.03
2025020103,52.03
2025020104,95.07
2025020104,95.07
2025020104,95.07
2025020104,95.07
2025020105,68.72
2025020105,68.72
2025020105,68.72
2025020105,68.72
2025020106,44.41
2025020106,44.41
2025020106,44.41
2025020106,44.41
2025020107,66.56
2025020107,66.56
2025020107,66.56
2025020107,66.56
2025020108,28.36
2025020108,28.36
2025020108,28.36
2025020108,28.36
2025020109,2.45
2025020109,2.45
2025020109,2.45
2025020109,2.45
2025020110,0.0
2025020110,0.0
2025020110,0.0
2025020110,0.0
2025020111,-0.0001
2025020111,-0.0001
2025020111,-0.0001
2025020111,-0.0001
2025020112,-0.0001
2025020112,-0.0001
2025020112,-0.0001
2025020112,-0.0001
2025020113,-0.0001
2025020113,-0.0001
2025020113,-0.0001
2025020113,-0.0001
2025020114,-0.0001
2025020114,-0.0001
2025020114,-0.0001
2025020114,-0.0001
2025020115,-0.0001
2025020115,-0.0001
2025020115,-0.0001
2025020115,-0.0001
2025020116,-0.0001
2025020116,-0.0001
2025020116,-0.0001
2025020116,-0.0001
2025020117,-0.0001
2025020117,-0.0001
2025020117,-0.0001
2025020117,-0.0001
2025020118,-0.0001
2025020118,-0.0001
2025020118,-0.0001
2025020118,-0.0001
2025020119,-0.0001
2025020119,-0.0001
2025020119,-0.0001
2025020119,-0.0001
2025020120,-0.0001
2025020120,-0.0001
2025020120,-0.0001
2025020120,-0.0001
2025020121,-0.0001
2025020121,-0.0001
2025020121,-0.0001
2025020121,-0.0001
2025020122,-0.0001
2025020122,-0.0001
2025020122,-0.0001
2025020122,-0.0001
2025020123,-0.0001
2025020123,-0.0001
2025020123,-0.0001
2025020123,-0.0001
2025020200,0.0
2025020200,0.0
2025020200,0.0
2025020200,0.0
2025020201,0.16
2025020201,0.16
2025020201,0.16
2025020201,0.16
2025020202,12.18
2025020202,12.18
2025020202,12.18
2025020202,12.18
2025020203,19.73
2025020203,19.73
2025020203,19.73
2025020203,19.73
2025020204,21.3
2025020204,21.3
2025020204,21.3
2025020204,21.3
2025020205,31.21
2025020205,31.21
2025020205,31.21
2025020205,31.21
2025020206,25.15
2025020206,25.15
2025020206,25.15
2025020206,25.15
2025020207,11.42
2025020207,11.42
2025020207,11.42
2025020207,11.42
2025020208,5.06
2025020208,5.06
2025020208,5.06
2025020208,5.06
2025020209,1.0
2025020209,1.0
2025020209,1.0
2025020209,1.0
2025020210,0.0
2025020210,0.0
2025020210,0.0
2025020210,0.0
2025020211,-0.0001
2025020211,-0.0001
2025020211,-0.0001
2025020211,-0.0001
2025020212,-0.0001
2025020212,-0.0001
2025020212,-0.0001
2025020212,-0.0001
2025020213,-0.0001
2025020213,-0.0001
2025020213,-0.0001
2025020213,-0.0001
2025020214,-0.0001
2025020214,-0.0001
2025020214,-0.0001
2025020214,-0.0001
2025020215,-0.0001
2025020215,-0.0001
2025020215,-0.0001
2025020215,-0.0001
2025020216,-0.0001
2025020216,-0.0001
2025020216,-0.0001
2025020216,-0.0001
2025020217,-0.0001
2025020217,-0.0001
2025020217,-0.0001
2025020217,-0.0001
2025020218,-0.0001
2025020218,-0.0001
2025020218,-0.0001
2025020218,-0.0001
2025020219,-0.0001
2025020219,-0.0001
2025020219,-0.0001
2025020219,-0.0001
2025020220,-0.0001
2025020220,-0.0001
2025020220,-0.0001
2025020220,-0.0001
2025020221,-0.0001
2025020221,-0.0001
2025020221,-0.0001
2025020221,-0.0001
2025020222,-0.0001
2025020222,-0.0001
2025020222,-0.0001
2025020222,-0.0001
2025020223,-0.0001
2025020223,-0.0001
2025020223,-0.0001
2025020223,-0.0001
2025020300,0.0
2025020300,0.0
2025020300,0.0
2025020300,0.0
2025020301,5.05
2025020301,5.05
2025020301,5.05
2025020301,5.05
2025020302,18.03
2025020302,18.03
2025020302,18.03
2025020302,18.03
2025020303,26.77
2025020303,26.77
2025020303,26.77
2025020303,26.77
2025020304,19.98
2025020304,19.98
2025020304,19.98
2025020304,19.98
2025020305,21.47
2025020305,21.47
2025020305,21.47
2025020305,21.47
2025020306,14.52
2025020306,14.52
2025020306,14.52
2025020306,14.52
2025020307,7.17
2025020307,7.17
2025020307,7.17
2025020307,7.17
2025020308,0.91
2025020308,0.91
2025020308,0.91
2025020308,0.91
2025020309,0.0
2025020309,0.0
2025020309,0.0
2025020309,0.0
2025020310,-0.0001
2025020310,-0.0001
2025020310,-0.0001
2025020310,-0.0001
2025020311,-0.0001
2025020311,-0.0001
2025020311,-0.0001
2025020311,-0.0001
2025020312,-0.0001
2025020312,-0.0001
2025020312,-0.0001
2025020312,-0.0001
2025020313,-0.0001
2025020313,-0.0001
2025020313,-0.0001
2025020313,-0.0001
2025020314,-0.0001
2025020314,-0.0001
2025020314,-0.0001
2025020314,-0.0001
2025020315,-0.0001
2025020315,-0.0001
2025020315,-0.0001
2025020315,-0.0001
2025020316,-0.0001
2025020316,-0.0001
2025020316,-0.0001
2025020316,-0.0001
2025020317,-0.0001
2025020317,-0.0001
2025020317,-0.0001
2025020317,-0.0001
2025020318,-0.0001
2025020318,-0.0001
2025020318,-0.0001
2025020318,-0.0001
2025020319,-0.0001
2025020319,-0.0001
2025020319,-0.0001
2025020319,-0.0001
2025020320,-0.0001
2025020320,-0.0001
2025020320,-0.0001
2025020320,-0.0001
2025020321,-0.0001
2025020321,-0.0001
2025020321,-0.0001
2025020321,-0.0001
2025020322,-0.0001
2025020322,-0.0001
2025020322,-0.0001
2025020322,-0.0001
2025020323,-0.0001
2025020323,-0.0001
2025020323,-0.0001
2025020323,-0.0001
2025020400,0.0
2025020400,0.0
2025020400,0.0
2025020400,0.0
2025020401,3.08
2025020401,3.08
2025020401,3.08
2025020401,3.08
2025020402,14.07
2025020402,14.07
2025020402,14.07
2025020402,14.07
2025020403,15.26
2025020403,15.26
2025020403,15.26
2025020403,15.26
2025020404,37.12
2025020404,37.12
2025020404,37.12
2025020404,37.12
2025020405,54.54
2025020405,54.54
2025020405,54.54
2025020405,54.54
2025020406,31.58
2025020406,31.58
2025020406,31.58
2025020406,31.58
2025020407,19.34
2025020407,19.34
2025020407,19.34
2025020407,19.34
2025020408,16.47
2025020408,16.47
2025020408,16.47
2025020408,16.47
2025020409,2.62
2025020409,2.62
2025020409,2.62
2025020409,2.62
2025020410,0.0
2025020410,0.0
2025020410,0.0
2025020410,0.0
2025020411,-0.0001
2025020411,-0.0001
2025020411,-0.0001
2025020411,-0.0001
2025020412,-0.0001
2025020412,-0.0001
2025020412,-0.0001
2025020412,-0.0001
2025020413,-0.0001
2025020413,-0.0001
2025020413,-0.0001
2025020413,-0.0001
2025020414,-0.0001
2025020414,-0.0001
2025020414,-0.0001
2025020414,-0.0001
2025020415,-0.0001
2025020415,-0.0001
2025020415,-0.0001
2025020415,-0.0001
2025020416,-0.0001
2025020416,-0.0001
2025020416,-0.0001
2025020416,-0.0001
2025020417,-0.0001
2025020417,-0.0001
2025020417,-0.0001
2025020417,-0.0001
2025020418,-0.0001
2025020418,-0.0001
2025020418,-0.0001
2025020418,-0.0001
2025020419,-0.0001
2025020419,-0.0001
2025020419,-0.0001
2025020419,-0.0001
2025020420,-0.0001
2025020420,-0.0001
2025020420,-0.0001
2025020420,-0.0001
2025020421,-0.0001
2025020421,-0.0001
2025020421,-0.0001
2025020421,-0.0001
2025020422,-0.0001
2025020422,-0.0001
2025020422,-0.0001
2025020422,-0.0001
2025020423,-0.0001
2025020423,-0.0001
2025020423,-0.0001
2025020423,-0.0001
2025020500,0.0
2025020500,0.0
2025020500,0.0
2025020500,0.0
2025020501,0.79
2025020501,0.79
2025020501,0.79
2025020501,0.79
2025020502,29.97
2025020502,29.97
2025020502,29.97
2025020502,29.97
2025020503,70.33
2025020503,70.33
2025020503,70.33
2025020503,70.33
2025020504,89.92
2025020504,89.92
2025020504,89.92
2025020504,89.92
2025020505,90.91
2025020505,90.91
2025020505,90.91
2025020505,90.91
2025020506,34.38
2025020506,34.38
2025020506,34.38
2025020506,34.38
2025020507,43.07
2025020507,43.07
2025020507,43.07
2025020507,43.07
2025020508,23.08
2025020508,23.08
2025020508,23.08
2025020508,23.08
2025020509,1.44
2025020509,1.44
2025020509,1.44
2025020509,1.44
2025020510,0.0
2025020510,0.0
2025020510,0.0
2025020510,0.0
2025020511,-0.0001
2025020511,-0.0001
2025020511,-0.0001
2025020511,-0.0001
2025020512,-0.0001
2025020512,-0.0001
2025020512,-0.0001
2025020512,-0.0001
2025020513,-0.0001
2025020513,-0.0001
2025020513,-0.0001
2025020513,-0.0001
2025020514,-0.0001
2025020514,-0.0001
2025020514,-0.0001
2025020514,-0.0001
2025020515,-0.0001
2025020515,-0.0001
2025020515,-0.0001
2025020515,-0.0001
2025020516,-0.0001
2025020516,-0.0001
2025020516,-0.0001
2025020516,-0.0001
2025020517,-0.0001
2025020517,-0.0001
2025020517,-0.0001
2025020517,-0.0001
2025020518,-0.0001
2025020518,-0.0001
2025020518,-0.0001
2025020518,-0.0001
2025020519,-0.0001
2025020519,-0.0001
2025020519,-0.0001
2025020519,-0.0001
2025020520,-0.0001
2025020520,-0.0001
2025020520,-0.0001
2025020520,-0.0001
2025020521,-0.0001
2025020521,-0.0001
2025020521,-0.0001
2025020521,-0.0001
2025020522,-0.0001
2025020522,-0.0001
2025020522,-0.0001
2025020522,-0.0001
2025020523,-0.0001
2025020523,-0.0001
2025020523,-0.0001
2025020523,-0.0001
2025020600,0.0
2025020600,0.0
2025020600,0.0
2025020600,0.0
2025020601,6.27
2025020601,6.27
2025020601,6.27
2025020601,6.27
2025020602,38.6
2025020602,38.6
2025020602,38.6
2025020602,38.6
2025020603,72.72
2025020603,72.72
2025020603,72.72
2025020603,72.72
2025020604,91.99
2025020604,91.99
2025020604,91.99
2025020604,91.99
2025020605,100.51
2025020605,100.51
2025020605,100.51
2025020605,100.51
2025020606,95.64
2025020606,95.64
2025020606,95.64
2025020606,95.64
2025020607,78.63
2025020607,78.63
2025020607,78.63
2025020607,78.63
2025020608,52.8
2025020608,52.8
2025020608,52.8
2025020608,52.8
2025020609,13.21
2025020609,13.21
2025020609,13.21
2025020609,13.21
2025020610,0.0
2025020610,0.0
2025020610,0.0
2025020610,0.0
2025020611,-0.0001
2025020611,-0.0001
2025020611,-0.0001
2025020611,-0.0001
2025020612,-0.0001
2025020612,-0.0001
2025020612,-0.0001
2025020612,-0.0001
2025020613,-0.0001
2025020613,-0.0001
2025020613,-0.0001
2025020613,-0.0001
2025020614,-0.0001
2025020614,-0.0001
2025020614,-0.0001
2025020614,-0.0001
2025020615,-0.0001
2025020615,-0.0001
2025020615,-0.0001
2025020615,-0.0001
2025020616,-0.0001
2025020616,-0.0001
2025020616,-0.0001
2025020616,-0.0001
2025020617,-0.0001
2025020617,-0.0001
2025020617,-0.0001
2025020617,-0.0001
2025020618,-0.0001
2025020618,-0.0001
2025020618,-0.0001
2025020618,-0.0001
2025020619,-0.0001
2025020619,-0.0001
2025020619,-0.0001
2025020619,-0.0001
2025020620,-0.0001
2025020620,-0.0001
2025020620,-0.0001
2025020620,-0.0001
2025020621,-0.0001
2025020621,-0.0001
2025020621,-0.0001
2025020621,-0.0001
2025020622,-0.0001
2025020622,-0.0001
2025020622,-0.0001
2025020622,-0.0001
2025020623,-0.0001
2025020623,-0.0001
2025020623,-0.0001
2025020623,-0.0001
2025020700,0.0
2025020700,0.0
2025020700,0.0
2025020700,0.0
2025020701,1.03
2025020701,1.03
2025020701,1.03
2025020701,1.03
2025020702,4.98
2025020702,4.98
2025020702,4.98
2025020702,4.98
2025020703,18.18
2025020703,18.18
2025020703,18.18
2025020703,18.18
2025020704,39.78
2025020704,39.78
2025020704,39.78
2025020704,39.78
2025020705,47.28
2025020705,47.28
2025020705,47.28
2025020705,47.28
2025020706,45.02
2025020706,45.02
2025020706,45.02
2025020706,45.02
2025020707,25.93
2025020707,25.93
2025020707,25.93
2025020707,25.93
2025020708,5.82
2025020708,5.82
2025020708,5.82
2025020708,5.82
2025020709,0.25
2025020709,0.25
2025020709,0.25
2025020709,0.25
2025020710,0.0
2025020710,0.0
2025020710,0.0
2025020710,0.0
2025020711,-0.0001
2025020711,-0.0001
2025020711,-0.0001
2025020711,-0.0001
2025020712,-0.0001
2025020712,-0.0001
2025020712,-0.0001
2025020712,-0.0001
2025020713,-0.0001
2025020713,-0.0001
2025020713,-0.0001
2025020713,-0.0001
2025020714,-0.0001
2025020714,-0.0001
2025020714,-0.0001
2025020714,-0.0001
2025020715,-0.0001
2025020715,-0.0001
2025020715,-0.0001
2025020715,-0.0001
2025020716,-0.0001
2025020716,-0.0001
2025020716,-0.0001
2025020716,-0.0001
2025020717,-0.0001
2025020717,-0.0001
2025020717,-0.0001
2025020717,-0.0001
2025020718,-0.0001
2025020718,-0.0001
2025020718,-0.0001
2025020718,-0.0001
2025020719,-0.0001
2025020719,-0.0001
2025020719,-0.0001
2025020719,-0.0001
2025020720,-0.0001
2025020720,-0.0001
2025020720,-0.0001
2025020720,-0.0001
2025020721,-0.0001
2025020721,-0.0001
2025020721,-0.0001
2025020721,-0.0001
2025020722,-0.0001
2025020722,-0.0001
2025020722,-0.0001
2025020722,-0.0001
2025020723,-0.0001
2025020723,-0.0001
2025020723,-0.0001
2025020723,-0.0001
2025020800,0.0
2025020800,0.0
2025020800,0.0
2025020800,0.0
2025020801,6.06
2025020801,6.06
2025020801,6.06
2025020801,6.06
2025020802,8.93
2025020802,8.93
2025020802,8.93
2025020802,8.93
2025020803,16.74
2025020803,16.74
2025020803,16.74
2025020803,16.74
2025020804,34.66
2025020804,34.66
2025020804,34.66
2025020804,34.66
2025020805,34.39
2025020805,34.39
2025020805,34.39
2025020805,34.39
2025020806,47.37
2025020806,47.37
2025020806,47.37
2025020806,47.37
2025020807,11.68
2025020807,11.68
2025020807,11.68
2025020807,11.68
2025020808,3.57
2025020808,3.57
2025020808,3.57
2025020808,3.57
2025020809,0.0
2025020809,0.0
2025020809,0.0
2025020809,0.0
2025020810,-0.0001
2025020810,-0.0001
2025020810,-0.0001
2025020810,-0.0001
2025020811,-0.0001
2025020811,-0.0001
2025020811,-0.0001
2025020811,-0.0001
2025020812,-0.0001
2025020812,-0.0001
2025020812,-0.0001
2025020812,-0.0001
2025020813,-0.0001
2025020813,-0.0001
2025020813,-0.0001
2025020813,-0.0001
2025020814,-0.0001
2025020814,-0.0001
2025020814,-0.0001
2025020814,-0.0001
2025020815,-0.0001
2025020815,-0.0001
2025020815,-0.0001
2025020815,-0.0001
2025020816,-0.0001
2025020816,-0.0001
2025020816,-0.0001
2025020816,-0.0001
2025020817,-0.0001
2025020817,-0.0001
2025020817,-0.0001
2025020817,-0.0001
2025020818,-0.0001
2025020818,-0.0001
2025020818,-0.0001
2025020818,-0.0001
2025020819,-0.0001
2025020819,-0.0001
2025020819,-0.0001
2025020819,-0.0001
2025020820,-0.0001
2025020820,-0.0001
2025020820,-0.0001
2025020820,-0.0001
2025020821,-0.0001
2025020821,-0.0001
2025020821,-0.0001
2025020821,-0.0001
2025020822,-0.0001
2025020822,-0.0001
2025020822,-0.0001
2025020822,-0.0001
2025020823,-0.0001
2025020823,-0.0001
2025020823,-0.0001
2025020823,-0.0001
2025020900,0.0
2025020900,0.0
2025020900,0.0
2025020900,0.0
2025020901,2.91
2025020901,2.91
2025020901,2.91
2025020901,2.91
2025020902,10.35
2025020902,10.35
2025020902,10.35
2025020902,10.35
2025020903,10.06
2025020903,10.06
2025020903,10.06
2025020903,10.06
2025020904,13.79
2025020904,13.79
2025020904,13.79
2025020904,13.79
2025020905,16.52
2025020905,16.52
2025020905,16.52
2025020905,16.52
2025020906,14.26
2025020906,14.26
2025020906,14.26
2025020906,14.26
2025020907,13.94
2025020907,13.94
2025020907,13.94
2025020907,13.94
2025020908,6.2
2025020908,6.2
2025020908,6.2
2025020908,6.2
2025020909,1.35
2025020909,1.35
2025020909,1.35
2025020909,1.35
2025020910,0.0
2025020910,0.0
2025020910,0.0
2025020910,0.0
2025020911,-0.0001
2025020911,-0.0001
2025020911,-0.0001
2025020911,-0.0001
2025020912,-0.0001
2025020912,-0.0001
2025020912,-0.0001
2025020912,-0.0001
2025020913,-0.0001
2025020913,-0.0001
2025020913,-0.0001
2025020913,-0.0001
2025020914,-0.0001
2025020914,-0.0001
2025020914,-0.0001
2025020914,-0.0001
2025020915,-0.0001
2025020915,-0.0001
2025020915,-0.0001
2025020915,-0.0001
2025020916,-0.0001
2025020916,-0.0001
2025020916,-0.0001
2025020916,-0.0001
2025020917,-0.0001
2025020917,-0.0001
2025020917,-0.0001
2025020917,-0.0001
2025020918,-0.0001
2025020918,-0.0001
2025020918,-0.0001
2025020918,-0.0001
2025020919,-0.0001
2025020919,-0.0001
2025020919,-0.0001
2025020919,-0.0001
2025020920,-0.0001
2025020920,-0.0001
2025020920,-0.0001
2025020920,-0.0001
2025020921,-0.0001
2025020921,-0.0001
2025020921,-0.0001
2025020921,-0.0001
2025020922,-0.0001
2025020922,-0.0001
2025020922,-0.0001
2025020922,-0.0001
2025020923,-0.0001
2025020923,-0.0001
2025020923,-0.0001
2025020923,-0.0001
2025021000,0.0
2025021000,0.0
2025021000,0.0
2025021000,0.0
2025021001,2.88
2025021001,2.88
2025021001,2.88
2025021001,2.88
2025021002,4.3
2025021002,4.3
2025021002,4.3
2025021002,4.3
2025021003,11.42
2025021003,11.42
2025021003,11.42
2025021003,11.42
2025021004,8.06
2025021004,8.06
2025021004,8.06
2025021004,8.06
2025021005,11.24
2025021005,11.24
2025021005,11.24
2025021005,11.24
2025021006,8.06
2025021006,8.06
2025021006,8.06
2025021006,8.06
2025021007,1.72
2025021007,1.72
2025021007,1.72
2025021007,1.72
2025021008,0.06
2025021008,0.06
2025021008,0.06
2025021008,0.06
2025021009,0.0
2025021009,0.0
2025021009,0.0
2025021009,0.0
2025021010,-0.0001
2025021010,-0.0001
2025021010,-0.0001
2025021010,-0.0001
2025021011,-0.0001
2025021011,-0.0001
2025021011,-0.0001
2025021011,-0.0001
2025021012,-0.0001
2025021012,-0.0001
2025021012,-0.0001
2025021012,-0.0001
2025021013,-0.0001
2025021013,-0.0001
2025021013,-0.0001
2025021013,-0.0001
2025021014,-0.0001
2025021014,-0.0001
2025021014,-0.0001
2025021014,-0.0001
2025021015,-0.0001
2025021015,-0.0001
2025021015,-0.0001
2025021015,-0.0001
2025021016,-0.0001
2025021016,-0.0001
2025021016,-0.0001
2025021016,-0.0001
2025021017,-0.0001
2025021017,-0.0001
2025021017,-0.0001
2025021017,-0.0001
2025021018,-0.0001
2025021018,-0.0001
2025021018,-0.0001
2025021018,-0.0001
2025021019,-0.0001
2025021019,-0.0001
2025021019,-0.0001
2025021019,-0.0001
2025021020,-0.0001
2025021020,-0.0001
2025021020,-0.0001
2025021020,-0.0001
2025021021,-0.0001
2025021021,-0.0001
2025021021,-0.0001
2025021021,-0.0001
2025021022,-0.0001
2025021022,-0.0001
2025021022,-0.0001
2025021022,-0.0001
2025021023,-0.0001
2025021023,-0.0001
2025021023,-0.0001
2025021023,-0.0001
2025021100,0.0
2025021100,0.0
2025021100,0.0
2025021100,0.0
2025021101,10.85
2025021101,10.85
2025021101,10.85
2025021101,10.85
2025021102,44.73
2025021102,44.73
2025021102,44.73
2025021102,44.73
2025021103,81.87
2025021103,81.87
2025021103,81.87
2025021103,81.87
2025021104,109.04
2025021104,109.04
2025021104,109.04
2025021104,109.04
2025021105,123.28
2025021105,123.28
2025021105,123.28
2025021105,123.28
2025021106,97.94
2025021106,97.94
2025021106,97.94
2025021106,97.94
2025021107,35.43
2025021107,35.43
2025021107,35.43
2025021107,35.43
2025021108,0.24
2025021108,0.24
2025021108,0.24
2025021108,0.24
2025021109,10.49
2025021109,10.49
2025021109,10.49
2025021109,10.49
2025021110,0.0
2025021110,0.0
2025021110,0.0
2025021110,0.0
2025021111,-0.0001
2025021111,-0.0001
2025021111,-0.0001
2025021111,-0.0001
2025021112,-0.0001
2025021112,-0.0001
2025021112,-0.0001
2025021112,-0.0001
2025021113,-0.0001
2025021113,-0.0001
2025021113,-0.0001
2025021113,-0.0001
2025021114,-0.0001
2025021114,-0.0001
2025021114,-0.0001
2025021114,-0.0001
2025021115,-0.0001
2025021115,-0.0001
2025021115,-0.0001
2025021115,-0.0001
2025021116,-0.0001
2025021116,-0.0001
2025021116,-0.0001
2025021116,-0.0001
2025021117,-0.0001
2025021117,-0.0001
2025021117,-0.0001
2025021117,-0.0001
2025021118,-0.0001
2025021118,-0.0001
2025021118,-0.0001
2025021118,-0.0001
2025021119,-0.0001
2025021119,-0.0001
2025021119,-0.0001
2025021119,-0.0001
2025021120,-0.0001
2025021120,-0.0001
2025021120,-0.0001
2025021120,-0.0001
2025021121,-0.0001
2025021121,-0.0001
2025021121,-0.0001
2025021121,-0.0001
2025021122,-0.0001
2025021122,-0.0001
2025021122,-0.0001
2025021122,-0.0001
2025021123,-0.0001
2025021123,-0.0001
2025021123,-0.0001
2025021123,-0.0001
2025021200,0.0
2025021200,0.0
2025021200,0.0
2025021200,0.0
2025021201,6.71
2025021201,6.71
2025021201,6.71
2025021201,6.71
2025021202,13.49
2025021202,13.49
2025021202,13.49
2025021202,13.49
2025021203,40.87
2025021203,40.87
2025021203,40.87
2025021203,40.87
2025021204,26.73
2025021204,26.73
2025021204,26.73
2025021204,26.73
2025021205,96.62
2025021205,96.62
2025021205,96.62
2025021205,96.62
2025021206,84.56
2025021206,84.56
2025021206,84.56
2025021206,84.56
2025021207,77.79
2025021207,77.79
2025021207,77.79
2025021207,77.79
2025021208,30.79
2025021208,30.79
2025021208,30.79
2025021208,30.79
2025021209,3.36
2025021209,3.36
2025021209,3.36
2025021209,3.36
2025021210,0.0
2025021210,0.0
2025021210,0.0
2025021210,0.0
2025021211,-0.0001
2025021211,-0.0001
2025021211,-0.0001
2025021211,-0.0001
2025021212,-0.0001
2025021212,-0.0001
2025021212,-0.0001
2025021212,-0.0001
2025021213,-0.0001
2025021213,-0.0001
2025021213,-0.0001
2025021213,-0.0001
2025021214,-0.0001
2025021214,-0.0001
2025021214,-0.0001
2025021214,-0.0001
2025021215,-0.0001
2025021215,-0.0001
2025021215,-0.0001
2025021215,-0.0001
2025021216,-0.0001
2025021216,-0.0001
2025021216,-0.0001
2025021216,-0.0001
2025021217,-0.0001
2025021217,-0.0001
2025021217,-0.0001
2025021217,-0.0001
2025021218,-0.0001
2025021218,-0.0001
2025021218,-0.0001
2025021218,-0.0001
2025021219,-0.0001
2025021219,-0.0001
2025021219,-0.0001
2025021219,-0.0001
2025021220,-0.0001
2025021220,-0.0001
2025021220,-0.0001
2025021220,-0.0001
2025021221,-0.0001
2025021221,-0.0001
2025021221,-0.0001
2025021221,-0.0001
2025021222,-0.0001
2025021222,-0.0001
2025021222,-0.0001
2025021222,-0.0001
2025021223,-0.0001
2025021223,-0.0001
2025021223,-0.0001
2025021223,-0.0001
2025021300,0.0
2025021300,0.0
2025021300,0.0
2025021300,0.0
2025021301,0.18
2025021301,0.18
2025021301,0.18
2025021301,0.18
2025021302,9.05
2025021302,9.05
2025021302,9.05
2025021302,9.05
2025021303,2.29
2025021303,2.29
2025021303,2.29
2025021303,2.29
2025021304,13.0
2025021304,13.0
2025021304,13.0
2025021304,13.0
2025021305,15.84
2025021305,15.84
2025021305,15.84
2025021305,15.84
2025021306,18.56
2025021306,18.56
2025021306,18.56
2025021306,18.56
2025021307,10.76
2025021307,10.76
2025021307,10.76
2025021307,10.76
2025021308,2.22
2025021308,2.22
2025021308,2.22
2025021308,2.22
2025021309,0.0
2025021309,0.0
2025021309,0.0
2025021309,0.0
2025021310,-0.0001
2025021310,-0.0001
2025021310,-0.0001
2025021310,-0.0001
2025021311,-0.0001
2025021311,-0.0001
2025021311,-0.0001
2025021311,-0.0001
2025021312,-0.0001
2025021312,-0.0001
2025021312,-0.0001
2025021312,-0.0001
2025021313,-0.0001
2025021313,-0.0001
2025021313,-0.0001
2025021313,-0.0001
2025021314,-0.0001
2025021314,-0.0001
2025021314,-0.0001
2025021314,-0.0001
2025021315,-0.0001
2025021315,-0.0001
2025021315,-0.0001
2025021315,-0.0001
2025021316,-0.0001
2025021316,-0.0001
2025021316,-0.0001
2025021316,-0.0001
2025021317,-0.0001
2025021317,-0.0001
2025021317,-0.0001
2025021317,-0.0001
2025021318,-0.0001
2025021318,-0.0001
2025021318,-0.0001
2025021318,-0.0001
2025021319,-0.0001
2025021319,-0.0001
2025021319,-0.0001
2025021319,-0.0001
2025021320,-0.0001
2025021320,-0.0001
2025021320,-0.0001
2025021320,-0.0001
2025021321,-0.0001
2025021321,-0.0001
2025021321,-0.0001
2025021321,-0.0001
2025021322,-0.0001
2025021322,-0.0001
2025021322,-0.0001
2025021322,-0.0001
2025021323,-0.0001
2025021323,-0.0001
2025021323,-0.0001
2025021323,-0.0001
2025021400,0.0
2025021400,0.0
2025021400,0.0
2025021400,0.0
2025021401,1.26
2025021401,1.26
2025021401,1.26
2025021401,1.26
2025021402,7.18
2025021402,7.18
2025021402,7.18
2025021402,7.18
2025021403,10.54
2025021403,10.54
2025021403,10.54
2025021403,10.54
2025021404,14.47
2025021404,14.47
2025021404,14.47
2025021404,14.47
2025021405,17.02
2025021405,17.02
2025021405,17.02
2025021405,17.02
2025021406,19.49
2025021406,19.49
2025021406,19.49
2025021406,19.49
2025021407,12.58
2025021407,12.58
2025021407,12.58
2025021407,12.58
2025021408,6.48
2025021408,6.48
2025021408,6.48
2025021408,6.48
2025021409,2.7
2025021409,2.7
2025021409,2.7
2025021409,2.7
2025021410,0.0
2025021410,0.0
2025021410,0.0
2025021410,0.0
2025021411,-0.0001
2025021411,-0.0001
2025021411,-0.0001
2025021411,-0.0001
2025021412,-0.0001
2025021412,-0.0001
2025021412,-0.0001
2025021412,-0.0001
2025021413,-0.0001
2025021413,-0.0001
2025021413,-0.0001
2025021413,-0.0001
2025021414,-0.0001
2025021414,-0.0001
2025021414,-0.0001
2025021414,-0.0001
2025021415,-0.0001
2025021415,-0.0001
2025021415,-0.0001
2025021415,-0.0001
2025021416,-0.0001
2025021416,-0.0001
2025021416,-0.0001
2025021416,-0.0001
2025021417,-0.0001
2025021417,-0.0001
2025021417,-0.0001
2025021417,-0.0001
2025021418,-0.0001
2025021418,-0.0001
2025021418,-0.0001
2025021418,-0.0001
2025021419,-0.0001
2025021419,-0.0001
2025021419,-0.0001
2025021419,-0.0001
2025021420,-0.0001
2025021420,-0.0001
2025021420,-0.0001
2025021420,-0.0001
2025021421,-0.0001
2025021421,-0.0001
2025021421,-0.0001
2025021421,-0.0001
2025021422,-0.0001
2025021422,-0.0001
2025021422,-0.0001
2025021422,-0.0001
2025021423,-0.0001
2025021423,-0.0001
2025021423,-0.0001
2025021423,-0.0001
2025021500,0.0
2025021500,0.0
2025021500,0.0
2025021500,0.0
2025021501,0.09
2025021501,0.09
2025021501,0.09
2025021501,0.09
2025021502,18.82
2025021502,18.82
2025021502,18.82
2025021502,18.82
2025021503,57.58
2025021503,57.58
2025021503,57.58
2025021503,57.58
2025021504,70.28
2025021504,70.28
2025021504,70.28
2025021504,70.28
2025021505,107.58
2025021505,107.58
2025021505,107.58
2025021505,107.58
2025021506,104.24
2025021506,104.24
2025021506,104.24
2025021506,104.24
2025021507,96.41
2025021507,96.41
2025021507,96.41
2025021507,96.41
2025021508,42.94
2025021508,42.94
2025021508,42.94
2025021508,42.94
2025021509,16.24
2025021509,16.24
2025021509,16.24
2025021509,16.24
2025021510,10.37
2025021510,10.37
2025021510,10.37
2025021510,10.37
2025021511,1.06
2025021511,1.06
2025021511,1.06
2025021511,1.06
2025021512,0.0
2025021512,0.0
2025021512,0.0
2025021512,0.0
2025021513,-0.0001
2025021513,-0.0001
2025021513,-0.0001
2025021513,-0.0001
2025021514,-0.0001
2025021514,-0.0001
2025021514,-0.0001
2025021514,-0.0001
2025021515,-0.0001
2025021515,-0.0001
2025021515,-0.0001
2025021515,-0.0001
2025021516,-0.0001
2025021516,-0.0001
2025021516,-0.0001
2025021516,-0.0001
2025021517,-0.0001
2025021517,-0.0001
2025021517,-0.0001
2025021517,-0.0001
2025021518,-0.0001
2025021518,-0.0001
2025021518,-0.0001
2025021518,-0.0001
2025021519,-0.0001
2025021519,-0.0001
2025021519,-0.0001
2025021519,-0.0001
2025021520,-0.0001
2025021520,-0.0001
2025021520,-0.0001
2025021520,-0.0001
2025021521,-0.0001
2025021521,-0.0001
2025021521,-0.0001
2025021521,-0.0001
2025021522,-0.0001
2025021522,-0.0001
2025021522,-0.0001
2025021522,-0.0001
2025021523,-0.0001
2025021523,-0.0001
2025021523,-0.0001
2025021523,-0.0001
2025021600,0.0
2025021600,0.0
2025021600,0.0
2025021600,0.0
2025021601,7.32
2025021601,7.32
2025021601,7.32
2025021601,7.32
2025021602,29.15
2025021602,29.15
2025021602,29.15
2025021602,29.15
2025021603,91.04
2025021603,91.04
2025021603,91.04
2025021603,91.04
2025021604,138.23
2025021604,138.23
2025021604,138.23
2025021604,138.23
2025021605,153.9
2025021605,153.9
2025021605,153.9
2025021605,153.9
2025021606,146.48
2025021606,146.48
2025021606,146.48
2025021606,146.48
2025021607,114.12
2025021607,114.12
2025021607,114.12
2025021607,114.12
2025021608,69.28
2025021608,69.28
2025021608,69.28
2025021608,69.28
2025021609,30.07
2025021609,30.07
2025021609,30.07
2025021609,30.07
2025021610,1.64
2025021610,1.64
2025021610,1.64
2025021610,1.64
2025021611,0.0
2025021611,0.0
2025021611,0.0
2025021611,0.0
2025021612,-0.0001
2025021612,-0.0001
2025021612,-0.0001
2025021612,-0.0001
2025021613,-0.0001
2025021613,-0.0001
2025021613,-0.0001
2025021613,-0.0001
2025021614,-0.0001
2025021614,-0.0001
2025021614,-0.0001
2025021614,-0.0001
2025021615,-0.0001
2025021615,-0.0001
2025021615,-0.0001
2025021615,-0.0001
2025021616,-0.0001
2025021616,-0.0001
2025021616,-0.0001
2025021616,-0.0001
2025021617,-0.0001
2025021617,-0.0001
2025021617,-0.0001
2025021617,-0.0001
2025021618,-0.0001
2025021618,-0.0001
2025021618,-0.0001
2025021618,-0.0001
2025021619,-0.0001
2025021619,-0.0001
2025021619,-0.0001
2025021619,-0.0001
2025021620,-0.0001
2025021620,-0.0001
2025021620,-0.0001
2025021620,-0.0001
2025021621,-0.0001
2025021621,-0.0001
2025021621,-0.0001
2025021621,-0.0001
2025021622,-0.0001
2025021622,-0.0001
2025021622,-0.0001
2025021622,-0.0001
2025021623,-0.0001
2025021623,-0.0001
2025021623,-0.0001
2025021623,-0.0001
2025021700,0.0
2025021700,0.0
2025021700,0.0
2025021700,0.0
2025021701,0.23
2025021701,0.23
2025021701,0.23
2025021701,0.23
2025021702,20.03
2025021702,20.03
2025021702,20.03
2025021702,20.03
2025021703,42.75
2025021703,42.75
2025021703,42.75
2025021703,42.75
2025021704,81.82
2025021704,81.82
2025021704,81.82
2025021704,81.82
2025021705,126.06
2025021705,126.06
2025021705,126.06
2025021705,126.06
2025021706,128.96
2025021706,128.96
2025021706,128.96
2025021706,128.96
2025021707,110.17
2025021707,110.17
2025021707,110.17
2025021707,110.17
2025021708,83.3
2025021708,83.3
2025021708,83.3
2025021708,83.3
2025021709,43.83
2025021709,43.83
2025021709,43.83
2025021709,43.83
2025021710,15.04
2025021710,15.04
2025021710,15.04
2025021710,15.04
2025021711,0.0
2025021711,0.0
2025021711,0.0
2025021711,0.0
2025021712,-0.0001
2025021712,-0.0001
2025021712,-0.0001
2025021712,-0.0001
2025021713,-0.0001
2025021713,-0.0001
2025021713,-0.0001
2025021713,-0.0001
2025021714,-0.0001
2025021714,-0.0001
2025021714,-0.0001
2025021714,-0.0001
2025021715,-0.0001
2025021715,-0.0001
2025021715,-0.0001
2025021715,-0.0001
2025021716,-0.0001
2025021716,-0.0001
2025021716,-0.0001
2025021716,-0.0001
2025021717,-0.0001
2025021717,-0.0001
2025021717,-0.0001
2025021717,-0.0001
2025021718,-0.0001
2025021718,-0.0001
2025021718,-0.0001
2025021718,-0.0001
2025021719,-0.0001
2025021719,-0.0001
2025021719,-0.0001
2025021719,-0.0001
2025021720,-0.0001
2025021720,-0.0001
2025021720,-0.0001
2025021720,-0.0001
2025021721,-0.0001
2025021721,-0.0001
2025021721,-0.0001
2025021721,-0.0001
2025021722,-0.0001
2025021722,-0.0001
2025021722,-0.0001
2025021722,-0.0001
2025021723,-0.0001
2025021723,-0.0001
2025021723,-0.0001
2025021723,-0.0001
2025021800,0.0
2025021800,0.0
2025021800,0.0
2025021800,0.0
2025021801,0.41
2025021801,0.41
2025021801,0.41
2025021801,0.41
2025021802,19.36
2025021802,19.36
2025021802,19.36
2025021802,19.36
2025021803,52.23
2025021803,52.23
2025021803,52.23
2025021803,52.23
2025021804,76.36
2025021804,76.36
2025021804,76.36
2025021804,76.36
2025021805,94.94
2025021805,94.94
2025021805,94.94
2025021805,94.94
2025021806,89.66
2025021806,89.66
2025021806,89.66
2025021806,89.66
2025021807,101.03
2025021807,101.03
2025021807,101.03
2025021807,101.03
2025021808,79.65
2025021808,79.65
2025021808,79.65
2025021808,79.65
2025021809,55.6
2025021809,55.6
2025021809,55.6
2025021809,55.6
2025021810,26.59
2025021810,26.59
2025021810,26.59
2025021810,26.59
2025021811,2.17
2025021811,2.17
2025021811,2.17
2025021811,2.17
2025021812,0.0
2025021812,0.0
2025021812,0.0
2025021812,0.0
2025021813,-0.0001
2025021813,-0.0001
2025021813,-0.0001
2025021813,-0.0001
2025021814,-0.0001
2025021814,-0.0001
2025021814,-0.0001
2025021814,-0.0001
2025021815,-0.0001
2025021815,-0.0001
2025021815,-0.0001
2025021815,-0.0001
2025021816,-0.0001
2025021816,-0.0001
2025021816,-0.0001
2025021816,-0.0001
2025021817,-0.0001
2025021817,-0.0001
2025021817,-0.0001
2025021817,-0.0001
2025021818,-0.0001
2025021818,-0.0001
2025021818,-0.0001
2025021818,-0.0001
2025021819,-0.0001
2025021819,-0.0001
2025021819,-0.0001
2025021819,-0.0001
2025021820,-0.0001
2025021820,-0.0001
2025021820,-0.0001
2025021820,-0.0001
2025021821,-0.0001
2025021821,-0.0001
2025021821,-0.0001
2025021821,-0.0001
2025021822,-0.0001
2025021822,-0.0001
2025021822,-0.0001
2025021822,-0.0001
2025021823,-0.0001
2025021823,-0.0001
2025021823,-0.0001
2025021823,-0.0001
2025021900,0.0
2025021900,0.0
2025021900,0.0
2025021900,0.0
2025021901,0.35
2025021901,0.35
2025021901,0.35
2025021901,0.35
2025021902,22.23
2025021902,22.23
2025021902,22.23
2025021902,22.23
2025021903,64.62
2025021903,64.62
2025021903,64.62
2025021903,64.62
2025021904,100.38
2025021904,100.38
2025021904,100.38
2025021904,100.38
2025021905,132.1
2025021905,132.1
2025021905,132.1
2025021905,132.1
2025021906,144.36
2025021906,144.36
2025021906,144.36
2025021906,144.36
2025021907,137.75
2025021907,137.75
2025021907,137.75
2025021907,137.75
2025021908,54.95
2025021908,54.95
2025021908,54.95
2025021908,54.95
2025021909,74.23
2025021909,74.23
2025021909,74.23
2025021909,74.23
2025021910,28.2
2025021910,28.2
2025021910,28.2
2025021910,28.2
2025021911,1.46
2025021911,1.46
2025021911,1.46
2025021911,1.46
2025021912,0.0
2025021912,0.0
2025021912,0.0
2025021912,0.0
2025021913,-0.0001
2025021913,-0.0001
2025021913,-0.0001
2025021913,-0.0001
2025021914,-0.0001
2025021914,-0.0001
2025021914,-0.0001
2025021914,-0.0001
2025021915,-0.0001
2025021915,-0.0001
2025021915,-0.0001
2025021915,-0.0001
2025021916,-0.0001
2025021916,-0.0001
2025021916,-0.0001
2025021916,-0.0001
2025021917,-0.0001
2025021917,-0.0001
2025021917,-0.0001
2025021917,-0.0001
2025021918,-0.0001
2025021918,-0.0001
2025021918,-0.0001
2025021918,-0.0001
2025021919,-0.0001
2025021919,-0.0001
2025021919,-0.0001
2025021919,-0.0001
2025021920,-0.0001
2025021920,-0.0001
2025021920,-0.0001
2025021920,-0.0001
2025021921,-0.0001
2025021921,-0.0001
2025021921,-0.0001
2025021921,-0.0001
2025021922,-0.0001
2025021922,-0.0001
2025021922,-0.0001
2025021922,-0.0001
2025021923,-0.0001
2025021923,-0.0001
2025021923,-0.0001
2025021923,-0.0001
2025022000,0.0
2025022000,0.0
2025022000,0.0
2025022000,0.0
2025022001,0.73
2025022001,0.73
2025022001,0.73
2025022001,0.73
2025022002,11.89
2025022002,11.89
2025022002,11.89
2025022002,11.89
2025022003,31.75
2025022003,31.75
2025022003,31.75
2025022003,31.75
2025022004,98.37
2025022004,98.37
2025022004,98.37
2025022004,98.37
2025022005,55.37
2025022005,55.37
2025022005,55.37
2025022005,55.37
2025022006,85.78
2025022006,85.78
2025022006,85.78
2025022006,85.78
2025022007,73.06
2025022007,73.06
2025022007,73.06
2025022007,73.06
2025022008,22.57
2025022008,22.57
2025022008,22.57
2025022008,22.57
2025022009,15.34
2025022009,15.34
2025022009,15.34
2025022009,15.34
2025022010,3.25
2025022010,3.25
2025022010,3.25
2025022010,3.25
2025022011,0.0
2025022011,0.0
2025022011,0.0
2025022011,0.0
2025022012,-0.0001
2025022012,-0.0001
2025022012,-0.0001
2025022012,-0.0001
2025022013,-0.0001
2025022013,-0.0001
2025022013,-0.0001
2025022013,-0.0001
2025022014,-0.0001
2025022014,-0.0001
2025022014,-0.0001
2025022014,-0.0001
2025022015,-0.0001
2025022015,-0.0001
2025022015,-0.0001
2025022015,-0.0001
2025022016,-0.0001
2025022016,-0.0001
2025022016,-0.0001
2025022016,-0.0001
2025022017,-0.0001
2025022017,-0.0001
2025022017,-0.0001
2025022017,-0.0001
2025022018,-0.0001
2025022018,-0.0001
2025022018,-0.0001
2025022018,-0.0001
2025022019,-0.0001
2025022019,-0.0001
2025022019,-0.0001
2025022019,-0.0001
2025022020,-0.0001
2025022020,-0.0001
2025022020,-0.0001
2025022020,-0.0001
2025022021,-0.0001
2025022021,-0.0001
2025022021,-0.0001
2025022021,-0.0001
2025022022,-0.0001
2025022022,-0.0001
2025022022,-0.0001
2025022022,-0.0001
2025022023,-0.0001
2025022023,-0.0001
2025022023,-0.0001
2025022023,-0.0001
2025022100,0.0
2025022100,0.0
2025022100,0.0
2025022100,0.0
2025022101,1.52
2025022101,1.52
2025022101,1.52
2025022101,1.52
2025022102,4.82
2025022102,4.82
2025022102,4.82
2025022102,4.82
2025022103,13.7
2025022103,13.7
2025022103,13.7
2025022103,13.7
2025022104,29.1
2025022104,29.1
2025022104,29.1
2025022104,29.1
2025022105,20.71
2025022105,20.71
2025022105,20.71
2025022105,20.71
2025022106,18.56
2025022106,18.56
2025022106,18.56
2025022106,18.56
2025022107,28.83
2025022107,28.83
2025022107,28.83
2025022107,28.83
2025022108,49.22
2025022108,49.22
2025022108,49.22
2025022108,49.22
2025022109,18.5
2025022109,18.5
2025022109,18.5
2025022109,18.5
2025022110,1.5
2025022110,1.5
2025022110,1.5
2025022110,1.5
2025022111,0.0
2025022111,0.0
2025022111,0.0
2025022111,0.0
2025022112,-0.0001
2025022112,-0.0001
2025022112,-0.0001
2025022112,-0.0001
2025022113,-0.0001
2025022113,-0.0001
2025022113,-0.0001
2025022113,-0.0001
2025022114,-0.0001
2025022114,-0.0001
2025022114,-0.0001
2025022114,-0.0001
2025022115,-0.0001
2025022115,-0.0001
2025022115,-0.0001
2025022115,-0.0001
2025022116,-0.0001
2025022116,-0.0001
2025022116,-0.0001
2025022116,-0.0001
2025022117,-0.0001
2025022117,-0.0001
2025022117,-0.0001
2025022117,-0.0001
2025022118,-0.0001
2025022118,-0.0001
2025022118,-0.0001
2025022118,-0.0001
2025022119,-0.0001
2025022119,-0.0001
2025022119,-0.0001
2025022119,-0.0001
2025022120,-0.0001
2025022120,-0.0001
2025022120,-0.0001
2025022120,-0.0001
2025022121,-0.0001
2025022121,-0.0001
2025022121,-0.0001
2025022121,-0.0001
2025022122,-0.0001
2025022122,-0.0001
2025022122,-0.0001
2025022122,-0.0001
2025022123,-0.0001
2025022123,-0.0001
2025022123,-0.0001
2025022123,-0.0001
2025022200,0.0
2025022200,0.0
2025022200,0.0
2025022200,0.0
2025022201,0.5
2025022201,0.5
2025022201,0.5
2025022201,0.5
2025022202,0.02
2025022202,0.02
2025022202,0.02
2025022202,0.02
2025022203,45.67
2025022203,45.67
2025022203,45.67
2025022203,45.67
2025022204,67.59
2025022204,67.59
2025022204,67.59
2025022204,67.59
2025022205,43.6
2025022205,43.6
2025022205,43.6
2025022205,43.6
2025022206,37.46
2025022206,37.46
2025022206,37.46
2025022206,37.46
2025022207,41.88
2025022207,41.88
2025022207,41.88
2025022207,41.88
2025022208,27.4
2025022208,27.4
2025022208,27.4
2025022208,27.4
2025022209,13.97
2025022209,13.97
2025022209,13.97
2025022209,13.97
2025022210,0.33
2025022210,0.33
2025022210,0.33
2025022210,0.33
2025022211,0.0
2025022211,0.0
2025022211,0.0
2025022211,0.0
2025022212,-0.0001
2025022212,-0.0001
2025022212,-0.0001
2025022212,-0.0001
2025022213,-0.0001
2025022213,-0.0001
2025022213,-0.0001
2025022213,-0.0001
2025022214,-0.0001
2025022214,-0.0001
2025022214,-0.0001
2025022214,-0.0001
2025022215,-0.0001
2025022215,-0.0001
2025022215,-0.0001
2025022215,-0.0001
2025022216,-0.0001
2025022216,-0.0001
2025022216,-0.0001
2025022216,-0.0001
2025022217,-0.0001
2025022217,-0.0001
2025022217,-0.0001
2025022217,-0.0001
2025022218,-0.0001
2025022218,-0.0001
2025022218,-0.0001
2025022218,-0.0001
2025022219,-0.0001
2025022219,-0.0001
2025022219,-0.0001
2025022219,-0.0001
2025022220,-0.0001
2025022220,-0.0001
2025022220,-0.0001
2025022220,-0.0001
2025022221,-0.0001
2025022221,-0.0001
2025022221,-0.0001
2025022221,-0.0001
2025022222,-0.0001
2025022222,-0.0001
2025022222,-0.0001
2025022222,-0.0001
2025022223,-0.0001
2025022223,-0.0001
2025022223,-0.0001
2025022223,-0.0001
2025022300,0.0
2025022300,0.0
2025022300,0.0
2025022300,0.0
2025022301,0.66
2025022301,0.66
2025022301,0.66
2025022301,0.66
2025022302,10.32
2025022302,10.32
2025022302,10.32
2025022302,10.32
2025022303,21.92
2025022303,21.92
2025022303,21.92
2025022303,21.92
2025022304,32.29
2025022304,32.29
2025022304,32.29
2025022304,32.29
2025022305,33.68
2025022305,33.68
2025022305,33.68
2025022305,33.68
2025022306,24.59
2025022306,24.59
2025022306,24.59
2025022306,24.59
2025022307,19.39
2025022307,19.39
2025022307,19.39
2025022307,19.39
2025022308,14.49
2025022308,14.49
2025022308,14.49
2025022308,14.49
2025022309,8.75
2025022309,8.75
2025022309,8.75
2025022309,8.75
2025022310,2.93
2025022310,2.93
2025022310,2.93
2025022310,2.93
2025022311,0.0
2025022311,0.0
2025022311,0.0
2025022311,0.0
2025022312,-0.0001
2025022312,-0.0001
2025022312,-0.0001
2025022312,-0.0001
2025022313,-0.0001
2025022313,-0.0001
2025022313,-0.0001
2025022313,-0.0001
2025022314,-0.0001
2025022314,-0.0001
2025022314,-0.0001
2025022314,-0.0001
2025022315,-0.0001
2025022315,-0.0001
2025022315,-0.0001
2025022315,-0.0001
2025022316,-0.0001
2025022316,-0.0001
2025022316,-0.0001
2025022316,-0.0001
2025022317,-0.0001
2025022317,-0.0001
2025022317,-0.0001
2025022317,-0.0001
2025022318,-0.0001
2025022318,-0.0001
2025022318,-0.0001
2025022318,-0.0001
2025022319,-0.0001
2025022319,-0.0001
2025022319,-0.0001
2025022319,-0.0001
2025022320,-0.0001
2025022320,-0.0001
2025022320,-0.0001
2025022320,-0.0001
2025022321,-0.0001
2025022321,-0.0001
2025022321,-0.0001
2025022321,-0.0001
2025022322,-0.0001
2025022322,-0.0001
2025022322,-0.0001
2025022322,-0.0001
2025022323,-0.0001
2025022323,-0.0001
2025022323,-0.0001
2025022323,-0.0001
2025022400,0.0
2025022400,0.0
2025022400,0.0
2025022400,0.0
2025022401,0.41
2025022401,0.41
2025022401,0.41
2025022401,0.41
2025022402,6.08
2025022402,6.08
2025022402,6.08
2025022402,6.08
2025022403,16.07
2025022403,16.07
2025022403,16.07
2025022403,16.07
2025022404,29.54
2025022404,29.54
2025022404,29.54
2025022404,29.54
2025022405,24.18
2025022405,24.18
2025022405,24.18
2025022405,24.18
2025022406,20.05
2025022406,20.05
2025022406,20.05
2025022406,20.05
2025022407,16.41
2025022407,16.41
2025022407,16.41
2025022407,16.41
2025022408,10.85
2025022408,10.85
2025022408,10.85
2025022408,10.85
2025022409,6.08
2025022409,6.08
2025022409,6.08
2025022409,6.08
2025022410,2.43
2025022410,2.43
2025022410,2.43
2025022410,2.43
2025022411,0.0
2025022411,0.0
2025022411,0.0
2025022411,0.0
2025022412,-0.0001
2025022412,-0.0001
2025022412,-0.0001
2025022412,-0.0001
2025022413,-0.0001
2025022413,-0.0001
2025022413,-0.0001
2025022413,-0.0001
2025022414,-0.0001
2025022414,-0.0001
2025022414,-0.0001
2025022414,-0.0001
2025022415,-0.0001
2025022415,-0.0001
2025022415,-0.0001
2025022415,-0.0001
2025022416,-0.0001
2025022416,-0.0001
2025022416,-0.0001
2025022416,-0.0001
2025022417,-0.0001
2025022417,-0.0001
2025022417,-0.0001
2025022417,-0.0001
2025022418,-0.0001
2025022418,-0.0001
2025022418,-0.0001
2025022418,-0.0001
2025022419,-0.0001
2025022419,-0.0001
2025022419,-0.0001
2025022419,-0.0001
2025022420,-0.0001
2025022420,-0.0001
2025022420,-0.0001
2025022420,-0.0001
2025022421,-0.0001
2025022421,-0.0001
2025022421,-0.0001
2025022421,-0.0001
2025022422,-0.0001
2025022422,-0.0001
2025022422,-0.0001
2025022422,-0.0001
2025022423,-0.0001
2025022423,-0.0001
2025022423,-0.0001
2025022423,-0.0001
2025022500,0.0
2025022500,0.0
2025022500,0.0
2025022500,0.0
2025022501,5.2
2025022501,5.2
2025022501,5.2
2025022501,5.2
2025022502,12.11
2025022502,12.11
2025022502,12.11
2025022502,12.11
2025022503,17.45
2025022503,17.45
2025022503,17.45
2025022503,17.45
2025022504,20.98
2025022504,20.98
2025022504,20.98
2025022504,20.98
2025022505,27.45
2025022505,27.45
2025022505,27.45
2025022505,27.45
2025022506,40.89
2025022506,40.89
2025022506,40.89
2025022506,40.89
2025022507,17.2
2025022507,17.2
2025022507,17.2
2025022507,17.2
2025022508,13.12
2025022508,13.12
2025022508,13.12
2025022508,13.12
2025022509,6.47
2025022509,6.47
2025022509,6.47
2025022509,6.47
2025022510,0.18
2025022510,0.18
2025022510,0.18
2025022510,0.18
2025022511,0.0
2025022511,0.0
2025022511,0.0
2025022511,0.0
2025022512,-0.0001
2025022512,-0.0001
2025022512,-0.0001
2025022512,-0.0001
2025022513,-0.0001
2025022513,-0.0001
2025022513,-0.0001
2025022513,-0.0001
2025022514,-0.0001
2025022514,-0.0001
2025022514,-0.0001
2025022514,-0.0001
2025022515,-0.0001
2025022515,-0.0001
2025022515,-0.0001
2025022515,-0.0001
2025022516,-0.0001
2025022516,-0.0001
2025022516,-0.0001
2025022516,-0.0001
2025022517,-0.0001
2025022517,-0.0001
2025022517,-0.0001
2025022517,-0.0001
2025022518,-0.0001
2025022518,-0.0001
2025022518,-0.0001
2025022518,-0.0001
2025022519,-0.0001
2025022519,-0.0001
2025022519,-0.0001
2025022519,-0.0001
2025022520,-0.0001
2025022520,-0.0001
2025022520,-0.0001
2025022520,-0.0001
2025022521,-0.0001
2025022521,-0.0001
2025022521,-0.0001
2025022521,-0.0001
2025022522,-0.0001
2025022522,-0.0001
2025022522,-0.0001
2025022522,-0.0001
2025022523,-0.0001
2025022523,-0.0001
2025022523,-0.0001
2025022523,-0.0001
2025022600,0.0
2025022600,0.0
2025022600,0.0
2025022600,0.0
2025022601,0.56
2025022601,0.56
2025022601,0.56
2025022601,0.56
2025022602,12.26
2025022602,12.26
2025022602,12.26
2025022602,12.26
2025022603,32.1
2025022603,32.1
2025022603,32.1
2025022603,32.1
2025022604,37.51
2025022604,37.51
2025022604,37.51
2025022604,37.51
2025022605,53.32
2025022605,53.32
2025022605,53.32
2025022605,53.32
2025022606,88.99
2025022606,88.99
2025022606,88.99
2025022606,88.99
2025022607,95.7
2025022607,95.7
2025022607,95.7
2025022607,95.7
2025022608,105.15
2025022608,105.15
2025022608,105.15
2025022608,105.15
2025022609,86.18
2025022609,86.18
2025022609,86.18
2025022609,86.18
2025022610,40.5
2025022610,40.5
2025022610,40.5
2025022610,40.5
2025022611,4.01
2025022611,4.01
2025022611,4.01
2025022611,4.01
2025022612,0.0
2025022612,0.0
2025022612,0.0
2025022612,0.0
2025022613,-0.0001
2025022613,-0.0001
2025022613,-0.0001
2025022613,-0.0001
2025022614,-0.0001
2025022614,-0.0001
2025022614,-0.0001
2025022614,-0.0001
2025022615,-0.0001
2025022615,-0.0001
2025022615,-0.0001
2025022615,-0.0001
2025022616,-0.0001
2025022616,-0.0001
2025022616,-0.0001
2025022616,-0.0001
2025022617,-0.0001
2025022617,-0.0001
2025022617,-0.0001
2025022617,-0.0001
2025022618,-0.0001
2025022618,-0.0001
2025022618,-0.0001
2025022618,-0.0001
2025022619,-0.0001
2025022619,-0.0001
2025022619,-0.0001
2025022619,-0.0001
2025022620,-0.0001
2025022620,-0.0001
2025022620,-0.0001
2025022620,-0.0001
2025022621,-0.0001
2025022621,-0.0001
2025022621,-0.0001
2025022621,-0.0001
2025022622,-0.0001
2025022622,-0.0001
2025022622,-0.0001
2025022622,-0.0001
2025022623,-0.0001
2025022623,-0.0001
2025022623,-0.0001
2025022623,-0.0001
2025022700,0.0
2025022700,0.0
2025022700,0.0
2025022700,0.0
2025022701,13.17
2025022701,13.17
2025022701,13.17
2025022701,13.17
2025022702,29.26
2025022702,29.26
2025022702,29.26
2025022702,29.26
2025022703,55.4
2025022703,55.4
2025022703,55.4
2025022703,55.4
2025022704,47.5
2025022704,47.5
2025022704,47.5
2025022704,47.5
2025022705,39.24
2025022705,39.24
2025022705,39.24
2025022705,39.24
2025022706,24.55
2025022706,24.55
2025022706,24.55
2025022706,24.55
2025022707,12.08
2025022707,12.08
2025022707,12.08
2025022707,12.08
2025022708,5.92
2025022708,5.92
2025022708,5.92
2025022708,5.92
2025022709,2.12
2025022709,2.12
2025022709,2.12
2025022709,2.12
2025022710,0.0
2025022710,0.0
2025022710,0.0
2025022710,0.0
2025022711,-0.0001
2025022711,-0.0001
2025022711,-0.0001
2025022711,-0.0001
2025022712,-0.0001
2025022712,-0.0001
2025022712,-0.0001
2025022712,-0.0001
2025022713,-0.0001
2025022713,-0.0001
2025022713,-0.0001
2025022713,-0.0001
2025022714,-0.0001
2025022714,-0.0001
2025022714,-0.0001
2025022714,-0.0001
2025022715,-0.0001
2025022715,-0.0001
2025022715,-0.0001
2025022715,-0.0001
2025022716,-0.0001
2025022716,-0.0001
2025022716,-0.0001
2025022716,-0.0001
2025022717,-0.0001
2025022717,-0.0001
2025022717,-0.0001
2025022717,-0.0001
2025022718,-0.0001
2025022718,-0.0001
2025022718,-0.0001
2025022718,-0.0001
2025022719,-0.0001
2025022719,-0.0001
2025022719,-0.0001
2025022719,-0.0001
2025022720,-0.0001
2025022720,-0.0001
2025022720,-0.0001
2025022720,-0.0001
2025022721,-0.0001
2025022721,-0.0001
2025022721,-0.0001
2025022721,-0.0001
2025022722,-0.0001
2025022722,-0.0001
2025022722,-0.0001
2025022722,-0.0001
2025022723,-0.0001
2025022723,-0.0001
2025022723,-0.0001
2025022723,-0.0001
2025022800,0.0
2025022800,0.0
2025022800,0.0
2025022800,0.0
2025022801,5.41
2025022801,5.41
2025022801,5.41
2025022801,5.41
2025022802,15.28
2025022802,15.28
2025022802,15.28
2025022802,15.28
2025022803,24.17
2025022803,24.17
2025022803,24.17
2025022803,24.17
2025022804,51.72
2025022804,51.72
2025022804,51.72
2025022804,51.72
2025022805,79.66
2025022805,79.66
2025022805,79.66
2025022805,79.66
2025022806,70.75
2025022806,70.75
2025022806,70.75
2025022806,70.75
2025022807,81.36
2025022807,81.36
2025022807,81.36
2025022807,81.36
2025022808,60.12
2025022808,60.12
2025022808,60.12
2025022808,60.12
2025022809,30.61
2025022809,30.61
2025022809,30.61
2025022809,30.61
2025022810,7.53
2025022810,7.53
2025022810,7.53
2025022810,7.53
2025022811,0.0
2025022811,0.0
2025022811,0.0
2025022811,0.0
2025022812,-0.0001
2025022812,-0.0001
2025022812,-0.0001
2025022812,-0.0001
2025022813,-0.0001
2025022813,-0.0001
2025022813,-0.0001
2025022813,-0.0001
2025022814,-0.0001
2025022814,-0.0001
2025022814,-0.0001
2025022814,-0.0001
2025022815,-0.0001
2025022815,-0.0001
2025022815,-0.0001
2025022815,-0.0001
2025022816,-0.0001
2025022816,-0.0001
2025022816,-0.0001
2025022816,-0.0001
2025022817,-0.0001
2025022817,-0.0001
2025022817,-0.0001
2025022817,-0.0001
2025022818,-0.0001
2025022818,-0.0001
2025022818,-0.0001
2025022818,-0.0001
2025022819,-0.0001
2025022819,-0.0001
2025022819,-0.0001
2025022819,-0.0001
2025022820,-0.0001
2025022820,-0.0001
2025022820,-0.0001
2025022820,-0.0001
2025022821,-0.0001
2025022821,-0.0001
2025022821,-0.0001
2025022821,-0.0001
2025022822,-0.0001
2025022822,-0.0001
2025022822,-0.0001
2025022822,-0.0001
2025022823,-0.0001
2025022823,-0.0001
2025022823,-0.0001
2025022823,-0.0001
2025030100,0.0
2025030100,0.0
2025030100,0.0
2025030100,0.0
2025030101,1.09
2025030101,1.09
2025030101,1.09
2025030101,1.09
2025030102,11.17
2025030102,11.17
2025030102,11.17
2025030102,11.17
2025030103,27.74
2025030103,27.74
2025030103,27.74
2025030103,27.74
2025030104,46.62
2025030104,46.62
2025030104,46.62
2025030104,46.62
2025030105,63.31
2025030105,63.31
2025030105,63.31
2025030105,63.31
2025030106,98.32
2025030106,98.32
2025030106,98.32
2025030106,98.32
2025030107,119.71
2025030107,119.71
2025030107,119.71
2025030107,119.71
2025030108,98.75
2025030108,98.75
2025030108,98.75
2025030108,98.75
2025030109,52.26
2025030109,52.26
2025030109,52.26
2025030109,52.26
2025030110,28.91
2025030110,28.91
2025030110,28.91
2025030110,28.91
2025030111,2.79
2025030111,2.79
2025030111,2.79
2025030111,2.79
2025030112,0.0
2025030112,0.0
2025030112,0.0
2025030112,0.0
2025030113,-0.0001
2025030113,-0.0001
2025030113,-0.0001
2025030113,-0.0001
2025030114,-0.0001
2025030114,-0.0001
2025030114,-0.0001
2025030114,-0.0001
2025030115,-0.0001
2025030115,-0.0001
2025030115,-0.0001
2025030115,-0.0001
2025030116,-0.0001
2025030116,-0.0001
2025030116,-0.0001
2025030116,-0.0001
2025030117,-0.0001
2025030117,-0.0001
2025030117,-0.0001
2025030117,-0.0001
2025030118,-0.0001
2025030118,-0.0001
2025030118,-0.0001
2025030118,-0.0001
2025030119,-0.0001
2025030119,-0.0001
2025030119,-0.0001
2025030119,-0.0001
2025030120,-0.0001
2025030120,-0.0001
2025030120,-0.0001
2025030120,-0.0001
2025030121,-0.0001
2025030121,-0.0001
2025030121,-0.0001
2025030121,-0.0001
2025030122,-0.0001
2025030122,-0.0001
2025030122,-0.0001
2025030122,-0.0001
2025030123,-0.0001
2025030123,-0.0001
2025030123,-0.0001
2025030123,-0.0001
2025030200,0.0
2025030200,0.0
2025030200,0.0
2025030200,0.0
2025030201,5.57
2025030201,5.57
2025030201,5.57
2025030201,5.57
2025030202,26.65
2025030202,26.65
2025030202,26.65
2025030202,26.65
2025030203,136.18
2025030203,136.18
2025030203,136.18
2025030203,136.18
2025030204,4.45
2025030204,4.45
2025030204,4.45
2025030204,4.45
2025030205,0.0
2025030205,0.0
2025030205,0.0
2025030205,0.0
2025030206,11.26
2025030206,11.26
2025030206,11.26
2025030206,11.26
2025030207,3.16
2025030207,3.16
2025030207,3.16
2025030207,3.16
2025030208,0.0
2025030208,0.0
2025030208,0.0
2025030208,0.0
2025030209,-0.0001
2025030209,-0.0001
2025030209,-0.0001
2025030209,-0.0001
2025030210,-0.0001
2025030210,-0.0001
2025030210,-0.0001
2025030210,-0.0001
2025030211,-0.0001
2025030211,-0.0001
2025030211,-0.0001
2025030211,-0.0001
2025030212,-0.0001
2025030212,-0.0001
2025030212,-0.0001
2025030212,-0.0001
2025030213,-0.0001
2025030213,-0.0001
2025030213,-0.0001
2025030213,-0.0001
2025030214,-0.0001
2025030214,-0.0001
2025030214,-0.0001
2025030214,-0.0001
2025030215,-0.0001
2025030215,-0.0001
2025030215,-0.0001
2025030215,-0.0001
2025030216,-0.0001
2025030216,-0.0001
2025030216,-0.0001
2025030216,-0.0001
2025030217,-0.0001
2025030217,-0.0001
2025030217,-0.0001
2025030217,-0.0001
2025030218,-0.0001
2025030218,-0.0001
2025030218,-0.0001
2025030218,-0.0001
2025030219,-0.0001
2025030219,-0.0001
2025030219,-0.0001
2025030219,-0.0001
2025030220,-0.0001
2025030220,-0.0001
2025030220,-0.0001
2025030220,-0.0001
2025030221,-0.0001
2025030221,-0.0001
2025030221,-0.0001
2025030221,-0.0001
2025030222,-0.0001
2025030222,-0.0001
2025030222,-0.0001
2025030222,-0.0001
2025030223,-0.0001
2025030223,-0.0001
2025030223,-0.0001
2025030223,-0.0001
2025030300,0.0
2025030300,0.0
2025030300,0.0
2025030300,0.0
2025030301,2.12
2025030301,2.12
2025030301,2.12
2025030301,2.12
2025030302,10.78
2025030302,10.78
2025030302,10.78
2025030302,10.78
2025030303,29.22
2025030303,29.22
2025030303,29.22
2025030303,29.22
2025030304,25.88
2025030304,25.88
2025030304,25.88
2025030304,25.88
2025030305,0.0
2025030305,0.0
2025030305,0.0
2025030305,0.0
2025030306,52.78
2025030306,52.78
2025030306,52.78
2025030306,52.78
2025030307,57.75
2025030307,57.75
2025030307,57.75
2025030307,57.75
2025030308,58.52
2025030308,58.52
2025030308,58.52
2025030308,58.52
2025030309,30.5
2025030309,30.5
2025030309,30.5
2025030309,30.5
2025030310,14.77
2025030310,14.77
2025030310,14.77
2025030310,14.77
2025030311,2.2
2025030311,2.2
2025030311,2.2
2025030311,2.2
2025030312,0.0
2025030312,0.0
2025030312,0.0
2025030312,0.0
2025030313,-0.0001
2025030313,-0.0001
2025030313,-0.0001
2025030313,-0.0001
2025030314,-0.0001
2025030314,-0.0001
2025030314,-0.0001
2025030314,-0.0001
2025030315,-0.0001
2025030315,-0.0001
2025030315,-0.0001
2025030315,-0.0001
2025030316,-0.0001
2025030316,-0.0001
2025030316,-0.0001
2025030316,-0.0001
2025030317,-0.0001
2025030317,-0.0001
2025030317,-0.0001
2025030317,-0.0001
2025030318,-0.0001
2025030318,-0.0001
2025030318,-0.0001
2025030318,-0.0001
2025030319,-0.0001
2025030319,-0.0001
2025030319,-0.0001
2025030319,-0.0001
2025030320,-0.0001
2025030320,-0.0001
2025030320,-0.0001
2025030320,-0.0001
2025030321,-0.0001
2025030321,-0.0001
2025030321,-0.0001
2025030321,-0.0001
2025030322,-0.0001
2025030322,-0.0001
2025030322,-0.0001
2025030322,-0.0001
2025030323,-0.0001
2025030323,-0.0001
2025030323,-0.0001
2025030323,-0.0001
2025030400,0.0
2025030400,0.0
2025030400,0.0
2025030400,0.0
2025030401,5.95
2025030401,5.95
2025030401,5.95
2025030401,5.95
2025030402,24.71
2025030402,24.71
2025030402,24.71
2025030402,24.71
2025030403,76.62
2025030403,76.62
2025030403,76.62
2025030403,76.62
2025030404,1.84
2025030404,1.84
2025030404,1.84
2025030404,1.84
2025030405,31.45
2025030405,31.45
2025030405,31.45
2025030405,31.45
2025030406,0.35
2025030406,0.35
2025030406,0.35
2025030406,0.35
2025030407,0.0
2025030407,0.0
2025030407,0.0
2025030407,0.0
2025030408,68.36
2025030408,68.36
2025030408,68.36
2025030408,68.36
2025030409,90.63
2025030409,90.63
2025030409,90.63
2025030409,90.63
2025030410,53.67
2025030410,53.67
2025030410,53.67
2025030410,53.67
2025030411,8.75
2025030411,8.75
2025030411,8.75
2025030411,8.75
2025030412,0.0
2025030412,0.0
2025030412,0.0
2025030412,0.0
2025030413,-0.0001
2025030413,-0.0001
2025030413,-0.0001
2025030413,-0.0001
2025030414,-0.0001
2025030414,-0.0001
2025030414,-0.0001
2025030414,-0.0001
2025030415,-0.0001
2025030415,-0.0001
2025030415,-0.0001
2025030415,-0.0001
2025030416,-0.0001
2025030416,-0.0001
2025030416,-0.0001
2025030416,-0.0001
2025030417,-0.0001
2025030417,-0.0001
2025030417,-0.0001
2025030417,-0.0001
2025030418,-0.0001
2025030418,-0.0001
2025030418,-0.0001
2025030418,-0.0001
2025030419,-0.0001
2025030419,-0.0001
2025030419,-0.0001
2025030419,-0.0001
2025030420,-0.0001
2025030420,-0.0001
2025030420,-0.0001
2025030420,-0.0001
2025030421,-0.0001
2025030421,-0.0001
2025030421,-0.0001
2025030421,-0.0001
2025030422,-0.0001
2025030422,-0.0001
2025030422,-0.0001
2025030422,-0.0001
2025030423,-0.0001
2025030423,-0.0001
2025030423,-0.0001
2025030423,-0.0001
2025030500,0.0
2025030500,0.0
2025030500,0.0
2025030500,0.0
2025030501,0.25
2025030501,0.25
2025030501,0.25
2025030501,0.25
2025030502,31.88
2025030502,31.88
2025030502,31.88
2025030502,31.88
2025030503,15.2
2025030503,15.2
2025030503,15.2
2025030503,15.2
2025030504,0.0
2025030504,0.0
2025030504,0.0
2025030504,0.0
2025030505,53.95
2025030505,53.95
2025030505,53.95
2025030505,53.95
2025030506,67.47
2025030506,67.47
2025030506,67.47
2025030506,67.47
2025030507,31.16
2025030507,31.16
2025030507,31.16
2025030507,31.16
2025030508,16.27
2025030508,16.27
2025030508,16.27
2025030508,16.27
2025030509,0.0
2025030509,0.0
2025030509,0.0
2025030509,0.0
2025030510,-0.0001
2025030510,-0.0001
2025030510,-0.0001
2025030510,-0.0001
2025030511,-0.0001
2025030511,-0.0001
2025030511,-0.0001
2025030511,-0.0001
2025030512,-0.0001
2025030512,-0.0001
2025030512,-0.0001
2025030512,-0.0001
2025030513,-0.0001
2025030513,-0.0001
2025030513,-0.0001
2025030513,-0.0001
2025030514,-0.0001
2025030514,-0.0001
2025030514,-0.0001
2025030514,-0.0001
2025030515,-0.0001
2025030515,-0.0001
2025030515,-0.0001
2025030515,-0.0001
2025030516,-0.0001
2025030516,-0.0001
2025030516,-0.0001
2025030516,-0.0001
2025030517,-0.0001
2025030517,-0.0001
2025030517,-0.0001
2025030517,-0.0001
2025030518,-0.0001
2025030518,-0.0001
2025030518,-0.0001
2025030518,-0.0001
2025030519,-0.0001
2025030519,-0.0001
2025030519,-0.0001
2025030519,-0.0001
2025030520,-0.0001
2025030520,-0.0001
2025030520,-0.0001
2025030520,-0.0001
2025030521,-0.0001
2025030521,-0.0001
2025030521,-0.0001
2025030521,-0.0001
2025030522,-0.0001
2025030522,-0.0001
2025030522,-0.0001
2025030522,-0.0001
2025030523,-0.0001
2025030523,-0.0001
2025030523,-0.0001
2025030523,-0.0001
2025030600,0.0
2025030600,0.0
2025030600,0.0
2025030600,0.0
2025030601,8.53
2025030601,8.53
2025030601,8.53
2025030601,8.53
2025030602,50.73
2025030602,50.73
2025030602,50.73
2025030602,50.73
2025030603,101.64
2025030603,101.64
2025030603,101.64
2025030603,101.64
2025030604,137.83
2025030604,137.83
2025030604,137.83
2025030604,137.83
2025030605,107.35
2025030605,107.35
2025030605,107.35
2025030605,107.35
2025030606,29.27
2025030606,29.27
2025030606,29.27
2025030606,29.27
2025030607,0.0
2025030607,0.0
2025030607,0.0
2025030607,0.0
2025030608,108.67
2025030608,108.67
2025030608,108.67
2025030608,108.67
2025030609,105.95
2025030609,105.95
2025030609,105.95
2025030609,105.95
2025030610,57.1
2025030610,57.1
2025030610,57.1
2025030610,57.1
2025030611,12.5
2025030611,12.5
2025030611,12.5
2025030611,12.5
2025030612,0.0
2025030612,0.0
2025030612,0.0
2025030612,0.0
2025030613,-0.0001
2025030613,-0.0001
2025030613,-0.0001
2025030613,-0.0001
2025030614,-0.0001
2025030614,-0.0001
2025030614,-0.0001
2025030614,-0.0001
2025030615,-0.0001
2025030615,-0.0001
2025030615,-0.0001
2025030615,-0.0001
2025030616,-0.0001
2025030616,-0.0001
2025030616,-0.0001
2025030616,-0.0001
2025030617,-0.0001
2025030617,-0.0001
2025030617,-0.0001
2025030617,-0.0001
2025030618,-0.0001
2025030618,-0.0001
2025030618,-0.0001
2025030618,-0.0001
2025030619,-0.0001
2025030619,-0.0001
2025030619,-0.0001
2025030619,-0.0001
2025030620,-0.0001
2025030620,-0.0001
2025030620,-0.0001
2025030620,-0.0001
2025030621,-0.0001
2025030621,-0.0001
2025030621,-0.0001
2025030621,-0.0001
2025030622,-0.0001
2025030622,-0.0001
2025030622,-0.0001
2025030622,-0.0001
2025030623,-0.0001
2025030623,-0.0001
2025030623,-0.0001
2025030623,-0.0001
2025030700,0.0
2025030700,0.0
2025030700,0.0
2025030700,0.0
2025030701,13.91
2025030701,13.91
2025030701,13.91
2025030701,13.91
2025030702,47.1
2025030702,47.1
2025030702,47.1
2025030702,47.1
2025030703,106.93
2025030703,106.93
2025030703,106.93
2025030703,106.93
2025030704,139.08
2025030704,139.08
2025030704,139.08
2025030704,139.08
2025030705,162.78
2025030705,162.78
2025030705,162.78
2025030705,162.78
2025030706,161.47
2025030706,161.47
2025030706,161.47
2025030706,161.47
2025030707,155.27
2025030707,155.27
2025030707,155.27
2025030707,155.27
2025030708,134.75
2025030708,134.75
2025030708,134.75
2025030708,134.75
2025030709,99.94
2025030709,99.94
2025030709,99.94
2025030709,99.94
2025030710,56.02
2025030710,56.02
2025030710,56.02
2025030710,56.02
2025030711,13.93
2025030711,13.93
2025030711,13.93
2025030711,13.93
2025030712,0.0
2025030712,0.0
2025030712,0.0
2025030712,0.0
2025030713,-0.0001
2025030713,-0.0001
2025030713,-0.0001
2025030713,-0.0001
2025030714,-0.0001
2025030714,-0.0001
2025030714,-0.0001
2025030714,-0.0001
2025030715,-0.0001
2025030715,-0.0001
2025030715,-0.0001
2025030715,-0.0001
2025030716,-0.0001
2025030716,-0.0001
2025030716,-0.0001
2025030716,-0.0001
2025030717,-0.0001
2025030717,-0.0001
2025030717,-0.0001
2025030717,-0.0001
2025030718,-0.0001
2025030718,-0.0001
2025030718,-0.0001
2025030718,-0.0001
2025030719,-0.0001
2025030719,-0.0001
2025030719,-0.0001
2025030719,-0.0001
2025030720,-0.0001
2025030720,-0.0001
2025030720,-0.0001
2025030720,-0.0001
2025030721,-0.0001
2025030721,-0.0001
2025030721,-0.0001
2025030721,-0.0001
2025030722,-0.0001
2025030722,-0.0001
2025030722,-0.0001
2025030722,-0.0001
2025030723,-0.0001
2025030723,-0.0001
2025030723,-0.0001
2025030723,-0.0001
2025030800,0.0
2025030800,0.0
2025030800,0.0
2025030800,0.0
2025030801,10.47
2025030801,10.47
2025030801,10.47
2025030801,10.47
2025030802,53.51
2025030802,53.51
2025030802,53.51
2025030802,53.51
2025030803,101.29
2025030803,101.29
2025030803,101.29
2025030803,101.29
2025030804,134.6
2025030804,134.6
2025030804,134.6
2025030804,134.6
2025030805,154.94
2025030805,154.94
2025030805,154.94
2025030805,154.94
2025030806,5.16
2025030806,5.16
2025030806,5.16
2025030806,5.16
2025030807,0.0
2025030807,0.0
2025030807,0.0
2025030807,0.0
2025030808,45.11
2025030808,45.11
2025030808,45.11
2025030808,45.11
2025030809,53.14
2025030809,53.14
2025030809,53.14
2025030809,53.14
2025030810,14.14
2025030810,14.14
2025030810,14.14
2025030810,14.14
2025030811,0.0
2025030811,0.0
2025030811,0.0
2025030811,0.0
2025030812,-0.0001
2025030812,-0.0001
2025030812,-0.0001
2025030812,-0.0001
2025030813,-0.0001
2025030813,-0.0001
2025030813,-0.0001
2025030813,-0.0001
2025030814,-0.0001
2025030814,-0.0001
2025030814,-0.0001
2025030814,-0.0001
2025030815,-0.0001
2025030815,-0.0001
2025030815,-0.0001
2025030815,-0.0001
2025030816,-0.0001
2025030816,-0.0001
2025030816,-0.0001
2025030816,-0.0001
2025030817,-0.0001
2025030817,-0.0001
2025030817,-0.0001
2025030817,-0.0001
2025030818,-0.0001
2025030818,-0.0001
2025030818,-0.0001
2025030818,-0.0001
2025030819,-0.0001
2025030819,-0.0001
2025030819,-0.0001
2025030819,-0.0001
2025030820,-0.0001
2025030820,-0.0001
2025030820,-0.0001
2025030820,-0.0001
2025030821,-0.0001
2025030821,-0.0001
2025030821,-0.0001
2025030821,-0.0001
2025030822,-0.0001
2025030822,-0.0001
2025030822,-0.0001
2025030822,-0.0001
2025030823,-0.0001
2025030823,-0.0001
2025030823,-0.0001
2025030823,-0.0001
2025030900,0.0
2025030900,0.0
2025030900,0.0
2025030900,0.0
2025030901,12.57
2025030901,12.57
2025030901,12.57
2025030901,12.57
2025030902,53.22
2025030902,53.22
2025030902,53.22
2025030902,53.22
2025030903,91.24
2025030903,91.24
2025030903,91.24
2025030903,91.24
2025030904,136.82
2025030904,136.82
2025030904,136.82
2025030904,136.82
2025030905,4.14
2025030905,4.14
2025030905,4.14
2025030905,4.14
2025030906,0.0
2025030906,0.0
2025030906,0.0
2025030906,0.0
2025030907,100.23
2025030907,100.23
2025030907,100.23
2025030907,100.23
2025030908,57.3
2025030908,57.3
2025030908,57.3
2025030908,57.3
2025030909,14.34
2025030909,14.34
2025030909,14.34
2025030909,14.34
2025030910,0.0
2025030910,0.0
2025030910,0.0
2025030910,0.0
2025030911,-0.0001
2025030911,-0.0001
2025030911,-0.0001
2025030911,-0.0001
2025030912,-0.0001
2025030912,-0.0001
2025030912,-0.0001
2025030912,-0.0001
2025030913,-0.0001
2025030913,-0.0001
2025030913,-0.0001
2025030913,-0.0001
2025030914,-0.0001
2025030914,-0.0001
2025030914,-0.0001
2025030914,-0.0001
2025030915,-0.0001
2025030915,-0.0001
2025030915,-0.0001
2025030915,-0.0001
2025030916,-0.0001
2025030916,-0.0001
2025030916,-0.0001
2025030916,-0.0001
2025030917,-0.0001
2025030917,-0.0001
2025030917,-0.0001
2025030917,-0.0001
2025030918,-0.0001
2025030918,-0.0001
2025030918,-0.0001
2025030918,-0.0001
2025030919,-0.0001
2025030919,-0.0001
2025030919,-0.0001
2025030919,-0.0001
2025030920,-0.0001
2025030920,-0.0001
2025030920,-0.0001
2025030920,-0.0001
2025030921,-0.0001
2025030921,-0.0001
2025030921,-0.0001
2025030921,-0.0001
2025030922,-0.0001
2025030922,-0.0001
2025030922,-0.0001
2025030922,-0.0001
2025030923,-0.0001
2025030923,-0.0001
2025030923,-0.0001
2025030923,-0.0001
2025031000,0.0
2025031000,0.0
2025031000,0.0
2025031000,0.0
2025031001,10.72
2025031001,10.72
2025031001,10.72
2025031001,10.72
2025031002,46.52
2025031002,46.52
2025031002,46.52
2025031002,46.52
2025031003,93.33
2025031003,93.33
2025031003,93.33
2025031003,93.33
2025031004,132.3
2025031004,132.3
2025031004,132.3
2025031004,132.3
2025031005,155.1
2025031005,155.1
2025031005,155.1
2025031005,155.1
2025031006,163.37
2025031006,163.37
2025031006,163.37
2025031006,163.37
2025031007,152.61
2025031007,152.61
2025031007,152.61
2025031007,152.61
2025031008,128.04
2025031008,128.04
2025031008,128.04
2025031008,128.04
2025031009,92.54
2025031009,92.54
2025031009,92.54
2025031009,92.54
2025031010,41.0
2025031010,41.0
2025031010,41.0
2025031010,41.0
2025031011,6.19
2025031011,6.19
2025031011,6.19
2025031011,6.19
2025031012,0.0
2025031012,0.0
2025031012,0.0
2025031012,0.0
2025031013,-0.0001
2025031013,-0.0001
2025031013,-0.0001
2025031013,-0.0001
2025031014,-0.0001
2025031014,-0.0001
2025031014,-0.0001
2025031014,-0.0001
2025031015,-0.0001
2025031015,-0.0001
2025031015,-0.0001
2025031015,-0.0001
2025031016,-0.0001
2025031016,-0.0001
2025031016,-0.0001
2025031016,-0.0001
2025031017,-0.0001
2025031017,-0.0001
2025031017,-0.0001
2025031017,-0.0001
2025031018,-0.0001
2025031018,-0.0001
2025031018,-0.0001
2025031018,-0.0001
2025031019,-0.0001
2025031019,-0.0001
2025031019,-0.0001
2025031019,-0.0001
2025031020,-0.0001
2025031020,-0.0001
2025031020,-0.0001
2025031020,-0.0001
2025031021,-0.0001
2025031021,-0.0001
2025031021,-0.0001
2025031021,-0.0001
2025031022,-0.0001
2025031022,-0.0001
2025031022,-0.0001
2025031022,-0.0001
2025031023,-0.0001
2025031023,-0.0001
2025031023,-0.0001
2025031023,-0.0001
2025031100,0.0
2025031100,0.0
2025031100,0.0
2025031100,0.0
2025031101,2.04
2025031101,2.04
2025031101,2.04
2025031101,2.04
2025031102,3.28
2025031102,3.28
2025031102,3.28
2025031102,3.28
2025031103,12.81
2025031103,12.81
2025031103,12.81
2025031103,12.81
2025031104,17.13
2025031104,17.13
2025031104,17.13
2025031104,17.13
2025031105,24.86
2025031105,24.86
2025031105,24.86
2025031105,24.86
2025031106,8.82
2025031106,8.82
2025031106,8.82
2025031106,8.82
2025031107,14.22
2025031107,14.22
2025031107,14.22
2025031107,14.22
2025031108,16.15
2025031108,16.15
2025031108,16.15
2025031108,16.15
2025031109,11.2
2025031109,11.2
2025031109,11.2
2025031109,11.2
2025031110,5.3
2025031110,5.3
2025031110,5.3
2025031110,5.3
2025031111,0.0
2025031111,0.0
2025031111,0.0
2025031111,0.0
2025031112,-0.0001
2025031112,-0.0001
2025031112,-0.0001
2025031112,-0.0001
2025031113,-0.0001
2025031113,-0.0001
2025031113,-0.0001
2025031113,-0.0001
2025031114,-0.0001
2025031114,-0.0001
2025031114,-0.0001
2025031114,-0.0001
2025031115,-0.0001
2025031115,-0.0001
2025031115,-0.0001
2025031115,-0.0001
2025031116,-0.0001
2025031116,-0.0001
2025031116,-0.0001
2025031116,-0.0001
2025031117,-0.0001
2025031117,-0.0001
2025031117,-0.0001
2025031117,-0.0001
2025031118,-0.0001
2025031118,-0.0001
2025031118,-0.0001
2025031118,-0.0001
2025031119,-0.0001
2025031119,-0.0001
2025031119,-0.0001
2025031119,-0.0001
2025031120,-0.0001
2025031120,-0.0001
2025031120,-0.0001
2025031120,-0.0001
2025031121,-0.0001
2025031121,-0.0001
2025031121,-0.0001
2025031121,-0.0001
2025031122,-0.0001
2025031122,-0.0001
2025031122,-0.0001
2025031122,-0.0001
2025031123,-0.0001
2025031123,-0.0001
2025031123,-0.0001
2025031123,-0.0001
2025031200,0.0
2025031200,0.0
2025031200,0.0
2025031200,0.0
2025031201,0.54
2025031201,0.54
2025031201,0.54
2025031201,0.54
2025031202,11.73
2025031202,11.73
2025031202,11.73
2025031202,11.73
2025031203,40.38
2025031203,40.38
2025031203,40.38
2025031203,40.38
2025031204,42.73
2025031204,42.73
2025031204,42.73
2025031204,42.73
2025031205,105.88
2025031205,105.88
2025031205,105.88
2025031205,105.88
2025031206,87.24
2025031206,87.24
2025031206,87.24
2025031206,87.24
2025031207,42.36
2025031207,42.36
2025031207,42.36
2025031207,42.36
2025031208,44.57
2025031208,44.57
2025031208,44.57
2025031208,44.57
2025031209,12.4
2025031209,12.4
2025031209,12.4
2025031209,12.4
2025031210,10.11
2025031210,10.11
2025031210,10.11
2025031210,10.11
2025031211,2.99
2025031211,2.99
2025031211,2.99
2025031211,2.99
2025031212,0.0
2025031212,0.0
2025031212,0.0
2025031212,0.0
2025031213,-0.0001
2025031213,-0.0001
2025031213,-0.0001
2025031213,-0.0001
2025031214,-0.0001
2025031214,-0.0001
2025031214,-0.0001
2025031214,-0.0001
2025031215,-0.0001
2025031215,-0.0001
2025031215,-0.0001
2025031215,-0.0001
2025031216,-0.0001
2025031216,-0.0001
2025031216,-0.0001
2025031216,-0.0001
2025031217,-0.0001
2025031217,-0.0001
2025031217,-0.0001
2025031217,-0.0001
2025031218,-0.0001
2025031218,-0.0001
2025031218,-0.0001
2025031218,-0.0001
2025031219,-0.0001
2025031219,-0.0001
2025031219,-0.0001
2025031219,-0.0001
2025031220,-0.0001
2025031220,-0.0001
2025031220,-0.0001
2025031220,-0.0001
2025031221,-0.0001
2025031221,-0.0001
2025031221,-0.0001
2025031221,-0.0001
2025031222,-0.0001
2025031222,-0.0001
2025031222,-0.0001
2025031222,-0.0001
2025031223,-0.0001
2025031223,-0.0001
2025031223,-0.0001
2025031223,-0.0001
2025031300,0.0
2025031300,0.0
2025031300,0.0
2025031300,0.0
2025031301,4.82
2025031301,4.82
2025031301,4.82
2025031301,4.82
2025031302,31.07
2025031302,31.07
2025031302,31.07
2025031302,31.07
2025031303,44.14
2025031303,44.14
2025031303,44.14
2025031303,44.14
2025031304,47.62
2025031304,47.62
2025031304,47.62
2025031304,47.62
2025031305,43.06
2025031305,43.06
2025031305,43.06
2025031305,43.06
2025031306,126.8
2025031306,126.8
2025031306,126.8
2025031306,126.8
2025031307,69.91
2025031307,69.91
2025031307,69.91
2025031307,69.91
2025031308,38.09
2025031308,38.09
2025031308,38.09
2025031308,38.09
2025031309,21.4
2025031309,21.4
2025031309,21.4
2025031309,21.4
2025031310,10.47
2025031310,10.47
2025031310,10.47
2025031310,10.47
2025031311,1.5
2025031311,1.5
2025031311,1.5
2025031311,1.5
2025031312,0.0
2025031312,0.0
2025031312,0.0
2025031312,0.0
2025031313,-0.0001
2025031313,-0.0001
2025031313,-0.0001
2025031313,-0.0001
2025031314,-0.0001
2025031314,-0.0001
2025031314,-0.0001
2025031314,-0.0001
2025031315,-0.0001
2025031315,-0.0001
2025031315,-0.0001
2025031315,-0.0001
2025031316,-0.0001
2025031316,-0.0001
2025031316,-0.0001
2025031316,-0.0001
2025031317,-0.0001
2025031317,-0.0001
2025031317,-0.0001
2025031317,-0.0001
2025031318,-0.0001
2025031318,-0.0001
2025031318,-0.0001
2025031318,-0.0001
2025031319,-0.0001
2025031319,-0.0001
2025031319,-0.0001
2025031319,-0.0001
2025031320,-0.0001
2025031320,-0.0001
2025031320,-0.0001
2025031320,-0.0001
2025031321,-0.0001
2025031321,-0.0001
2025031321,-0.0001
2025031321,-0.0001
2025031322,-0.0001
2025031322,-0.0001
2025031322,-0.0001
2025031322,-0.0001
2025031323,-0.0001
2025031323,-0.0001
2025031323,-0.0001
2025031323,-0.0001
2025031400,0.0
2025031400,0.0
2025031400,0.0
2025031400,0.0
2025031401,8.86
2025031401,8.86
2025031401,8.86
2025031401,8.86
2025031402,19.36
2025031402,19.36
2025031402,19.36
2025031402,19.36
2025031403,53.58
2025031403,53.58
2025031403,53.58
2025031403,53.58
2025031404,83.58
2025031404,83.58
2025031404,83.58
2025031404,83.58
2025031405,80.67
2025031405,80.67
2025031405,80.67
2025031405,80.67
2025031406,92.15
2025031406,92.15
2025031406,92.15
2025031406,92.15
2025031407,179.07
2025031407,179.07
2025031407,179.07
2025031407,179.07
2025031408,153.7
2025031408,153.7
2025031408,153.7
2025031408,153.7
2025031409,113.26
2025031409,113.26
2025031409,113.26
2025031409,113.26
2025031410,77.04
2025031410,77.04
2025031410,77.04
2025031410,77.04
2025031411,24.54
2025031411,24.54
2025031411,24.54
2025031411,24.54
2025031412,0.78
2025031412,0.78
2025031412,0.78
2025031412,0.78
2025031413,0.0
2025031413,0.0
2025031413,0.0
2025031413,0.0
2025031414,-0.0001
2025031414,-0.0001
2025031414,-0.0001
2025031414,-0.0001
2025031415,-0.0001
2025031415,-0.0001
2025031415,-0.0001
2025031415,-0.0001
2025031416,-0.0001
2025031416,-0.0001
2025031416,-0.0001
2025031416,-0.0001
2025031417,-0.0001
2025031417,-0.0001
2025031417,-0.0001
2025031417,-0.0001
2025031418,-0.0001
2025031418,-0.0001
2025031418,-0.0001
2025031418,-0.0001
2025031419,-0.0001
2025031419,-0.0001
2025031419,-0.0001
2025031419,-0.0001
2025031420,-0.0001
2025031420,-0.0001
2025031420,-0.0001
2025031420,-0.0001
2025031421,-0.0001
2025031421,-0.0001
2025031421,-0.0001
2025031421,-0.0001
2025031422,-0.0001
2025031422,-0.0001
2025031422,-0.0001
2025031422,-0.0001
2025031423,-0.0001
2025031423,-0.0001
2025031423,-0.0001
2025031423,-0.0001
2025031500,0.0
2025031500,0.0
2025031500,0.0
2025031500,0.0
2025031501,0.57
2025031501,0.57
2025031501,0.57
2025031501,0.57
2025031502,26.06
2025031502,26.06
2025031502,26.06
2025031502,26.06
2025031503,77.18
2025031503,77.18
2025031503,77.18
2025031503,77.18
2025031504,125.78
2025031504,125.78
2025031504,125.78
2025031504,125.78
2025031505,159.85
2025031505,159.85
2025031505,159.85
2025031505,159.85
2025031506,180.07
2025031506,180.07
2025031506,180.07
2025031506,180.07
2025031507,187.38
2025031507,187.38
2025031507,187.38
2025031507,187.38
2025031508,182.05
2025031508,182.05
2025031508,182.05
2025031508,182.05
2025031509,161.65
2025031509,161.65
2025031509,161.65
2025031509,161.65
2025031510,128.06
2025031510,128.06
2025031510,128.06
2025031510,128.06
2025031511,78.99
2025031511,78.99
2025031511,78.99
2025031511,78.99
2025031512,26.03
2025031512,26.03
2025031512,26.03
2025031512,26.03
2025031513,0.97
2025031513,0.97
2025031513,0.97
2025031513,0.97
2025031514,0.0
2025031514,0.0
2025031514,0.0
2025031514,0.0
2025031515,-0.0001
2025031515,-0.0001
2025031515,-0.0001
2025031515,-0.0001
2025031516,-0.0001
2025031516,-0.0001
2025031516,-0.0001
2025031516,-0.0001
2025031517,-0.0001
2025031517,-0.0001
2025031517,-0.0001
2025031517,-0.0001
2025031518,-0.0001
2025031518,-0.0001
2025031518,-0.0001
2025031518,-0.0001
2025031519,-0.0001
2025031519,-0.0001
2025031519,-0.0001
2025031519,-0.0001
2025031520,-0.0001
2025031520,-0.0001
2025031520,-0.0001
2025031520,-0.0001
2025031521,-0.0001
2025031521,-0.0001
2025031521,-0.0001
2025031521,-0.0001
2025031522,-0.0001
2025031522,-0.0001
2025031522,-0.0001
2025031522,-0.0001
2025031523,-0.0001
2025031523,-0.0001
2025031523,-0.0001
2025031523,-0.0001
2025031600,0.0
2025031600,0.0
2025031600,0.0
2025031600,0.0
2025031601,0.53
2025031601,0.53
2025031601,0.53
2025031601,0.53
2025031602,18.48
2025031602,18.48
2025031602,18.48
2025031602,18.48
2025031603,39.82
2025031603,39.82
2025031603,39.82
2025031603,39.82
2025031604,50.04
2025031604,50.04
2025031604,50.04
2025031604,50.04
2025031605,38.74
2025031605,38.74
2025031605,38.74
2025031605,38.74
2025031606,47.79
2025031606,47.79
2025031606,47.79
2025031606,47.79
2025031607,0.74
2025031607,0.74
2025031607,0.74
2025031607,0.74
2025031608,0.0
2025031608,0.0
2025031608,0.0
2025031608,0.0
2025031609,16.77
2025031609,16.77
2025031609,16.77
2025031609,16.77
2025031610,26.27
2025031610,26.27
2025031610,26.27
2025031610,26.27
2025031611,0.22
2025031611,0.22
2025031611,0.22
2025031611,0.22
2025031612,0.0
2025031612,0.0
2025031612,0.0
2025031612,0.0
2025031613,-0.0001
2025031613,-0.0001
2025031613,-0.0001
2025031613,-0.0001
2025031614,-0.0001
2025031614,-0.0001
2025031614,-0.0001
2025031614,-0.0001
2025031615,-0.0001
2025031615,-0.0001
2025031615,-0.0001
2025031615,-0.0001
2025031616,-0.0001
2025031616,-0.0001
2025031616,-0.0001
2025031616,-0.0001
2025031617,-0.0001
2025031617,-0.0001
2025031617,-0.0001
2025031617,-0.0001
2025031618,-0.0001
2025031618,-0.0001
2025031618,-0.0001
2025031618,-0.0001
2025031619,-0.0001
2025031619,-0.0001
2025031619,-0.0001
2025031619,-0.0001
2025031620,-0.0001
2025031620,-0.0001
2025031620,-0.0001
2025031620,-0.0001
2025031621,-0.0001
2025031621,-0.0001
2025031621,-0.0001
2025031621,-0.0001
2025031622,-0.0001
2025031622,-0.0001
2025031622,-0.0001
2025031622,-0.0001
2025031623,-0.0001
2025031623,-0.0001
2025031623,-0.0001
2025031623,-0.0001
2025031700,0.0
2025031700,0.0
2025031700,0.0
2025031700,0.0
2025031701,1.76
2025031701,1.76
2025031701,1.76
2025031701,1.76
2025031702,32.12
2025031702,32.12
2025031702,32.12
2025031702,32.12
2025031703,82.61
2025031703,82.61
2025031703,82.61
2025031703,82.61
2025031704,132.47
2025031704,132.47
2025031704,132.47
2025031704,132.47
2025031705,169.11
2025031705,169.11
2025031705,169.11
2025031705,169.11
2025031706,190.97
2025031706,190.97
2025031706,190.97
2025031706,190.97
2025031707,192.6
2025031707,192.6
2025031707,192.6
2025031707,192.6
2025031708,185.48
2025031708,185.48
2025031708,185.48
2025031708,185.48
2025031709,167.59
2025031709,167.59
2025031709,167.59
2025031709,167.59
2025031710,131.13
2025031710,131.13
2025031710,131.13
2025031710,131.13
2025031711,82.73
2025031711,82.73
2025031711,82.73
2025031711,82.73
2025031712,32.18
2025031712,32.18
2025031712,32.18
2025031712,32.18
2025031713,2.94
2025031713,2.94
2025031713,2.94
2025031713,2.94
2025031714,0.0
2025031714,0.0
2025031714,0.0
2025031714,0.0
2025031715,-0.0001
2025031715,-0.0001
2025031715,-0.0001
2025031715,-0.0001
2025031716,-0.0001
2025031716,-0.0001
2025031716,-0.0001
2025031716,-0.0001
2025031717,-0.0001
2025031717,-0.0001
2025031717,-0.0001
2025031717,-0.0001
2025031718,-0.0001
2025031718,-0.0001
2025031718,-0.0001
2025031718,-0.0001
2025031719,-0.0001
2025031719,-0.0001
2025031719,-0.0001
2025031719,-0.0001
2025031720,-0.0001
2025031720,-0.0001
2025031720,-0.0001
2025031720,-0.0001
2025031721,-0.0001
2025031721,-0.0001
2025031721,-0.0001
2025031721,-0.0001
2025031722,-0.0001
2025031722,-0.0001
2025031722,-0.0001
2025031722,-0.0001
2025031723,-0.0001
2025031723,-0.0001
2025031723,-0.0001
2025031723,-0.0001
2025031800,0.0
2025031800,0.0
2025031800,0.0
2025031800,0.0
2025031801,1.24
2025031801,1.24
2025031801,1.24
2025031801,1.24
2025031802,27.49
2025031802,27.49
2025031802,27.49
2025031802,27.49
2025031803,71.9
2025031803,71.9
2025031803,71.9
2025031803,71.9
2025031804,125.81
2025031804,125.81
2025031804,125.81
2025031804,125.81
2025031805,119.39
2025031805,119.39
2025031805,119.39
2025031805,119.39
2025031806,55.91
2025031806,55.91
2025031806,55.91
2025031806,55.91
2025031807,1.15
2025031807,1.15
2025031807,1.15
2025031807,1.15
2025031808,12.35
2025031808,12.35
2025031808,12.35
2025031808,12.35
2025031809,7.86
2025031809,7.86
2025031809,7.86
2025031809,7.86
2025031810,44.05
2025031810,44.05
2025031810,44.05
2025031810,44.05
2025031811,71.1
2025031811,71.1
2025031811,71.1
2025031811,71.1
2025031812,24.95
2025031812,24.95
2025031812,24.95
2025031812,24.95
2025031813,1.25
2025031813,1.25
2025031813,1.25
2025031813,1.25
2025031814,0.0
2025031814,0.0
2025031814,0.0
2025031814,0.0
2025031815,-0.0001
2025031815,-0.0001
2025031815,-0.0001
2025031815,-0.0001
2025031816,-0.0001
2025031816,-0.0001
2025031816,-0.0001
2025031816,-0.0001
2025031817,-0.0001
2025031817,-0.0001
2025031817,-0.0001
2025031817,-0.0001
2025031818,-0.0001
2025031818,-0.0001
2025031818,-0.0001
2025031818,-0.0001
2025031819,-0.0001
2025031819,-0.0001
2025031819,-0.0001
2025031819,-0.0001
2025031820,-0.0001
2025031820,-0.0001
2025031820,-0.0001
2025031820,-0.0001
2025031821,-0.0001
2025031821,-0.0001
2025031821,-0.0001
2025031821,-0.0001
2025031822,-0.0001
2025031822,-0.0001
2025031822,-0.0001
2025031822,-0.0001
2025031823,-0.0001
2025031823,-0.0001
2025031823,-0.0001
2025031823,-0.0001
2025031900,0.0
2025031900,0.0
2025031900,0.0
2025031900,0.0
2025031901,1.38
2025031901,1.38
2025031901,1.38
2025031901,1.38
2025031902,21.94
2025031902,21.94
2025031902,21.94
2025031902,21.94
2025031903,75.8
2025031903,75.8
2025031903,75.8
2025031903,75.8
2025031904,135.99
2025031904,135.99
2025031904,135.99
2025031904,135.99
2025031905,172.19
2025031905,172.19
2025031905,172.19
2025031905,172.19
2025031906,137.47
2025031906,137.47
2025031906,137.47
2025031906,137.47
2025031907,1.56
2025031907,1.56
2025031907,1.56
2025031907,1.56
2025031908,0.0
2025031908,0.0
2025031908,0.0
2025031908,0.0
2025031909,1.11
2025031909,1.11
2025031909,1.11
2025031909,1.11
2025031910,129.33
2025031910,129.33
2025031910,129.33
2025031910,129.33
2025031911,80.84
2025031911,80.84
2025031911,80.84
2025031911,80.84
2025031912,26.57
2025031912,26.57
2025031912,26.57
2025031912,26.57
2025031913,1.77
2025031913,1.77
2025031913,1.77
2025031913,1.77
2025031914,0.0
2025031914,0.0
2025031914,0.0
2025031914,0.0
2025031915,-0.0001
2025031915,-0.0001
2025031915,-0.0001
2025031915,-0.0001
2025031916,-0.0001
2025031916,-0.0001
2025031916,-0.0001
2025031916,-0.0001
2025031917,-0.0001
2025031917,-0.0001
2025031917,-0.0001
2025031917,-0.0001
2025031918,-0.0001
2025031918,-0.0001
2025031918,-0.0001
2025031918,-0.0001
2025031919,-0.0001
2025031919,-0.0001
2025031919,-0.0001
2025031919,-0.0001
2025031920,-0.0001
2025031920,-0.0001
2025031920,-0.0001
2025031920,-0.0001
2025031921,-0.0001
2025031921,-0.0001
2025031921,-0.0001
2025031921,-0.0001
2025031922,-0.0001
2025031922,-0.0001
2025031922,-0.0001
2025031922,-0.0001
2025031923,-0.0001
2025031923,-0.0001
2025031923,-0.0001
2025031923,-0.0001
2025032000,0.0
2025032000,0.0
2025032000,0.0
2025032000,0.0
2025032001,2.08
2025032001,2.08
2025032001,2.08
2025032001,2.08
2025032002,30.92
2025032002,30.92
2025032002,30.92
2025032002,30.92
2025032003,52.01
2025032003,52.01
2025032003,52.01
2025032003,52.01
2025032004,106.77
2025032004,106.77
2025032004,106.77
2025032004,106.77
2025032005,87.91
2025032005,87.91
2025032005,87.91
2025032005,87.91
2025032006,157.8
2025032006,157.8
2025032006,157.8
2025032006,157.8
2025032007,137.74
2025032007,137.74
2025032007,137.74
2025032007,137.74
2025032008,139.83
2025032008,139.83
2025032008,139.83
2025032008,139.83
2025032009,139.87
2025032009,139.87
2025032009,139.87
2025032009,139.87
2025032010,130.17
2025032010,130.17
2025032010,130.17
2025032010,130.17
2025032011,83.69
2025032011,83.69
2025032011,83.69
2025032011,83.69
2025032012,30.13
2025032012,30.13
2025032012,30.13
2025032012,30.13
2025032013,2.13
2025032013,2.13
2025032013,2.13
2025032013,2.13
2025032014,0.0
2025032014,0.0
2025032014,0.0
2025032014,0.0
2025032015,-0.0001
2025032015,-0.0001
2025032015,-0.0001
2025032015,-0.0001
2025032016,-0.0001
2025032016,-0.0001
2025032016,-0.0001
2025032016,-0.0001
2025032017,-0.0001
2025032017,-0.0001
2025032017,-0.0001
2025032017,-0.0001
2025032018,-0.0001
2025032018,-0.0001
2025032018,-0.0001
2025032018,-0.0001
2025032019,-0.0001
2025032019,-0.0001
2025032019,-0.0001
2025032019,-0.0001
2025032020,-0.0001
2025032020,-0.0001
2025032020,-0.0001
2025032020,-0.0001
2025032021,-0.0001
2025032021,-0.0001
2025032021,-0.0001
2025032021,-0.0001
2025032022,-0.0001
2025032022,-0.0001
2025032022,-0.0001
2025032022,-0.0001
2025032023,-0.0001
2025032023,-0.0001
2025032023,-0.0001
2025032023,-0.0001
2025032100,0.0
2025032100,0.0
2025032100,0.0
2025032100,0.0
2025032101,30.45
2025032101,30.45
2025032101,30.45
2025032101,30.45
2025032102,85.02
2025032102,85.02
2025032102,85.02
2025032102,85.02
2025032103,135.61
2025032103,135.61
2025032103,135.61
2025032103,135.61
2025032104,175.26
2025032104,175.26
2025032104,175.26
2025032104,175.26
2025032105,193.61
2025032105,193.61
2025032105,193.61
2025032105,193.61
2025032106,2.76
2025032106,2.76
2025032106,2.76
2025032106,2.76
2025032107,0.0
2025032107,0.0
2025032107,0.0
2025032107,0.0
2025032108,0.61
2025032108,0.61
2025032108,0.61
2025032108,0.61
2025032109,120.21
2025032109,120.21
2025032109,120.21
2025032109,120.21
2025032110,86.92
2025032110,86.92
2025032110,86.92
2025032110,86.92
2025032111,30.66
2025032111,30.66
2025032111,30.66
2025032111,30.66
2025032112,2.66
2025032112,2.66
2025032112,2.66
2025032112,2.66
2025032113,0.0
2025032113,0.0
2025032113,0.0
2025032113,0.0
2025032114,-0.0001
2025032114,-0.0001
2025032114,-0.0001
2025032114,-0.0001
2025032115,-0.0001
2025032115,-0.0001
2025032115,-0.0001
2025032115,-0.0001
2025032116,-0.0001
2025032116,-0.0001
2025032116,-0.0001
2025032116,-0.0001
2025032117,-0.0001
2025032117,-0.0001
2025032117,-0.0001
2025032117,-0.0001
2025032118,-0.0001
2025032118,-0.0001
2025032118,-0.0001
2025032118,-0.0001
2025032119,-0.0001
2025032119,-0.0001
2025032119,-0.0001
2025032119,-0.0001
2025032120,-0.0001
2025032120,-0.0001
2025032120,-0.0001
2025032120,-0.0001
2025032121,-0.0001
2025032121,-0.0001
2025032121,-0.0001
2025032121,-0.0001
2025032122,-0.0001
2025032122,-0.0001
2025032122,-0.0001
2025032122,-0.0001
2025032123,-0.0001
2025032123,-0.0001
2025032123,-0.0001
2025032123,-0.0001
2025032200,0.0
2025032200,0.0
2025032200,0.0
2025032200,0.0
2025032201,9.78
2025032201,9.78
2025032201,9.78
2025032201,9.78
2025032202,90.51
2025032202,90.51
2025032202,90.51
2025032202,90.51
2025032203,2.68
2025032203,2.68
2025032203,2.68
2025032203,2.68
2025032204,0.0
2025032204,0.0
2025032204,0.0
2025032204,0.0
2025032205,36.2
2025032205,36.2
2025032205,36.2
2025032205,36.2
2025032206,2.7
2025032206,2.7
2025032206,2.7
2025032206,2.7
2025032207,0.0
2025032207,0.0
2025032207,0.0
2025032207,0.0
2025032208,-0.0001
2025032208,-0.0001
2025032208,-0.0001
2025032208,-0.0001
2025032209,-0.0001
2025032209,-0.0001
2025032209,-0.0001
2025032209,-0.0001
2025032210,-0.0001
2025032210,-0.0001
2025032210,-0.0001
2025032210,-0.0001
2025032211,-0.0001
2025032211,-0.0001
2025032211,-0.0001
2025032211,-0.0001
2025032212,-0.0001
2025032212,-0.0001
2025032212,-0.0001
2025032212,-0.0001
2025032213,-0.0001
2025032213,-0.0001
2025032213,-0.0001
2025032213,-0.0001
2025032214,-0.0001
2025032214,-0.0001
2025032214,-0.0001
2025032214,-0.0001
2025032215,-0.0001
2025032215,-0.0001
2025032215,-0.0001
2025032215,-0.0001
2025032216,-0.0001
2025032216,-0.0001
2025032216,-0.0001
2025032216,-0.0001
2025032217,-0.0001
2025032217,-0.0001
2025032217,-0.0001
2025032217,-0.0001
2025032218,-0.0001
2025032218,-0.0001
2025032218,-0.0001
2025032218,-0.0001
2025032219,-0.0001
2025032219,-0.0001
2025032219,-0.0001
2025032219,-0.0001
2025032220,-0.0001
2025032220,-0.0001
2025032220,-0.0001
2025032220,-0.0001
2025032221,-0.0001
2025032221,-0.0001
2025032221,-0.0001
2025032221,-0.0001
2025032222,-0.0001
2025032222,-0.0001
2025032222,-0.0001
2025032222,-0.0001
2025032223,-0.0001
2025032223,-0.0001
2025032223,-0.0001
2025032223,-0.0001
2025032300,0.0
2025032300,0.0
2025032300,0.0
2025032300,0.0
2025032301,1.49
2025032301,1.49
2025032301,1.49
2025032301,1.49
2025032302,16.85
2025032302,16.85
2025032302,16.85
2025032302,16.85
2025032303,0.98
2025032303,0.98
2025032303,0.98
2025032303,0.98
2025032304,0.0
2025032304,0.0
2025032304,0.0
2025032304,0.0
2025032305,52.9
2025032305,52.9
2025032305,52.9
2025032305,52.9
2025032306,16.12
2025032306,16.12
2025032306,16.12
2025032306,16.12
2025032307,2.68
2025032307,2.68
2025032307,2.68
2025032307,2.68
2025032308,0.0
2025032308,0.0
2025032308,0.0
2025032308,0.0
2025032309,-0.0001
2025032309,-0.0001
2025032309,-0.0001
2025032309,-0.0001
2025032310,-0.0001
2025032310,-0.0001
2025032310,-0.0001
2025032310,-0.0001
2025032311,-0.0001
2025032311,-0.0001
2025032311,-0.0001
2025032311,-0.0001
2025032312,-0.0001
2025032312,-0.0001
2025032312,-0.0001
2025032312,-0.0001
2025032313,-0.0001
2025032313,-0.0001
2025032313,-0.0001
2025032313,-0.0001
2025032314,-0.0001
2025032314,-0.0001
2025032314,-0.0001
2025032314,-0.0001
2025032315,-0.0001
2025032315,-0.0001
2025032315,-0.0001
2025032315,-0.0001
2025032316,-0.0001
2025032316,-0.0001
2025032316,-0.0001
2025032316,-0.0001
2025032317,-0.0001
2025032317,-0.0001
2025032317,-0.0001
2025032317,-0.0001
2025032318,-0.0001
2025032318,-0.0001
2025032318,-0.0001
2025032318,-0.0001
2025032319,-0.0001
2025032319,-0.0001
2025032319,-0.0001
2025032319,-0.0001
2025032320,-0.0001
2025032320,-0.0001
2025032320,-0.0001
2025032320,-0.0001
2025032321,-0.0001
2025032321,-0.0001
2025032321,-0.0001
2025032321,-0.0001
2025032322,-0.0001
2025032322,-0.0001
2025032322,-0.0001
2025032322,-0.0001
2025032323,-0.0001
2025032323,-0.0001
2025032323,-0.0001
2025032323,-0.0001
2025032400,0.0
2025032400,0.0
2025032400,0.0
2025032400,0.0
2025032401,2.63
2025032401,2.63
2025032401,2.63
2025032401,2.63
2025032402,23.33
2025032402,23.33
2025032402,23.33
2025032402,23.33
2025032403,80.24
2025032403,80.24
2025032403,80.24
2025032403,80.24
2025032404,132.11
2025032404,132.11
2025032404,132.11
2025032404,132.11
2025032405,171.63
2025032405,171.63
2025032405,171.63
2025032405,171.63
2025032406,194.51
2025032406,194.51
2025032406,194.51
2025032406,194.51
2025032407,202.85
2025032407,202.85
2025032407,202.85
2025032407,202.85
2025032408,185.87
2025032408,185.87
2025032408,185.87
2025032408,185.87
2025032409,161.57
2025032409,161.57
2025032409,161.57
2025032409,161.57
2025032410,120.66
2025032410,120.66
2025032410,120.66
2025032410,120.66
2025032411,65.76
2025032411,65.76
2025032411,65.76
2025032411,65.76
2025032412,23.95
2025032412,23.95
2025032412,23.95
2025032412,23.95
2025032413,0.54
2025032413,0.54
2025032413,0.54
2025032413,0.54
2025032414,0.0
2025032414,0.0
2025032414,0.0
2025032414,0.0
2025032415,-0.0001
2025032415,-0.0001
2025032415,-0.0001
2025032415,-0.0001
2025032416,-0.0001
2025032416,-0.0001
2025032416,-0.0001
2025032416,-0.0001
2025032417,-0.0001
2025032417,-0.0001
2025032417,-0.0001
2025032417,-0.0001
2025032418,-0.0001
2025032418,-0.0001
2025032418,-0.0001
2025032418,-0.0001
2025032419,-0.0001
2025032419,-0.0001
2025032419,-0.0001
2025032419,-0.0001
2025032420,-0.0001
2025032420,-0.0001
2025032420,-0.0001
2025032420,-0.0001
2025032421,-0.0001
2025032421,-0.0001
2025032421,-0.0001
2025032421,-0.0001
2025032422,-0.0001
2025032422,-0.0001
2025032422,-0.0001
2025032422,-0.0001
2025032423,-0.0001
2025032423,-0.0001
2025032423,-0.0001
2025032423,-0.0001
2025032500,0.0
2025032500,0.0
2025032500,0.0
2025032500,0.0
2025032501,0.27
2025032501,0.27
2025032501,0.27
2025032501,0.27
2025032502,12.4
2025032502,12.4
2025032502,12.4
2025032502,12.4
2025032503,38.8
2025032503,38.8
2025032503,38.8
2025032503,38.8
2025032504,52.25
2025032504,52.25
2025032504,52.25
2025032504,52.25
2025032505,43.48
2025032505,43.48
2025032505,43.48
2025032505,43.48
2025032506,45.42
2025032506,45.42
2025032506,45.42
2025032506,45.42
2025032507,66.79
2025032507,66.79
2025032507,66.79
2025032507,66.79
2025032508,4.44
2025032508,4.44
2025032508,4.44
2025032508,4.44
2025032509,20.95
2025032509,20.95
2025032509,20.95
2025032509,20.95
2025032510,7.37
2025032510,7.37
2025032510,7.37
2025032510,7.37
2025032511,1.09
2025032511,1.09
2025032511,1.09
2025032511,1.09
2025032512,0.0
2025032512,0.0
2025032512,0.0
2025032512,0.0
2025032513,-0.0001
2025032513,-0.0001
2025032513,-0.0001
2025032513,-0.0001
2025032514,-0.0001
2025032514,-0.0001
2025032514,-0.0001
2025032514,-0.0001
2025032515,-0.0001
2025032515,-0.0001
2025032515,-0.0001
2025032515,-0.0001
2025032516,-0.0001
2025032516,-0.0001
2025032516,-0.0001
2025032516,-0.0001
2025032517,-0.0001
2025032517,-0.0001
2025032517,-0.0001
2025032517,-0.0001
2025032518,-0.0001
2025032518,-0.0001
2025032518,-0.0001
2025032518,-0.0001
2025032519,-0.0001
2025032519,-0.0001
2025032519,-0.0001
2025032519,-0.0001
2025032520,-0.0001
2025032520,-0.0001
2025032520,-0.0001
2025032520,-0.0001
2025032521,-0.0001
2025032521,-0.0001
2025032521,-0.0001
2025032521,-0.0001
2025032522,-0.0001
2025032522,-0.0001
2025032522,-0.0001
2025032522,-0.0001
2025032523,-0.0001
2025032523,-0.0001
2025032523,-0.0001
2025032523,-0.0001
2025032600,0.0
2025032600,0.0
2025032600,0.0
2025032600,0.0
2025032601,0.41
2025032601,0.41
2025032601,0.41
2025032601,0.41
2025032602,15.36
2025032602,15.36
2025032602,15.36
2025032602,15.36
2025032603,50.18
2025032603,50.18
2025032603,50.18
2025032603,50.18
2025032604,130.15
2025032604,130.15
2025032604,130.15
2025032604,130.15
2025032605,158.86
2025032605,158.86
2025032605,158.86
2025032605,158.86
2025032606,216.76
2025032606,216.76
2025032606,216.76
2025032606,216.76
2025032607,206.47
2025032607,206.47
2025032607,206.47
2025032607,206.47
2025032608,171.55
2025032608,171.55
2025032608,171.55
2025032608,171.55
2025032609,163.79
2025032609,163.79
2025032609,163.79
2025032609,163.79
2025032610,145.77
2025032610,145.77
2025032610,145.77
2025032610,145.77
2025032611,87.23
2025032611,87.23
2025032611,87.23
2025032611,87.23
2025032612,14.93
2025032612,14.93
2025032612,14.93
2025032612,14.93
2025032613,0.69
2025032613,0.69
2025032613,0.69
2025032613,0.69
2025032614,0.0
2025032614,0.0
2025032614,0.0
2025032614,0.0
2025032615,-0.0001
2025032615,-0.0001
2025032615,-0.0001
2025032615,-0.0001
2025032616,-0.0001
2025032616,-0.0001
2025032616,-0.0001
2025032616,-0.0001
2025032617,-0.0001
2025032617,-0.0001
2025032617,-0.0001
2025032617,-0.0001
2025032618,-0.0001
2025032618,-0.0001
2025032618,-0.0001
2025032618,-0.0001
2025032619,-0.0001
2025032619,-0.0001
2025032619,-0.0001
2025032619,-0.0001
2025032620,-0.0001
2025032620,-0.0001
2025032620,-0.0001
2025032620,-0.0001
2025032621,-0.0001
2025032621,-0.0001
2025032621,-0.0001
2025032621,-0.0001
2025032622,-0.0001
2025032622,-0.0001
2025032622,-0.0001
2025032622,-0.0001
2025032623,-0.0001
2025032623,-0.0001
2025032623,-0.0001
2025032623,-0.0001
2025032700,0.0
2025032700,0.0
2025032700,0.0
2025032700,0.0
2025032701,2.17
2025032701,2.17
2025032701,2.17
2025032701,2.17
2025032702,17.81
2025032702,17.81
2025032702,17.81
2025032702,17.81
2025032703,42.79
2025032703,42.79
2025032703,42.79
2025032703,42.79
2025032704,62.24
2025032704,62.24
2025032704,62.24
2025032704,62.24
2025032705,42.64
2025032705,42.64
2025032705,42.64
2025032705,42.64
2025032706,66.07
2025032706,66.07
2025032706,66.07
2025032706,66.07
2025032707,83.96
2025032707,83.96
2025032707,83.96
2025032707,83.96
2025032708,82.09
2025032708,82.09
2025032708,82.09
2025032708,82.09
2025032709,53.0
2025032709,53.0
2025032709,53.0
2025032709,53.0
2025032710,47.49
2025032710,47.49
2025032710,47.49
2025032710,47.49
2025032711,31.44
2025032711,31.44
2025032711,31.44
2025032711,31.44
2025032712,4.07
2025032712,4.07
2025032712,4.07
2025032712,4.07
2025032713,0.0
2025032713,0.0
2025032713,0.0
2025032713,0.0
2025032714,-0.0001
2025032714,-0.0001
2025032714,-0.0001
2025032714,-0.0001
2025032715,-0.0001
2025032715,-0.0001
2025032715,-0.0001
2025032715,-0.0001
2025032716,-0.0001
2025032716,-0.0001
2025032716,-0.0001
2025032716,-0.0001
2025032717,-0.0001
2025032717,-0.0001
2025032717,-0.0001
2025032717,-0.0001
2025032718,-0.0001
2025032718,-0.0001
2025032718,-0.0001
2025032718,-0.0001
2025032719,-0.0001
2025032719,-0.0001
2025032719,-0.0001
2025032719,-0.0001
2025032720,-0.0001
2025032720,-0.0001
2025032720,-0.0001
2025032720,-0.0001
2025032721,-0.0001
2025032721,-0.0001
2025032721,-0.0001
2025032721,-0.0001
2025032722,-0.0001
2025032722,-0.0001
2025032722,-0.0001
2025032722,-0.0001
2025032723,-0.0001
2025032723,-0.0001
2025032723,-0.0001
2025032723,-0.0001
2025032800,0.0
2025032800,0.0
2025032800,0.0
2025032800,0.0
2025032801,1.96
2025032801,1.96
2025032801,1.96
2025032801,1.96
2025032802,0.05
2025032802,0.05
2025032802,0.05
2025032802,0.05
2025032803,0.01
2025032803,0.01
2025032803,0.01
2025032803,0.01
2025032804,0.0
2025032804,0.0
2025032804,0.0
2025032804,0.0
2025032805,0.25
2025032805,0.25
2025032805,0.25
2025032805,0.25
2025032806,18.12
2025032806,18.12
2025032806,18.12
2025032806,18.12
2025032807,0.38
2025032807,0.38
2025032807,0.38
2025032807,0.38
2025032808,0.0
2025032808,0.0
2025032808,0.0
2025032808,0.0
2025032809,103.38
2025032809,103.38
2025032809,103.38
2025032809,103.38
2025032810,79.74
2025032810,79.74
2025032810,79.74
2025032810,79.74
2025032811,14.12
2025032811,14.12
2025032811,14.12
2025032811,14.12
2025032812,0.45
2025032812,0.45
2025032812,0.45
2025032812,0.45
2025032813,0.0
2025032813,0.0
2025032813,0.0
2025032813,0.0
2025032814,-0.0001
2025032814,-0.0001
2025032814,-0.0001
2025032814,-0.0001
2025032815,-0.0001
2025032815,-0.0001
2025032815,-0.0001
2025032815,-0.0001
2025032816,-0.0001
2025032816,-0.0001
2025032816,-0.0001
2025032816,-0.0001
2025032817,-0.0001
2025032817,-0.0001
2025032817,-0.0001
2025032817,-0.0001
2025032818,-0.0001
2025032818,-0.0001
2025032818,-0.0001
2025032818,-0.0001
2025032819,-0.0001
2025032819,-0.0001
2025032819,-0.0001
2025032819,-0.0001
2025032820,-0.0001
2025032820,-0.0001
2025032820,-0.0001
2025032820,-0.0001
2025032821,-0.0001
2025032821,-0.0001
2025032821,-0.0001
2025032821,-0.0001
2025032822,-0.0001
2025032822,-0.0001
2025032822,-0.0001
2025032822,-0.0001
2025032823,-0.0001
2025032823,-0.0001
2025032823,-0.0001
2025032823,-0.0001
2025032900,-0.0001
2025032900,-0.0001
2025032900,-0.0001
2025032900,-0.0001
2025032901,0.0
2025032901,0.0
2025032901,0.0
2025032901,0.0
2025032902,0.02
2025032902,0.02
2025032902,0.02
2025032902,0.02
2025032903,37.89
2025032903,37.89
2025032903,37.89
2025032903,37.89
2025032904,108.82
2025032904,108.82
2025032904,108.82
2025032904,108.82
2025032905,164.36
2025032905,164.36
2025032905,164.36
2025032905,164.36
2025032906,87.2
2025032906,87.2
2025032906,87.2
2025032906,87.2
2025032907,23.02
2025032907,23.02
2025032907,23.02
2025032907,23.02
2025032908,0.0
2025032908,0.0
2025032908,0.0
2025032908,0.0
2025032909,4.3
2025032909,4.3
2025032909,4.3
2025032909,4.3
2025032910,0.92
2025032910,0.92
2025032910,0.92
2025032910,0.92
2025032911,0.0
2025032911,0.0
2025032911,0.0
2025032911,0.0
2025032912,-0.0001
2025032912,-0.0001
2025032912,-0.0001
2025032912,-0.0001
2025032913,-0.0001
2025032913,-0.0001
2025032913,-0.0001
2025032913,-0.0001
2025032914,-0.0001
2025032914,-0.0001
2025032914,-0.0001
2025032914,-0.0001
2025032915,-0.0001
2025032915,-0.0001
2025032915,-0.0001
2025032915,-0.0001
2025032916,-0.0001
2025032916,-0.0001
2025032916,-0.0001
2025032916,-0.0001
2025032917,-0.0001
2025032917,-0.0001
2025032917,-0.0001
2025032917,-0.0001
2025032918,-0.0001
2025032918,-0.0001
2025032918,-0.0001
2025032918,-0.0001
2025032919,-0.0001
2025032919,-0.0001
2025032919,-0.0001
2025032919,-0.0001
2025032920,-0.0001
2025032920,-0.0001
2025032920,-0.0001
2025032920,-0.0001
2025032921,-0.0001
2025032921,-0.0001
2025032921,-0.0001
2025032921,-0.0001
2025032922,-0.0001
2025032922,-0.0001
2025032922,-0.0001
2025032922,-0.0001
2025032923,-0.0001
2025032923,-0.0001
2025032923,-0.0001
2025032923,-0.0001
2025033000,0.0
2025033000,0.0
2025033000,0.0
2025033000,0.0
2025033001,0.24
2025033001,0.24
2025033001,0.24
2025033001,0.24
2025033002,4.27
2025033002,4.27
2025033002,4.27
2025033002,4.27
2025033003,0.0
2025033003,0.0
2025033003,0.0
2025033003,0.0
2025033004,14.49
2025033004,14.49
2025033004,14.49
2025033004,14.49
2025033005,15.04
2025033005,15.04
2025033005,15.04
2025033005,15.04
2025033006,1.61
2025033006,1.61
2025033006,1.61
2025033006,1.61
2025033007,0.0
2025033007,0.0
2025033007,0.0
2025033007,0.0
2025033008,-0.0001
2025033008,-0.0001
2025033008,-0.0001
2025033008,-0.0001
2025033009,-0.0001
2025033009,-0.0001
2025033009,-0.0001
2025033009,-0.0001
2025033010,-0.0001
2025033010,-0.0001
2025033010,-0.0001
2025033010,-0.0001
2025033011,-0.0001
2025033011,-0.0001
2025033011,-0.0001
2025033011,-0.0001
2025033012,-0.0001
2025033012,-0.0001
2025033012,-0.0001
2025033012,-0.0001
2025033013,-0.0001
2025033013,-0.0001
2025033013,-0.0001
2025033013,-0.0001
2025033014,-0.0001
2025033014,-0.0001
2025033014,-0.0001
2025033014,-0.0001
2025033015,-0.0001
2025033015,-0.0001
2025033015,-0.0001
2025033015,-0.0001
2025033016,-0.0001
2025033016,-0.0001
2025033016,-0.0001
2025033016,-0.0001
2025033017,-0.0001
2025033017,-0.0001
2025033017,-0.0001
2025033017,-0.0001
2025033018,-0.0001
2025033018,-0.0001
2025033018,-0.0001
2025033018,-0.0001
2025033019,-0.0001
2025033019,-0.0001
2025033019,-0.0001
2025033019,-0.0001
2025033020,-0.0001
2025033020,-0.0001
2025033020,-0.0001
2025033020,-0.0001
2025033021,-0.0001
2025033021,-0.0001
2025033021,-0.0001
2025033021,-0.0001
2025033022,-0.0001
2025033022,-0.0001
2025033022,-0.0001
2025033022,-0.0001
2025033023,-0.0001
2025033023,-0.0001
2025033023,-0.0001
2025033023,-0.0001
2025033100,0.0
2025033100,0.0
2025033100,0.0
2025033100,0.0
2025033101,7.09
2025033101,7.09
2025033101,7.09
2025033101,7.09
2025033102,53.95
2025033102,53.95
2025033102,53.95
2025033102,53.95
2025033103,123.53
2025033103,123.53
2025033103,123.53
2025033103,123.53
2025033104,180.42
2025033104,180.42
2025033104,180.42
2025033104,180.42
2025033105,216.76
2025033105,216.76
2025033105,216.76
2025033105,216.76
2025033106,218.19
2025033106,218.19
2025033106,218.19
2025033106,218.19
2025033107,199.76
2025033107,199.76
2025033107,199.76
2025033107,199.76
2025033108,160.54
2025033108,160.54
2025033108,160.54
2025033108,160.54
2025033109,178.08
2025033109,178.08
2025033109,178.08
2025033109,178.08
2025033110,135.42
2025033110,135.42
2025033110,135.42
2025033110,135.42
2025033111,91.18
2025033111,91.18
2025033111,91.18
2025033111,91.18
2025033112,35.97
2025033112,35.97
2025033112,35.97
2025033112,35.97
2025033113,6.52
2025033113,6.52
2025033113,6.52
2025033113,6.52
2025033114,0.0
2025033114,0.0
2025033114,0.0
2025033114,0.0
2025033115,-0.0001
2025033115,-0.0001
2025033115,-0.0001
2025033115,-0.0001
2025033116,-0.0001
2025033116,-0.0001
2025033116,-0.0001
2025033116,-0.0001
2025033117,-0.0001
2025033117,-0.0001
2025033117,-0.0001
2025033117,-0.0001
2025033118,-0.0001
2025033118,-0.0001
2025033118,-0.0001
2025033118,-0.0001
2025033119,-0.0001
2025033119,-0.0001
2025033119,-0.0001
2025033119,-0.0001
2025033120,-0.0001
2025033120,-0.0001
2025033120,-0.0001
2025033120,-0.0001
2025033121,-0.0001
2025033121,-0.0001
2025033121,-0.0001
2025033121,-0.0001
2025033122,-0.0001
2025033122,-0.0001
2025033122,-0.0001
2025033122,-0.0001
2025033123,-0.0001
2025033123,-0.0001
2025033123,-0.0001
2025033123,-0.0001
2025040100,0.0
2025040100,0.0
2025040100,0.0
2025040100,0.0
2025040101,9.45
2025040101,9.45
2025040101,9.45
2025040101,9.45
2025040102,56.51
2025040102,56.51
2025040102,56.51
2025040102,56.51
2025040103,123.69
2025040103,123.69
2025040103,123.69
2025040103,123.69
2025040104,173.51
2025040104,173.51
2025040104,173.51
2025040104,173.51
2025040105,212.7
2025040105,212.7
2025040105,212.7
2025040105,212.7
2025040106,9.53
2025040106,9.53
2025040106,9.53
2025040106,9.53
2025040107,0.0
2025040107,0.0
2025040107,0.0
2025040107,0.0
2025040108,1.16
2025040108,1.16
2025040108,1.16
2025040108,1.16
2025040109,198.26
2025040109,198.26
2025040109,198.26
2025040109,198.26
2025040110,123.36
2025040110,123.36
2025040110,123.36
2025040110,123.36
2025040111,67.69
2025040111,67.69
2025040111,67.69
2025040111,67.69
2025040112,25.63
2025040112,25.63
2025040112,25.63
2025040112,25.63
2025040113,1.14
2025040113,1.14
2025040113,1.14
2025040113,1.14
2025040114,0.0
2025040114,0.0
2025040114,0.0
2025040114,0.0
2025040115,-0.0001
2025040115,-0.0001
2025040115,-0.0001
2025040115,-0.0001
2025040116,-0.0001
2025040116,-0.0001
2025040116,-0.0001
2025040116,-0.0001
2025040117,-0.0001
2025040117,-0.0001
2025040117,-0.0001
2025040117,-0.0001
2025040118,-0.0001
2025040118,-0.0001
2025040118,-0.0001
2025040118,-0.0001
2025040119,-0.0001
2025040119,-0.0001
2025040119,-0.0001
2025040119,-0.0001
2025040120,-0.0001
2025040120,-0.0001
2025040120,-0.0001
2025040120,-0.0001
2025040121,-0.0001
2025040121,-0.0001
2025040121,-0.0001
2025040121,-0.0001
2025040122,-0.0001
2025040122,-0.0001
2025040122,-0.0001
2025040122,-0.0001
2025040123,-0.0001
2025040123,-0.0001
2025040123,-0.0001
2025040123,-0.0001
2025040200,0.0
2025040200,0.0
2025040200,0.0
2025040200,0.0
2025040201,2.14
2025040201,2.14
2025040201,2.14
2025040201,2.14
2025040202,46.9
2025040202,46.9
2025040202,46.9
2025040202,46.9
2025040203,111.13
2025040203,111.13
2025040203,111.13
2025040203,111.13
2025040204,164.21
2025040204,164.21
2025040204,164.21
2025040204,164.21
2025040205,32.16
2025040205,32.16
2025040205,32.16
2025040205,32.16
2025040206,0.38
2025040206,0.38
2025040206,0.38
2025040206,0.38
2025040207,0.0
2025040207,0.0
2025040207,0.0
2025040207,0.0
2025040208,0.3
2025040208,0.3
2025040208,0.3
2025040208,0.3
2025040209,80.9
2025040209,80.9
2025040209,80.9
2025040209,80.9
2025040210,30.05
2025040210,30.05
2025040210,30.05
2025040210,30.05
2025040211,0.86
2025040211,0.86
2025040211,0.86
2025040211,0.86
2025040212,0.0
2025040212,0.0
2025040212,0.0
2025040212,0.0
2025040213,-0.0001
2025040213,-0.0001
2025040213,-0.0001
2025040213,-0.0001
2025040214,-0.0001
2025040214,-0.0001
2025040214,-0.0001
2025040214,-0.0001
2025040215,-0.0001
2025040215,-0.0001
2025040215,-0.0001
2025040215,-0.0001
2025040216,-0.0001
2025040216,-0.0001
2025040216,-0.0001
2025040216,-0.0001
2025040217,-0.0001
2025040217,-0.0001
2025040217,-0.0001
2025040217,-0.0001
2025040218,-0.0001
2025040218,-0.0001
2025040218,-0.0001
2025040218,-0.0001
2025040219,-0.0001
2025040219,-0.0001
2025040219,-0.0001
2025040219,-0.0001
2025040220,-0.0001
2025040220,-0.0001
2025040220,-0.0001
2025040220,-0.0001
2025040221,-0.0001
2025040221,-0.0001
2025040221,-0.0001
2025040221,-0.0001
2025040222,-0.0001
2025040222,-0.0001
2025040222,-0.0001
2025040222,-0.0001
2025040223,-0.0001
2025040223,-0.0001
2025040223,-0.0001
2025040223,-0.0001
2025040300,0.0
2025040300,0.0
2025040300,0.0
2025040300,0.0
2025040301,2.39
2025040301,2.39
2025040301,2.39
2025040301,2.39
2025040302,51.05
2025040302,51.05
2025040302,51.05
2025040302,51.05
2025040303,114.88
2025040303,114.88
2025040303,114.88
2025040303,114.88
2025040304,169.21
2025040304,169.21
2025040304,169.21
2025040304,169.21
2025040305,8.98
2025040305,8.98
2025040305,8.98
2025040305,8.98
2025040306,0.0
2025040306,0.0
2025040306,0.0
2025040306,0.0
2025040307,15.77
2025040307,15.77
2025040307,15.77
2025040307,15.77
2025040308,152.57
2025040308,152.57
2025040308,152.57
2025040308,152.57
2025040309,83.44
2025040309,83.44
2025040309,83.44
2025040309,83.44
2025040310,39.53
2025040310,39.53
2025040310,39.53
2025040310,39.53
2025040311,1.67
2025040311,1.67
2025040311,1.67
2025040311,1.67
2025040312,0.0
2025040312,0.0
2025040312,0.0
2025040312,0.0
2025040313,-0.0001
2025040313,-0.0001
2025040313,-0.0001
2025040313,-0.0001
2025040314,-0.0001
2025040314,-0.0001
2025040314,-0.0001
2025040314,-0.0001
2025040315,-0.0001
2025040315,-0.0001
2025040315,-0.0001
2025040315,-0.0001
2025040316,-0.0001
2025040316,-0.0001
2025040316,-0.0001
2025040316,-0.0001
2025040317,-0.0001
2025040317,-0.0001
2025040317,-0.0001
2025040317,-0.0001
2025040318,-0.0001
2025040318,-0.0001
2025040318,-0.0001
2025040318,-0.0001
2025040319,-0.0001
2025040319,-0.0001
2025040319,-0.0001
2025040319,-0.0001
2025040320,-0.0001
2025040320,-0.0001
2025040320,-0.0001
2025040320,-0.0001
2025040321,-0.0001
2025040321,-0.0001
2025040321,-0.0001
2025040321,-0.0001
2025040322,-0.0001
2025040322,-0.0001
2025040322,-0.0001
2025040322,-0.0001
2025040323,-0.0001
2025040323,-0.0001
2025040323,-0.0001
2025040323,-0.0001
2025040400,0.0
2025040400,0.0
2025040400,0.0
2025040400,0.0
2025040401,11.35
2025040401,11.35
2025040401,11.35
2025040401,11.35
2025040402,59.45
2025040402,59.45
2025040402,59.45
2025040402,59.45
2025040403,57.95
2025040403,57.95
2025040403,57.95
2025040403,57.95
2025040404,88.02
2025040404,88.02
2025040404,88.02
2025040404,88.02
2025040405,208.54
2025040405,208.54
2025040405,208.54
2025040405,208.54
2025040406,32.27
2025040406,32.27
2025040406,32.27
2025040406,32.27
2025040407,0.79
2025040407,0.79
2025040407,0.79
2025040407,0.79
2025040408,0.0
2025040408,0.0
2025040408,0.0
2025040408,0.0
2025040409,47.56
2025040409,47.56
2025040409,47.56
2025040409,47.56
2025040410,44.88
2025040410,44.88
2025040410,44.88
2025040410,44.88
2025040411,40.96
2025040411,40.96
2025040411,40.96
2025040411,40.96
2025040412,7.25
2025040412,7.25
2025040412,7.25
2025040412,7.25
2025040413,0.0
2025040413,0.0
2025040413,0.0
2025040413,0.0
2025040414,-0.0001
2025040414,-0.0001
2025040414,-0.0001
2025040414,-0.0001
2025040415,-0.0001
2025040415,-0.0001
2025040415,-0.0001
2025040415,-0.0001
2025040416,-0.0001
2025040416,-0.0001
2025040416,-0.0001
2025040416,-0.0001
2025040417,-0.0001
2025040417,-0.0001
2025040417,-0.0001
2025040417,-0.0001
2025040418,-0.0001
2025040418,-0.0001
2025040418,-0.0001
2025040418,-0.0001
2025040419,-0.0001
2025040419,-0.0001
2025040419,-0.0001
2025040419,-0.0001
2025040420,-0.0001
2025040420,-0.0001
2025040420,-0.0001
2025040420,-0.0001
2025040421,-0.0001
2025040421,-0.0001
2025040421,-0.0001
2025040421,-0.0001
2025040422,-0.0001
2025040422,-0.0001
2025040422,-0.0001
2025040422,-0.0001
2025040423,-0.0001
2025040423,-0.0001
2025040423,-0.0001
2025040423,-0.0001
2025040500,0.0
2025040500,0.0
2025040500,0.0
2025040500,0.0
2025040501,9.67
2025040501,9.67
2025040501,9.67
2025040501,9.67
2025040502,43.67
2025040502,43.67
2025040502,43.67
2025040502,43.67
2025040503,62.56
2025040503,62.56
2025040503,62.56
2025040503,62.56
2025040504,0.0
2025040504,0.0
2025040504,0.0
2025040504,0.0
2025040505,26.29
2025040505,26.29
2025040505,26.29
2025040505,26.29
2025040506,2.81
2025040506,2.81
2025040506,2.81
2025040506,2.81
2025040507,0.0
2025040507,0.0
2025040507,0.0
2025040507,0.0
2025040508,-0.0001
2025040508,-0.0001
2025040508,-0.0001
2025040508,-0.0001
2025040509,-0.0001
2025040509,-0.0001
2025040509,-0.0001
2025040509,-0.0001
2025040510,-0.0001
2025040510,-0.0001
2025040510,-0.0001
2025040510,-0.0001
2025040511,-0.0001
2025040511,-0.0001
2025040511,-0.0001
2025040511,-0.0001
2025040512,-0.0001
2025040512,-0.0001
2025040512,-0.0001
2025040512,-0.0001
2025040513,-0.0001
2025040513,-0.0001
2025040513,-0.0001
2025040513,-0.0001
2025040514,-0.0001
2025040514,-0.0001
2025040514,-0.0001
2025040514,-0.0001
2025040515,-0.0001
2025040515,-0.0001
2025040515,-0.0001
2025040515,-0.0001
2025040516,-0.0001
2025040516,-0.0001
2025040516,-0.0001
2025040516,-0.0001
2025040517,-0.0001
2025040517,-0.0001
2025040517,-0.0001
2025040517,-0.0001
2025040518,-0.0001
2025040518,-0.0001
2025040518,-0.0001
2025040518,-0.0001
2025040519,-0.0001
2025040519,-0.0001
2025040519,-0.0001
2025040519,-0.0001
2025040520,-0.0001
2025040520,-0.0001
2025040520,-0.0001
2025040520,-0.0001
2025040521,-0.0001
2025040521,-0.0001
2025040521,-0.0001
2025040521,-0.0001
2025040522,-0.0001
2025040522,-0.0001
2025040522,-0.0001
2025040522,-0.0001
2025040523,-0.0001
2025040523,-0.0001
2025040523,-0.0001
2025040523,-0.0001
2025040600,0.0
2025040600,0.0
2025040600,0.0
2025040600,0.0
2025040601,0.04
2025040601,0.04
2025040601,0.04
2025040601,0.04
2025040602,15.71
2025040602,15.71
2025040602,15.71
2025040602,15.71
2025040603,63.34
2025040603,63.34
2025040603,63.34
2025040603,63.34
2025040604,40.29
2025040604,40.29
2025040604,40.29
2025040604,40.29
2025040605,18.17
2025040605,18.17
2025040605,18.17
2025040605,18.17
2025040606,0.78
2025040606,0.78
2025040606,0.78
2025040606,0.78
2025040607,0.0
2025040607,0.0
2025040607,0.0
2025040607,0.0
2025040608,19.31
2025040608,19.31
2025040608,19.31
2025040608,19.31
2025040609,0.14
2025040609,0.14
2025040609,0.14
2025040609,0.14
2025040610,0.0
2025040610,0.0
2025040610,0.0
2025040610,0.0
2025040611,5.04
2025040611,5.04
2025040611,5.04
2025040611,5.04
2025040612,47.94
2025040612,47.94
2025040612,47.94
2025040612,47.94
2025040613,32.63
2025040613,32.63
2025040613,32.63
2025040613,32.63
2025040614,8.39
2025040614,8.39
2025040614,8.39
2025040614,8.39
2025040615,0.0
2025040615,0.0
2025040615,0.0
2025040615,0.0
2025040616,-0.0001
2025040616,-0.0001
2025040616,-0.0001
2025040616,-0.0001
2025040617,-0.0001
2025040617,-0.0001
2025040617,-0.0001
2025040617,-0.0001
2025040618,-0.0001
2025040618,-0.0001
2025040618,-0.0001
2025040618,-0.0001
2025040619,-0.0001
2025040619,-0.0001
2025040619,-0.0001
2025040619,-0.0001
2025040620,-0.0001
2025040620,-0.0001
2025040620,-0.0001
2025040620,-0.0001
2025040621,-0.0001
2025040621,-0.0001
2025040621,-0.0001
2025040621,-0.0001
2025040622,-0.0001
2025040622,-0.0001
2025040622,-0.0001
2025040622,-0.0001
2025040623,-0.0001
2025040623,-0.0001
2025040623,-0.0001
2025040623,-0.0001
2025040700,0.0
2025040700,0.0
2025040700,0.0
2025040700,0.0
2025040701,0.23
2025040701,0.23
2025040701,0.23
2025040701,0.23
2025040702,16.78
2025040702,16.78
2025040702,16.78
2025040702,16.78
2025040703,63.4
2025040703,63.4
2025040703,63.4
2025040703,63.4
2025040704,109.15
2025040704,109.15
2025040704,109.15
2025040704,109.15
2025040705,86.99
2025040705,86.99
2025040705,86.99
2025040705,86.99
2025040706,105.76
2025040706,105.76
2025040706,105.76
2025040706,105.76
2025040707,71.58
2025040707,71.58
2025040707,71.58
2025040707,71.58
2025040708,9.7
2025040708,9.7
2025040708,9.7
2025040708,9.7
2025040709,1.82
2025040709,1.82
2025040709,1.82
2025040709,1.82
2025040710,146.25
2025040710,146.25
2025040710,146.25
2025040710,146.25
2025040711,161.35
2025040711,161.35
2025040711,161.35
2025040711,161.35
2025040712,113.14
2025040712,113.14
2025040712,113.14
2025040712,113.14
2025040713,50.12
2025040713,50.12
2025040713,50.12
2025040713,50.12
2025040714,9.23
2025040714,9.23
2025040714,9.23
2025040714,9.23
2025040715,0.0
2025040715,0.0
2025040715,0.0
2025040715,0.0
2025040716,-0.0001
2025040716,-0.0001
2025040716,-0.0001
2025040716,-0.0001
2025040717,-0.0001
2025040717,-0.0001
2025040717,-0.0001
2025040717,-0.0001
2025040718,-0.0001
2025040718,-0.0001
2025040718,-0.0001
2025040718,-0.0001
2025040719,-0.0001
2025040719,-0.0001
2025040719,-0.0001
2025040719,-0.0001
2025040720,-0.0001
2025040720,-0.0001
2025040720,-0.0001
2025040720,-0.0001
2025040721,-0.0001
2025040721,-0.0001
2025040721,-0.0001
2025040721,-0.0001
2025040722,-0.0001
2025040722,-0.0001
2025040722,-0.0001
2025040722,-0.0001
2025040723,-0.0001
2025040723,-0.0001
2025040723,-0.0001
2025040723,-0.0001
2025040800,0.0
2025040800,-0.0001
2025040800,-0.0001
2025040800,-0.0001
2025040801,-0.0001
2025040801,-0.0001
2025040801,-0.0001
2025040801,-0.0001
2025040802,-0.0001
2025040802,-0.0001
2025040802,-0.0001
2025040802,-0.0001
2025040803,-0.0001
2025040803,-0.0001
2025040803,-0.0001
2025040803,-0.0001
2025040804,-0.0001
2025040804,-0.0001
2025040804,-0.0001
2025040804,-0.0001
2025040805,-0.0001
2025040805,-0.0001
2025040805,-0.0001
2025040805,-0.0001
2025040806,-0.0001
2025040806,-0.0001
2025040806,-0.0001
2025040806,-0.0001
2025040807,-0.0001
2025040807,-0.0001
2025040807,-0.0001
2025040807,-0.0001
2025040808,-0.0001
2025040808,-0.0001
2025040808,-0.0001
2025040808,-0.0001
2025040809,-0.0001
2025040809,-0.0001
2025040809,-0.0001
2025040809,-0.0001
2025040810,-0.0001
2025040810,-0.0001
2025040810,-0.0001
2025040810,-0.0001
2025040811,-0.0001
2025040811,-0.0001
2025040811,-0.0001
2025040811,-0.0001
2025040812,-0.0001
2025040812,-0.0001
2025040812,-0.0001
2025040812,-0.0001
2025040813,-0.0001
2025040813,-0.0001
2025040813,-0.0001
2025040813,-0.0001
2025040814,-0.0001
2025040814,-0.0001
2025040814,-0.0001
2025040814,-0.0001
2025040815,-0.0001
2025040815,-0.0001
2025040815,-0.0001
2025040815,-0.0001
2025040816,-0.0001
2025040816,-0.0001
2025040816,-0.0001
2025040816,-0.0001
2025040817,-0.0001
2025040817,-0.0001
2025040817,-0.0001
2025040817,-0.0001
2025040818,-0.0001
2025040818,-0.0001
2025040818,-0.0001
2025040818,-0.0001
2025040819,-0.0001
2025040819,-0.0001
2025040819,-0.0001
2025040819,-0.0001
2025040820,-0.0001
2025040820,-0.0001
2025040820,-0.0001
2025040820,-0.0001
2025040821,-0.0001
2025040821,-0.0001
2025040821,-0.0001
2025040821,-0.0001
2025040822,-0.0001
2025040822,-0.0001
2025040822,-0.0001
2025040822,-0.0001
2025040823,-0.0001
2025040823,-0.0001
2025040823,-0.0001
2025040823,-0.0001
2025040900,0.0
2025040900,-0.0001
2025040900,-0.0001
2025040900,-0.0001
2025040901,-0.0001
2025040901,-0.0001
2025040901,-0.0001
2025040901,-0.0001
2025040902,-0.0001
2025040902,-0.0001
2025040902,-0.0001
2025040902,-0.0001
2025040903,-0.0001
2025040903,-0.0001
2025040903,-0.0001
2025040903,-0.0001
2025040904,-0.0001
2025040904,-0.0001
2025040904,-0.0001
2025040904,-0.0001
2025040905,0.03
2025040905,-0.0001
2025040905,-0.0001
2025040905,-0.0001
2025040906,5.7025
2025040906,-0.0001
2025040906,-0.0001
2025040906,-0.0001
2025040907,14.3025
2025040907,-0.0001
2025040907,-0.0001
2025040907,-0.0001
2025040908,21.68
2025040908,-0.0001
2025040908,-0.0001
2025040908,-0.0001
2025040909,47.92
2025040909,-0.0001
2025040909,-0.0001
2025040909,-0.0001
2025040910,78.47
2025040910,-0.0001
2025040910,-0.0001
2025040910,-0.0001
2025040911,144.7175
2025040911,-0.0001
2025040911,-0.0001
2025040911,-0.0001
2025040912,164.9775
2025040912,-0.0001
2025040912,-0.0001
2025040912,-0.0001
2025040913,151.0075
2025040913,-0.0001
2025040913,-0.0001
2025040913,-0.0001
2025040914,97.435
2025040914,-0.0001
2025040914,-0.0001
2025040914,-0.0001
2025040915,86.92
2025040915,-0.0001
2025040915,-0.0001
2025040915,-0.0001
2025040916,40.6175
2025040916,-0.0001
2025040916,-0.0001
2025040916,-0.0001
2025040917,5.725
2025040917,-0.0001
2025040917,-0.0001
2025040917,-0.0001
2025040918,0.0
2025040918,-0.0001
2025040918,-0.0001
2025040918,-0.0001
2025040919,-0.0001
2025040919,-0.0001
2025040919,-0.0001
2025040919,-0.0001
2025040920,-0.0001
2025040920,-0.0001
2025040920,-0.0001
2025040920,-0.0001
2025040921,-0.0001
2025040921,-0.0001
2025040921,-0.0001
2025040921,-0.0001
2025040922,-0.0001
2025040922,-0.0001
2025040922,-0.0001
2025040922,-0.0001
2025040923,-0.0001
2025040923,-0.0001
2025040923,-0.0001
2025040923,-0.0001
2025041000,0.0
2025041000,-0.0001
2025041000,-0.0001
2025041000,-0.0001
2025041001,-0.0001
2025041001,-0.0001
2025041001,-0.0001
2025041001,-0.0001
2025041002,-0.0001
2025041002,-0.0001
2025041002,-0.0001
2025041002,-0.0001
2025041003,-0.0001
2025041003,-0.0001
2025041003,-0.0001
2025041003,-0.0001
2025041004,-0.0001
2025041004,-0.0001
2025041004,-0.0001
2025041004,-0.0001
2025041005,-0.0001
2025041005,-0.0001
2025041005,-0.0001
2025041005,-0.0001
2025041006,4.32
2025041006,7.58
2025041006,11.26
2025041006,14.05
2025041007,19.73
2025041007,23.82
2025041007,26.19
2025041007,28.78
2025041008,40.75
2025041008,63.75
2025041008,114.3
2025041008,178.5
2025041009,201.34
2025041009,212.08
2025041009,219.16
2025041009,225.63
2025041010,228.44
2025041010,228.38
2025041010,228.01
2025041010,226.4
2025041011,225.98
2025041011,214.58
2025041011,204.28
2025041011,53.81
2025041012,44.49
2025041012,47.48
2025041012,41.58
2025041012,1.38
2025041013,0.0
2025041013,8.87
2025041013,-0.0001
2025041013,-0.0001
2025041014,127.28
2025041014,161.19
2025041014,146.84
2025041014,117.03
2025041015,60.1
2025041015,59.19
2025041015,59.14
2025041015,56.19
2025041016,2.74
2025041016,0.0
2025041016,-0.0001
2025041016,-0.0001
2025041017,5.39
2025041017,0.0
2025041017,-0.0001
2025041017,-0.0001
2025041018,-0.0001
2025041018,-0.0001
2025041018,-0.0001
2025041018,-0.0001
2025041019,-0.0001
2025041019,-0.0001
2025041019,-0.0001
2025041019,-0.0001
2025041020,-0.0001
2025041020,-0.0001
2025041020,-0.0001
2025041020,-0.0001
2025041021,-0.0001
2025041021,-0.0001
2025041021,-0.0001
2025041021,-0.0001
2025041022,-0.0001
2025041022,-0.0001
2025041022,-0.0001
2025041022,-0.0001
2025041023,-0.0001
2025041023,-0.0001
2025041023,-0.0001
2025041023,-0.0001
2025041100,0.0
2025041100,-0.0001
2025041100,-0.0001
2025041100,-0.0001
2025041101,-0.0001
2025041101,-0.0001
2025041101,-0.0001
2025041101,-0.0001
2025041102,-0.0001
2025041102,-0.0001
2025041102,-0.0001
2025041102,-0.0001
2025041103,-0.0001
2025041103,-0.0001
2025041103,-0.0001
2025041103,-0.0001
2025041104,-0.0001
2025041104,-0.0001
2025041104,-0.0001
2025041104,-0.0001
2025041105,0.54
2025041105,-0.0001
2025041105,-0.0001
2025041105,-0.0001
2025041106,4.85
2025041106,11.62
2025041106,16.0
2025041106,23.69
2025041107,50.17
2025041107,54.99
2025041107,62.11
2025041107,105.17
2025041108,134.55
2025041108,152.45
2025041108,153.72
2025041108,116.87
2025041109,14.52
2025041109,9.79
2025041109,9.84
2025041109,-0.0001
2025041110,0.25
2025041110,0.0
2025041110,-0.0001
2025041110,-0.0001
2025041111,-0.0001
2025041111,-0.0001
2025041111,-0.0001
2025041111,-0.0001
2025041112,-0.0001
2025041112,-0.0001
2025041112,-0.0001
2025041112,-0.0001
2025041113,-0.0001
2025041113,-0.0001
2025041113,-0.0001
2025041113,-0.0001
2025041114,8.38
2025041114,9.62
2025041114,24.09
2025041114,10.28
2025041115,26.56
2025041115,18.93
2025041115,12.04
2025041115,9.81
2025041116,5.97
2025041116,4.08
2025041116,2.03
2025041116,0.49
2025041117,0.47
2025041117,0.0
2025041117,-0.0001
2025041117,-0.0001
2025041118,-0.0001
2025041118,-0.0001
2025041118,-0.0001
2025041118,-0.0001
2025041119,-0.0001
2025041119,-0.0001
2025041119,-0.0001
2025041119,-0.0001
2025041120,-0.0001
2025041120,-0.0001
2025041120,-0.0001
2025041120,-0.0001
2025041121,-0.0001
2025041121,-0.0001
2025041121,-0.0001
2025041121,-0.0001
2025041122,-0.0001
2025041122,-0.0001
2025041122,-0.0001
2025041122,-0.0001
2025041123,-0.0001
2025041123,-0.0001
2025041123,-0.0001
2025041123,-0.0001
2025041200,0.0
2025041200,-0.0001
2025041200,-0.0001
2025041200,-0.0001
2025041201,-0.0001
2025041201,-0.0001
2025041201,-0.0001
2025041201,-0.0001
2025041202,-0.0001
2025041202,-0.0001
2025041202,-0.0001
2025041202,-0.0001
2025041203,-0.0001
2025041203,-0.0001
2025041203,-0.0001
2025041203,-0.0001
2025041204,0.92
2025041204,-0.0001
2025041204,-0.0001
2025041204,-0.0001
2025041205,4.31
2025041205,4.89
2025041205,10.23
2025041205,18.15
2025041206,29.82
2025041206,28.29
2025041206,45.14
2025041206,55.0
2025041207,53.38
2025041207,69.69
2025041207,68.58
2025041207,54.67
2025041208,54.47
2025041208,63.16
2025041208,74.3
2025041208,91.56
2025041209,98.52
2025041209,27.58
2025041209,36.09
2025041209,19.58
2025041210,56.22
2025041210,0.0
2025041210,-0.0001
2025041210,-0.0001
2025041211,-0.0001
2025041211,-0.0001
2025041211,-0.0001
2025041211,-0.0001
2025041212,-0.0001
2025041212,-0.0001
2025041212,-0.0001
2025041212,-0.0001
2025041213,-0.0001
2025041213,-0.0001
2025041213,-0.0001
2025041213,-0.0001
2025041214,22.56
2025041214,38.45
2025041214,47.75
2025041214,0.0
2025041215,124.51
2025041215,128.24
2025041215,112.57
2025041215,96.42
2025041216,74.48
2025041216,56.66
2025041216,40.61
2025041216,25.81
2025041217,13.98
2025041217,5.93
2025041217,0.21
2025041217,1.57
2025041218,0.32
2025041218,0.0
2025041218,-0.0001
2025041218,-0.0001
2025041219,-0.0001
2025041219,-0.0001
2025041219,-0.0001
2025041219,-0.0001
2025041220,-0.0001
2025041220,-0.0001
2025041220,-0.0001
2025041220,-0.0001
2025041221,-0.0001
2025041221,-0.0001
2025041221,-0.0001
2025041221,-0.0001
2025041222,-0.0001
2025041222,-0.0001
2025041222,-0.0001
2025041222,-0.0001
2025041223,-0.0001
2025041223,-0.0001
2025041223,-0.0001
2025041223,-0.0001
2025041300,0.0
2025041300,-0.0001
2025041300,-0.0001
2025041300,-0.0001
2025041301,-0.0001
2025041301,-0.0001
2025041301,-0.0001
2025041301,-0.0001
2025041302,-0.0001
2025041302,-0.0001
2025041302,-0.0001
2025041302,-0.0001
2025041303,-0.0001
2025041303,-0.0001
2025041303,-0.0001
2025041303,-0.0001
2025041304,-0.0001
2025041304,-0.0001
2025041304,-0.0001
2025041304,-0.0001
2025041305,4.22
2025041305,13.84
2025041305,33.66
2025041305,-0.0001
2025041306,57.44
2025041306,43.0
2025041306,43.54
2025041306,49.74
2025041307,39.42
2025041307,54.05
2025041307,68.56
2025041307,32.43
2025041308,0.55
2025041308,0.0
2025041308,-0.0001
2025041308,-0.0001
2025041309,10.39
2025041309,10.53
2025041309,10.1
2025041309,11.49
2025041310,11.79
2025041310,11.68
2025041310,11.72
2025041310,11.73
2025041311,11.72
2025041311,12.61
2025041311,11.84
2025041311,11.83
2025041312,10.02
2025041312,6.68
2025041312,2.38
2025041312,0.0
2025041313,4.95
2025041313,8.86
2025041313,9.37
2025041313,9.76
2025041314,9.48
2025041314,10.63
2025041314,12.33
2025041314,33.48
2025041315,75.52
2025041315,93.22
2025041315,35.82
2025041315,51.2
2025041316,34.81
2025041316,17.06
2025041316,20.45
2025041316,19.42
2025041317,14.0
2025041317,7.01
2025041317,1.02
2025041317,0.0
2025041318,-0.0001
2025041318,-0.0001
2025041318,-0.0001
2025041318,-0.0001
2025041319,-0.0001
2025041319,-0.0001
2025041319,-0.0001
2025041319,-0.0001
2025041320,-0.0001
2025041320,-0.0001
2025041320,-0.0001
2025041320,-0.0001
2025041321,-0.0001
2025041321,-0.0001
2025041321,-0.0001
2025041321,-0.0001
2025041322,-0.0001
2025041322,-0.0001
2025041322,-0.0001
2025041322,-0.0001
2025041323,-0.0001
2025041323,-0.0001
2025041323,-0.0001
2025041323,-0.0001
2025041400,0.0
2025041400,-0.0001
2025041400,-0.0001
2025041400,-0.0001
2025041401,-0.0001
2025041401,-0.0001
2025041401,-0.0001
2025041401,-0.0001
2025041402,-0.0001
2025041402,-0.0001
2025041402,-0.0001
2025041402,-0.0001
2025041403,-0.0001
2025041403,-0.0001
2025041403,-0.0001
2025041403,-0.0001
2025041404,0.86
2025041404,-0.0001
2025041404,-0.0001
2025041404,-0.0001
2025041405,6.63
2025041405,10.27
2025041405,9.92
2025041405,6.61
2025041406,6.08
2025041406,10.77
2025041406,12.56
2025041406,30.16
2025041407,63.11
2025041407,66.13
2025041407,35.73
2025041407,39.03
2025041408,24.03
2025041408,13.68
2025041408,10.86
2025041408,38.46
2025041409,39.7
2025041409,38.6
2025041409,34.35
2025041409,71.24
2025041410,36.11
2025041410,54.65
2025041410,55.88
2025041410,74.62
2025041411,89.69
2025041411,42.27
2025041411,68.61
2025041411,75.05
2025041412,66.48
2025041412,136.83
2025041412,123.29
2025041412,170.49
2025041413,197.17
2025041413,206.84
2025041413,211.8
2025041413,207.27
2025041414,185.35
2025041414,141.14
2025041414,147.82
2025041414,139.52
2025041415,137.41
2025041415,126.78
2025041415,102.81
2025041415,90.84
2025041416,72.85
2025041416,55.61
2025041416,39.93
2025041416,19.5
2025041417,14.79
2025041417,3.14
2025041417,0.0
2025041417,-0.0001
2025041418,-0.0001
2025041418,-0.0001
2025041418,-0.0001
2025041418,-0.0001
2025041419,-0.0001
2025041419,-0.0001
2025041419,-0.0001
2025041419,-0.0001
2025041420,-0.0001
2025041420,-0.0001
2025041420,-0.0001
2025041420,-0.0001
2025041421,-0.0001
2025041421,-0.0001
2025041421,-0.0001
2025041421,-0.0001
2025041422,-0.0001
2025041422,-0.0001
2025041422,-0.0001
2025041422,-0.0001
2025041423,-0.0001
2025041423,-0.0001
2025041423,-0.0001
2025041423,-0.0001
2025041500,0.0
2025041500,-0.0001
2025041500,-0.0001
2025041500,-0.0001
2025041501,-0.0001
2025041501,-0.0001
2025041501,-0.0001
2025041501,-0.0001
2025041502,-0.0001
2025041502,-0.0001
2025041502,-0.0001
2025041502,-0.0001
2025041503,-0.0001
2025041503,-0.0001
2025041503,-0.0001
2025041503,-0.0001
2025041504,-0.0001
2025041504,-0.0001
2025041504,-0.0001
2025041504,-0.0001
2025041505,0.24
2025041505,9.6
2025041505,34.35
2025041505,-0.0001
2025041506,52.96
2025041506,53.29
2025041506,53.31
2025041506,73.82
2025041507,53.5
2025041507,117.39
2025041507,133.09
2025041507,145.06
2025041508,92.8
2025041508,90.25
2025041508,95.29
2025041508,-0.0001
2025041509,8.62
2025041509,0.0
2025041509,-0.0001
2025041509,-0.0001
2025041510,-0.0001
2025041510,-0.0001
2025041510,-0.0001
2025041510,-0.0001
2025041511,-0.0001
2025041511,-0.0001
2025041511,-0.0001
2025041511,-0.0001
2025041512,0.3
2025041512,0.0
2025041512,-0.0001
2025041512,-0.0001
2025041513,56.92
2025041513,88.76
2025041513,90.78
2025041513,90.77
2025041514,7.34
2025041514,0.0
2025041514,-0.0001
2025041514,-0.0001
2025041515,-0.0001
2025041515,-0.0001
2025041515,-0.0001
2025041515,-0.0001
2025041516,64.38
2025041516,53.78
2025041516,30.66
2025041516,16.9
2025041517,12.92
2025041517,2.11
2025041517,0.74
2025041517,0.0
2025041518,-0.0001
2025041518,-0.0001
2025041518,-0.0001
2025041518,-0.0001
2025041519,-0.0001
2025041519,-0.0001
2025041519,-0.0001
2025041519,-0.0001
2025041520,-0.0001
2025041520,-0.0001
2025041520,-0.0001
2025041520,-0.0001
2025041521,-0.0001
2025041521,-0.0001
2025041521,-0.0001
2025041521,-0.0001
2025041522,-0.0001
2025041522,-0.0001
2025041522,-0.0001
2025041522,-0.0001
2025041523,-0.0001
2025041523,-0.0001
2025041523,-0.0001
2025041523,-0.0001
2025041600,0.0
2025041600,-0.0001
2025041600,-0.0001
2025041600,-0.0001
2025041601,-0.0001
2025041601,-0.0001
2025041601,-0.0001
2025041601,-0.0001
2025041602,-0.0001
2025041602,-0.0001
2025041602,-0.0001
2025041602,-0.0001
2025041603,-0.0001
2025041603,-0.0001
2025041603,-0.0001
2025041603,-0.0001
2025041604,-0.0001
2025041604,-0.0001
2025041604,-0.0001
2025041604,-0.0001
2025041605,5.0
2025041605,24.64
2025041605,-0.0001
2025041605,-0.0001
2025041606,17.42
2025041606,19.68
2025041606,16.06
2025041606,21.46
2025041607,23.97
2025041607,17.98
2025041607,16.43
2025041607,19.04
2025041608,26.05
2025041608,36.64
2025041608,53.28
2025041608,92.53
2025041609,128.12
2025041609,156.59
2025041609,141.36
2025041609,218.58
2025041610,218.72
2025041610,218.35
2025041610,210.35
2025041610,178.6
2025041611,179.79
2025041611,210.25
2025041611,171.38
2025041611,207.28
2025041612,176.87
2025041612,215.92
2025041612,201.1
2025041612,188.4
2025041613,185.83
2025041613,136.67
2025041613,197.13
2025041613,178.07
2025041614,166.31
2025041614,153.57
2025041614,147.63
2025041614,134.07
2025041615,114.04
2025041615,115.26
2025041615,97.04
2025041615,76.53
2025041616,59.6
2025041616,46.83
2025041616,35.3
2025041616,11.46
2025041617,0.0
2025041617,0.27
2025041617,0.0
2025041617,-0.0001
2025041618,-0.0001
2025041618,-0.0001
2025041618,-0.0001
2025041618,-0.0001
2025041619,-0.0001
2025041619,-0.0001
2025041619,-0.0001
2025041619,-0.0001
2025041620,-0.0001
2025041620,-0.0001
2025041620,-0.0001
2025041620,-0.0001
2025041621,-0.0001
2025041621,-0.0001
2025041621,-0.0001
2025041621,-0.0001
2025041622,-0.0001
2025041622,-0.0001
2025041622,-0.0001
2025041622,-0.0001
2025041623,-0.0001
2025041623,-0.0001
2025041623,-0.0001
2025041623,-0.0001
2025041700,0.0
2025041700,-0.0001
2025041700,-0.0001
2025041700,-0.0001
2025041701,-0.0001
2025041701,-0.0001
2025041701,-0.0001
2025041701,-0.0001
2025041702,-0.0001
2025041702,-0.0001
2025041702,-0.0001
2025041702,-0.0001
2025041703,-0.0001
2025041703,-0.0001
2025041703,-0.0001
2025041703,-0.0001
2025041704,-0.0001
2025041704,-0.0001
2025041704,-0.0001
2025041704,-0.0001
2025041705,1.68
2025041705,1.24
2025041705,-0.0001
2025041705,-0.0001
2025041706,4.56
2025041706,1.54
2025041706,9.24
2025041706,18.42
2025041707,18.87
2025041707,12.63
2025041707,14.55
2025041707,6.95
2025041708,8.37
2025041708,21.87
2025041708,27.43
2025041708,31.25
2025041709,17.2
2025041709,17.35
2025041709,20.09
2025041709,30.49
2025041710,34.24
2025041710,28.9
2025041710,18.89
2025041710,18.24
2025041711,19.77
2025041711,25.55
2025041711,26.87
2025041711,24.53
2025041712,18.49
2025041712,20.25
2025041712,26.85
2025041712,35.42
2025041713,30.39
2025041713,19.09
2025041713,15.57
2025041713,14.83
2025041714,12.97
2025041714,11.46
2025041714,13.49
2025041714,15.4
2025041715,8.82
2025041715,11.1
2025041715,12.59
2025041715,10.71
2025041716,14.45
2025041716,7.91
2025041716,6.44
2025041716,4.81
2025041717,0.83
2025041717,0.0
2025041717,-0.0001
2025041717,-0.0001
2025041718,-0.0001
2025041718,-0.0001
2025041718,-0.0001
2025041718,-0.0001
2025041719,-0.0001
2025041719,-0.0001
2025041719,-0.0001
2025041719,-0.0001
2025041720,-0.0001
2025041720,-0.0001
2025041720,-0.0001
2025041720,-0.0001
2025041721,-0.0001
2025041721,-0.0001
2025041721,-0.0001
2025041721,-0.0001
2025041722,-0.0001
2025041722,-0.0001
2025041722,-0.0001
2025041722,-0.0001
2025041723,-0.0001
2025041723,-0.0001
2025041723,-0.0001
2025041723,-0.0001
2025041800,0.0
2025041800,-0.0001
2025041800,-0.0001
2025041800,-0.0001
2025041801,-0.0001
2025041801,-0.0001
2025041801,-0.0001
2025041801,-0.0001
2025041802,-0.0001
2025041802,-0.0001
2025041802,-0.0001
2025041802,-0.0001
2025041803,-0.0001
2025041803,-0.0001
2025041803,-0.0001
2025041803,-0.0001
2025041804,-0.0001
2025041804,-0.0001
2025041804,-0.0001
2025041804,-0.0001
2025041805,1.45
2025041805,5.47
2025041805,17.99
2025041805,26.0
2025041806,22.09
2025041806,17.73
2025041806,21.04
2025041806,30.59
2025041807,28.76
2025041807,19.61
2025041807,14.88
2025041807,22.06
2025041808,17.16
2025041808,17.55
2025041808,13.43
2025041808,29.12
2025041809,36.34
2025041809,37.5
2025041809,32.52
2025041809,17.42
2025041810,17.15
2025041810,13.9
2025041810,9.94
2025041810,8.31
2025041811,17.79
2025041811,16.25
2025041811,29.39
2025041811,54.05
2025041812,35.82
2025041812,48.5
2025041812,73.66
2025041812,66.88
2025041813,51.89
2025041813,63.41
2025041813,62.61
2025041813,50.69
2025041814,47.18
2025041814,41.31
2025041814,40.84
2025041814,35.01
2025041815,60.01
2025041815,54.16
2025041815,42.98
2025041815,45.97
2025041816,37.45
2025041816,24.73
2025041816,20.89
2025041816,17.13
2025041817,18.44
2025041817,9.94
2025041817,5.37
2025041817,4.4
2025041818,1.88
2025041818,0.0
2025041818,-0.0001
2025041818,-0.0001
2025041819,-0.0001
2025041819,-0.0001
2025041819,-0.0001
2025041819,-0.0001
2025041820,-0.0001
2025041820,-0.0001
2025041820,-0.0001
2025041820,-0.0001
2025041821,-0.0001
2025041821,-0.0001
2025041821,-0.0001
2025041821,-0.0001
2025041822,-0.0001
2025041822,-0.0001
2025041822,-0.0001
2025041822,-0.0001
2025041823,-0.0001
2025041823,-0.0001
2025041823,-0.0001
2025041823,-0.0001
2025041900,0.0
2025041900,-0.0001
2025041900,-0.0001
2025041900,-0.0001
2025041901,-0.0001
2025041901,-0.0001
2025041901,-0.0001
2025041901,-0.0001
2025041902,-0.0001
2025041902,-0.0001
2025041902,-0.0001
2025041902,-0.0001
2025041903,-0.0001
2025041903,-0.0001
2025041903,-0.0001
2025041903,-0.0001
2025041904,-0.0001
2025041904,-0.0001
2025041904,-0.0001
2025041904,-0.0001
2025041905,1.23
2025041905,0.02
2025041905,1.53
2025041905,-0.0001
2025041906,0.37
2025041906,3.58
2025041906,3.36
2025041906,4.03
2025041907,4.12
2025041907,4.68
2025041907,6.67
2025041907,9.59
2025041908,12.77
2025041908,14.31
2025041908,16.31
2025041908,19.02
2025041909,20.91
2025041909,20.79
2025041909,18.33
2025041909,22.71
2025041910,19.52
2025041910,17.06
2025041910,18.62
2025041910,19.39
2025041911,18.95
2025041911,19.41
2025041911,19.4
2025041911,19.42
2025041912,19.41
2025041912,19.36
2025041912,19.38
2025041912,19.39
2025041913,19.42
2025041913,19.46
2025041913,19.44
2025041913,19.42
2025041914,19.46
2025041914,19.43
2025041914,-0.0001
2025041914,-0.0001
2025041915,21.65
2025041915,21.43
2025041915,19.54
2025041915,13.73
2025041916,8.87
2025041916,7.59
2025041916,5.95
2025041916,5.54
2025041917,4.43
2025041917,0.74
2025041917,0.0
2025041917,-0.0001
2025041918,-0.0001
2025041918,-0.0001
2025041918,-0.0001
2025041918,-0.0001
2025041919,-0.0001
2025041919,-0.0001
2025041919,-0.0001
2025041919,-0.0001
2025041920,-0.0001
2025041920,-0.0001
2025041920,-0.0001
2025041920,-0.0001
2025041921,-0.0001
2025041921,-0.0001
2025041921,-0.0001
2025041921,-0.0001
2025041922,-0.0001
2025041922,-0.0001
2025041922,-0.0001
2025041922,-0.0001
2025041923,-0.0001
2025041923,-0.0001
2025041923,-0.0001
2025041923,-0.0001
2025042000,0.0
2025042000,-0.0001
2025042000,-0.0001
2025042000,-0.0001
2025042001,-0.0001
2025042001,-0.0001
2025042001,-0.0001
2025042001,-0.0001
2025042002,-0.0001
2025042002,-0.0001
2025042002,-0.0001
2025042002,-0.0001
2025042003,-0.0001
2025042003,-0.0001
2025042003,-0.0001
2025042003,-0.0001
2025042004,-0.0001
2025042004,-0.0001
2025042004,-0.0001
2025042004,-0.0001
2025042005,0.86
2025042005,4.07
2025042005,4.8
2025042005,7.2
2025042006,9.9
2025042006,10.69
2025042006,20.58
2025042006,26.19
2025042007,19.11
2025042007,35.0
2025042007,33.83
2025042007,33.49
2025042008,20.53
2025042008,19.69
2025042008,19.67
2025042008,-0.0001
2025042009,19.65
2025042009,19.67
2025042009,-0.0001
2025042009,-0.0001
2025042010,20.68
2025042010,-0.0001
2025042010,-0.0001
2025042010,-0.0001
2025042011,32.93
2025042011,37.96
2025042011,21.39
2025042011,20.67
2025042012,35.34
2025042012,21.08
2025042012,19.37
2025042012,-0.0001
2025042013,19.42
2025042013,17.36
2025042013,18.53
2025042013,17.77
2025042014,2.9
2025042014,17.71
2025042014,19.17
2025042014,18.0
2025042015,14.55
2025042015,14.9
2025042015,11.31
2025042015,14.32
2025042016,11.29
2025042016,8.17
2025042016,5.23
2025042016,4.09
2025042017,3.14
2025042017,0.04
2025042017,0.0
2025042017,-0.0001
2025042018,-0.0001
2025042018,-0.0001
2025042018,-0.0001
2025042018,-0.0001
2025042019,-0.0001
2025042019,-0.0001
2025042019,-0.0001
2025042019,-0.0001
2025042020,-0.0001
2025042020,-0.0001
2025042020,-0.0001
2025042020,-0.0001
2025042021,-0.0001
2025042021,-0.0001
2025042021,-0.0001
2025042021,-0.0001
2025042022,-0.0001
2025042022,-0.0001
2025042022,-0.0001
2025042022,-0.0001
2025042023,-0.0001
2025042023,-0.0001
2025042023,-0.0001
2025042023,-0.0001
2025042100,0.0
2025042100,-0.0001
2025042100,-0.0001
2025042100,-0.0001
2025042101,-0.0001
2025042101,-0.0001
2025042101,-0.0001
2025042101,-0.0001
2025042102,-0.0001
2025042102,-0.0001
2025042102,-0.0001
2025042102,-0.0001
2025042103,-0.0001
2025042103,-0.0001
2025042103,-0.0001
2025042103,-0.0001
2025042104,-0.0001
2025042104,-0.0001
2025042104,-0.0001
2025042104,-0.0001
2025042105,0.59
2025042105,1.29
2025042105,4.45
2025042105,4.5
2025042106,6.98
2025042106,9.29
2025042106,12.45
2025042106,14.46
2025042107,18.67
2025042107,13.99
2025042107,11.62
2025042107,13.03
2025042108,17.9
2025042108,23.41
2025042108,33.71
2025042108,37.57
2025042109,25.39
2025042109,28.5
2025042109,24.31
2025042109,27.57
2025042110,22.39
2025042110,16.37
2025042110,17.72
2025042110,29.58
2025042111,40.06
2025042111,37.89
2025042111,62.79
2025042111,47.75
2025042112,47.48
2025042112,57.15
2025042112,53.33
2025042112,51.84
2025042113,59.6
2025042113,62.4
2025042113,58.71
2025042113,46.26
2025042114,42.24
2025042114,27.03
2025042114,36.73
2025042114,22.84
2025042115,40.0
2025042115,37.19
2025042115,40.22
2025042115,34.72
2025042116,17.29
2025042116,15.92
2025042116,14.33
2025042116,10.02
2025042117,4.67
2025042117,3.83
2025042117,4.63
2025042117,2.13
2025042118,0.0
2025042118,-0.0001
2025042118,-0.0001
2025042118,-0.0001
2025042119,-0.0001
2025042119,-0.0001
2025042119,-0.0001
2025042119,-0.0001
2025042120,-0.0001
2025042120,-0.0001
2025042120,-0.0001
2025042120,-0.0001
2025042121,-0.0001
2025042121,-0.0001
2025042121,-0.0001
2025042121,-0.0001
2025042122,-0.0001
2025042122,-0.0001
2025042122,-0.0001
2025042122,-0.0001
2025042123,-0.0001
2025042123,-0.0001
2025042123,-0.0001
2025042123,-0.0001
2025042200,0.0
2025042200,-0.0001
2025042200,-0.0001
2025042200,-0.0001
2025042201,-0.0001
2025042201,-0.0001
2025042201,-0.0001
2025042201,-0.0001
2025042202,-0.0001
2025042202,-0.0001
2025042202,-0.0001
2025042202,-0.0001
2025042203,-0.0001
2025042203,-0.0001
2025042203,-0.0001
2025042203,-0.0001
2025042204,0.73
2025042204,1.93
2025042204,-0.0001
2025042204,-0.0001
2025042205,3.85
2025042205,4.68
2025042205,8.46
2025042205,13.74
2025042206,16.8
2025042206,12.12
2025042206,15.23
2025042206,15.56
2025042207,18.51
2025042207,18.65
2025042207,19.34
2025042207,20.35
2025042208,21.93
2025042208,28.68
2025042208,34.04
2025042208,33.88
2025042209,29.59
2025042209,34.66
2025042209,31.51
2025042209,21.6
2025042210,34.54
2025042210,66.1
2025042210,98.56
2025042210,128.22
2025042211,75.26
2025042211,114.89
2025042211,122.78
2025042211,132.6
2025042212,163.55
2025042212,85.05
2025042212,95.27
2025042212,61.81
2025042213,111.31
2025042213,51.29
2025042213,61.82
2025042213,92.16
2025042214,116.55
2025042214,84.69
2025042214,39.19
2025042214,23.98
2025042215,14.16
2025042215,14.67
2025042215,8.51
2025042215,17.99
2025042216,45.76
2025042216,61.59
2025042216,27.2
2025042216,33.49
2025042217,33.79
2025042217,16.33
2025042217,9.53
2025042217,10.41
2025042218,5.2
2025042218,0.45
2025042218,0.0
2025042218,-0.0001
2025042219,-0.0001
2025042219,-0.0001
2025042219,-0.0001
2025042219,-0.0001
2025042220,-0.0001
2025042220,-0.0001
2025042220,-0.0001
2025042220,-0.0001
2025042221,-0.0001
2025042221,-0.0001
2025042221,-0.0001
2025042221,-0.0001
2025042222,-0.0001
2025042222,-0.0001
2025042222,-0.0001
2025042222,-0.0001
2025042223,-0.0001
2025042223,-0.0001
2025042223,-0.0001
2025042223,-0.0001
2025042300,0.0
2025042300,-0.0001
2025042300,-0.0001
2025042300,-0.0001
2025042301,-0.0001
2025042301,-0.0001
2025042301,-0.0001
2025042301,-0.0001
2025042302,-0.0001
2025042302,-0.0001
2025042302,-0.0001
2025042302,-0.0001
2025042303,-0.0001
2025042303,-0.0001
2025042303,-0.0001
2025042303,-0.0001
2025042304,1.59
2025042304,5.21
2025042304,6.16
2025042304,-0.0001
2025042305,8.2
2025042305,11.79
2025042305,16.07
2025042305,23.67
2025042306,26.48
2025042306,32.12
2025042306,39.9
2025042306,54.58
2025042307,70.87
2025042307,89.52
2025042307,81.61
2025042307,98.93
2025042308,112.7
2025042308,84.6
2025042308,94.36
2025042308,100.06
2025042309,122.37
2025042309,195.17
2025042309,188.46
2025042309,123.97
2025042310,89.06
2025042310,49.6
2025042310,56.87
2025042310,73.55
2025042311,170.16
2025042311,186.51
2025042311,172.77
2025042311,184.41
2025042312,146.07
2025042312,122.71
2025042312,120.56
2025042312,143.29
2025042313,148.41
2025042313,153.25
2025042313,170.21
2025042313,117.36
2025042314,121.53
2025042314,175.76
2025042314,154.9
2025042314,82.45
2025042315,123.98
2025042315,114.2
2025042315,82.84
2025042315,74.02
2025042316,85.73
2025042316,71.53
2025042316,57.06
2025042316,42.41
2025042317,27.46
2025042317,18.42
2025042317,12.29
2025042317,8.63
2025042318,5.62
2025042318,1.65
2025042318,0.0
2025042318,-0.0001
2025042319,-0.0001
2025042319,-0.0001
2025042319,-0.0001
2025042319,-0.0001
2025042320,-0.0001
2025042320,-0.0001
2025042320,-0.0001
2025042320,-0.0001
2025042321,-0.0001
2025042321,-0.0001
2025042321,-0.0001
2025042321,-0.0001
2025042322,-0.0001
2025042322,-0.0001
2025042322,-0.0001
2025042322,-0.0001
2025042323,-0.0001
2025042323,-0.0001
2025042323,-0.0001
2025042323,-0.0001
2025042400,0.0
2025042400,-0.0001
2025042400,-0.0001
2025042400,-0.0001
2025042401,-0.0001
2025042401,-0.0001
2025042401,-0.0001
2025042401,-0.0001
2025042402,-0.0001
2025042402,-0.0001
2025042402,-0.0001
2025042402,-0.0001
2025042403,-0.0001
2025042403,-0.0001
2025042403,-0.0001
2025042403,-0.0001
2025042404,2.23
2025042404,6.12
2025042404,10.11
2025042404,-0.0001
2025042405,15.84
2025042405,25.7
2025042405,36.29
2025042405,40.05
2025042406,48.48
2025042406,41.44
2025042406,59.34
2025042406,65.04
2025042407,74.72
2025042407,70.95
2025042407,62.99
2025042407,75.12
2025042408,66.0
2025042408,71.8
2025042408,86.82
2025042408,85.91
2025042409,103.49
2025042409,119.98
2025042409,125.25
2025042409,131.27
2025042410,132.28
2025042410,135.03
2025042410,141.52
2025042410,140.96
2025042411,171.91
2025042411,220.75
2025042411,227.05
2025042411,220.37
2025042412,223.69
2025042412,198.9
2025042412,136.71
2025042412,116.42
2025042413,140.49
2025042413,71.49
2025042413,67.51
2025042413,95.93
2025042414,113.57
2025042414,129.13
2025042414,173.22
2025042414,171.41
2025042415,153.58
2025042415,143.0
2025042415,105.37
2025042415,85.0
2025042416,74.24
2025042416,76.96
2025042416,57.06
2025042416,28.93
2025042417,12.9
2025042417,11.85
2025042417,9.57
2025042417,8.8
2025042418,6.29
2025042418,2.13
2025042418,0.0
2025042418,-0.0001
2025042419,-0.0001
2025042419,-0.0001
2025042419,-0.0001
2025042419,-0.0001
2025042420,-0.0001
2025042420,-0.0001
2025042420,-0.0001
2025042420,-0.0001
2025042421,-0.0001
2025042421,-0.0001
2025042421,-0.0001
2025042421,-0.0001
2025042422,-0.0001
2025042422,-0.0001
2025042422,-0.0001
2025042422,-0.0001
2025042423,-0.0001
2025042423,-0.0001
2025042423,-0.0001
2025042423,-0.0001
2025042500,-0.0001
2025042500,-0.0001
2025042500,-0.0001
2025042500,-0.0001
2025042501,-0.0001
2025042501,-0.0001
2025042501,-0.0001
2025042501,-0.0001
2025042502,-0.0001
2025042502,-0.0001
2025042502,-0.0001
2025042502,-0.0001
2025042503,-0.0001
2025042503,-0.0001
2025042503,-0.0001
2025042503,-0.0001
2025042504,-0.0001
2025042504,-0.0001
2025042504,-0.0001
2025042504,-0.0001
2025042505,-0.0001
2025042505,-0.0001
2025042505,-0.0001
2025042505,-0.0001
2025042506,-0.0001
2025042506,-0.0001
2025042506,-0.0001
2025042506,-0.0001
2025042507,-0.0001
2025042507,-0.0001
2025042507,-0.0001
2025042507,-0.0001
2025042508,-0.0001
2025042508,-0.0001
2025042508,-0.0001
2025042508,-0.0001
2025042509,-0.0001
2025042509,-0.0001
2025042509,-0.0001
2025042509,-0.0001
2025042510,-0.0001
2025042510,-0.0001
2025042510,-0.0001
2025042510,-0.0001
2025042511,-0.0001
2025042511,-0.0001
2025042511,-0.0001
2025042511,-0.0001
2025042512,-0.0001
2025042512,-0.0001
2025042512,-0.0001
2025042512,-0.0001
2025042513,-0.0001
2025042513,-0.0001
2025042513,-0.0001
2025042513,-0.0001
2025042514,-0.0001
2025042514,-0.0001
2025042514,-0.0001
2025042514,-0.0001
2025042515,-0.0001
2025042515,-0.0001
2025042515,-0.0001
2025042515,-0.0001
2025042516,-0.0001
2025042516,-0.0001
2025042516,-0.0001
2025042516,-0.0001
2025042517,-0.0001
2025042517,-0.0001
2025042517,-0.0001
2025042517,-0.0001
2025042518,-0.0001
2025042518,-0.0001
2025042518,-0.0001
2025042518,-0.0001
2025042519,-0.0001
2025042519,-0.0001
2025042519,-0.0001
2025042519,-0.0001
2025042520,-0.0001
2025042520,-0.0001
2025042520,-0.0001
2025042520,-0.0001
2025042521,-0.0001
2025042521,-0.0001
2025042521,-0.0001
2025042521,-0.0001
2025042522,-0.0001
2025042522,-0.0001
2025042522,-0.0001
2025042522,-0.0001
2025042523,-0.0001
2025042523,-0.0001
2025042523,-0.0001
2025042523,-0.0001
2025042600,0.0
2025042600,-0.0001
2025042600,-0.0001
2025042600,-0.0001
2025042601,-0.0001
2025042601,-0.0001
2025042601,-0.0001
2025042601,-0.0001
2025042602,-0.0001
2025042602,-0.0001
2025042602,-0.0001
2025042602,-0.0001
2025042603,-0.0001
2025042603,-0.0001
2025042603,-0.0001
2025042603,-0.0001
2025042604,0.25
2025042604,4.27
2025042604,6.97
2025042604,9.77
2025042605,13.94
2025042605,22.11
2025042605,34.24
2025042605,49.29
2025042606,66.54
2025042606,84.14
2025042606,102.64
2025042606,119.63
2025042607,135.6
2025042607,150.82
2025042607,165.23
2025042607,178.67
2025042608,191.85
2025042608,203.07
2025042608,212.5
2025042608,221.22
2025042609,80.46
2025042609,11.83
2025042609,54.43
2025042609,59.43
2025042610,40.3
2025042610,39.43
2025042610,39.45
2025042610,-0.0001
2025042611,39.42
2025042611,39.44
2025042611,39.42
2025042611,37.27
2025042612,4.7
2025042612,0.0
2025042612,-0.0001
2025042612,-0.0001
2025042613,-0.0001
2025042613,-0.0001
2025042613,-0.0001
2025042613,-0.0001
2025042614,4.6
2025042614,-0.0001
2025042614,-0.0001
2025042614,-0.0001
2025042615,57.69
2025042615,128.11
2025042615,111.66
2025042615,110.59
2025042616,21.58
2025042616,69.41
2025042616,61.51
2025042616,45.3
2025042617,30.9
2025042617,19.51
2025042617,12.2
2025042617,8.54
2025042618,5.64
2025042618,2.72
2025042618,0.0
2025042618,-0.0001
2025042619,-0.0001
2025042619,-0.0001
2025042619,-0.0001
2025042619,-0.0001
2025042620,-0.0001
2025042620,-0.0001
2025042620,-0.0001
2025042620,-0.0001
2025042621,-0.0001
2025042621,-0.0001
2025042621,-0.0001
2025042621,-0.0001
2025042622,-0.0001
2025042622,-0.0001
2025042622,-0.0001
2025042622,-0.0001
2025042623,-0.0001
2025042623,-0.0001
2025042623,-0.0001
2025042623,-0.0001
2025042700,0.0
2025042700,-0.0001
2025042700,-0.0001
2025042700,-0.0001
2025042701,-0.0001
2025042701,-0.0001
2025042701,-0.0001
2025042701,-0.0001
2025042702,-0.0001
2025042702,-0.0001
2025042702,-0.0001
2025042702,-0.0001
2025042703,-0.0001
2025042703,-0.0001
2025042703,-0.0001
2025042703,-0.0001
2025042704,-0.0001
2025042704,-0.0001
2025042704,-0.0001
2025042704,-0.0001
2025042705,-0.0001
2025042705,-0.0001
2025042705,-0.0001
2025042705,-0.0001
2025042706,-0.0001
2025042706,-0.0001
2025042706,-0.0001
2025042706,-0.0001
2025042707,-0.0001
2025042707,-0.0001
2025042707,-0.0001
2025042707,-0.0001
2025042708,-0.0001
2025042708,-0.0001
2025042708,-0.0001
2025042708,-0.0001
2025042709,-0.0001
2025042709,-0.0001
2025042709,-0.0001
2025042709,-0.0001
2025042710,-0.0001
2025042710,-0.0001
2025042710,-0.0001
2025042710,-0.0001
2025042711,-0.0001
2025042711,-0.0001
2025042711,-0.0001
2025042711,-0.0001
2025042712,-0.0001
2025042712,-0.0001
2025042712,-0.0001
2025042712,-0.0001
2025042713,-0.0001
2025042713,-0.0001
2025042713,-0.0001
2025042713,-0.0001
2025042714,-0.0001
2025042714,-0.0001
2025042714,-0.0001
2025042714,-0.0001
2025042715,-0.0001
2025042715,-0.0001
2025042715,-0.0001
2025042715,-0.0001
2025042716,-0.0001
2025042716,-0.0001
2025042716,-0.0001
2025042716,-0.0001
2025042717,-0.0001
2025042717,-0.0001
2025042717,-0.0001
2025042717,-0.0001
2025042718,-0.0001
2025042718,-0.0001
2025042718,-0.0001
2025042718,-0.0001
2025042719,-0.0001
2025042719,-0.0001
2025042719,-0.0001
2025042719,-0.0001
2025042720,-0.0001
2025042720,-0.0001
2025042720,-0.0001
2025042720,-0.0001
2025042721,-0.0001
2025042721,-0.0001
2025042721,-0.0001
2025042721,-0.0001
2025042722,-0.0001
2025042722,-0.0001
2025042722,-0.0001
2025042722,-0.0001
2025042723,-0.0001
2025042723,-0.0001
2025042723,-0.0001
2025042723,-0.0001
2025042800,0.0
2025042800,-0.0001
2025042800,-0.0001
2025042800,-0.0001
2025042801,-0.0001
2025042801,-0.0001
2025042801,-0.0001
2025042801,-0.0001
2025042802,-0.0001
2025042802,-0.0001
2025042802,-0.0001
2025042802,-0.0001
2025042803,-0.0001
2025042803,-0.0001
2025042803,-0.0001
2025042803,-0.0001
2025042804,1.22
2025042804,4.67
2025042804,7.67
2025042804,11.03
2025042805,16.08
2025042805,24.64
2025042805,37.01
2025042805,51.87
2025042806,68.24
2025042806,85.38
2025042806,101.83
2025042806,118.45
2025042807,134.35
2025042807,148.03
2025042807,147.65
2025042807,31.85
2025042808,175.36
2025042808,190.83
2025042808,196.59
2025042808,151.23
2025042809,65.63
2025042809,41.15
2025042809,39.43
2025042809,39.37
2025042810,20.28
2025042810,19.46
2025042810,-0.0001
2025042810,-0.0001
2025042811,0.55
2025042811,0.0
2025042811,-0.0001
2025042811,-0.0001
2025042812,-0.0001
2025042812,-0.0001
2025042812,-0.0001
2025042812,-0.0001
2025042813,56.18
2025042813,59.51
2025042813,59.46
2025042813,-0.0001
2025042814,139.28
2025042814,134.0
2025042814,108.97
2025042814,130.07
2025042815,29.87
2025042815,115.25
2025042815,114.32
2025042815,58.18
2025042816,12.31
2025042816,0.34
2025042816,10.61
2025042816,40.09
2025042817,8.39
2025042817,20.67
2025042817,17.47
2025042817,12.69
2025042818,6.57
2025042818,4.41
2025042818,0.02
2025042818,0.0
2025042819,-0.0001
2025042819,-0.0001
2025042819,-0.0001
2025042819,-0.0001
2025042820,-0.0001
2025042820,-0.0001
2025042820,-0.0001
2025042820,-0.0001
2025042821,-0.0001
2025042821,-0.0001
2025042821,-0.0001
2025042821,-0.0001
2025042822,-0.0001
2025042822,-0.0001
2025042822,-0.0001
2025042822,-0.0001
2025042823,-0.0001
2025042823,-0.0001
2025042823,-0.0001
2025042823,-0.0001
2025042900,0.0
2025042900,-0.0001
2025042900,-0.0001
2025042900,-0.0001
2025042901,-0.0001
2025042901,-0.0001
2025042901,-0.0001
2025042901,-0.0001
2025042902,-0.0001
2025042902,-0.0001
2025042902,-0.0001
2025042902,-0.0001
2025042903,-0.0001
2025042903,-0.0001
2025042903,-0.0001
2025042903,-0.0001
2025042904,2.32
2025042904,4.24
2025042904,6.17
2025042904,-0.0001
2025042905,8.91
2025042905,14.42
2025042905,20.52
2025042905,24.33
2025042906,29.59
2025042906,31.61
2025042906,9.14
2025042906,0.0
2025042907,-0.0001
2025042907,-0.0001
2025042907,-0.0001
2025042907,-0.0001
2025042908,3.3
2025042908,47.69
2025042908,160.05
2025042908,131.4
2025042909,12.24
2025042909,0.0
2025042909,-0.0001
2025042909,-0.0001
2025042910,-0.0001
2025042910,-0.0001
2025042910,-0.0001
2025042910,-0.0001
2025042911,-0.0001
2025042911,-0.0001
2025042911,-0.0001
2025042911,-0.0001
2025042912,-0.0001
2025042912,-0.0001
2025042912,-0.0001
2025042912,-0.0001
2025042913,0.62
2025042913,-0.0001
2025042913,-0.0001
2025042913,-0.0001
2025042914,174.98
2025042914,191.49
2025042914,181.01
2025042914,160.26
2025042915,82.84
2025042915,133.85
2025042915,125.99
2025042915,107.77
2025042916,93.83
2025042916,76.21
2025042916,59.66
2025042916,45.87
2025042917,31.82
2025042917,23.36
2025042917,15.15
2025042917,10.98
2025042918,8.02
2025042918,4.99
2025042918,0.75
2025042918,0.0
2025042919,-0.0001
2025042919,-0.0001
2025042919,-0.0001
2025042919,-0.0001
2025042920,-0.0001
2025042920,-0.0001
2025042920,-0.0001
2025042920,-0.0001
2025042921,-0.0001
2025042921,-0.0001
2025042921,-0.0001
2025042921,-0.0001
2025042922,-0.0001
2025042922,-0.0001
2025042922,-0.0001
2025042922,-0.0001
2025042923,-0.0001
2025042923,-0.0001
2025042923,-0.0001
2025042923,-0.0001
2025043000,0.0
2025043000,-0.0001
2025043000,-0.0001
2025043000,-0.0001
2025043001,-0.0001
2025043001,-0.0001
2025043001,-0.0001
2025043001,-0.0001
2025043002,-0.0001
2025043002,-0.0001
2025043002,-0.0001
2025043002,-0.0001
2025043003,-0.0001
2025043003,-0.0001
2025043003,-0.0001
2025043003,-0.0001
2025043004,3.57
2025043004,8.9
2025043004,-0.0001
2025043004,-0.0001
2025043005,11.74
2025043005,12.47
2025043005,17.11
2025043005,19.13
2025043006,21.02
2025043006,33.18
2025043006,43.94
2025043006,52.68
2025043007,57.48
2025043007,75.4
2025043007,100.67
2025043007,31.78
2025043008,102.61
2025043008,126.14
2025043008,144.31
2025043008,145.04
2025043009,71.64
2025043009,4.85
2025043009,2.03
2025043009,31.36
2025043010,3.5
2025043010,0.0
2025043010,-0.0001
2025043010,-0.0001
2025043011,-0.0001
2025043011,-0.0001
2025043011,-0.0001
2025043011,-0.0001
2025043012,-0.0001
2025043012,-0.0001
2025043012,-0.0001
2025043012,-0.0001
2025043013,1.87
2025043013,-0.0001
2025043013,-0.0001
2025043013,-0.0001
2025043014,42.0
2025043014,175.77
2025043014,182.05
2025043014,167.5
2025043015,95.49
2025043015,130.89
2025043015,126.53
2025043015,109.77
2025043016,60.99
2025043016,71.19
2025043016,60.18
2025043016,48.32
2025043017,34.35
2025043017,24.48
2025043017,16.83
2025043017,10.82
2025043018,6.26
2025043018,4.29
2025043018,1.24
2025043018,0.0
2025043019,-0.0001
2025043019,-0.0001
2025043019,-0.0001
2025043019,-0.0001
2025043020,-0.0001
2025043020,-0.0001
2025043020,-0.0001
2025043020,-0.0001
2025043021,-0.0001
2025043021,-0.0001
2025043021,-0.0001
2025043021,-0.0001
2025043022,-0.0001
2025043022,-0.0001
2025043022,-0.0001
2025043022,-0.0001
2025043023,-0.0001
2025043023,-0.0001
2025043023,-0.0001
2025043023,-0.0001
2025050100,0.0
2025050100,-0.0001
2025050100,-0.0001
2025050100,-0.0001
2025050101,-0.0001
2025050101,-0.0001
2025050101,-0.0001
2025050101,-0.0001
2025050102,-0.0001
2025050102,-0.0001
2025050102,-0.0001
2025050102,-0.0001
2025050103,-0.0001
2025050103,-0.0001
2025050103,-0.0001
2025050103,-0.0001
2025050104,3.52
2025050104,8.86
2025050104,14.89
2025050104,20.27
2025050105,26.11
2025050105,31.95
2025050105,40.47
2025050105,47.93
2025050106,66.86
2025050106,90.11
2025050106,92.44
2025050106,124.12
2025050107,133.45
2025050107,134.51
2025050107,134.45
2025050107,134.43
2025050108,172.75
2025050108,175.07
2025050108,175.12
2025050108,175.01
2025050109,189.09
2025050109,189.53
2025050109,189.51
2025050109,-0.0001
2025050110,151.54
2025050110,149.14
2025050110,149.16
2025050110,149.1
2025050111,187.61
2025050111,189.37
2025050111,189.35
2025050111,157.7
2025050112,188.88
2025050112,188.99
2025050112,189.38
2025050112,189.28
2025050113,165.76
2025050113,171.36
2025050113,189.04
2025050113,183.32
2025050114,99.97
2025050114,92.68
2025050114,92.55
2025050114,92.53
2025050115,141.98
2025050115,133.1
2025050115,119.57
2025050115,104.52
2025050116,85.51
2025050116,70.13
2025050116,43.37
2025050116,43.63
2025050117,24.36
2025050117,16.03
2025050117,8.73
2025050117,5.4
2025050118,0.51
2025050118,0.0
2025050118,-0.0001
2025050118,-0.0001
2025050119,-0.0001
2025050119,-0.0001
2025050119,-0.0001
2025050119,-0.0001
2025050120,-0.0001
2025050120,-0.0001
2025050120,-0.0001
2025050120,-0.0001
2025050121,-0.0001
2025050121,-0.0001
2025050121,-0.0001
2025050121,-0.0001
2025050122,-0.0001
2025050122,-0.0001
2025050122,-0.0001
2025050122,-0.0001
2025050123,-0.0001
2025050123,-0.0001
2025050123,-0.0001
2025050123,-0.0001
2025050200,0.0
2025050200,-0.0001
2025050200,-0.0001
2025050200,-0.0001
2025050201,-0.0001
2025050201,-0.0001
2025050201,-0.0001
2025050201,-0.0001
2025050202,-0.0001
2025050202,-0.0001
2025050202,-0.0001
2025050202,-0.0001
2025050203,-0.0001
2025050203,-0.0001
2025050203,-0.0001
2025050203,-0.0001
2025050204,-0.0001
2025050204,-0.0001
2025050204,-0.0001
2025050204,-0.0001
2025050205,1.09
2025050205,26.88
2025050205,41.95
2025050205,30.91
2025050206,14.6
2025050206,5.7
2025050206,15.44
2025050206,25.98
2025050207,121.35
2025050207,88.37
2025050207,58.9
2025050207,6.96
2025050208,0.0
2025050208,0.8
2025050208,34.59
2025050208,1.47
2025050209,0.0
2025050209,-0.0001
2025050209,-0.0001
2025050209,-0.0001
2025050210,45.79
2025050210,19.59
2025050210,46.91
2025050210,30.54
2025050211,1.34
2025050211,0.0
2025050211,-0.0001
2025050211,-0.0001
2025050212,14.66
2025050212,79.63
2025050212,21.94
2025050212,25.02
2025050213,0.83
2025050213,0.0
2025050213,-0.0001
2025050213,-0.0001
2025050214,0.47
2025050214,2.57
2025050214,0.0
2025050214,-0.0001
2025050215,122.0
2025050215,130.33
2025050215,72.98
2025050215,96.33
2025050216,81.35
2025050216,61.35
2025050216,44.32
2025050216,27.97
2025050217,13.4
2025050217,1.46
2025050217,0.0
2025050217,-0.0001
2025050218,-0.0001
2025050218,-0.0001
2025050218,-0.0001
2025050218,-0.0001
2025050219,-0.0001
2025050219,-0.0001
2025050219,-0.0001
2025050219,-0.0001
2025050220,-0.0001
2025050220,-0.0001
2025050220,-0.0001
2025050220,-0.0001
2025050221,-0.0001
2025050221,-0.0001
2025050221,-0.0001
2025050221,-0.0001
2025050222,-0.0001
2025050222,-0.0001
2025050222,-0.0001
2025050222,-0.0001
2025050223,-0.0001
2025050223,-0.0001
2025050223,-0.0001
2025050223,-0.0001
2025050300,0.0
2025050300,-0.0001
2025050300,-0.0001
2025050300,-0.0001
2025050301,-0.0001
2025050301,-0.0001
2025050301,-0.0001
2025050301,-0.0001
2025050302,-0.0001
2025050302,-0.0001
2025050302,-0.0001
2025050302,-0.0001
2025050303,-0.0001
2025050303,-0.0001
2025050303,-0.0001
2025050303,-0.0001
2025050304,-0.0001
2025050304,-0.0001
2025050304,-0.0001
2025050304,-0.0001
2025050305,1.03
2025050305,12.78
2025050305,25.23
2025050305,40.55
2025050306,57.9
2025050306,75.37
2025050306,85.53
2025050306,25.96
2025050307,20.02
2025050307,7.84
2025050307,46.64
2025050307,110.46
2025050308,44.4
2025050308,27.65
2025050308,22.31
2025050308,27.79
2025050309,43.32
2025050309,34.18
2025050309,55.21
2025050309,67.67
2025050310,67.31
2025050310,29.2
2025050310,47.59
2025050310,67.6
2025050311,67.7
2025050311,67.66
2025050311,67.69
2025050311,67.65
2025050312,46.87
2025050312,47.34
2025050312,44.78
2025050312,47.81
2025050313,28.37
2025050313,27.85
2025050313,27.93
2025050313,27.96
2025050314,8.86
2025050314,8.34
2025050314,9.98
2025050314,9.13
2025050315,24.24
2025050315,5.06
2025050315,0.0
2025050315,7.83
2025050316,8.47
2025050316,4.54
2025050316,0.46
2025050316,2.57
2025050317,14.36
2025050317,27.78
2025050317,22.98
2025050317,11.15
2025050318,3.09
2025050318,0.0
2025050318,-0.0001
2025050318,-0.0001
2025050319,-0.0001
2025050319,-0.0001
2025050319,-0.0001
2025050319,-0.0001
2025050320,-0.0001
2025050320,-0.0001
2025050320,-0.0001
2025050320,-0.0001
2025050321,-0.0001
2025050321,-0.0001
2025050321,-0.0001
2025050321,-0.0001
2025050322,-0.0001
2025050322,-0.0001
2025050322,-0.0001
2025050322,-0.0001
2025050323,-0.0001
2025050323,-0.0001
2025050323,-0.0001
2025050323,-0.0001
2025050400,0.0
2025050400,-0.0001
2025050400,-0.0001
2025050400,-0.0001
2025050401,-0.0001
2025050401,-0.0001
2025050401,-0.0001
2025050401,-0.0001
2025050402,-0.0001
2025050402,-0.0001
2025050402,-0.0001
2025050402,-0.0001
2025050403,-0.0001
2025050403,-0.0001
2025050403,-0.0001
2025050403,-0.0001
2025050404,0.15
2025050404,0.03
2025050404,0.0
2025050404,-0.0001
2025050405,2.3
2025050405,27.03
2025050405,8.0
2025050405,-0.0001
2025050406,27.45
2025050406,28.17
2025050406,41.93
2025050406,43.25
2025050407,3.2
2025050407,0.0
2025050407,-0.0001
2025050407,-0.0001
2025050408,-0.0001
2025050408,-0.0001
2025050408,-0.0001
2025050408,-0.0001
2025050409,-0.0001
2025050409,-0.0001
2025050409,-0.0001
2025050409,-0.0001
2025050410,-0.0001
2025050410,-0.0001
2025050410,-0.0001
2025050410,-0.0001
2025050411,-0.0001
2025050411,-0.0001
2025050411,-0.0001
2025050411,-0.0001
2025050412,-0.0001
2025050412,-0.0001
2025050412,-0.0001
2025050412,-0.0001
2025050413,-0.0001
2025050413,-0.0001
2025050413,-0.0001
2025050413,-0.0001
2025050414,0.19
2025050414,12.16
2025050414,-0.0001
2025050414,-0.0001
2025050415,4.29
2025050415,17.14
2025050415,4.35
2025050415,1.26
2025050416,0.0
2025050416,2.85
2025050416,1.58
2025050416,4.16
2025050417,6.02
2025050417,13.3
2025050417,16.26
2025050417,12.03
2025050418,10.43
2025050418,8.46
2025050418,4.3
2025050418,0.0
2025050419,-0.0001
2025050419,-0.0001
2025050419,-0.0001
2025050419,-0.0001
2025050420,-0.0001
2025050420,-0.0001
2025050420,-0.0001
2025050420,-0.0001
2025050421,-0.0001
2025050421,-0.0001
2025050421,-0.0001
2025050421,-0.0001
2025050422,-0.0001
2025050422,-0.0001
2025050422,-0.0001
2025050422,-0.0001
2025050423,-0.0001
2025050423,-0.0001
2025050423,-0.0001
2025050423,-0.0001
2025050500,0.0
2025050500,-0.0001
2025050500,-0.0001
2025050500,-0.0001
2025050501,-0.0001
2025050501,-0.0001
2025050501,-0.0001
2025050501,-0.0001
2025050502,-0.0001
2025050502,-0.0001
2025050502,-0.0001
2025050502,-0.0001
2025050503,0.03
2025050503,-0.0001
2025050503,-0.0001
2025050503,-0.0001
2025050504,3.57
2025050504,5.57
2025050504,7.47
2025050504,7.58
2025050505,9.64
2025050505,14.6
2025050505,19.34
2025050505,21.84
2025050506,42.97
2025050506,97.23
2025050506,111.85
2025050506,129.52
2025050507,145.24
2025050507,125.93
2025050507,91.31
2025050507,141.77
2025050508,86.52
2025050508,126.11
2025050508,186.53
2025050508,231.16
2025050509,228.74
2025050509,230.78
2025050509,230.79
2025050509,230.66
2025050510,230.62
2025050510,230.73
2025050510,228.69
2025050510,213.68
2025050511,167.43
2025050511,183.32
2025050511,200.71
2025050511,192.98
2025050512,220.94
2025050512,191.38
2025050512,89.31
2025050512,141.05
2025050513,194.67
2025050513,204.14
2025050513,215.65
2025050513,169.04
2025050514,194.25
2025050514,154.05
2025050514,114.52
2025050514,83.6
2025050515,139.25
2025050515,122.88
2025050515,119.04
2025050515,106.47
2025050516,80.11
2025050516,68.57
2025050516,48.68
2025050516,41.49
2025050517,27.28
2025050517,11.23
2025050517,1.35
2025050517,0.0
2025050518,-0.0001
2025050518,-0.0001
2025050518,-0.0001
2025050518,-0.0001
2025050519,1.31
2025050519,0.0
2025050519,-0.0001
2025050519,-0.0001
2025050520,-0.0001
2025050520,-0.0001
2025050520,-0.0001
2025050520,-0.0001
2025050521,-0.0001
2025050521,-0.0001
2025050521,-0.0001
2025050521,-0.0001
2025050522,-0.0001
2025050522,-0.0001
2025050522,-0.0001
2025050522,-0.0001
2025050523,-0.0001
2025050523,-0.0001
2025050523,-0.0001
2025050523,-0.0001
2025050600,0.0
2025050600,-0.0001
2025050600,-0.0001
2025050600,-0.0001
2025050601,-0.0001
2025050601,-0.0001
2025050601,-0.0001
2025050601,-0.0001
2025050602,-0.0001
2025050602,-0.0001
2025050602,-0.0001
2025050602,-0.0001
2025050603,-0.0001
2025050603,-0.0001
2025050603,-0.0001
2025050603,-0.0001
2025050604,-0.0001
2025050604,-0.0001
2025050604,-0.0001
2025050604,-0.0001
2025050605,2.62
2025050605,8.16
2025050605,25.78
2025050605,42.65
2025050606,44.37
2025050606,42.8
2025050606,59.52
2025050606,92.63
2025050607,120.37
2025050607,137.4
2025050607,151.75
2025050607,160.26
2025050608,178.04
2025050608,188.07
2025050608,195.37
2025050608,210.26
2025050609,216.38
2025050609,216.61
2025050609,212.86
2025050609,218.04
2025050610,207.19
2025050610,187.83
2025050610,158.23
2025050610,180.79
2025050611,188.97
2025050611,161.44
2025050611,183.32
2025050611,114.86
2025050612,206.74
2025050612,214.03
2025050612,158.07
2025050612,211.39
2025050613,217.94
2025050613,217.98
2025050613,214.36
2025050613,204.08
2025050614,193.86
2025050614,181.59
2025050614,169.14
2025050614,149.54
2025050615,134.4
2025050615,117.51
2025050615,110.87
2025050615,102.34
2025050616,83.12
2025050616,74.04
2025050616,52.47
2025050616,34.64
2025050617,10.11
2025050617,4.18
2025050617,0.0
2025050617,-0.0001
2025050618,-0.0001
2025050618,-0.0001
2025050618,-0.0001
2025050618,-0.0001
2025050619,-0.0001
2025050619,-0.0001
2025050619,-0.0001
2025050619,-0.0001
2025050620,-0.0001
2025050620,-0.0001
2025050620,-0.0001
2025050620,-0.0001
2025050621,-0.0001
2025050621,-0.0001
2025050621,-0.0001
2025050621,-0.0001
2025050622,-0.0001
2025050622,-0.0001
2025050622,-0.0001
2025050622,-0.0001
2025050623,-0.0001
2025050623,-0.0001
2025050623,-0.0001
2025050623,-0.0001
2025050700,0.0
2025050700,-0.0001
2025050700,-0.0001
2025050700,-0.0001
2025050701,-0.0001
2025050701,-0.0001
2025050701,-0.0001
2025050701,-0.0001
2025050702,-0.0001
2025050702,-0.0001
2025050702,-0.0001
2025050702,-0.0001
2025050703,-0.0001
2025050703,-0.0001
2025050703,-0.0001
2025050703,-0.0001
2025050704,-0.0001
2025050704,-0.0001
2025050704,-0.0001
2025050704,-0.0001
2025050705,1.58
2025050705,12.21
2025050705,30.48
2025050705,45.53
2025050706,59.72
2025050706,75.77
2025050706,93.97
2025050706,112.37
2025050707,125.86
2025050707,138.21
2025050707,152.04
2025050707,164.93
2025050708,176.45
2025050708,186.54
2025050708,195.12
2025050708,203.83
2025050709,206.83
2025050709,189.14
2025050709,214.18
2025050709,208.53
2025050710,213.04
2025050710,207.75
2025050710,216.08
2025050710,215.36
2025050711,215.98
2025050711,216.37
2025050711,216.57
2025050711,217.41
2025050712,219.06
2025050712,215.23
2025050712,213.86
2025050712,214.47
2025050713,214.88
2025050713,212.38
2025050713,197.52
2025050713,198.41
2025050714,192.27
2025050714,165.73
2025050714,147.14
2025050714,157.24
2025050715,144.55
2025050715,117.01
2025050715,108.02
2025050715,96.59
2025050716,75.32
2025050716,63.68
2025050716,49.44
2025050716,33.9
2025050717,16.15
2025050717,3.75
2025050717,0.0
2025050717,-0.0001
2025050718,-0.0001
2025050718,-0.0001
2025050718,-0.0001
2025050718,-0.0001
2025050719,-0.0001
2025050719,-0.0001
2025050719,-0.0001
2025050719,-0.0001
2025050720,-0.0001
2025050720,-0.0001
2025050720,-0.0001
2025050720,-0.0001
2025050721,-0.0001
2025050721,-0.0001
2025050721,-0.0001
2025050721,-0.0001
2025050722,-0.0001
2025050722,-0.0001
2025050722,-0.0001
2025050722,-0.0001
2025050723,-0.0001
2025050723,-0.0001
2025050723,-0.0001
2025050723,-0.0001
2025050800,0.0
2025050800,-0.0001
2025050800,-0.0001
2025050800,-0.0001
2025050801,-0.0001
2025050801,-0.0001
2025050801,-0.0001
2025050801,-0.0001
2025050802,-0.0001
2025050802,-0.0001
2025050802,-0.0001
2025050802,-0.0001
2025050803,-0.0001
2025050803,-0.0001
2025050803,-0.0001
2025050803,-0.0001
2025050804,-0.0001
2025050804,-0.0001
2025050804,-0.0001
2025050804,-0.0001
2025050805,5.19
2025050805,12.81
2025050805,21.18
2025050805,-0.0001
2025050806,23.53
2025050806,30.57
2025050806,76.26
2025050806,69.52
2025050807,80.25
2025050807,-0.0001
2025050807,-0.0001
2025050807,-0.0001
2025050808,-0.0001
2025050808,-0.0001
2025050808,-0.0001
2025050808,-0.0001
2025050809,-0.0001
2025050809,-0.0001
2025050809,-0.0001
2025050809,-0.0001
2025050810,-0.0001
2025050810,-0.0001
2025050810,-0.0001
2025050810,-0.0001
2025050811,-0.0001
2025050811,-0.0001
2025050811,-0.0001
2025050811,-0.0001
2025050812,-0.0001
2025050812,-0.0001
2025050812,-0.0001
2025050812,-0.0001
2025050813,-0.0001
2025050813,-0.0001
2025050813,-0.0001
2025050813,-0.0001
2025050814,-0.0001
2025050814,-0.0001
2025050814,-0.0001
2025050814,-0.0001
2025050815,-0.0001
2025050815,-0.0001
2025050815,-0.0001
2025050815,-0.0001
2025050816,-0.0001
2025050816,-0.0001
2025050816,-0.0001
2025050816,-0.0001
2025050817,-0.0001
2025050817,-0.0001
2025050817,-0.0001
2025050817,-0.0001
2025050818,-0.0001
2025050818,-0.0001
2025050818,-0.0001
2025050818,-0.0001
2025050819,-0.0001
2025050819,-0.0001
2025050819,-0.0001
2025050819,-0.0001
2025050820,-0.0001
2025050820,-0.0001
2025050820,-0.0001
2025050820,-0.0001
2025050821,-0.0001
2025050821,-0.0001
2025050821,-0.0001
2025050821,-0.0001
2025050822,-0.0001
2025050822,-0.0001
2025050822,-0.0001
2025050822,-0.0001
2025050823,-0.0001
2025050823,-0.0001
2025050823,-0.0001
2025050823,-0.0001
2025050900,0.0
2025050900,-0.0001
2025050900,-0.0001
2025050900,-0.0001
2025050901,-0.0001
2025050901,-0.0001
2025050901,-0.0001
2025050901,-0.0001
2025050902,-0.0001
2025050902,-0.0001
2025050902,-0.0001
2025050902,-0.0001
2025050903,-0.0001
2025050903,-0.0001
2025050903,-0.0001
2025050903,-0.0001
2025050904,-0.0001
2025050904,-0.0001
2025050904,-0.0001
2025050904,-0.0001
2025050905,1.17
2025050905,10.35
2025050905,21.66
2025050905,38.18
2025050906,56.45
2025050906,79.78
2025050906,95.26
2025050906,120.97
2025050907,135.62
2025050907,148.44
2025050907,164.94
2025050907,174.16
2025050908,184.89
2025050908,189.69
2025050908,194.44
2025050908,206.1
2025050909,62.46
2025050909,36.36
2025050909,36.4
2025050909,34.89
2025050910,34.94
2025050910,18.31
2025050910,16.55
2025050910,16.56
2025050911,21.74
2025050911,24.58
2025050911,21.69
2025050911,0.47
2025050912,0.0
2025050912,-0.0001
2025050912,-0.0001
2025050912,-0.0001
2025050913,0.35
2025050913,10.76
2025050913,0.0
2025050913,-0.0001
2025050914,7.48
2025050914,33.73
2025050914,36.35
2025050914,32.44
2025050915,36.92
2025050915,58.16
2025050915,63.79
2025050915,47.63
2025050916,41.61
2025050916,52.03
2025050916,26.48
2025050916,18.8
2025050917,12.55
2025050917,6.57
2025050917,0.92
2025050917,0.0
2025050918,-0.0001
2025050918,-0.0001
2025050918,-0.0001
2025050918,-0.0001
2025050919,-0.0001
2025050919,-0.0001
2025050919,-0.0001
2025050919,-0.0001
2025050920,-0.0001
2025050920,-0.0001
2025050920,-0.0001
2025050920,-0.0001
2025050921,-0.0001
2025050921,-0.0001
2025050921,-0.0001
2025050921,-0.0001
2025050922,-0.0001
2025050922,-0.0001
2025050922,-0.0001
2025050922,-0.0001
2025050923,-0.0001
2025050923,-0.0001
2025050923,-0.0001
2025050923,-0.0001
2025051000,0.0
2025051000,-0.0001
2025051000,-0.0001
2025051000,-0.0001
2025051001,-0.0001
2025051001,-0.0001
2025051001,-0.0001
2025051001,-0.0001
2025051002,-0.0001
2025051002,-0.0001
2025051002,-0.0001
2025051002,-0.0001
2025051003,0.83
2025051003,-0.0001
2025051003,-0.0001
2025051003,-0.0001
2025051004,5.39
2025051004,10.54
2025051004,11.74
2025051004,12.59
2025051005,14.73
2025051005,19.28
2025051005,28.78
2025051005,42.38
2025051006,40.56
2025051006,49.23
2025051006,54.15
2025051006,60.41
2025051007,84.4
2025051007,106.62
2025051007,134.95
2025051007,155.27
2025051008,153.12
2025051008,142.27
2025051008,199.85
2025051008,207.78
2025051009,193.86
2025051009,166.09
2025051009,122.07
2025051009,138.74
2025051010,119.25
2025051010,156.93
2025051010,218.49
2025051010,212.57
2025051011,121.58
2025051011,117.26
2025051011,117.2
2025051011,-0.0001
2025051012,95.86
2025051012,65.43
2025051012,93.81
2025051012,97.02
2025051013,90.56
2025051013,10.97
2025051013,87.16
2025051013,97.11
2025051014,59.18
2025051014,57.2
2025051014,59.08
2025051014,63.9
2025051015,135.92
2025051015,131.78
2025051015,110.48
2025051015,95.85
2025051016,23.92
2025051016,57.26
2025051016,47.15
2025051016,29.92
2025051017,17.34
2025051017,7.4
2025051017,0.03
2025051017,0.0
2025051018,-0.0001
2025051018,-0.0001
2025051018,-0.0001
2025051018,-0.0001
2025051019,-0.0001
2025051019,-0.0001
2025051019,-0.0001
2025051019,-0.0001
2025051020,-0.0001
2025051020,-0.0001
2025051020,-0.0001
2025051020,-0.0001
2025051021,-0.0001
2025051021,-0.0001
2025051021,-0.0001
2025051021,-0.0001
2025051022,-0.0001
2025051022,-0.0001
2025051022,-0.0001
2025051022,-0.0001
2025051023,-0.0001
2025051023,-0.0001
2025051023,-0.0001
2025051023,-0.0001
2025051100,0.0
2025051100,-0.0001
2025051100,-0.0001
2025051100,-0.0001
2025051101,-0.0001
2025051101,-0.0001
2025051101,-0.0001
2025051101,-0.0001
2025051102,-0.0001
2025051102,-0.0001
2025051102,-0.0001
2025051102,-0.0001
2025051103,-0.0001
2025051103,-0.0001
2025051103,-0.0001
2025051103,-0.0001
2025051104,-0.0001
2025051104,-0.0001
2025051104,-0.0001
2025051104,-0.0001
2025051105,2.66
2025051105,10.2
2025051105,19.58
2025051105,27.89
2025051106,25.92
2025051106,79.81
2025051106,110.28
2025051106,78.57
2025051107,70.42
2025051107,135.84
2025051107,103.78
2025051107,161.27
2025051108,98.66
2025051108,4.7
2025051108,0.0
2025051108,0.2
2025051109,0.0
2025051109,-0.0001
2025051109,-0.0001
2025051109,-0.0001
2025051110,-0.0001
2025051110,-0.0001
2025051110,-0.0001
2025051110,-0.0001
2025051111,-0.0001
2025051111,-0.0001
2025051111,-0.0001
2025051111,-0.0001
2025051112,-0.0001
2025051112,-0.0001
2025051112,-0.0001
2025051112,-0.0001
2025051113,-0.0001
2025051113,-0.0001
2025051113,-0.0001
2025051113,-0.0001
2025051114,-0.0001
2025051114,-0.0001
2025051114,-0.0001
2025051114,-0.0001
2025051115,79.92
2025051115,74.51
2025051115,20.73
2025051115,81.28
2025051116,102.23
2025051116,86.97
2025051116,70.27
2025051116,53.54
2025051117,38.94
2025051117,26.23
2025051117,16.38
2025051117,10.56
2025051118,7.88
2025051118,5.44
2025051118,2.44
2025051118,0.0
2025051119,-0.0001
2025051119,-0.0001
2025051119,-0.0001
2025051119,-0.0001
2025051120,-0.0001
2025051120,-0.0001
2025051120,-0.0001
2025051120,-0.0001
2025051121,-0.0001
2025051121,-0.0001
2025051121,-0.0001
2025051121,-0.0001
2025051122,-0.0001
2025051122,-0.0001
2025051122,-0.0001
2025051122,-0.0001
2025051123,-0.0001
2025051123,-0.0001
2025051123,-0.0001
2025051123,-0.0001
2025051200,0.0
2025051200,-0.0001
2025051200,-0.0001
2025051200,-0.0001
2025051201,-0.0001
2025051201,-0.0001
2025051201,-0.0001
2025051201,-0.0001
2025051202,-0.0001
2025051202,-0.0001
2025051202,-0.0001
2025051202,-0.0001
2025051203,0.14
2025051203,2.39
2025051203,-0.0001
2025051203,-0.0001
2025051204,1.25
2025051204,8.28
2025051204,11.06
2025051204,15.25
2025051205,23.04
2025051205,34.14
2025051205,48.84
2025051205,65.23
2025051206,81.43
2025051206,97.27
2025051206,114.4
2025051206,131.07
2025051207,147.01
2025051207,161.75
2025051207,175.48
2025051207,190.07
2025051208,201.65
2025051208,203.99
2025051208,33.09
2025051208,60.01
2025051209,220.94
2025051209,227.33
2025051209,98.1
2025051209,7.01
2025051210,0.0
2025051210,-0.0001
2025051210,-0.0001
2025051210,-0.0001
2025051211,10.79
2025051211,128.98
2025051211,168.38
2025051211,139.54
2025051212,118.25
2025051212,41.27
2025051212,3.01
2025051212,0.0
2025051213,-0.0001
2025051213,-0.0001
2025051213,-0.0001
2025051213,-0.0001
2025051214,16.38
2025051214,178.91
2025051214,44.71
2025051214,168.97
2025051215,99.72
2025051215,148.63
2025051215,137.36
2025051215,121.8
2025051216,105.57
2025051216,89.01
2025051216,72.4
2025051216,56.17
2025051217,41.02
2025051217,28.15
2025051217,18.45
2025051217,12.44
2025051218,9.61
2025051218,7.21
2025051218,5.17
2025051218,2.28
2025051219,0.0
2025051219,-0.0001
2025051219,-0.0001
2025051219,-0.0001
2025051220,-0.0001
2025051220,-0.0001
2025051220,-0.0001
2025051220,-0.0001
2025051221,-0.0001
2025051221,-0.0001
2025051221,-0.0001
2025051221,-0.0001
2025051222,-0.0001
2025051222,-0.0001
2025051222,-0.0001
2025051222,-0.0001
2025051223,-0.0001
2025051223,-0.0001
2025051223,-0.0001
2025051223,-0.0001
2025051300,0.0
2025051300,-0.0001
2025051300,-0.0001
2025051300,-0.0001
2025051301,-0.0001
2025051301,-0.0001
2025051301,-0.0001
2025051301,-0.0001
2025051302,-0.0001
2025051302,-0.0001
2025051302,-0.0001
2025051302,-0.0001
2025051303,0.88
2025051303,4.34
2025051303,-0.0001
2025051303,-0.0001
2025051304,6.37
2025051304,8.98
2025051304,11.67
2025051304,16.28
2025051305,24.24
2025051305,35.1
2025051305,48.91
2025051305,64.37
2025051306,80.62
2025051306,97.15
2025051306,111.85
2025051306,112.4
2025051307,-0.0001
2025051307,-0.0001
2025051307,-0.0001
2025051307,-0.0001
2025051308,-0.0001
2025051308,-0.0001
2025051308,-0.0001
2025051308,-0.0001
2025051309,-0.0001
2025051309,-0.0001
2025051309,-0.0001
2025051309,-0.0001
2025051310,-0.0001
2025051310,-0.0001
2025051310,-0.0001
2025051310,-0.0001
2025051311,-0.0001
2025051311,-0.0001
2025051311,-0.0001
2025051311,-0.0001
2025051312,-0.0001
2025051312,-0.0001
2025051312,-0.0001
2025051312,-0.0001
2025051313,-0.0001
2025051313,-0.0001
2025051313,-0.0001
2025051313,-0.0001
2025051314,-0.0001
2025051314,-0.0001
2025051314,-0.0001
2025051314,-0.0001
2025051315,-0.0001
2025051315,-0.0001
2025051315,-0.0001
2025051315,-0.0001
2025051316,-0.0001
2025051316,-0.0001
2025051316,-0.0001
2025051316,-0.0001
2025051317,-0.0001
2025051317,-0.0001
2025051317,-0.0001
2025051317,-0.0001
2025051318,-0.0001
2025051318,-0.0001
2025051318,-0.0001
2025051318,-0.0001
2025051319,-0.0001
2025051319,-0.0001
2025051319,-0.0001
2025051319,-0.0001
2025051320,-0.0001
2025051320,-0.0001
2025051320,-0.0001
2025051320,-0.0001
2025051321,-0.0001
2025051321,-0.0001
2025051321,-0.0001
2025051321,-0.0001
2025051322,-0.0001
2025051322,-0.0001
2025051322,-0.0001
2025051322,-0.0001
2025051323,-0.0001
2025051323,-0.0001
2025051323,-0.0001
2025051323,-0.0001
2025051400,0.0
2025051400,-0.0001
2025051400,-0.0001
2025051400,-0.0001
2025051401,-0.0001
2025051401,-0.0001
2025051401,-0.0001
2025051401,-0.0001
2025051402,-0.0001
2025051402,-0.0001
2025051402,-0.0001
2025051402,-0.0001
2025051403,0.36
2025051403,3.98
2025051403,-0.0001
2025051403,-0.0001
2025051404,6.18
2025051404,6.95
2025051404,10.76
2025051404,18.47
2025051405,26.79
2025051405,38.26
2025051405,62.04
2025051405,70.76
2025051406,62.54
2025051406,6.36
2025051406,0.0
2025051406,13.72
2025051407,87.07
2025051407,109.32
2025051407,152.02
2025051407,53.48
2025051408,84.98
2025051408,12.19
2025051408,45.4
2025051408,49.53
2025051409,46.92
2025051409,6.01
2025051409,3.94
2025051409,45.19
2025051410,2.62
2025051410,0.0
2025051410,-0.0001
2025051410,-0.0001
2025051411,-0.0001
2025051411,-0.0001
2025051411,-0.0001
2025051411,-0.0001
2025051412,23.36
2025051412,24.6
2025051412,-0.0001
2025051412,-0.0001
2025051413,3.51
2025051413,36.87
2025051413,3.97
2025051413,2.65
2025051414,43.56
2025051414,45.4
2025051414,6.67
2025051414,49.29
2025051415,78.44
2025051415,71.94
2025051415,83.57
2025051415,68.56
2025051416,20.17
2025051416,46.46
2025051416,32.84
2025051416,39.14
2025051417,7.81
2025051417,2.43
2025051417,19.92
2025051417,3.51
2025051418,9.94
2025051418,8.85
2025051418,5.56
2025051418,2.34
2025051419,0.0
2025051419,-0.0001
2025051419,-0.0001
2025051419,-0.0001
2025051420,-0.0001
2025051420,-0.0001
2025051420,-0.0001
2025051420,-0.0001
2025051421,-0.0001
2025051421,-0.0001
2025051421,-0.0001
2025051421,-0.0001
2025051422,-0.0001
2025051422,-0.0001
2025051422,-0.0001
2025051422,-0.0001
2025051423,-0.0001
2025051423,-0.0001
2025051423,-0.0001
2025051423,-0.0001
2025051500,0.0
2025051500,-0.0001
2025051500,-0.0001
2025051500,-0.0001
2025051501,-0.0001
2025051501,-0.0001
2025051501,-0.0001
2025051501,-0.0001
2025051502,-0.0001
2025051502,-0.0001
2025051502,-0.0001
2025051502,-0.0001
2025051503,0.46
2025051503,3.94
2025051503,-0.0001
2025051503,-0.0001
2025051504,5.82
2025051504,8.29
2025051504,10.76
2025051504,15.13
2025051505,22.65
2025051505,33.23
2025051505,46.61
2025051505,61.6
2025051506,77.06
2025051506,90.8
2025051506,14.5
2025051506,13.72
2025051507,128.36
2025051507,26.52
2025051507,72.05
2025051507,109.66
2025051508,10.92
2025051508,0.0
2025051508,-0.0001
2025051508,-0.0001
2025051509,0.64
2025051509,16.19
2025051509,17.63
2025051509,-0.0001
2025051510,1.45
2025051510,0.0
2025051510,-0.0001
2025051510,-0.0001
2025051511,-0.0001
2025051511,-0.0001
2025051511,-0.0001
2025051511,-0.0001
2025051512,-0.0001
2025051512,-0.0001
2025051512,-0.0001
2025051512,-0.0001
2025051513,-0.0001
2025051513,-0.0001
2025051513,-0.0001
2025051513,-0.0001
2025051514,-0.0001
2025051514,-0.0001
2025051514,-0.0001
2025051514,-0.0001
2025051515,8.41
2025051515,85.76
2025051515,9.12
2025051515,0.0
2025051516,3.3
2025051516,47.92
2025051516,19.71
2025051516,52.67
2025051517,9.1
2025051517,21.9
2025051517,12.62
2025051517,5.92
2025051518,1.03
2025051518,0.0
2025051518,-0.0001
2025051518,-0.0001
2025051519,-0.0001
2025051519,-0.0001
2025051519,-0.0001
2025051519,-0.0001
2025051520,-0.0001
2025051520,-0.0001
2025051520,-0.0001
2025051520,-0.0001
2025051521,-0.0001
2025051521,-0.0001
2025051521,-0.0001
2025051521,-0.0001
2025051522,-0.0001
2025051522,-0.0001
2025051522,-0.0001
2025051522,-0.0001
2025051523,-0.0001
2025051523,-0.0001
2025051523,-0.0001
2025051523,-0.0001
2025051600,0.0
2025051600,-0.0001
2025051600,-0.0001
2025051600,-0.0001
2025051601,-0.0001
2025051601,-0.0001
2025051601,-0.0001
2025051601,-0.0001
2025051602,-0.0001
2025051602,-0.0001
2025051602,-0.0001
2025051602,-0.0001
2025051603,-0.0001
2025051603,-0.0001
2025051603,-0.0001
2025051603,-0.0001
2025051604,0.32
2025051604,4.63
2025051604,8.48
2025051604,-0.0001
2025051605,21.42
2025051605,30.96
2025051605,42.15
2025051605,56.33
2025051606,69.74
2025051606,87.64
2025051606,103.6
2025051606,120.68
2025051607,125.17
2025051607,133.58
2025051607,149.9
2025051607,44.47
2025051608,185.28
2025051608,196.42
2025051608,33.02
2025051608,59.4
2025051609,3.11
2025051609,0.0
2025051609,-0.0001
2025051609,-0.0001
2025051610,-0.0001
2025051610,-0.0001
2025051610,-0.0001
2025051610,-0.0001
2025051611,-0.0001
2025051611,-0.0001
2025051611,-0.0001
2025051611,-0.0001
2025051612,-0.0001
2025051612,-0.0001
2025051612,-0.0001
2025051612,-0.0001
2025051613,-0.0001
2025051613,-0.0001
2025051613,-0.0001
2025051613,-0.0001
2025051614,8.39
2025051614,-0.0001
2025051614,-0.0001
2025051614,-0.0001
2025051615,94.27
2025051615,124.03
2025051615,24.62
2025051615,114.42
2025051616,17.89
2025051616,6.45
2025051616,64.86
2025051616,51.21
2025051617,9.51
2025051617,0.0
2025051617,1.49
2025051617,8.62
2025051618,5.3
2025051618,0.98
2025051618,0.0
2025051618,-0.0001
2025051619,-0.0001
2025051619,-0.0001
2025051619,-0.0001
2025051619,-0.0001
2025051620,-0.0001
2025051620,-0.0001
2025051620,-0.0001
2025051620,-0.0001
2025051621,-0.0001
2025051621,-0.0001
2025051621,-0.0001
2025051621,-0.0001
2025051622,-0.0001
2025051622,-0.0001
2025051622,-0.0001
2025051622,-0.0001
2025051623,-0.0001
2025051623,-0.0001
2025051623,-0.0001
2025051623,-0.0001
2025051700,0.0
2025051700,-0.0001
2025051700,-0.0001
2025051700,-0.0001
2025051701,-0.0001
2025051701,-0.0001
2025051701,-0.0001
2025051701,-0.0001
2025051702,-0.0001
2025051702,-0.0001
2025051702,-0.0001
2025051702,-0.0001
2025051703,-0.0001
2025051703,-0.0001
2025051703,-0.0001
2025051703,-0.0001
2025051704,0.01
2025051704,5.53
2025051704,12.82
2025051704,-0.0001
2025051705,19.07
2025051705,40.04
2025051705,54.41
2025051705,64.1
2025051706,77.98
2025051706,70.76
2025051706,94.8
2025051706,126.94
2025051707,16.27
2025051707,0.0
2025051707,7.79
2025051707,0.03
2025051708,8.09
2025051708,0.0
2025051708,-0.0001
2025051708,-0.0001
2025051709,-0.0001
2025051709,-0.0001
2025051709,-0.0001
2025051709,-0.0001
2025051710,-0.0001
2025051710,-0.0001
2025051710,-0.0001
2025051710,-0.0001
2025051711,-0.0001
2025051711,-0.0001
2025051711,-0.0001
2025051711,-0.0001
2025051712,-0.0001
2025051712,-0.0001
2025051712,-0.0001
2025051712,-0.0001
2025051713,-0.0001
2025051713,-0.0001
2025051713,-0.0001
2025051713,-0.0001
2025051714,-0.0001
2025051714,-0.0001
2025051714,-0.0001
2025051714,-0.0001
2025051715,6.9
2025051715,116.06
2025051715,118.84
2025051715,76.7
2025051716,68.31
2025051716,5.26
2025051716,3.32
2025051716,45.11
2025051717,5.28
2025051717,0.0
2025051717,-0.0001
2025051717,-0.0001
2025051718,-0.0001
2025051718,-0.0001
2025051718,-0.0001
2025051718,-0.0001
2025051719,-0.0001
2025051719,-0.0001
2025051719,-0.0001
2025051719,-0.0001
2025051720,-0.0001
2025051720,-0.0001
2025051720,-0.0001
2025051720,-0.0001
2025051721,-0.0001
2025051721,-0.0001
2025051721,-0.0001
2025051721,-0.0001
2025051722,-0.0001
2025051722,-0.0001
2025051722,-0.0001
2025051722,-0.0001
2025051723,-0.0001
2025051723,-0.0001
2025051723,-0.0001
2025051723,-0.0001
2025051800,0.0
2025051800,-0.0001
2025051800,-0.0001
2025051800,-0.0001
2025051801,-0.0001
2025051801,-0.0001
2025051801,-0.0001
2025051801,-0.0001
2025051802,-0.0001
2025051802,-0.0001
2025051802,-0.0001
2025051802,-0.0001
2025051803,-0.0001
2025051803,-0.0001
2025051803,-0.0001
2025051803,-0.0001
2025051804,0.23
2025051804,4.0
2025051804,5.8
2025051804,11.14
2025051805,20.04
2025051805,31.53
2025051805,44.95
2025051805,59.66
2025051806,75.46
2025051806,91.87
2025051806,101.71
2025051806,68.29
2025051807,119.88
2025051807,57.9
2025051807,67.09
2025051807,5.82
2025051808,0.0
2025051808,-0.0001
2025051808,-0.0001
2025051808,-0.0001
2025051809,10.08
2025051809,11.72
2025051809,-0.0001
2025051809,-0.0001
2025051810,11.71
2025051810,11.75
2025051810,11.74
2025051810,11.76
2025051811,0.46
2025051811,0.0
2025051811,-0.0001
2025051811,-0.0001
2025051812,9.14
2025051812,10.56
2025051812,-0.0001
2025051812,-0.0001
2025051813,0.44
2025051813,0.0
2025051813,-0.0001
2025051813,-0.0001
2025051814,5.66
2025051814,0.0
2025051814,-0.0001
2025051814,-0.0001
2025051815,6.44
2025051815,118.09
2025051815,125.18
2025051815,130.87
2025051816,48.7
2025051816,38.82
2025051816,27.44
2025051816,13.62
2025051817,7.34
2025051817,6.25
2025051817,7.97
2025051817,3.52
2025051818,0.0
2025051818,-0.0001
2025051818,-0.0001
2025051818,-0.0001
2025051819,-0.0001
2025051819,-0.0001
2025051819,-0.0001
2025051819,-0.0001
2025051820,-0.0001
2025051820,-0.0001
2025051820,-0.0001
2025051820,-0.0001
2025051821,-0.0001
2025051821,-0.0001
2025051821,-0.0001
2025051821,-0.0001
2025051822,-0.0001
2025051822,-0.0001
2025051822,-0.0001
2025051822,-0.0001
2025051823,-0.0001
2025051823,-0.0001
2025051823,-0.0001
2025051823,-0.0001
2025051900,0.0
2025051900,-0.0001
2025051900,-0.0001
2025051900,-0.0001
2025051901,-0.0001
2025051901,-0.0001
2025051901,-0.0001
2025051901,-0.0001
2025051902,-0.0001
2025051902,-0.0001
2025051902,-0.0001
2025051902,-0.0001
2025051903,-0.0001
2025051903,-0.0001
2025051903,-0.0001
2025051903,-0.0001
2025051904,0.03
2025051904,4.99
2025051904,15.17
2025051904,-0.0001
2025051905,26.29
2025051905,34.17
2025051905,39.22
2025051905,45.79
2025051906,67.13
2025051906,86.84
2025051906,100.77
2025051906,102.3
2025051907,105.55
2025051907,125.25
2025051907,135.23
2025051907,146.49
2025051908,150.04
2025051908,147.69
2025051908,168.48
2025051908,174.97
2025051909,178.24
2025051909,219.76
2025051909,195.52
2025051909,194.67
2025051910,196.78
2025051910,90.03
2025051910,215.26
2025051910,217.27
2025051911,42.71
2025051911,206.39
2025051911,228.44
2025051911,230.09
2025051912,230.22
2025051912,230.11
2025051912,230.54
2025051912,228.84
2025051913,223.2
2025051913,216.27
2025051913,208.51
2025051913,203.3
2025051914,196.42
2025051914,187.26
2025051914,176.42
2025051914,165.75
2025051915,154.53
2025051915,141.95
2025051915,126.76
2025051915,111.99
2025051916,96.57
2025051916,81.76
2025051916,66.91
2025051916,52.03
2025051917,38.02
2025051917,25.6
2025051917,15.48
2025051917,12.22
2025051918,11.22
2025051918,8.76
2025051918,6.13
2025051918,3.77
2025051919,0.0
2025051919,-0.0001
2025051919,-0.0001
2025051919,-0.0001
2025051920,-0.0001
2025051920,-0.0001
2025051920,-0.0001
2025051920,-0.0001
2025051921,-0.0001
2025051921,-0.0001
2025051921,-0.0001
2025051921,-0.0001
2025051922,-0.0001
2025051922,-0.0001
2025051922,-0.0001
2025051922,-0.0001
2025051923,-0.0001
2025051923,-0.0001
2025051923,-0.0001
2025051923,-0.0001
2025052000,0.0
2025052000,-0.0001
2025052000,-0.0001
2025052000,-0.0001
2025052001,-0.0001
2025052001,-0.0001
2025052001,-0.0001
2025052001,-0.0001
2025052002,-0.0001
2025052002,-0.0001
2025052002,-0.0001
2025052002,-0.0001
2025052003,2.86
2025052003,4.98
2025052003,-0.0001
2025052003,-0.0001
2025052004,7.36
2025052004,10.1
2025052004,12.85
2025052004,18.84
2025052005,27.91
2025052005,39.9
2025052005,54.1
2025052005,69.82
2025052006,85.96
2025052006,102.03
2025052006,118.13
2025052006,133.78
2025052007,148.83
2025052007,163.76
2025052007,177.55
2025052007,190.14
2025052008,201.73
2025052008,212.62
2025052008,222.59
2025052008,225.93
2025052009,139.08
2025052009,224.68
2025052009,187.61
2025052009,16.8
2025052010,0.0
2025052010,-0.0001
2025052010,-0.0001
2025052010,-0.0001
2025052011,-0.0001
2025052011,-0.0001
2025052011,-0.0001
2025052011,-0.0001
2025052012,-0.0001
2025052012,-0.0001
2025052012,-0.0001
2025052012,-0.0001
2025052013,-0.0001
2025052013,-0.0001
2025052013,-0.0001
2025052013,-0.0001
2025052014,5.65
2025052014,-0.0001
2025052014,-0.0001
2025052014,-0.0001
2025052015,107.76
2025052015,148.74
2025052015,134.02
2025052015,118.77
2025052016,103.14
2025052016,87.91
2025052016,75.04
2025052016,60.49
2025052017,45.8
2025052017,30.74
2025052017,21.46
2025052017,14.75
2025052018,7.81
2025052018,4.51
2025052018,0.2
2025052018,0.0
2025052019,-0.0001
2025052019,-0.0001
2025052019,-0.0001
2025052019,-0.0001
2025052020,-0.0001
2025052020,-0.0001
2025052020,-0.0001
2025052020,-0.0001
2025052021,-0.0001
2025052021,-0.0001
2025052021,-0.0001
2025052021,-0.0001
2025052022,-0.0001
2025052022,-0.0001
2025052022,-0.0001
2025052022,-0.0001
2025052023,-0.0001
2025052023,-0.0001
2025052023,-0.0001
2025052023,-0.0001
2025052100,0.0
2025052100,-0.0001
2025052100,-0.0001
2025052100,-0.0001
2025052101,-0.0001
2025052101,-0.0001
2025052101,-0.0001
2025052101,-0.0001
2025052102,-0.0001
2025052102,-0.0001
2025052102,-0.0001
2025052102,-0.0001
2025052103,0.32
2025052103,3.93
2025052103,-0.0001
2025052103,-0.0001
2025052104,7.38
2025052104,10.08
2025052104,13.42
2025052104,17.99
2025052105,22.69
2025052105,28.33
2025052105,32.76
2025052105,39.08
2025052106,48.69
2025052106,54.82
2025052106,60.95
2025052106,73.42
2025052107,93.16
2025052107,88.36
2025052107,32.09
2025052107,59.18
2025052108,167.59
2025052108,171.19
2025052108,173.14
2025052108,182.36
2025052109,155.53
2025052109,150.81
2025052109,147.21
2025052109,147.57
2025052110,150.17
2025052110,149.61
2025052110,149.3
2025052110,143.24
2025052111,127.94
2025052111,128.95
2025052111,128.86
2025052111,99.45
2025052112,58.63
2025052112,44.95
2025052112,57.35
2025052112,59.44
2025052113,51.33
2025052113,59.97
2025052113,49.41
2025052113,27.07
2025052114,0.69
2025052114,0.0
2025052114,8.08
2025052114,92.4
2025052115,19.27
2025052115,55.08
2025052115,7.6
2025052115,0.0
2025052116,-0.0001
2025052116,-0.0001
2025052116,-0.0001
2025052116,-0.0001
2025052117,-0.0001
2025052117,-0.0001
2025052117,-0.0001
2025052117,-0.0001
2025052118,-0.0001
2025052118,-0.0001
2025052118,-0.0001
2025052118,-0.0001
2025052119,-0.0001
2025052119,-0.0001
2025052119,-0.0001
2025052119,-0.0001
2025052120,-0.0001
2025052120,-0.0001
2025052120,-0.0001
2025052120,-0.0001
2025052121,-0.0001
2025052121,-0.0001
2025052121,-0.0001
2025052121,-0.0001
2025052122,-0.0001
2025052122,-0.0001
2025052122,-0.0001
2025052122,-0.0001
2025052123,-0.0001
2025052123,-0.0001
2025052123,-0.0001
2025052123,-0.0001
2025052200,0.0
2025052200,-0.0001
2025052200,-0.0001
2025052200,-0.0001
2025052201,-0.0001
2025052201,-0.0001
2025052201,-0.0001
2025052201,-0.0001
2025052202,-0.0001
2025052202,-0.0001
2025052202,-0.0001
2025052202,-0.0001
2025052203,-0.0001
2025052203,-0.0001
2025052203,-0.0001
2025052203,-0.0001
2025052204,-0.0001
2025052204,-0.0001
2025052204,-0.0001
2025052204,-0.0001
2025052205,-0.0001
2025052205,-0.0001
2025052205,-0.0001
2025052205,-0.0001
2025052206,-0.0001
2025052206,-0.0001
2025052206,-0.0001
2025052206,-0.0001
2025052207,-0.0001
2025052207,-0.0001
2025052207,-0.0001
2025052207,-0.0001
2025052208,54.26
2025052208,63.58
2025052208,63.63
2025052208,63.36
2025052209,63.62
2025052209,77.99
2025052209,41.77
2025052209,3.8
2025052210,69.49
2025052210,79.89
2025052210,79.83
2025052210,79.54
2025052211,6.57
2025052211,0.0
2025052211,-0.0001
2025052211,-0.0001
2025052212,-0.0001
2025052212,-0.0001
2025052212,-0.0001
2025052212,-0.0001
2025052213,0.59
2025052213,35.44
2025052213,40.47
2025052213,36.4
2025052214,50.35
2025052214,44.55
2025052214,16.06
2025052214,50.09
2025052215,80.02
2025052215,64.65
2025052215,49.12
2025052215,54.19
2025052216,72.27
2025052216,60.97
2025052216,57.0
2025052216,29.6
2025052217,38.89
2025052217,4.21
2025052217,0.0
2025052217,-0.0001
2025052218,3.27
2025052218,2.06
2025052218,0.0
2025052218,-0.0001
2025052219,-0.0001
2025052219,-0.0001
2025052219,-0.0001
2025052219,-0.0001
2025052220,-0.0001
2025052220,-0.0001
2025052220,-0.0001
2025052220,-0.0001
2025052221,-0.0001
2025052221,-0.0001
2025052221,-0.0001
2025052221,-0.0001
2025052222,-0.0001
2025052222,-0.0001
2025052222,-0.0001
2025052222,-0.0001
2025052223,-0.0001
2025052223,-0.0001
2025052223,-0.0001
2025052223,-0.0001
2025052300,0.0
2025052300,-0.0001
2025052300,-0.0001
2025052300,-0.0001
2025052301,-0.0001
2025052301,-0.0001
2025052301,-0.0001
2025052301,-0.0001
2025052302,-0.0001
2025052302,-0.0001
2025052302,-0.0001
2025052302,-0.0001
2025052303,-0.0001
2025052303,-0.0001
2025052303,-0.0001
2025052303,-0.0001
2025052304,1.79
2025052304,-0.0001
2025052304,-0.0001
2025052304,-0.0001
2025052305,14.9
2025052305,24.44
2025052305,38.01
2025052305,53.96
2025052306,71.5
2025052306,87.27
2025052306,105.31
2025052306,118.86
2025052307,133.77
2025052307,33.04
2025052307,111.88
2025052307,14.71
2025052308,89.65
2025052308,19.27
2025052308,0.0
2025052308,-0.0001
2025052309,11.93
2025052309,148.09
2025052309,136.53
2025052309,103.88
2025052310,113.29
2025052310,102.32
2025052310,72.52
2025052310,6.94
2025052311,0.0
2025052311,0.09
2025052311,-0.0001
2025052311,-0.0001
2025052312,9.06
2025052312,10.42
2025052312,10.23
2025052312,8.45
2025052313,12.75
2025052313,13.01
2025052313,12.46
2025052313,14.51
2025052314,23.41
2025052314,33.54
2025052314,106.7
2025052314,109.52
2025052315,99.6
2025052315,82.71
2025052315,75.25
2025052315,57.74
2025052316,62.03
2025052316,47.51
2025052316,47.79
2025052316,5.24
2025052317,27.55
2025052317,35.4
2025052317,23.3
2025052317,13.81
2025052318,8.8
2025052318,6.86
2025052318,0.64
2025052318,0.0
2025052319,-0.0001
2025052319,-0.0001
2025052319,-0.0001
2025052319,-0.0001
2025052320,-0.0001
2025052320,-0.0001
2025052320,-0.0001
2025052320,-0.0001
2025052321,-0.0001
2025052321,-0.0001
2025052321,-0.0001
2025052321,-0.0001
2025052322,-0.0001
2025052322,-0.0001
2025052322,-0.0001
2025052322,-0.0001
2025052323,-0.0001
2025052323,-0.0001
2025052323,-0.0001
2025052323,-0.0001
2025052400,0.0
2025052400,-0.0001
2025052400,-0.0001
2025052400,-0.0001
2025052401,-0.0001
2025052401,-0.0001
2025052401,-0.0001
2025052401,-0.0001
2025052402,-0.0001
2025052402,-0.0001
2025052402,-0.0001
2025052402,-0.0001
2025052403,-0.0001
2025052403,-0.0001
2025052403,-0.0001
2025052403,-0.0001
2025052404,0.05
2025052404,6.77
2025052404,17.69
2025052404,-0.0001
2025052405,19.66
2025052405,39.18
2025052405,37.38
2025052405,33.68
2025052406,45.8
2025052406,50.73
2025052406,77.96
2025052406,6.23
2025052407,0.0
2025052407,-0.0001
2025052407,-0.0001
2025052407,-0.0001
2025052408,-0.0001
2025052408,-0.0001
2025052408,-0.0001
2025052408,-0.0001
2025052409,-0.0001
2025052409,-0.0001
2025052409,-0.0001
2025052409,-0.0001
2025052410,-0.0001
2025052410,-0.0001
2025052410,-0.0001
2025052410,-0.0001
2025052411,-0.0001
2025052411,-0.0001
2025052411,-0.0001
2025052411,-0.0001
2025052412,-0.0001
2025052412,-0.0001
2025052412,-0.0001
2025052412,-0.0001
2025052413,-0.0001
2025052413,-0.0001
2025052413,-0.0001
2025052413,-0.0001
2025052414,4.73
2025052414,-0.0001
2025052414,-0.0001
2025052414,-0.0001
2025052415,3.43
2025052415,18.48
2025052415,7.4
2025052415,56.35
2025052416,49.02
2025052416,33.96
2025052416,13.15
2025052416,0.54
2025052417,10.66
2025052417,13.31
2025052417,10.76
2025052417,5.76
2025052418,6.49
2025052418,0.87
2025052418,0.0
2025052418,-0.0001
2025052419,-0.0001
2025052419,-0.0001
2025052419,-0.0001
2025052419,-0.0001
2025052420,-0.0001
2025052420,-0.0001
2025052420,-0.0001
2025052420,-0.0001
2025052421,-0.0001
2025052421,-0.0001
2025052421,-0.0001
2025052421,-0.0001
2025052422,-0.0001
2025052422,-0.0001
2025052422,-0.0001
2025052422,-0.0001
2025052423,-0.0001
2025052423,-0.0001
2025052423,-0.0001
2025052423,-0.0001
2025052500,0.0
2025052500,-0.0001
2025052500,-0.0001
2025052500,-0.0001
2025052501,-0.0001
2025052501,-0.0001
2025052501,-0.0001
2025052501,-0.0001
2025052502,-0.0001
2025052502,-0.0001
2025052502,-0.0001
2025052502,-0.0001
2025052503,-0.0001
2025052503,-0.0001
2025052503,-0.0001
2025052503,-0.0001
2025052504,-0.0001
2025052504,-0.0001
2025052504,-0.0001
2025052504,-0.0001
2025052505,-0.0001
2025052505,-0.0001
2025052505,-0.0001
2025052505,-0.0001
2025052506,-0.0001
2025052506,-0.0001
2025052506,-0.0001
2025052506,-0.0001
2025052507,-0.0001
2025052507,-0.0001
2025052507,-0.0001
2025052507,-0.0001
2025052508,-0.0001
2025052508,-0.0001
2025052508,-0.0001
2025052508,-0.0001
2025052509,-0.0001
2025052509,-0.0001
2025052509,-0.0001
2025052509,-0.0001
2025052510,-0.0001
2025052510,-0.0001
2025052510,-0.0001
2025052510,-0.0001
2025052511,-0.0001
2025052511,-0.0001
2025052511,-0.0001
2025052511,-0.0001
2025052512,-0.0001
2025052512,-0.0001
2025052512,-0.0001
2025052512,-0.0001
2025052513,-0.0001
2025052513,-0.0001
2025052513,-0.0001
2025052513,-0.0001
2025052514,-0.0001
2025052514,-0.0001
2025052514,-0.0001
2025052514,-0.0001
2025052515,-0.0001
2025052515,-0.0001
2025052515,-0.0001
2025052515,-0.0001
2025052516,10.8
2025052516,10.19
2025052516,10.49
2025052516,10.24
2025052517,6.11
2025052517,9.75
2025052517,20.12
2025052517,10.56
2025052518,6.18
2025052518,1.55
2025052518,2.32
2025052518,0.0
2025052519,-0.0001
2025052519,-0.0001
2025052519,-0.0001
2025052519,-0.0001
2025052520,-0.0001
2025052520,-0.0001
2025052520,-0.0001
2025052520,-0.0001
2025052521,-0.0001
2025052521,-0.0001
2025052521,-0.0001
2025052521,-0.0001
2025052522,-0.0001
2025052522,-0.0001
2025052522,-0.0001
2025052522,-0.0001
2025052523,-0.0001
2025052523,-0.0001
2025052523,-0.0001
2025052523,-0.0001
2025052600,0.0
2025052600,-0.0001
2025052600,-0.0001
2025052600,-0.0001
2025052601,-0.0001
2025052601,-0.0001
2025052601,-0.0001
2025052601,-0.0001
2025052602,-0.0001
2025052602,-0.0001
2025052602,-0.0001
2025052602,-0.0001
2025052603,-0.0001
2025052603,-0.0001
2025052603,-0.0001
2025052603,-0.0001
2025052604,0.35
2025052604,6.08
2025052604,17.22
2025052604,-0.0001
2025052605,20.47
2025052605,30.9
2025052605,46.02
2025052605,63.83
2025052606,81.15
2025052606,100.19
2025052606,106.98
2025052606,125.17
2025052607,129.72
2025052607,143.36
2025052607,64.13
2025052607,99.55
2025052608,176.51
2025052608,89.79
2025052608,27.92
2025052608,1.36
2025052609,4.39
2025052609,0.0
2025052609,-0.0001
2025052609,-0.0001
2025052610,-0.0001
2025052610,-0.0001
2025052610,-0.0001
2025052610,-0.0001
2025052611,-0.0001
2025052611,-0.0001
2025052611,-0.0001
2025052611,-0.0001
2025052612,-0.0001
2025052612,-0.0001
2025052612,-0.0001
2025052612,-0.0001
2025052613,-0.0001
2025052613,-0.0001
2025052613,-0.0001
2025052613,-0.0001
2025052614,-0.0001
2025052614,-0.0001
2025052614,-0.0001
2025052614,-0.0001
2025052615,13.02
2025052615,113.99
2025052615,122.43
2025052615,111.94
2025052616,20.41
2025052616,0.0
2025052616,-0.0001
2025052616,-0.0001
2025052617,3.46
2025052617,24.2
2025052617,16.02
2025052617,13.83
2025052618,21.75
2025052618,26.15
2025052618,10.47
2025052618,2.94
2025052619,0.0
2025052619,-0.0001
2025052619,-0.0001
2025052619,-0.0001
2025052620,-0.0001
2025052620,-0.0001
2025052620,-0.0001
2025052620,-0.0001
2025052621,-0.0001
2025052621,-0.0001
2025052621,-0.0001
2025052621,-0.0001
2025052622,-0.0001
2025052622,-0.0001
2025052622,-0.0001
2025052622,-0.0001
2025052623,-0.0001
2025052623,-0.0001
2025052623,-0.0001
2025052623,-0.0001
2025052700,0.0
2025052700,-0.0001
2025052700,-0.0001
2025052700,-0.0001
2025052701,-0.0001
2025052701,-0.0001
2025052701,-0.0001
2025052701,-0.0001
2025052702,-0.0001
2025052702,-0.0001
2025052702,-0.0001
2025052702,-0.0001
2025052703,1.2
2025052703,-0.0001
2025052703,-0.0001
2025052703,-0.0001
2025052704,9.95
2025052704,7.99
2025052704,12.88
2025052704,24.88
2025052705,32.97
2025052705,39.77
2025052705,17.32
2025052705,14.32
2025052706,26.17
2025052706,26.94
2025052706,21.32
2025052706,16.02
2025052707,2.28
2025052707,1.34
2025052707,32.39
2025052707,30.37
2025052708,25.52
2025052708,2.66
2025052708,15.62
2025052708,31.27
2025052709,28.45
2025052709,31.4
2025052709,40.23
2025052709,6.7
2025052710,16.64
2025052710,3.69
2025052710,16.81
2025052710,3.62
2025052711,17.51
2025052711,19.49
2025052711,18.52
2025052711,2.31
2025052712,0.0
2025052712,1.41
2025052712,16.73
2025052712,15.57
2025052713,164.6
2025052713,139.01
2025052713,169.63
2025052713,179.24
2025052714,101.28
2025052714,134.54
2025052714,137.06
2025052714,119.66
2025052715,153.81
2025052715,84.67
2025052715,76.99
2025052715,80.98
2025052716,93.39
2025052716,53.82
2025052716,34.65
2025052716,30.91
2025052717,27.26
2025052717,22.56
2025052717,17.44
2025052717,9.98
2025052718,8.97
2025052718,6.06
2025052718,4.85
2025052718,0.23
2025052719,0.0
2025052719,-0.0001
2025052719,-0.0001
2025052719,-0.0001
2025052720,-0.0001
2025052720,-0.0001
2025052720,-0.0001
2025052720,-0.0001
2025052721,-0.0001
2025052721,-0.0001
2025052721,-0.0001
2025052721,-0.0001
2025052722,-0.0001
2025052722,-0.0001
2025052722,-0.0001
2025052722,-0.0001
2025052723,-0.0001
2025052723,-0.0001
2025052723,-0.0001
2025052723,-0.0001
2025052800,0.0
2025052800,-0.0001
2025052800,-0.0001
2025052800,-0.0001
2025052801,-0.0001
2025052801,-0.0001
2025052801,-0.0001
2025052801,-0.0001
2025052802,-0.0001
2025052802,-0.0001
2025052802,-0.0001
2025052802,-0.0001
2025052803,0.81
2025052803,-0.0001
2025052803,-0.0001
2025052803,-0.0001
2025052804,4.28
2025052804,6.06
2025052804,7.0
2025052804,6.78
2025052805,7.21
2025052805,9.23
2025052805,10.68
2025052805,11.22
2025052806,13.33
2025052806,16.79
2025052806,20.92
2025052806,28.77
2025052807,49.25
2025052807,52.64
2025052807,55.89
2025052807,61.62
2025052808,53.02
2025052808,53.67
2025052808,64.81
2025052808,49.08
2025052809,46.31
2025052809,63.5
2025052809,64.07
2025052809,51.81
2025052810,34.37
2025052810,33.49
2025052810,43.48
2025052810,49.37
2025052811,52.61
2025052811,55.47
2025052811,88.92
2025052811,135.87
2025052812,106.51
2025052812,135.73
2025052812,196.34
2025052812,22.51
2025052813,89.4
2025052813,180.77
2025052813,118.2
2025052813,13.66
2025052814,25.38
2025052814,71.03
2025052814,31.82
2025052814,25.01
2025052815,53.43
2025052815,83.3
2025052815,138.38
2025052815,122.62
2025052816,33.2
2025052816,8.72
2025052816,75.76
2025052816,68.38
2025052817,52.37
2025052817,37.8
2025052817,26.0
2025052817,17.56
2025052818,13.13
2025052818,10.5
2025052818,8.07
2025052818,6.23
2025052819,4.65
2025052819,0.85
2025052819,0.0
2025052819,-0.0001
2025052820,-0.0001
2025052820,-0.0001
2025052820,-0.0001
2025052820,-0.0001
2025052821,-0.0001
2025052821,-0.0001
2025052821,-0.0001
2025052821,-0.0001
2025052822,-0.0001
2025052822,-0.0001
2025052822,-0.0001
2025052822,-0.0001
2025052823,-0.0001
2025052823,-0.0001
2025052823,-0.0001
2025052823,-0.0001
2025052900,0.0
2025052900,-0.0001
2025052900,-0.0001
2025052900,-0.0001
2025052901,-0.0001
2025052901,-0.0001
2025052901,-0.0001
2025052901,-0.0001
2025052902,-0.0001
2025052902,-0.0001
2025052902,-0.0001
2025052902,-0.0001
2025052903,2.61
2025052903,5.39
2025052903,7.74
2025052903,-0.0001
2025052904,10.35
2025052904,12.52
2025052904,15.0
2025052904,20.87
2025052905,30.08
2025052905,43.47
2025052905,57.98
2025052905,70.16
2025052906,90.7
2025052906,106.04
2025052906,107.65
2025052906,121.64
2025052907,146.5
2025052907,144.8
2025052907,172.36
2025052907,166.82
2025052908,177.65
2025052908,199.65
2025052908,183.52
2025052908,202.74
2025052909,177.42
2025052909,217.95
2025052909,213.04
2025052909,212.98
2025052910,34.57
2025052910,0.0
2025052910,-0.0001
2025052910,-0.0001
2025052911,-0.0001
2025052911,-0.0001
2025052911,-0.0001
2025052911,-0.0001
2025052912,-0.0001
2025052912,-0.0001
2025052912,-0.0001
2025052912,-0.0001
2025052913,-0.0001
2025052913,-0.0001
2025052913,-0.0001
2025052913,-0.0001
2025052914,-0.0001
2025052914,-0.0001
2025052914,-0.0001
2025052914,-0.0001
2025052915,45.02
2025052915,30.31
2025052915,35.17
2025052915,33.89
2025052916,25.65
2025052916,26.12
2025052916,28.58
2025052916,16.47
2025052917,13.13
2025052917,15.06
2025052917,15.55
2025052917,13.46
2025052918,8.75
2025052918,5.02
2025052918,5.14
2025052918,1.81
2025052919,0.0
2025052919,-0.0001
2025052919,-0.0001
2025052919,-0.0001
2025052920,-0.0001
2025052920,-0.0001
2025052920,-0.0001
2025052920,-0.0001
2025052921,-0.0001
2025052921,-0.0001
2025052921,-0.0001
2025052921,-0.0001
2025052922,-0.0001
2025052922,-0.0001
2025052922,-0.0001
2025052922,-0.0001
2025052923,-0.0001
2025052923,-0.0001
2025052923,-0.0001
2025052923,-0.0001
2025053000,0.0
2025053000,-0.0001
2025053000,-0.0001
2025053000,-0.0001
2025053001,-0.0001
2025053001,-0.0001
2025053001,-0.0001
2025053001,-0.0001
2025053002,-0.0001
2025053002,-0.0001
2025053002,-0.0001
2025053002,-0.0001
2025053003,0.43
2025053003,4.63
2025053003,6.89
2025053003,-0.0001
2025053004,10.92
2025053004,15.33
2025053004,15.66
2025053004,13.65
2025053005,16.03
2025053005,17.79
2025053005,19.85
2025053005,20.59
2025053006,5.17
2025053006,5.32
2025053006,43.62
2025053006,43.4
2025053007,33.24
2025053007,3.21
2025053007,0.0
2025053007,-0.0001
2025053008,2.41
2025053008,43.59
2025053008,-0.0001
2025053008,-0.0001
2025053009,34.17
2025053009,39.84
2025053009,40.26
2025053009,29.05
2025053010,15.62
2025053010,19.46
2025053010,19.51
2025053010,19.48
2025053011,1.15
2025053011,0.0
2025053011,-0.0001
2025053011,-0.0001
2025053012,-0.0001
2025053012,-0.0001
2025053012,-0.0001
2025053012,-0.0001
2025053013,24.11
2025053013,27.0
2025053013,25.92
2025053013,28.33
2025053014,1.14
2025053014,0.0
2025053014,-0.0001
2025053014,-0.0001
2025053015,26.47
2025053015,16.41
2025053015,19.38
2025053015,29.4
2025053016,30.19
2025053016,20.73
2025053016,18.65
2025053016,19.44
2025053017,29.19
2025053017,21.17
2025053017,4.01
2025053017,15.72
2025053018,2.88
2025053018,8.7
2025053018,8.75
2025053018,6.85
2025053019,1.07
2025053019,0.0
2025053019,-0.0001
2025053019,-0.0001
2025053020,-0.0001
2025053020,-0.0001
2025053020,-0.0001
2025053020,-0.0001
2025053021,-0.0001
2025053021,-0.0001
2025053021,-0.0001
2025053021,-0.0001
2025053022,-0.0001
2025053022,-0.0001
2025053022,-0.0001
2025053022,-0.0001
2025053023,-0.0001
2025053023,-0.0001
2025053023,-0.0001
2025053023,-0.0001
2025053100,0.0
2025053100,-0.0001
2025053100,-0.0001
2025053100,-0.0001
2025053101,-0.0001
2025053101,-0.0001
2025053101,-0.0001
2025053101,-0.0001
2025053102,-0.0001
2025053102,-0.0001
2025053102,-0.0001
2025053102,-0.0001
2025053103,0.88
2025053103,5.02
2025053103,-0.0001
2025053103,-0.0001
2025053104,8.09
2025053104,9.78
2025053104,11.23
2025053104,17.96
2025053105,26.9
2025053105,30.76
2025053105,29.19
2025053105,33.03
2025053106,42.33
2025053106,44.58
2025053106,59.1
2025053106,72.86
2025053107,42.99
2025053107,3.42
2025053107,0.0
2025053107,2.13
2025053108,31.21
2025053108,4.09
2025053108,15.48
2025053108,1.53
2025053109,0.0
2025053109,-0.0001
2025053109,-0.0001
2025053109,-0.0001
2025053110,-0.0001
2025053110,-0.0001
2025053110,-0.0001
2025053110,-0.0001
2025053111,-0.0001
2025053111,-0.0001
2025053111,-0.0001
2025053111,-0.0001
2025053112,-0.0001
2025053112,-0.0001
2025053112,-0.0001
2025053112,-0.0001
2025053113,-0.0001
2025053113,-0.0001
2025053113,-0.0001
2025053113,-0.0001
2025053114,0.67
2025053114,-0.0001
2025053114,-0.0001
2025053114,-0.0001
2025053115,130.92
2025053115,129.31
2025053115,125.36
2025053115,103.07
2025053116,93.86
2025053116,76.47
2025053116,62.01
2025053116,49.25
2025053117,37.91
2025053117,32.2
2025053117,27.77
2025053117,23.18
2025053118,18.48
2025053118,14.6
2025053118,11.31
2025053118,8.7
2025053119,5.57
2025053119,0.81
2025053119,0.0
2025053119,-0.0001
2025053120,-0.0001
2025053120,-0.0001
2025053120,-0.0001
2025053120,-0.0001
2025053121,-0.0001
2025053121,-0.0001
2025053121,-0.0001
2025053121,-0.0001
2025053122,-0.0001
2025053122,-0.0001
2025053122,-0.0001
2025053122,-0.0001
2025053123,-0.0001
2025053123,-0.0001
2025053123,-0.0001
2025053123,-0.0001
2025060100,0.0
2025060100,-0.0001
2025060100,-0.0001
2025060100,-0.0001
2025060101,-0.0001
2025060101,-0.0001
2025060101,-0.0001
2025060101,-0.0001
2025060102,-0.0001
2025060102,-0.0001
2025060102,-0.0001
2025060102,-0.0001
2025060103,0.29
2025060103,4.33
2025060103,4.42
2025060103,-0.0001
2025060104,7.38
2025060104,10.75
2025060104,14.88
2025060104,20.24
2025060105,24.72
2025060105,28.98
2025060105,33.21
2025060105,23.07
2025060106,28.73
2025060106,28.33
2025060106,35.79
2025060106,8.04
2025060107,0.0
2025060107,-0.0001
2025060107,-0.0001
2025060107,-0.0001
2025060108,-0.0001
2025060108,-0.0001
2025060108,-0.0001
2025060108,-0.0001
2025060109,-0.0001
2025060109,-0.0001
2025060109,-0.0001
2025060109,-0.0001
2025060110,-0.0001
2025060110,-0.0001
2025060110,-0.0001
2025060110,-0.0001
2025060111,-0.0001
2025060111,-0.0001
2025060111,-0.0001
2025060111,-0.0001
2025060112,-0.0001
2025060112,-0.0001
2025060112,-0.0001
2025060112,-0.0001
2025060113,-0.0001
2025060113,-0.0001
2025060113,-0.0001
2025060113,-0.0001
2025060114,9.02
2025060114,-0.0001
2025060114,-0.0001
2025060114,-0.0001
2025060115,41.34
2025060115,49.91
2025060115,58.19
2025060115,59.56
2025060116,69.69
2025060116,64.64
2025060116,67.96
2025060116,73.35
2025060117,61.32
2025060117,47.1
2025060117,31.04
2025060117,19.48
2025060118,3.9
2025060118,0.9
2025060118,12.3
2025060118,9.74
2025060119,8.41
2025060119,5.05
2025060119,0.56
2025060119,0.0
2025060120,-0.0001
2025060120,-0.0001
2025060120,-0.0001
2025060120,-0.0001
2025060121,-0.0001
2025060121,-0.0001
2025060121,-0.0001
2025060121,-0.0001
2025060122,-0.0001
2025060122,-0.0001
2025060122,-0.0001
2025060122,-0.0001
2025060123,-0.0001
2025060123,-0.0001
2025060123,-0.0001
2025060123,-0.0001
2025060200,0.0
2025060200,-0.0001
2025060200,-0.0001
2025060200,-0.0001
2025060201,-0.0001
2025060201,-0.0001
2025060201,-0.0001
2025060201,-0.0001
2025060202,-0.0001
2025060202,-0.0001
2025060202,-0.0001
2025060202,-0.0001
2025060203,0.02
2025060203,1.97
2025060203,4.22
2025060203,5.76
2025060204,10.84
2025060204,11.37
2025060204,18.47
2025060204,22.5
2025060205,26.91
2025060205,40.45
2025060205,39.45
2025060205,44.6
2025060206,80.9
2025060206,43.65
2025060206,44.87
2025060206,40.9
2025060207,53.53
2025060207,74.96
2025060207,59.23
2025060207,62.88
2025060208,94.37
2025060208,134.6
2025060208,178.89
2025060208,165.24
2025060209,178.09
2025060209,155.82
2025060209,178.65
2025060209,161.04
2025060210,115.85
2025060210,106.58
2025060210,67.36
2025060210,81.03
2025060211,203.24
2025060211,151.85
2025060211,181.29
2025060211,179.07
2025060212,147.71
2025060212,159.3
2025060212,130.23
2025060212,6.1
2025060213,0.0
2025060213,-0.0001
2025060213,-0.0001
2025060213,-0.0001
2025060214,-0.0001
2025060214,-0.0001
2025060214,-0.0001
2025060214,-0.0001
2025060215,-0.0001
2025060215,-0.0001
2025060215,-0.0001
2025060215,-0.0001
2025060216,-0.0001
2025060216,-0.0001
2025060216,-0.0001
2025060216,-0.0001
2025060217,0.01
2025060217,0.0
2025060217,11.66
2025060217,-0.0001
2025060218,16.72
2025060218,12.34
2025060218,9.26
2025060218,7.01
2025060219,5.11
2025060219,1.79
2025060219,0.0
2025060219,-0.0001
2025060220,-0.0001
2025060220,-0.0001
2025060220,-0.0001
2025060220,-0.0001
2025060221,-0.0001
2025060221,-0.0001
2025060221,-0.0001
2025060221,-0.0001
2025060222,-0.0001
2025060222,-0.0001
2025060222,-0.0001
2025060222,-0.0001
2025060223,-0.0001
2025060223,-0.0001
2025060223,-0.0001
2025060223,-0.0001
2025060300,0.0
2025060300,-0.0001
2025060300,-0.0001
2025060300,-0.0001
2025060301,-0.0001
2025060301,-0.0001
2025060301,-0.0001
2025060301,-0.0001
2025060302,-0.0001
2025060302,-0.0001
2025060302,-0.0001
2025060302,-0.0001
2025060303,3.06
2025060303,5.19
2025060303,7.41
2025060303,-0.0001
2025060304,10.2
2025060304,13.07
2025060304,16.63
2025060304,23.1
2025060305,32.67
2025060305,45.03
2025060305,59.76
2025060305,72.98
2025060306,90.74
2025060306,107.18
2025060306,117.53
2025060306,51.79
2025060307,141.09
2025060307,157.77
2025060307,49.79
2025060307,31.36
2025060308,31.29
2025060308,31.12
2025060308,30.69
2025060308,-0.0001
2025060309,24.7
2025060309,24.9
2025060309,24.68
2025060309,23.88
2025060310,22.27
2025060310,24.72
2025060310,24.84
2025060310,24.76
2025060311,107.13
2025060311,0.0
2025060311,-0.0001
2025060311,-0.0001
2025060312,-0.0001
2025060312,-0.0001
2025060312,-0.0001
2025060312,-0.0001
2025060313,14.61
2025060313,16.83
2025060313,15.15
2025060313,14.44
2025060314,16.16
2025060314,15.21
2025060314,13.66
2025060314,25.49
2025060315,20.54
2025060315,70.24
2025060315,34.87
2025060315,40.03
2025060316,46.95
2025060316,30.69
2025060316,38.56
2025060316,37.35
2025060317,33.57
2025060317,23.61
2025060317,14.9
2025060317,12.22
2025060318,5.6
2025060318,0.0
2025060318,-0.0001
2025060318,-0.0001
2025060319,-0.0001
2025060319,-0.0001
2025060319,-0.0001
2025060319,-0.0001
2025060320,-0.0001
2025060320,-0.0001
2025060320,-0.0001
2025060320,-0.0001
2025060321,-0.0001
2025060321,-0.0001
2025060321,-0.0001
2025060321,-0.0001
2025060322,-0.0001
2025060322,-0.0001
2025060322,-0.0001
2025060322,-0.0001
2025060323,-0.0001
2025060323,-0.0001
2025060323,-0.0001
2025060323,-0.0001
2025060400,0.0
2025060400,-0.0001
2025060400,-0.0001
2025060400,-0.0001
2025060401,-0.0001
2025060401,-0.0001
2025060401,-0.0001
2025060401,-0.0001
2025060402,-0.0001
2025060402,-0.0001
2025060402,-0.0001
2025060402,-0.0001
2025060403,-0.0001
2025060403,-0.0001
2025060403,-0.0001
2025060403,-0.0001
2025060404,4.7
2025060404,10.33
2025060404,11.31
2025060404,4.03
2025060405,4.7
2025060405,12.91
2025060405,25.89
2025060405,12.95
2025060406,10.79
2025060406,13.67
2025060406,11.05
2025060406,9.67
2025060407,1.19
2025060407,19.53
2025060407,18.87
2025060407,24.45
2025060408,57.76
2025060408,44.21
2025060408,29.38
2025060408,51.65
2025060409,97.95
2025060409,124.69
2025060409,20.7
2025060409,33.27
2025060410,47.13
2025060410,26.64
2025060410,23.05
2025060410,33.41
2025060411,29.94
2025060411,27.87
2025060411,34.8
2025060411,7.86
2025060412,0.0
2025060412,37.36
2025060412,41.05
2025060412,126.06
2025060413,115.83
2025060413,6.82
2025060413,0.0
2025060413,3.06
2025060414,112.76
2025060414,122.1
2025060414,145.15
2025060414,92.05
2025060415,17.67
2025060415,105.09
2025060415,79.07
2025060415,45.85
2025060416,35.89
2025060416,35.85
2025060416,34.17
2025060416,32.92
2025060417,26.85
2025060417,35.34
2025060417,21.1
2025060417,18.57
2025060418,6.15
2025060418,0.72
2025060418,0.0
2025060418,-0.0001
2025060419,-0.0001
2025060419,-0.0001
2025060419,-0.0001
2025060419,-0.0001
2025060420,-0.0001
2025060420,-0.0001
2025060420,-0.0001
2025060420,-0.0001
2025060421,-0.0001
2025060421,-0.0001
2025060421,-0.0001
2025060421,-0.0001
2025060422,-0.0001
2025060422,-0.0001
2025060422,-0.0001
2025060422,-0.0001
2025060423,-0.0001
2025060423,-0.0001
2025060423,-0.0001
2025060423,-0.0001
2025060500,0.0
2025060500,-0.0001
2025060500,-0.0001
2025060500,-0.0001
2025060501,-0.0001
2025060501,-0.0001
2025060501,-0.0001
2025060501,-0.0001
2025060502,-0.0001
2025060502,-0.0001
2025060502,-0.0001
2025060502,-0.0001
2025060503,-0.0001
2025060503,-0.0001
2025060503,-0.0001
2025060503,-0.0001
2025060504,2.39
2025060504,10.05
2025060504,-0.0001
2025060504,-0.0001
2025060505,16.22
2025060505,22.68
2025060505,41.7
2025060505,49.89
2025060506,66.86
2025060506,104.84
2025060506,70.19
2025060506,33.96
2025060507,25.25
2025060507,35.23
2025060507,47.7
2025060507,66.04
2025060508,95.57
2025060508,127.43
2025060508,128.82
2025060508,22.72
2025060509,133.24
2025060509,184.84
2025060509,53.94
2025060509,78.24
2025060510,129.32
2025060510,191.1
2025060510,181.5
2025060510,163.24
2025060511,119.95
2025060511,126.41
2025060511,120.9
2025060511,123.26
2025060512,82.71
2025060512,89.92
2025060512,82.06
2025060512,45.1
2025060513,112.27
2025060513,53.37
2025060513,50.29
2025060513,48.99
2025060514,10.63
2025060514,2.46
2025060514,52.39
2025060514,6.99
2025060515,39.2
2025060515,56.32
2025060515,35.59
2025060515,1.28
2025060516,23.43
2025060516,22.13
2025060516,13.07
2025060516,14.87
2025060517,14.19
2025060517,2.86
2025060517,0.0
2025060517,-0.0001
2025060518,-0.0001
2025060518,-0.0001
2025060518,-0.0001
2025060518,-0.0001
2025060519,-0.0001
2025060519,-0.0001
2025060519,-0.0001
2025060519,-0.0001
2025060520,-0.0001
2025060520,-0.0001
2025060520,-0.0001
2025060520,-0.0001
2025060521,-0.0001
2025060521,-0.0001
2025060521,-0.0001
2025060521,-0.0001
2025060522,-0.0001
2025060522,-0.0001
2025060522,-0.0001
2025060522,-0.0001
2025060523,-0.0001
2025060523,-0.0001
2025060523,-0.0001
2025060523,-0.0001
2025060600,0.0
2025060600,-0.0001
2025060600,-0.0001
2025060600,-0.0001
2025060601,-0.0001
2025060601,-0.0001
2025060601,-0.0001
2025060601,-0.0001
2025060602,-0.0001
2025060602,-0.0001
2025060602,-0.0001
2025060602,-0.0001
2025060603,-0.0001
2025060603,-0.0001
2025060603,-0.0001
2025060603,-0.0001
2025060604,-0.0001
2025060604,-0.0001
2025060604,-0.0001
2025060604,-0.0001
2025060605,-0.0001
2025060605,-0.0001
2025060605,-0.0001
2025060605,-0.0001
2025060606,1.85
2025060606,22.18
2025060606,5.69
2025060606,0.0
2025060607,-0.0001
2025060607,-0.0001
2025060607,-0.0001
2025060607,-0.0001
2025060608,-0.0001
2025060608,-0.0001
2025060608,-0.0001
2025060608,-0.0001
2025060609,-0.0001
2025060609,-0.0001
2025060609,-0.0001
2025060609,-0.0001
2025060610,-0.0001
2025060610,-0.0001
2025060610,-0.0001
2025060610,-0.0001
2025060611,-0.0001
2025060611,-0.0001
2025060611,-0.0001
2025060611,-0.0001
2025060612,-0.0001
2025060612,-0.0001
2025060612,-0.0001
2025060612,-0.0001
2025060613,-0.0001
2025060613,-0.0001
2025060613,-0.0001
2025060613,-0.0001
2025060614,-0.0001
2025060614,-0.0001
2025060614,-0.0001
2025060614,-0.0001
2025060615,2.82
2025060615,15.96
2025060615,-0.0001
2025060615,-0.0001
2025060616,0.0
2025060616,-0.0001
2025060616,-0.0001
2025060616,-0.0001
2025060617,-0.0001
2025060617,-0.0001
2025060617,-0.0001
2025060617,-0.0001
2025060618,-0.0001
2025060618,-0.0001
2025060618,-0.0001
2025060618,-0.0001
2025060619,-0.0001
2025060619,-0.0001
2025060619,-0.0001
2025060619,-0.0001
2025060620,-0.0001
2025060620,-0.0001
2025060620,-0.0001
2025060620,-0.0001
2025060621,-0.0001
2025060621,-0.0001
2025060621,-0.0001
2025060621,-0.0001
2025060622,-0.0001
2025060622,-0.0001
2025060622,-0.0001
2025060622,-0.0001
2025060623,-0.0001
2025060623,-0.0001
2025060623,-0.0001
2025060623,-0.0001
2025060700,0.0
2025060700,-0.0001
2025060700,-0.0001
2025060700,-0.0001
2025060701,-0.0001
2025060701,-0.0001
2025060701,-0.0001
2025060701,-0.0001
2025060702,-0.0001
2025060702,-0.0001
2025060702,-0.0001
2025060702,-0.0001
2025060703,-0.0001
2025060703,-0.0001
2025060703,-0.0001
2025060703,-0.0001
2025060704,-0.0001
2025060704,-0.0001
2025060704,-0.0001
2025060704,-0.0001
2025060705,0.23
2025060705,20.51
2025060705,42.29
2025060705,45.68
2025060706,69.27
2025060706,84.1
2025060706,63.92
2025060706,72.48
2025060707,75.12
2025060707,129.99
2025060707,116.91
2025060707,84.68
2025060708,88.18
2025060708,122.09
2025060708,80.79
2025060708,32.93
2025060709,155.39
2025060709,161.35
2025060709,16.55
2025060709,1.98
2025060710,19.17
2025060710,21.11
2025060710,21.06
2025060710,21.05
2025060711,21.06
2025060711,21.09
2025060711,-0.0001
2025060711,-0.0001
2025060712,1.11
2025060712,0.0
2025060712,-0.0001
2025060712,-0.0001
2025060713,-0.0001
2025060713,-0.0001
2025060713,-0.0001
2025060713,-0.0001
2025060714,7.58
2025060714,3.63
2025060714,7.01
2025060714,5.87
2025060715,8.96
2025060715,13.45
2025060715,14.21
2025060715,14.93
2025060716,4.56
2025060716,12.16
2025060716,29.6
2025060716,29.32
2025060717,11.88
2025060717,11.29
2025060717,0.0
2025060717,-0.0001
2025060718,1.14
2025060718,0.0
2025060718,-0.0001
2025060718,-0.0001
2025060719,-0.0001
2025060719,-0.0001
2025060719,-0.0001
2025060719,-0.0001
2025060720,-0.0001
2025060720,-0.0001
2025060720,-0.0001
2025060720,-0.0001
2025060721,-0.0001
2025060721,-0.0001
2025060721,-0.0001
2025060721,-0.0001
2025060722,-0.0001
2025060722,-0.0001
2025060722,-0.0001
2025060722,-0.0001
2025060723,-0.0001
2025060723,-0.0001
2025060723,-0.0001
2025060723,-0.0001
2025060800,0.0
2025060800,-0.0001
2025060800,-0.0001
2025060800,-0.0001
2025060801,-0.0001
2025060801,-0.0001
2025060801,-0.0001
2025060801,-0.0001
2025060802,-0.0001
2025060802,-0.0001
2025060802,-0.0001
2025060802,-0.0001
2025060803,-0.0001
2025060803,-0.0001
2025060803,-0.0001
2025060803,-0.0001
2025060804,6.91
2025060804,11.29
2025060804,10.25
2025060804,11.48
2025060805,10.54
2025060805,11.87
2025060805,15.79
2025060805,12.18
2025060806,9.2
2025060806,6.15
2025060806,5.47
2025060806,6.44
2025060807,6.32
2025060807,7.34
2025060807,13.64
2025060807,18.08
2025060808,18.1
2025060808,18.16
2025060808,-0.0001
2025060808,-0.0001
2025060809,18.15
2025060809,18.12
2025060809,18.11
2025060809,18.13
2025060810,18.09
2025060810,18.18
2025060810,18.14
2025060810,17.84
2025060811,17.51
2025060811,17.47
2025060811,17.3
2025060811,17.33
2025060812,17.42
2025060812,17.47
2025060812,17.11
2025060812,13.83
2025060813,12.82
2025060813,16.1
2025060813,16.15
2025060813,16.18
2025060814,16.17
2025060814,16.15
2025060814,16.14
2025060814,16.11
2025060815,16.18
2025060815,16.29
2025060815,16.41
2025060815,16.5
2025060816,16.48
2025060816,16.49
2025060816,16.47
2025060816,-0.0001
2025060817,16.4
2025060817,19.21
2025060817,31.23
2025060817,24.2
2025060818,18.69
2025060818,14.11
2025060818,8.94
2025060818,5.98
2025060819,3.06
2025060819,0.58
2025060819,0.0
2025060819,-0.0001
2025060820,-0.0001
2025060820,-0.0001
2025060820,-0.0001
2025060820,-0.0001
2025060821,-0.0001
2025060821,-0.0001
2025060821,-0.0001
2025060821,-0.0001
2025060822,-0.0001
2025060822,-0.0001
2025060822,-0.0001
2025060822,-0.0001
2025060823,-0.0001
2025060823,-0.0001
2025060823,-0.0001
2025060823,-0.0001
2025060900,0.0
2025060900,-0.0001
2025060900,-0.0001
2025060900,-0.0001
2025060901,-0.0001
2025060901,-0.0001
2025060901,-0.0001
2025060901,-0.0001
2025060902,-0.0001
2025060902,-0.0001
2025060902,-0.0001
2025060902,-0.0001
2025060903,0.47
2025060903,3.72
2025060903,-0.0001
2025060903,-0.0001
2025060904,1.47
2025060904,13.64
2025060904,18.17
2025060904,25.43
2025060905,32.96
2025060905,38.18
2025060905,43.01
2025060905,47.44
2025060906,54.9
2025060906,83.43
2025060906,103.43
2025060906,17.05
2025060907,0.0
2025060907,-0.0001
2025060907,-0.0001
2025060907,-0.0001
2025060908,-0.0001
2025060908,-0.0001
2025060908,-0.0001
2025060908,-0.0001
2025060909,-0.0001
2025060909,-0.0001
2025060909,-0.0001
2025060909,-0.0001
2025060910,0.22
2025060910,-0.0001
2025060910,-0.0001
2025060910,-0.0001
2025060911,1.08
2025060911,0.83
2025060911,1.07
2025060911,-0.0001
2025060912,1.11
2025060912,1.07
2025060912,0.83
2025060912,0.78
2025060913,0.42
2025060913,0.0
2025060913,-0.0001
2025060913,-0.0001
2025060914,-0.0001
2025060914,-0.0001
2025060914,-0.0001
2025060914,-0.0001
2025060915,-0.0001
2025060915,-0.0001
2025060915,-0.0001
2025060915,-0.0001
2025060916,24.92
2025060916,51.35
2025060916,48.42
2025060916,49.73
2025060917,51.13
2025060917,43.37
2025060917,34.4
2025060917,27.88
2025060918,21.98
2025060918,15.21
2025060918,11.46
2025060918,6.05
2025060919,1.58
2025060919,0.0
2025060919,-0.0001
2025060919,-0.0001
2025060920,-0.0001
2025060920,-0.0001
2025060920,-0.0001
2025060920,-0.0001
2025060921,-0.0001
2025060921,-0.0001
2025060921,-0.0001
2025060921,-0.0001
2025060922,-0.0001
2025060922,-0.0001
2025060922,-0.0001
2025060922,-0.0001
2025060923,-0.0001
2025060923,-0.0001
2025060923,-0.0001
2025060923,-0.0001
2025061000,0.0
2025061000,-0.0001
2025061000,-0.0001
2025061000,-0.0001
2025061001,-0.0001
2025061001,-0.0001
2025061001,-0.0001
2025061001,-0.0001
2025061002,-0.0001
2025061002,-0.0001
2025061002,-0.0001
2025061002,-0.0001
2025061003,-0.0001
2025061003,-0.0001
2025061003,-0.0001
2025061003,-0.0001
2025061004,7.1
2025061004,6.97
2025061004,9.19
2025061004,-0.0001
2025061005,7.24
2025061005,11.98
2025061005,11.36
2025061005,18.99
2025061006,17.02
2025061006,24.69
2025061006,29.22
2025061006,34.63
2025061007,43.44
2025061007,28.14
2025061007,63.66
2025061007,25.2
2025061008,-0.0001
2025061008,-0.0001
2025061008,-0.0001
2025061008,-0.0001
2025061009,-0.0001
2025061009,-0.0001
2025061009,-0.0001
2025061009,-0.0001
2025061010,-0.0001
2025061010,-0.0001
2025061010,-0.0001
2025061010,-0.0001
2025061011,-0.0001
2025061011,-0.0001
2025061011,-0.0001
2025061011,-0.0001
2025061012,-0.0001
2025061012,-0.0001
2025061012,-0.0001
2025061012,-0.0001
2025061013,-0.0001
2025061013,-0.0001
2025061013,-0.0001
2025061013,-0.0001
2025061014,-0.0001
2025061014,-0.0001
2025061014,-0.0001
2025061014,-0.0001
2025061015,-0.0001
2025061015,-0.0001
2025061015,-0.0001
2025061015,-0.0001
2025061016,-0.0001
2025061016,-0.0001
2025061016,-0.0001
2025061016,-0.0001
2025061017,-0.0001
2025061017,-0.0001
2025061017,-0.0001
2025061017,-0.0001
2025061018,-0.0001
2025061018,-0.0001
2025061018,-0.0001
2025061018,-0.0001
2025061019,-0.0001
2025061019,-0.0001
2025061019,-0.0001
2025061019,-0.0001
2025061020,-0.0001
2025061020,-0.0001
2025061020,-0.0001
2025061020,-0.0001
2025061021,-0.0001
2025061021,-0.0001
2025061021,-0.0001
2025061021,-0.0001
2025061022,-0.0001
2025061022,-0.0001
2025061022,-0.0001
2025061022,-0.0001
2025061023,-0.0001
2025061023,-0.0001
2025061023,-0.0001
2025061023,-0.0001
2025061100,0.0
2025061100,-0.0001
2025061100,-0.0001
2025061100,-0.0001
2025061101,-0.0001
2025061101,-0.0001
2025061101,-0.0001
2025061101,-0.0001
2025061102,-0.0001
2025061102,-0.0001
2025061102,-0.0001
2025061102,-0.0001
2025061103,1.16
2025061103,4.95
2025061103,7.97
2025061103,-0.0001
2025061104,7.09
2025061104,9.94
2025061104,17.47
2025061104,19.92
2025061105,22.41
2025061105,34.87
2025061105,48.64
2025061105,47.1
2025061106,80.3
2025061106,77.1
2025061106,95.77
2025061106,91.24
2025061107,63.91
2025061107,78.06
2025061107,18.09
2025061107,17.45
2025061108,64.21
2025061108,26.49
2025061108,47.92
2025061108,17.42
2025061109,14.49
2025061109,14.37
2025061109,8.62
2025061109,4.8
2025061110,4.72
2025061110,4.7
2025061110,10.42
2025061110,6.0
2025061111,4.58
2025061111,7.53
2025061111,10.72
2025061111,5.49
2025061112,6.35
2025061112,7.32
2025061112,4.35
2025061112,15.23
2025061113,99.89
2025061113,0.0
2025061113,17.32
2025061113,22.36
2025061114,30.83
2025061114,108.75
2025061114,36.32
2025061114,43.23
2025061115,37.94
2025061115,151.02
2025061115,140.14
2025061115,61.73
2025061116,12.97
2025061116,9.45
2025061116,17.67
2025061116,65.54
2025061117,51.46
2025061117,38.57
2025061117,28.69
2025061117,24.34
2025061118,17.5
2025061118,14.01
2025061118,11.61
2025061118,8.8
2025061119,6.54
2025061119,4.37
2025061119,0.23
2025061119,0.0
2025061120,-0.0001
2025061120,-0.0001
2025061120,-0.0001
2025061120,-0.0001
2025061121,-0.0001
2025061121,-0.0001
2025061121,-0.0001
2025061121,-0.0001
2025061122,-0.0001
2025061122,-0.0001
2025061122,-0.0001
2025061122,-0.0001
2025061123,-0.0001
2025061123,-0.0001
2025061123,-0.0001
2025061123,-0.0001
2025061200,0.0
2025061200,-0.0001
2025061200,-0.0001
2025061200,-0.0001
2025061201,-0.0001
2025061201,-0.0001
2025061201,-0.0001
2025061201,-0.0001
2025061202,-0.0001
2025061202,-0.0001
2025061202,-0.0001
2025061202,-0.0001
2025061203,-0.0001
2025061203,-0.0001
2025061203,-0.0001
2025061203,-0.0001
2025061204,0.01
2025061204,3.43
2025061204,6.48
2025061204,12.71
2025061205,21.96
2025061205,33.9
2025061205,48.2
2025061205,63.05
2025061206,77.45
2025061206,92.25
2025061206,106.93
2025061206,120.7
2025061207,134.38
2025061207,147.33
2025061207,160.16
2025061207,170.59
2025061208,40.75
2025061208,11.37
2025061208,11.73
2025061208,11.37
2025061209,11.49
2025061209,11.45
2025061209,13.26
2025061209,13.58
2025061210,13.3
2025061210,11.69
2025061210,11.38
2025061210,11.45
2025061211,11.5
2025061211,11.45
2025061211,11.27
2025061211,11.3
2025061212,11.75
2025061212,13.59
2025061212,13.5
2025061212,-0.0001
2025061213,13.36
2025061213,13.35
2025061213,13.39
2025061213,9.77
2025061214,10.46
2025061214,10.54
2025061214,10.62
2025061214,10.6
2025061215,19.14
2025061215,139.34
2025061215,137.44
2025061215,123.29
2025061216,36.35
2025061216,52.81
2025061216,77.31
2025061216,62.13
2025061217,46.87
2025061217,32.73
2025061217,20.59
2025061217,11.3
2025061218,5.45
2025061218,0.88
2025061218,0.0
2025061218,-0.0001
2025061219,-0.0001
2025061219,-0.0001
2025061219,-0.0001
2025061219,-0.0001
2025061220,-0.0001
2025061220,-0.0001
2025061220,-0.0001
2025061220,-0.0001
2025061221,-0.0001
2025061221,-0.0001
2025061221,-0.0001
2025061221,-0.0001
2025061222,-0.0001
2025061222,-0.0001
2025061222,-0.0001
2025061222,-0.0001
2025061223,-0.0001
2025061223,-0.0001
2025061223,-0.0001
2025061223,-0.0001
2025061300,0.0
2025061300,-0.0001
2025061300,-0.0001
2025061300,-0.0001
2025061301,-0.0001
2025061301,-0.0001
2025061301,-0.0001
2025061301,-0.0001
2025061302,-0.0001
2025061302,-0.0001
2025061302,-0.0001
2025061302,-0.0001
2025061303,-0.0001
2025061303,-0.0001
2025061303,-0.0001
2025061303,-0.0001
2025061304,3.42
2025061304,6.93
2025061304,12.96
2025061304,-0.0001
2025061305,22.03
2025061305,33.95
2025061305,47.41
2025061305,61.49
2025061306,79.28
2025061306,93.38
2025061306,102.28
2025061306,22.31
2025061307,8.92
2025061307,13.25
2025061307,11.12
2025061307,11.59
2025061308,8.68
2025061308,8.69
2025061308,8.75
2025061308,-0.0001
2025061309,8.7
2025061309,8.47
2025061309,8.48
2025061309,8.49
2025061310,8.53
2025061310,8.6
2025061310,8.59
2025061310,-0.0001
2025061311,8.56
2025061311,8.58
2025061311,8.57
2025061311,8.59
2025061312,8.54
2025061312,6.09
2025061312,6.06
2025061312,6.07
2025061313,6.13
2025061313,5.96
2025061313,4.33
2025061313,2.91
2025061314,0.17
2025061314,0.03
2025061314,0.0
2025061314,-0.0001
2025061315,8.33
2025061315,95.56
2025061315,122.84
2025061315,113.44
2025061316,27.17
2025061316,76.86
2025061316,69.76
2025061316,13.01
2025061317,1.36
2025061317,25.91
2025061317,15.26
2025061317,7.26
2025061318,0.72
2025061318,0.0
2025061318,-0.0001
2025061318,-0.0001
2025061319,-0.0001
2025061319,-0.0001
2025061319,-0.0001
2025061319,-0.0001
2025061320,-0.0001
2025061320,-0.0001
2025061320,-0.0001
2025061320,-0.0001
2025061321,-0.0001
2025061321,-0.0001
2025061321,-0.0001
2025061321,-0.0001
2025061322,-0.0001
2025061322,-0.0001
2025061322,-0.0001
2025061322,-0.0001
2025061323,-0.0001
2025061323,-0.0001
2025061323,-0.0001
2025061323,-0.0001
2025061400,0.0
2025061400,-0.0001
2025061400,-0.0001
2025061400,-0.0001
2025061401,-0.0001
2025061401,-0.0001
2025061401,-0.0001
2025061401,-0.0001
2025061402,-0.0001
2025061402,-0.0001
2025061402,-0.0001
2025061402,-0.0001
2025061403,-0.0001
2025061403,-0.0001
2025061403,-0.0001
2025061403,-0.0001
2025061404,3.6
2025061404,7.65
2025061404,13.33
2025061404,23.36
2025061405,36.91
2025061405,48.9
2025061405,59.76
2025061405,52.56
2025061406,64.36
2025061406,79.83
2025061406,102.62
2025061406,111.2
2025061407,20.51
2025061407,10.03
2025061407,9.93
2025061407,5.44
2025061408,0.04
2025061408,0.02
2025061408,0.06
2025061408,0.13
2025061409,0.04
2025061409,0.41
2025061409,1.12
2025061409,9.32
2025061410,9.08
2025061410,1.15
2025061410,8.57
2025061410,1.36
2025061411,0.01
2025061411,0.0
2025061411,-0.0001
2025061411,-0.0001
2025061412,-0.0001
2025061412,-0.0001
2025061412,-0.0001
2025061412,-0.0001
2025061413,3.37
2025061413,3.66
2025061413,2.06
2025061413,0.13
2025061414,10.19
2025061414,25.55
2025061414,2.43
2025061414,8.9
2025061415,55.34
2025061415,78.88
2025061415,87.6
2025061415,120.71
2025061416,98.69
2025061416,98.83
2025061416,55.4
2025061416,82.28
2025061417,59.59
2025061417,24.34
2025061417,23.69
2025061417,14.91
2025061418,14.6
2025061418,10.75
2025061418,4.46
2025061418,0.0
2025061419,-0.0001
2025061419,-0.0001
2025061419,-0.0001
2025061419,-0.0001
2025061420,-0.0001
2025061420,-0.0001
2025061420,-0.0001
2025061420,-0.0001
2025061421,-0.0001
2025061421,-0.0001
2025061421,-0.0001
2025061421,-0.0001
2025061422,-0.0001
2025061422,-0.0001
2025061422,-0.0001
2025061422,-0.0001
2025061423,-0.0001
2025061423,-0.0001
2025061423,-0.0001
2025061423,-0.0001
2025061500,0.0
2025061500,-0.0001
2025061500,-0.0001
2025061500,-0.0001
2025061501,-0.0001
2025061501,-0.0001
2025061501,-0.0001
2025061501,-0.0001
2025061502,-0.0001
2025061502,-0.0001
2025061502,-0.0001
2025061502,-0.0001
2025061503,-0.0001
2025061503,-0.0001
2025061503,-0.0001
2025061503,-0.0001
2025061504,3.96
2025061504,-0.0001
2025061504,-0.0001
2025061504,-0.0001
2025061505,16.68
2025061505,17.47
2025061505,35.86
2025061505,44.51
2025061506,68.79
2025061506,40.26
2025061506,79.62
2025061506,72.08
2025061507,26.72
2025061507,55.0
2025061507,81.19
2025061507,44.03
2025061508,0.16
2025061508,14.84
2025061508,21.8
2025061508,21.85
2025061509,20.94
2025061509,3.4
2025061509,0.01
2025061509,5.61
2025061510,4.05
2025061510,0.04
2025061510,0.08
2025061510,0.04
2025061511,0.03
2025061511,0.05
2025061511,0.02
2025061511,-0.0001
2025061512,0.0
2025061512,0.34
2025061512,-0.0001
2025061512,-0.0001
2025061513,8.33
2025061513,11.62
2025061513,11.65
2025061513,11.55
2025061514,26.33
2025061514,30.92
2025061514,32.38
2025061514,51.33
2025061515,91.05
2025061515,68.11
2025061515,62.67
2025061515,71.11
2025061516,54.15
2025061516,50.59
2025061516,33.57
2025061516,48.96
2025061517,42.59
2025061517,25.64
2025061517,24.13
2025061517,14.57
2025061518,7.94
2025061518,7.73
2025061518,1.47
2025061518,0.0
2025061519,-0.0001
2025061519,-0.0001
2025061519,-0.0001
2025061519,-0.0001
2025061520,-0.0001
2025061520,-0.0001
2025061520,-0.0001
2025061520,-0.0001
2025061521,-0.0001
2025061521,-0.0001
2025061521,-0.0001
2025061521,-0.0001
2025061522,-0.0001
2025061522,-0.0001
2025061522,-0.0001
2025061522,-0.0001
2025061523,-0.0001
2025061523,-0.0001
2025061523,-0.0001
2025061523,-0.0001
2025061600,0.0
2025061600,-0.0001
2025061600,-0.0001
2025061600,-0.0001
2025061601,-0.0001
2025061601,-0.0001
2025061601,-0.0001
2025061601,-0.0001
2025061602,-0.0001
2025061602,-0.0001
2025061602,-0.0001
2025061602,-0.0001
2025061603,-0.0001
2025061603,-0.0001
2025061603,-0.0001
2025061603,-0.0001
2025061604,7.54
2025061604,-0.0001
2025061604,-0.0001
2025061604,-0.0001
2025061605,12.38
2025061605,22.97
2025061605,31.23
2025061605,43.74
2025061606,47.47
2025061606,70.16
2025061606,84.22
2025061606,63.11
2025061607,99.64
2025061607,105.57
2025061607,73.05
2025061607,147.07
2025061608,155.52
2025061608,164.82
2025061608,160.66
2025061608,165.71
2025061609,155.05
2025061609,185.67
2025061609,159.73
2025061609,138.16
2025061610,19.9
2025061610,17.84
2025061610,5.07
2025061610,0.58
2025061611,29.63
2025061611,33.78
2025061611,33.08
2025061611,18.26
2025061612,32.14
2025061612,33.94
2025061612,33.85
2025061612,33.77
2025061613,33.83
2025061613,33.79
2025061613,33.83
2025061613,32.97
2025061614,17.93
2025061614,14.89
2025061614,14.58
2025061614,14.14
2025061615,21.95
2025061615,77.71
2025061615,91.41
2025061615,77.77
2025061616,61.31
2025061616,50.34
2025061616,24.18
2025061616,17.04
2025061617,9.81
2025061617,3.51
2025061617,4.24
2025061617,6.13
2025061618,2.58
2025061618,0.0
2025061618,-0.0001
2025061618,-0.0001
2025061619,-0.0001
2025061619,-0.0001
2025061619,-0.0001
2025061619,-0.0001
2025061620,-0.0001
2025061620,-0.0001
2025061620,-0.0001
2025061620,-0.0001
2025061621,-0.0001
2025061621,-0.0001
2025061621,-0.0001
2025061621,-0.0001
2025061622,-0.0001
2025061622,-0.0001
2025061622,-0.0001
2025061622,-0.0001
2025061623,-0.0001
2025061623,-0.0001
2025061623,-0.0001
2025061623,-0.0001
2025061700,0.0
2025061700,-0.0001
2025061700,-0.0001
2025061700,-0.0001
2025061701,-0.0001
2025061701,-0.0001
2025061701,-0.0001
2025061701,-0.0001
2025061702,-0.0001
2025061702,-0.0001
2025061702,-0.0001
2025061702,-0.0001
2025061703,-0.0001
2025061703,-0.0001
2025061703,-0.0001
2025061703,-0.0001
2025061704,0.71
2025061704,1.08
2025061704,7.51
2025061704,9.48
2025061705,13.51
2025061705,26.46
2025061705,33.41
2025061705,58.25
2025061706,51.07
2025061706,72.42
2025061706,85.41
2025061706,102.4
2025061707,120.4
2025061707,135.33
2025061707,142.36
2025061707,133.61
2025061708,103.63
2025061708,153.1
2025061708,33.62
2025061708,10.58
2025061709,10.59
2025061709,10.5
2025061709,9.78
2025061709,8.65
2025061710,7.79
2025061710,7.61
2025061710,7.8
2025061710,7.51
2025061711,1.78
2025061711,0.0
2025061711,0.06
2025061711,0.0
2025061712,-0.0001
2025061712,-0.0001
2025061712,-0.0001
2025061712,-0.0001
2025061713,-0.0001
2025061713,-0.0001
2025061713,-0.0001
2025061713,-0.0001
2025061714,6.97
2025061714,11.13
2025061714,11.24
2025061714,11.26
2025061715,144.84
2025061715,93.7
2025061715,97.3
2025061715,91.02
2025061716,87.64
2025061716,72.17
2025061716,55.82
2025061716,58.86
2025061717,73.56
2025061717,44.81
2025061717,26.59
2025061717,15.83
2025061718,4.26
2025061718,0.14
2025061718,0.03
2025061718,0.0
2025061719,-0.0001
2025061719,-0.0001
2025061719,-0.0001
2025061719,-0.0001
2025061720,-0.0001
2025061720,-0.0001
2025061720,-0.0001
2025061720,-0.0001
2025061721,-0.0001
2025061721,-0.0001
2025061721,-0.0001
2025061721,-0.0001
2025061722,-0.0001
2025061722,-0.0001
2025061722,-0.0001
2025061722,-0.0001
2025061723,-0.0001
2025061723,-0.0001
2025061723,-0.0001
2025061723,-0.0001
2025061800,0.0
2025061800,-0.0001
2025061800,-0.0001
2025061800,-0.0001
2025061801,-0.0001
2025061801,-0.0001
2025061801,-0.0001
2025061801,-0.0001
2025061802,-0.0001
2025061802,-0.0001
2025061802,-0.0001
2025061802,-0.0001
2025061803,-0.0001
2025061803,-0.0001
2025061803,-0.0001
2025061803,-0.0001
2025061804,-0.0001
2025061804,-0.0001
2025061804,-0.0001
2025061804,-0.0001
2025061805,1.82
2025061805,0.61
2025061805,0.0
2025061805,-0.0001
2025061806,6.92
2025061806,8.4
2025061806,21.13
2025061806,42.8
2025061807,47.78
2025061807,59.55
2025061807,55.68
2025061807,41.95
2025061808,64.33
2025061808,158.13
2025061808,129.02
2025061808,99.25
2025061809,41.31
2025061809,34.33
2025061809,34.31
2025061809,-0.0001
2025061810,15.68
2025061810,14.43
2025061810,14.48
2025061810,14.69
2025061811,20.51
2025061811,18.57
2025061811,-0.0001
2025061811,-0.0001
2025061812,1.23
2025061812,0.64
2025061812,1.1
2025061812,0.09
2025061813,1.74
2025061813,1.14
2025061813,0.32
2025061813,1.08
2025061814,5.93
2025061814,37.95
2025061814,40.95
2025061814,40.68
2025061815,5.43
2025061815,0.0
2025061815,0.21
2025061815,0.0
2025061816,6.68
2025061816,76.19
2025061816,72.5
2025061816,58.08
2025061817,39.9
2025061817,26.76
2025061817,11.05
2025061817,4.14
2025061818,0.0
2025061818,-0.0001
2025061818,-0.0001
2025061818,-0.0001
2025061819,-0.0001
2025061819,-0.0001
2025061819,-0.0001
2025061819,-0.0001
2025061820,-0.0001
2025061820,-0.0001
2025061820,-0.0001
2025061820,-0.0001
2025061821,-0.0001
2025061821,-0.0001
2025061821,-0.0001
2025061821,-0.0001
2025061822,-0.0001
2025061822,-0.0001
2025061822,-0.0001
2025061822,-0.0001
2025061823,-0.0001
2025061823,-0.0001
2025061823,-0.0001
2025061823,-0.0001
2025061900,0.0
2025061900,-0.0001
2025061900,-0.0001
2025061900,-0.0001
2025061901,-0.0001
2025061901,-0.0001
2025061901,-0.0001
2025061901,-0.0001
2025061902,-0.0001
2025061902,-0.0001
2025061902,-0.0001
2025061902,-0.0001
2025061903,-0.0001
2025061903,-0.0001
2025061903,-0.0001
2025061903,-0.0001
2025061904,6.42
2025061904,-0.0001
2025061904,-0.0001
2025061904,-0.0001
2025061905,15.21
2025061905,26.33
2025061905,40.28
2025061905,49.33
2025061906,68.44
2025061906,73.12
2025061906,14.31
2025061906,3.14
2025061907,2.63
2025061907,3.16
2025061907,3.2
2025061907,-0.0001
2025061908,3.86
2025061908,4.95
2025061908,4.86
2025061908,4.84
2025061909,4.93
2025061909,5.05
2025061909,5.61
2025061909,-0.0001
2025061910,5.07
2025061910,5.1
2025061910,5.05
2025061910,5.1
2025061911,22.48
2025061911,23.08
2025061911,8.23
2025061911,5.14
2025061912,4.9
2025061912,3.88
2025061912,4.8
2025061912,-0.0001
2025061913,7.07
2025061913,7.02
2025061913,7.01
2025061913,6.95
2025061914,6.99
2025061914,6.88
2025061914,6.72
2025061914,5.95
2025061915,126.91
2025061915,103.5
2025061915,97.44
2025061915,111.33
2025061916,73.44
2025061916,18.74
2025061916,44.05
2025061916,37.86
2025061917,7.67
2025061917,5.14
2025061917,6.19
2025061917,0.59
2025061918,0.0
2025061918,5.36
2025061918,1.1
2025061918,0.0
2025061919,-0.0001
2025061919,-0.0001
2025061919,-0.0001
2025061919,-0.0001
2025061920,-0.0001
2025061920,-0.0001
2025061920,-0.0001
2025061920,-0.0001
2025061921,-0.0001
2025061921,-0.0001
2025061921,-0.0001
2025061921,-0.0001
2025061922,-0.0001
2025061922,-0.0001
2025061922,-0.0001
2025061922,-0.0001
2025061923,-0.0001
2025061923,-0.0001
2025061923,-0.0001
2025061923,-0.0001
2025062000,0.0
2025062000,-0.0001
2025062000,-0.0001
2025062000,-0.0001
2025062001,-0.0001
2025062001,-0.0001
2025062001,-0.0001
2025062001,-0.0001
2025062002,-0.0001
2025062002,-0.0001
2025062002,-0.0001
2025062002,-0.0001
2025062003,-0.0001
2025062003,-0.0001
2025062003,-0.0001
2025062003,-0.0001
2025062004,0.03
2025062004,6.24
2025062004,-0.0001
2025062004,-0.0001
2025062005,15.25
2025062005,30.5
2025062005,46.75
2025062005,54.66
2025062006,69.73
2025062006,83.2
2025062006,96.92
2025062006,110.86
2025062007,125.64
2025062007,142.73
2025062007,151.04
2025062007,163.2
2025062008,177.45
2025062008,189.6
2025062008,194.99
2025062008,205.95
2025062009,213.31
2025062009,219.23
2025062009,220.97
2025062009,210.88
2025062010,46.38
2025062010,2.51
2025062010,0.0
2025062010,0.36
2025062011,6.97
2025062011,9.01
2025062011,2.99
2025062011,0.0
2025062012,1.77
2025062012,0.16
2025062012,-0.0001
2025062012,-0.0001
2025062013,0.0
2025062013,0.65
2025062013,2.97
2025062013,6.86
2025062014,132.04
2025062014,174.26
2025062014,167.5
2025062014,162.22
2025062015,146.02
2025062015,135.69
2025062015,121.57
2025062015,107.59
2025062016,99.57
2025062016,86.05
2025062016,76.71
2025062016,65.73
2025062017,50.39
2025062017,35.46
2025062017,26.47
2025062017,16.59
2025062018,9.94
2025062018,5.73
2025062018,2.38
2025062018,0.0
2025062019,-0.0001
2025062019,-0.0001
2025062019,-0.0001
2025062019,-0.0001
2025062020,-0.0001
2025062020,-0.0001
2025062020,-0.0001
2025062020,-0.0001
2025062021,-0.0001
2025062021,-0.0001
2025062021,-0.0001
2025062021,-0.0001
2025062022,-0.0001
2025062022,-0.0001
2025062022,-0.0001
2025062022,-0.0001
2025062023,-0.0001
2025062023,-0.0001
2025062023,-0.0001
2025062023,-0.0001
2025062100,0.0
2025062100,-0.0001
2025062100,-0.0001
2025062100,-0.0001
2025062101,-0.0001
2025062101,-0.0001
2025062101,-0.0001
2025062101,-0.0001
2025062102,-0.0001
2025062102,-0.0001
2025062102,-0.0001
2025062102,-0.0001
2025062103,-0.0001
2025062103,-0.0001
2025062103,-0.0001
2025062103,-0.0001
2025062104,0.66
2025062104,10.78
2025062104,-0.0001
2025062104,-0.0001
2025062105,17.53
2025062105,23.98
2025062105,35.18
2025062105,48.65
2025062106,63.4
2025062106,77.19
2025062106,92.12
2025062106,102.53
2025062107,57.62
2025062107,27.47
2025062107,7.12
2025062107,22.6
2025062108,21.92
2025062108,22.29
2025062108,20.77
2025062108,3.81
2025062109,1.31
2025062109,3.24
2025062109,7.18
2025062109,5.8
2025062110,5.4
2025062110,1.47
2025062110,1.29
2025062110,1.62
2025062111,0.06
2025062111,0.0
2025062111,-0.0001
2025062111,-0.0001
2025062112,-0.0001
2025062112,-0.0001
2025062112,-0.0001
2025062112,-0.0001
2025062113,5.74
2025062113,1.62
2025062113,1.41
2025062113,-0.0001
2025062114,1.66
2025062114,1.84
2025062114,1.31
2025062114,8.22
2025062115,112.42
2025062115,125.19
2025062115,32.19
2025062115,97.51
2025062116,21.96
2025062116,63.88
2025062116,61.8
2025062116,52.9
2025062117,41.42
2025062117,27.93
2025062117,19.22
2025062117,14.07
2025062118,7.54
2025062118,4.16
2025062118,0.46
2025062118,0.0
2025062119,-0.0001
2025062119,-0.0001
2025062119,-0.0001
2025062119,-0.0001
2025062120,-0.0001
2025062120,-0.0001
2025062120,-0.0001
2025062120,-0.0001
2025062121,-0.0001
2025062121,-0.0001
2025062121,-0.0001
2025062121,-0.0001
2025062122,-0.0001
2025062122,-0.0001
2025062122,-0.0001
2025062122,-0.0001
2025062123,-0.0001
2025062123,-0.0001
2025062123,-0.0001
2025062123,-0.0001
2025062200,0.0
2025062200,-0.0001
2025062200,-0.0001
2025062200,-0.0001
2025062201,-0.0001
2025062201,-0.0001
2025062201,-0.0001
2025062201,-0.0001
2025062202,-0.0001
2025062202,-0.0001
2025062202,-0.0001
2025062202,-0.0001
2025062203,-0.0001
2025062203,-0.0001
2025062203,-0.0001
2025062203,-0.0001
2025062204,4.93
2025062204,-0.0001
2025062204,-0.0001
2025062204,-0.0001
2025062205,10.17
2025062205,25.18
2025062205,14.53
2025062205,48.82
2025062206,6.96
2025062206,0.0
2025062206,0.94
2025062206,5.34
2025062207,0.0
2025062207,0.99
2025062207,1.95
2025062207,-0.0001
2025062208,0.0
2025062208,-0.0001
2025062208,-0.0001
2025062208,-0.0001
2025062209,-0.0001
2025062209,-0.0001
2025062209,-0.0001
2025062209,-0.0001
2025062210,-0.0001
2025062210,-0.0001
2025062210,-0.0001
2025062210,-0.0001
2025062211,-0.0001
2025062211,-0.0001
2025062211,-0.0001
2025062211,-0.0001
2025062212,-0.0001
2025062212,-0.0001
2025062212,-0.0001
2025062212,-0.0001
2025062213,-0.0001
2025062213,-0.0001
2025062213,-0.0001
2025062213,-0.0001
2025062214,-0.0001
2025062214,-0.0001
2025062214,-0.0001
2025062214,-0.0001
2025062215,-0.0001
2025062215,-0.0001
2025062215,-0.0001
2025062215,-0.0001
2025062216,-0.0001
2025062216,-0.0001
2025062216,-0.0001
2025062216,-0.0001
2025062217,-0.0001
2025062217,-0.0001
2025062217,-0.0001
2025062217,-0.0001
2025062218,-0.0001
2025062218,-0.0001
2025062218,-0.0001
2025062218,-0.0001
2025062219,-0.0001
2025062219,-0.0001
2025062219,-0.0001
2025062219,-0.0001
2025062220,-0.0001
2025062220,-0.0001
2025062220,-0.0001
2025062220,-0.0001
2025062221,-0.0001
2025062221,-0.0001
2025062221,-0.0001
2025062221,-0.0001
2025062222,-0.0001
2025062222,-0.0001
2025062222,-0.0001
2025062222,-0.0001
2025062223,-0.0001
2025062223,-0.0001
2025062223,-0.0001
2025062223,-0.0001
2025062300,0.0
2025062300,-0.0001
2025062300,-0.0001
2025062300,-0.0001
2025062301,-0.0001
2025062301,-0.0001
2025062301,-0.0001
2025062301,-0.0001
2025062302,-0.0001
2025062302,-0.0001
2025062302,-0.0001
2025062302,-0.0001
2025062303,-0.0001
2025062303,-0.0001
2025062303,-0.0001
2025062303,-0.0001
2025062304,-0.0001
2025062304,-0.0001
2025062304,-0.0001
2025062304,-0.0001
2025062305,0.53
2025062305,0.0
2025062305,-0.0001
2025062305,-0.0001
2025062306,1.93
2025062306,22.07
2025062306,28.91
2025062306,24.05
2025062307,4.66
2025062307,0.0
2025062307,3.28
2025062307,-0.0001
2025062308,18.94
2025062308,5.06
2025062308,15.7
2025062308,1.53
2025062309,5.64
2025062309,2.44
2025062309,0.0
2025062309,0.04
2025062310,2.2
2025062310,2.03
2025062310,2.0
2025062310,2.39
2025062311,5.05
2025062311,10.52
2025062311,10.19
2025062311,5.46
2025062312,0.0
2025062312,-0.0001
2025062312,-0.0001
2025062312,-0.0001
2025062313,-0.0001
2025062313,-0.0001
2025062313,-0.0001
2025062313,-0.0001
2025062314,-0.0001
2025062314,-0.0001
2025062314,-0.0001
2025062314,-0.0001
2025062315,-0.0001
2025062315,-0.0001
2025062315,-0.0001
2025062315,-0.0001
2025062316,0.44
2025062316,1.54
2025062316,0.0
2025062316,-0.0001
2025062317,0.99
2025062317,18.73
2025062317,2.12
2025062317,0.0
2025062318,2.83
2025062318,0.0
2025062318,-0.0001
2025062318,-0.0001
2025062319,-0.0001
2025062319,-0.0001
2025062319,-0.0001
2025062319,-0.0001
2025062320,-0.0001
2025062320,-0.0001
2025062320,-0.0001
2025062320,-0.0001
2025062321,-0.0001
2025062321,-0.0001
2025062321,-0.0001
2025062321,-0.0001
2025062322,-0.0001
2025062322,-0.0001
2025062322,-0.0001
2025062322,-0.0001
2025062323,-0.0001
2025062323,-0.0001
2025062323,-0.0001
2025062323,-0.0001
2025062400,0.0
2025062400,-0.0001
2025062400,-0.0001
2025062400,-0.0001
2025062401,-0.0001
2025062401,-0.0001
2025062401,-0.0001
2025062401,-0.0001
2025062402,-0.0001
2025062402,-0.0001
2025062402,-0.0001
2025062402,-0.0001
2025062403,-0.0001
2025062403,-0.0001
2025062403,-0.0001
2025062403,-0.0001
2025062404,-0.0001
2025062404,-0.0001
2025062404,-0.0001
2025062404,-0.0001
2025062405,8.78
2025062405,0.08
2025062405,4.55
2025062405,-0.0001
2025062406,16.96
2025062406,30.84
2025062406,36.42
2025062406,6.98
2025062407,0.0
2025062407,-0.0001
2025062407,-0.0001
2025062407,-0.0001
2025062408,-0.0001
2025062408,-0.0001
2025062408,-0.0001
2025062408,-0.0001
2025062409,-0.0001
2025062409,-0.0001
2025062409,-0.0001
2025062409,-0.0001
2025062410,0.09
2025062410,0.51
2025062410,0.15
2025062410,-0.0001
2025062411,0.17
2025062411,0.2
2025062411,0.03
2025062411,0.06
2025062412,0.0
2025062412,1.44
2025062412,23.54
2025062412,26.84
2025062413,5.87
2025062413,10.45
2025062413,16.65
2025062413,16.94
2025062414,0.4
2025062414,0.0
2025062414,-0.0001
2025062414,-0.0001
2025062415,1.19
2025062415,0.0
2025062415,5.32
2025062415,-0.0001
2025062416,5.5
2025062416,0.0
2025062416,-0.0001
2025062416,-0.0001
2025062417,-0.0001
2025062417,-0.0001
2025062417,-0.0001
2025062417,-0.0001
2025062418,-0.0001
2025062418,-0.0001
2025062418,-0.0001
2025062418,-0.0001
2025062419,-0.0001
2025062419,-0.0001
2025062419,-0.0001
2025062419,-0.0001
2025062420,-0.0001
2025062420,-0.0001
2025062420,-0.0001
2025062420,-0.0001
2025062421,-0.0001
2025062421,-0.0001
2025062421,-0.0001
2025062421,-0.0001
2025062422,-0.0001
2025062422,-0.0001
2025062422,-0.0001
2025062422,-0.0001
2025062423,-0.0001
2025062423,-0.0001
2025062423,-0.0001
2025062423,-0.0001
2025062500,0.0
2025062500,-0.0001
2025062500,-0.0001
2025062500,-0.0001
2025062501,-0.0001
2025062501,-0.0001
2025062501,-0.0001
2025062501,-0.0001
2025062502,-0.0001
2025062502,-0.0001
2025062502,-0.0001
2025062502,-0.0001
2025062503,-0.0001
2025062503,-0.0001
2025062503,-0.0001
2025062503,-0.0001
2025062504,0.45
2025062504,-0.0001
2025062504,-0.0001
2025062504,-0.0001
2025062505,1.91
2025062505,13.58
2025062505,17.24
2025062505,19.36
2025062506,12.76
2025062506,17.03
2025062506,28.5
2025062506,28.03
2025062507,11.3
2025062507,0.88
2025062507,11.03
2025062507,26.98
2025062508,65.53
2025062508,131.47
2025062508,88.87
2025062508,172.85
2025062509,179.74
2025062509,169.67
2025062509,86.15
2025062509,10.0
2025062510,3.66
2025062510,4.78
2025062510,4.05
2025062510,4.89
2025062511,3.72
2025062511,3.04
2025062511,3.34
2025062511,7.99
2025062512,41.95
2025062512,45.8
2025062512,9.66
2025062512,5.43
2025062513,37.09
2025062513,42.18
2025062513,42.19
2025062513,40.55
2025062514,17.6
2025062514,123.31
2025062514,160.26
2025062514,22.4
2025062515,0.14
2025062515,4.03
2025062515,8.12
2025062515,44.99
2025062516,12.24
2025062516,73.3
2025062516,68.26
2025062516,53.58
2025062517,42.12
2025062517,29.86
2025062517,15.88
2025062517,3.42
2025062518,0.0
2025062518,-0.0001
2025062518,-0.0001
2025062518,-0.0001
2025062519,-0.0001
2025062519,-0.0001
2025062519,-0.0001
2025062519,-0.0001
2025062520,-0.0001
2025062520,-0.0001
2025062520,-0.0001
2025062520,-0.0001
2025062521,-0.0001
2025062521,-0.0001
2025062521,-0.0001
2025062521,-0.0001
2025062522,-0.0001
2025062522,-0.0001
2025062522,-0.0001
2025062522,-0.0001
2025062523,-0.0001
2025062523,-0.0001
2025062523,-0.0001
2025062523,-0.0001
2025062600,0.0
2025062600,-0.0001
2025062600,-0.0001
2025062600,-0.0001
2025062601,-0.0001
2025062601,-0.0001
2025062601,-0.0001
2025062601,-0.0001
2025062602,-0.0001
2025062602,-0.0001
2025062602,-0.0001
2025062602,-0.0001
2025062603,-0.0001
2025062603,-0.0001
2025062603,-0.0001
2025062603,-0.0001
2025062604,0.58
2025062604,0.0
2025062604,3.4
2025062604,7.02
2025062605,9.41
2025062605,12.91
2025062605,17.11
2025062605,27.81
2025062606,31.62
2025062606,37.39
2025062606,51.86
2025062606,51.72
2025062607,38.82
2025062607,45.98
2025062607,54.43
2025062607,59.01
2025062608,81.73
2025062608,111.55
2025062608,72.5
2025062608,101.56
2025062609,162.79
2025062609,170.18
2025062609,114.2
2025062609,56.4
2025062610,55.82
2025062610,44.89
2025062610,27.87
2025062610,11.44
2025062611,23.27
2025062611,5.49
2025062611,5.51
2025062611,31.53
2025062612,22.61
2025062612,14.93
2025062612,6.48
2025062612,29.54
2025062613,10.17
2025062613,0.0
2025062613,-0.0001
2025062613,-0.0001
2025062614,5.1
2025062614,1.38
2025062614,0.0
2025062614,3.74
2025062615,1.24
2025062615,0.0
2025062615,-0.0001
2025062615,-0.0001
2025062616,-0.0001
2025062616,-0.0001
2025062616,-0.0001
2025062616,-0.0001
2025062617,-0.0001
2025062617,-0.0001
2025062617,-0.0001
2025062617,-0.0001
2025062618,-0.0001
2025062618,-0.0001
2025062618,-0.0001
2025062618,-0.0001
2025062619,-0.0001
2025062619,-0.0001
2025062619,-0.0001
2025062619,-0.0001
2025062620,-0.0001
2025062620,-0.0001
2025062620,-0.0001
2025062620,-0.0001
2025062621,-0.0001
2025062621,-0.0001
2025062621,-0.0001
2025062621,-0.0001
2025062622,-0.0001
2025062622,-0.0001
2025062622,-0.0001
2025062622,-0.0001
2025062623,-0.0001
2025062623,-0.0001
2025062623,-0.0001
2025062623,-0.0001
2025062700,0.0
2025062700,-0.0001
2025062700,-0.0001
2025062700,-0.0001
2025062701,-0.0001
2025062701,-0.0001
2025062701,-0.0001
2025062701,-0.0001
2025062702,-0.0001
2025062702,-0.0001
2025062702,-0.0001
2025062702,-0.0001
2025062703,-0.0001
2025062703,-0.0001
2025062703,-0.0001
2025062703,-0.0001
2025062704,-0.0001
2025062704,-0.0001
2025062704,-0.0001
2025062704,-0.0001
2025062705,3.98
2025062705,28.5
2025062705,20.43
2025062705,-0.0001
2025062706,4.36
2025062706,2.67
2025062706,2.88
2025062706,1.47
2025062707,16.37
2025062707,32.34
2025062707,3.82
2025062707,7.93
2025062708,9.29
2025062708,14.92
2025062708,15.07
2025062708,15.01
2025062709,15.09
2025062709,8.4
2025062709,0.0
2025062709,-0.0001
2025062710,-0.0001
2025062710,-0.0001
2025062710,-0.0001
2025062710,-0.0001
2025062711,-0.0001
2025062711,-0.0001
2025062711,-0.0001
2025062711,-0.0001
2025062712,0.02
2025062712,-0.0001
2025062712,-0.0001
2025062712,-0.0001
2025062713,18.91
2025062713,24.43
2025062713,24.47
2025062713,24.35
2025062714,24.3
2025062714,24.26
2025062714,23.9
2025062714,14.37
2025062715,86.18
2025062715,34.17
2025062715,65.48
2025062715,17.45
2025062716,75.39
2025062716,70.97
2025062716,20.51
2025062716,51.82
2025062717,42.68
2025062717,21.46
2025062717,12.15
2025062717,6.52
2025062718,0.0
2025062718,4.26
2025062718,1.16
2025062718,0.0
2025062719,-0.0001
2025062719,-0.0001
2025062719,-0.0001
2025062719,-0.0001
2025062720,-0.0001
2025062720,-0.0001
2025062720,-0.0001
2025062720,-0.0001
2025062721,-0.0001
2025062721,-0.0001
2025062721,-0.0001
2025062721,-0.0001
2025062722,-0.0001
2025062722,-0.0001
2025062722,-0.0001
2025062722,-0.0001
2025062723,-0.0001
2025062723,-0.0001
2025062723,-0.0001
2025062723,-0.0001
2025062800,0.0
2025062800,-0.0001
2025062800,-0.0001
2025062800,-0.0001
2025062801,-0.0001
2025062801,-0.0001
2025062801,-0.0001
2025062801,-0.0001
2025062802,-0.0001
2025062802,-0.0001
2025062802,-0.0001
2025062802,-0.0001
2025062803,0.54
2025062803,3.37
2025062803,5.63
2025062803,7.01
2025062804,6.5
2025062804,14.38
2025062804,17.92
2025062804,25.76
2025062805,33.85
2025062805,41.06
2025062805,48.65
2025062805,52.47
2025062806,72.86
2025062806,38.02
2025062806,25.16
2025062806,24.34
2025062807,33.95
2025062807,128.69
2025062807,136.47
2025062807,33.54
2025062808,17.82
2025062808,17.7
2025062808,17.53
2025062808,17.6
2025062809,17.44
2025062809,17.42
2025062809,14.73
2025062809,12.44
2025062810,12.45
2025062810,12.48
2025062810,11.95
2025062810,5.77
2025062811,9.29
2025062811,8.23
2025062811,8.41
2025062811,11.15
2025062812,11.34
2025062812,9.99
2025062812,11.35
2025062812,11.4
2025062813,9.13
2025062813,6.88
2025062813,7.95
2025062813,7.57
2025062814,0.89
2025062814,4.79
2025062814,5.91
2025062814,1.76
2025062815,1.94
2025062815,0.0
2025062815,3.76
2025062815,2.35
2025062816,0.0
2025062816,-0.0001
2025062816,-0.0001
2025062816,-0.0001
2025062817,-0.0001
2025062817,-0.0001
2025062817,-0.0001
2025062817,-0.0001
2025062818,-0.0001
2025062818,-0.0001
2025062818,-0.0001
2025062818,-0.0001
2025062819,-0.0001
2025062819,-0.0001
2025062819,-0.0001
2025062819,-0.0001
2025062820,-0.0001
2025062820,-0.0001
2025062820,-0.0001
2025062820,-0.0001
2025062821,-0.0001
2025062821,-0.0001
2025062821,-0.0001
2025062821,-0.0001
2025062822,-0.0001
2025062822,-0.0001
2025062822,-0.0001
2025062822,-0.0001
2025062823,-0.0001
2025062823,-0.0001
2025062823,-0.0001
2025062823,-0.0001
2025062900,0.0
2025062900,-0.0001
2025062900,-0.0001
2025062900,-0.0001
2025062901,-0.0001
2025062901,-0.0001
2025062901,-0.0001
2025062901,-0.0001
2025062902,-0.0001
2025062902,-0.0001
2025062902,-0.0001
2025062902,-0.0001
2025062903,-0.0001
2025062903,-0.0001
2025062903,-0.0001
2025062903,-0.0001
2025062904,-0.0001
2025062904,-0.0001
2025062904,-0.0001
2025062904,-0.0001
2025062905,0.05
2025062905,9.81
2025062905,18.4
2025062905,32.47
2025062906,28.72
2025062906,12.13
2025062906,62.17
2025062906,8.34
2025062907,0.0
2025062907,-0.0001
2025062907,-0.0001
2025062907,-0.0001
2025062908,3.6
2025062908,-0.0001
2025062908,-0.0001
2025062908,-0.0001
2025062909,3.45
2025062909,3.57
2025062909,0.0
2025062909,-0.0001
2025062910,-0.0001
2025062910,-0.0001
2025062910,-0.0001
2025062910,-0.0001
2025062911,-0.0001
2025062911,-0.0001
2025062911,-0.0001
2025062911,-0.0001
2025062912,-0.0001
2025062912,-0.0001
2025062912,-0.0001
2025062912,-0.0001
2025062913,-0.0001
2025062913,-0.0001
2025062913,-0.0001
2025062913,-0.0001
2025062914,-0.0001
2025062914,-0.0001
2025062914,-0.0001
2025062914,-0.0001
2025062915,-0.0001
2025062915,-0.0001
2025062915,-0.0001
2025062915,-0.0001
2025062916,-0.0001
2025062916,-0.0001
2025062916,-0.0001
2025062916,-0.0001
2025062917,0.03
2025062917,7.96
2025062917,0.23
2025062917,-0.0001
2025062918,0.0
2025062918,-0.0001
2025062918,-0.0001
2025062918,-0.0001
2025062919,-0.0001
2025062919,-0.0001
2025062919,-0.0001
2025062919,-0.0001
2025062920,-0.0001
2025062920,-0.0001
2025062920,-0.0001
2025062920,-0.0001
2025062921,-0.0001
2025062921,-0.0001
2025062921,-0.0001
2025062921,-0.0001
2025062922,-0.0001
2025062922,-0.0001
2025062922,-0.0001
2025062922,-0.0001
2025062923,-0.0001
2025062923,-0.0001
2025062923,-0.0001
2025062923,-0.0001
2025063000,0.0
2025063000,-0.0001
2025063000,-0.0001
2025063000,-0.0001
2025063001,-0.0001
2025063001,-0.0001
2025063001,-0.0001
2025063001,-0.0001
2025063002,-0.0001
2025063002,-0.0001
2025063002,-0.0001
2025063002,-0.0001
2025063003,-0.0001
2025063003,-0.0001
2025063003,-0.0001
2025063003,-0.0001
2025063004,-0.0001
2025063004,-0.0001
2025063004,-0.0001
2025063004,-0.0001
2025063005,2.37
2025063005,12.93
2025063005,25.91
2025063005,40.18
2025063006,55.59
2025063006,69.06
2025063006,83.21
2025063006,99.31
2025063007,114.31
2025063007,127.53
2025063007,139.49
2025063007,149.9
2025063008,159.37
2025063008,172.36
2025063008,181.36
2025063008,189.61
2025063009,197.06
2025063009,200.97
2025063009,205.99
2025063009,221.59
2025063010,235.21
2025063010,237.15
2025063010,237.17
2025063010,237.21
2025063011,237.25
2025063011,237.36
2025063011,-0.0001
2025063011,-0.0001
2025063012,237.39
2025063012,237.36
2025063012,237.38
2025063012,221.94
2025063013,173.58
2025063013,209.49
2025063013,224.82
2025063013,217.18
2025063014,209.33
2025063014,199.75
2025063014,189.97
2025063014,179.61
2025063015,168.19
2025063015,155.91
2025063015,143.59
2025063015,130.48
2025063016,116.51
2025063016,101.95
2025063016,87.33
2025063016,72.65
2025063017,58.12
2025063017,44.65
2025063017,32.64
2025063017,22.82
2025063018,15.84
2025063018,12.12
2025063018,10.25
2025063018,0.0
2025063019,-0.0001
2025063019,-0.0001
2025063019,-0.0001
2025063019,-0.0001
2025063020,0.02
2025063020,0.0
2025063020,-0.0001
2025063020,-0.0001
2025063021,-0.0001
2025063021,-0.0001
2025063021,-0.0001
2025063021,-0.0001
2025063022,-0.0001
2025063022,-0.0001
2025063022,-0.0001
2025063022,-0.0001
2025063023,-0.0001
2025063023,-0.0001
2025063023,-0.0001
2025063023,-0.0001
2025070100,0.0
2025070100,-0.0001
2025070100,-0.0001
2025070100,-0.0001
2025070101,-0.0001
2025070101,-0.0001
2025070101,-0.0001
2025070101,-0.0001
2025070102,-0.0001
2025070102,-0.0001
2025070102,-0.0001
2025070102,-0.0001
2025070103,0.1
2025070103,3.61
2025070103,5.08
2025070103,6.09
2025070104,0.59
2025070104,2.03
2025070104,13.49
2025070104,19.1
2025070105,27.73
2025070105,39.45
2025070105,53.17
2025070105,67.82
2025070106,82.7
2025070106,97.85
2025070106,112.91
2025070106,127.35
2025070107,141.04
2025070107,154.0
2025070107,166.18
2025070107,177.65
2025070108,188.31
2025070108,198.25
2025070108,207.6
2025070108,216.05
2025070109,223.36
2025070109,228.68
2025070109,232.25
2025070109,235.45
2025070110,237.42
2025070110,237.67
2025070110,237.66
2025070110,237.46
2025070111,237.47
2025070111,237.45
2025070111,237.49
2025070111,237.43
2025070112,237.02
2025070112,229.2
2025070112,234.64
2025070112,229.05
2025070113,202.77
2025070113,226.94
2025070113,221.62
2025070113,205.01
2025070114,198.02
2025070114,196.16
2025070114,187.68
2025070114,177.23
2025070115,166.5
2025070115,154.53
2025070115,142.1
2025070115,129.37
2025070116,115.38
2025070116,75.56
2025070116,86.75
2025070116,72.19
2025070117,57.53
2025070117,43.69
2025070117,31.65
2025070117,21.91
2025070118,15.03
2025070118,11.43
2025070118,9.4
2025070118,7.29
2025070119,5.55
2025070119,4.2
2025070119,0.35
2025070119,0.0
2025070120,-0.0001
2025070120,-0.0001
2025070120,-0.0001
2025070120,-0.0001
2025070121,-0.0001
2025070121,-0.0001
2025070121,-0.0001
2025070121,-0.0001
2025070122,-0.0001
2025070122,-0.0001
2025070122,-0.0001
2025070122,-0.0001
2025070123,-0.0001
2025070123,-0.0001
2025070123,-0.0001
2025070123,-0.0001
2025070200,0.0
2025070200,-0.0001
2025070200,-0.0001
2025070200,-0.0001
2025070201,-0.0001
2025070201,-0.0001
2025070201,-0.0001
2025070201,-0.0001
2025070202,-0.0001
2025070202,-0.0001
2025070202,-0.0001
2025070202,-0.0001
2025070203,1.42
2025070203,5.53
2025070203,6.8
2025070203,-0.0001
2025070204,0.55
2025070204,0.0
2025070204,1.71
2025070204,23.86
2025070205,30.14
2025070205,37.05
2025070205,53.65
2025070205,65.85
2025070206,72.0
2025070206,50.67
2025070206,33.15
2025070206,113.66
2025070207,129.83
2025070207,152.61
2025070207,85.32
2025070207,157.14
2025070208,179.38
2025070208,161.17
2025070208,50.06
2025070208,60.9
2025070209,148.55
2025070209,218.41
2025070209,203.86
2025070209,162.49
2025070210,194.25
2025070210,145.5
2025070210,105.13
2025070210,86.84
2025070211,73.76
2025070211,41.54
2025070211,45.47
2025070211,80.24
2025070212,112.3
2025070212,130.43
2025070212,134.43
2025070212,136.71
2025070213,83.33
2025070213,120.75
2025070213,199.04
2025070213,206.66
2025070214,110.35
2025070214,160.09
2025070214,84.62
2025070214,86.12
2025070215,59.69
2025070215,39.1
2025070215,59.11
2025070215,80.84
2025070216,39.68
2025070216,13.43
2025070216,0.0
2025070216,-0.0001
2025070217,3.31
2025070217,27.74
2025070217,8.85
2025070217,15.87
2025070218,17.39
2025070218,6.15
2025070218,0.42
2025070218,0.0
2025070219,-0.0001
2025070219,-0.0001
2025070219,-0.0001
2025070219,-0.0001
2025070220,-0.0001
2025070220,-0.0001
2025070220,-0.0001
2025070220,-0.0001
2025070221,-0.0001
2025070221,-0.0001
2025070221,-0.0001
2025070221,-0.0001
2025070222,-0.0001
2025070222,-0.0001
2025070222,-0.0001
2025070222,-0.0001
2025070223,-0.0001
2025070223,-0.0001
2025070223,-0.0001
2025070223,-0.0001
2025070300,0.0
2025070300,-0.0001
2025070300,-0.0001
2025070300,-0.0001
2025070301,-0.0001
2025070301,-0.0001
2025070301,-0.0001
2025070301,-0.0001
2025070302,-0.0001
2025070302,-0.0001
2025070302,-0.0001
2025070302,-0.0001
2025070303,-0.0001
2025070303,-0.0001
2025070303,-0.0001
2025070303,-0.0001
2025070304,-0.0001
2025070304,-0.0001
2025070304,-0.0001
2025070304,-0.0001
2025070305,3.37
2025070305,32.21
2025070305,14.02
2025070305,-0.0001
2025070306,28.24
2025070306,12.46
2025070306,0.0
2025070306,-0.0001
2025070307,-0.0001
2025070307,-0.0001
2025070307,-0.0001
2025070307,-0.0001
2025070308,-0.0001
2025070308,-0.0001
2025070308,-0.0001
2025070308,-0.0001
2025070309,-0.0001
2025070309,-0.0001
2025070309,-0.0001
2025070309,-0.0001
2025070310,-0.0001
2025070310,-0.0001
2025070310,-0.0001
2025070310,-0.0001
2025070311,-0.0001
2025070311,-0.0001
2025070311,-0.0001
2025070311,-0.0001
2025070312,-0.0001
2025070312,-0.0001
2025070312,-0.0001
2025070312,-0.0001
2025070313,-0.0001
2025070313,-0.0001
2025070313,-0.0001
2025070313,-0.0001
2025070314,11.75
2025070314,153.27
2025070314,177.92
2025070314,-0.0001
2025070315,159.07
2025070315,156.3
2025070315,30.87
2025070315,91.77
2025070316,44.83
2025070316,86.4
2025070316,77.3
2025070316,81.27
2025070317,58.18
2025070317,47.53
2025070317,31.82
2025070317,24.57
2025070318,17.08
2025070318,14.43
2025070318,13.44
2025070318,10.44
2025070319,7.91
2025070319,5.73
2025070319,0.79
2025070319,0.0
2025070320,-0.0001
2025070320,-0.0001
2025070320,-0.0001
2025070320,-0.0001
2025070321,-0.0001
2025070321,-0.0001
2025070321,-0.0001
2025070321,-0.0001
2025070322,-0.0001
2025070322,-0.0001
2025070322,-0.0001
2025070322,-0.0001
2025070323,-0.0001
2025070323,-0.0001
2025070323,-0.0001
2025070323,-0.0001
2025070400,0.0
2025070400,-0.0001
2025070400,-0.0001
2025070400,-0.0001
2025070401,-0.0001
2025070401,-0.0001
2025070401,-0.0001
2025070401,-0.0001
2025070402,-0.0001
2025070402,-0.0001
2025070402,-0.0001
2025070402,-0.0001
2025070403,2.8
2025070403,5.77
2025070403,7.25
2025070403,-0.0001
2025070404,9.17
2025070404,15.01
2025070404,23.16
2025070404,23.31
2025070405,28.22
2025070405,29.73
2025070405,47.04
2025070405,66.21
2025070406,81.19
2025070406,96.15
2025070406,111.9
2025070406,110.17
2025070407,120.74
2025070407,136.6
2025070407,148.41
2025070407,177.02
2025070408,166.62
2025070408,194.02
2025070408,183.23
2025070408,79.75
2025070409,163.5
2025070409,149.1
2025070409,104.49
2025070409,93.37
2025070410,48.52
2025070410,2.23
2025070410,0.0
2025070410,-0.0001
2025070411,-0.0001
2025070411,-0.0001
2025070411,-0.0001
2025070411,-0.0001
2025070412,-0.0001
2025070412,-0.0001
2025070412,-0.0001
2025070412,-0.0001
2025070413,-0.0001
2025070413,-0.0001
2025070413,-0.0001
2025070413,-0.0001
2025070414,-0.0001
2025070414,-0.0001
2025070414,-0.0001
2025070414,-0.0001
2025070415,6.86
2025070415,76.17
2025070415,16.56
2025070415,45.93
2025070416,51.42
2025070416,48.75
2025070416,38.7
2025070416,36.51
2025070417,29.88
2025070417,32.78
2025070417,18.92
2025070417,23.47
2025070418,14.05
2025070418,17.04
2025070418,15.99
2025070418,10.87
2025070419,6.64
2025070419,2.14
2025070419,0.0
2025070419,-0.0001
2025070420,-0.0001
2025070420,-0.0001
2025070420,-0.0001
2025070420,-0.0001
2025070421,-0.0001
2025070421,-0.0001
2025070421,-0.0001
2025070421,-0.0001
2025070422,-0.0001
2025070422,-0.0001
2025070422,-0.0001
2025070422,-0.0001
2025070423,-0.0001
2025070423,-0.0001
2025070423,-0.0001
2025070423,-0.0001
2025070500,0.0
2025070500,-0.0001
2025070500,-0.0001
2025070500,-0.0001
2025070501,-0.0001
2025070501,-0.0001
2025070501,-0.0001
2025070501,-0.0001
2025070502,-0.0001
2025070502,-0.0001
2025070502,-0.0001
2025070502,-0.0001
2025070503,-0.0001
2025070503,-0.0001
2025070503,-0.0001
2025070503,-0.0001
2025070504,6.32
2025070504,-0.0001
2025070504,-0.0001
2025070504,-0.0001
2025070505,9.46
2025070505,3.77
2025070505,9.09
2025070505,14.56
2025070506,27.68
2025070506,20.05
2025070506,24.02
2025070506,25.15
2025070507,3.24
2025070507,2.69
2025070507,41.68
2025070507,4.38
2025070508,0.0
2025070508,-0.0001
2025070508,-0.0001
2025070508,-0.0001
2025070509,-0.0001
2025070509,-0.0001
2025070509,-0.0001
2025070509,-0.0001
2025070510,-0.0001
2025070510,-0.0001
2025070510,-0.0001
2025070510,-0.0001
2025070511,-0.0001
2025070511,-0.0001
2025070511,-0.0001
2025070511,-0.0001
2025070512,-0.0001
2025070512,-0.0001
2025070512,-0.0001
2025070512,-0.0001
2025070513,-0.0001
2025070513,-0.0001
2025070513,-0.0001
2025070513,-0.0001
2025070514,-0.0001
2025070514,-0.0001
2025070514,-0.0001
2025070514,-0.0001
2025070515,0.91
2025070515,15.08
2025070515,2.39
2025070515,17.91
2025070516,34.18
2025070516,26.87
2025070516,6.1
2025070516,11.88
2025070517,3.41
2025070517,9.32
2025070517,2.68
2025070517,0.0
2025070518,1.21
2025070518,3.38
2025070518,-0.0001
2025070518,-0.0001
2025070519,0.72
2025070519,1.65
2025070519,0.0
2025070519,-0.0001
2025070520,-0.0001
2025070520,-0.0001
2025070520,-0.0001
2025070520,-0.0001
2025070521,-0.0001
2025070521,-0.0001
2025070521,-0.0001
2025070521,-0.0001
2025070522,-0.0001
2025070522,-0.0001
2025070522,-0.0001
2025070522,-0.0001
2025070523,-0.0001
2025070523,-0.0001
2025070523,-0.0001
2025070523,-0.0001
2025070600,0.0
2025070600,-0.0001
2025070600,-0.0001
2025070600,-0.0001
2025070601,-0.0001
2025070601,-0.0001
2025070601,-0.0001
2025070601,-0.0001
2025070602,-0.0001
2025070602,-0.0001
2025070602,-0.0001
2025070602,-0.0001
2025070603,3.76
2025070603,-0.0001
2025070603,-0.0001
2025070603,-0.0001
2025070604,5.0
2025070604,2.32
2025070604,3.59
2025070604,10.72
2025070605,11.09
2025070605,16.51
2025070605,25.9
2025070605,4.93
2025070606,24.94
2025070606,51.33
2025070606,57.61
2025070606,15.94
2025070607,70.22
2025070607,116.13
2025070607,103.82
2025070607,94.35
2025070608,122.77
2025070608,126.64
2025070608,128.41
2025070608,169.27
2025070609,169.91
2025070609,21.43
2025070609,4.01
2025070609,58.69
2025070610,160.24
2025070610,153.85
2025070610,13.23
2025070610,0.0
2025070611,-0.0001
2025070611,-0.0001
2025070611,-0.0001
2025070611,-0.0001
2025070612,16.26
2025070612,188.59
2025070612,185.75
2025070612,148.49
2025070613,83.66
2025070613,105.18
2025070613,208.92
2025070613,110.11
2025070614,75.18
2025070614,106.73
2025070614,124.33
2025070614,76.5
2025070615,146.47
2025070615,119.57
2025070615,104.84
2025070615,76.39
2025070616,48.6
2025070616,48.5
2025070616,35.95
2025070616,28.29
2025070617,14.51
2025070617,-0.0001
2025070617,-0.0001
2025070617,-0.0001
2025070618,-0.0001
2025070618,-0.0001
2025070618,-0.0001
2025070618,-0.0001
2025070619,-0.0001
2025070619,-0.0001
2025070619,-0.0001
2025070619,-0.0001
2025070620,-0.0001
2025070620,-0.0001
2025070620,-0.0001
2025070620,-0.0001
2025070621,-0.0001
2025070621,-0.0001
2025070621,-0.0001
2025070621,-0.0001
2025070622,-0.0001
2025070622,-0.0001
2025070622,-0.0001
2025070622,-0.0001
2025070623,-0.0001
2025070623,-0.0001
2025070623,-0.0001
2025070623,-0.0001
2025070700,0.0
2025070700,-0.0001
2025070700,-0.0001
2025070700,-0.0001
2025070701,-0.0001
2025070701,-0.0001
2025070701,-0.0001
2025070701,-0.0001
2025070702,-0.0001
2025070702,-0.0001
2025070702,-0.0001
2025070702,-0.0001
2025070703,1.16
2025070703,4.16
2025070703,-0.0001
2025070703,-0.0001
2025070704,8.56
2025070704,7.19
2025070704,13.61
2025070704,12.05
2025070705,7.83
2025070705,27.11
2025070705,34.34
2025070705,81.21
2025070706,54.56
2025070706,51.5
2025070706,80.67
2025070706,104.89
2025070707,127.3
2025070707,67.1
2025070707,116.09
2025070707,122.9
2025070708,141.15
2025070708,149.03
2025070708,130.39
2025070708,150.59
2025070709,153.73
2025070709,110.79
2025070709,172.87
2025070709,148.95
2025070710,181.39
2025070710,156.65
2025070710,127.95
2025070710,123.09
2025070711,131.12
2025070711,193.85
2025070711,115.59
2025070711,183.71
2025070712,208.75
2025070712,204.22
2025070712,216.52
2025070712,212.01
2025070713,177.2
2025070713,119.75
2025070713,191.21
2025070713,195.81
2025070714,172.63
2025070714,176.09
2025070714,161.84
2025070714,184.27
2025070715,139.6
2025070715,157.39
2025070715,138.44
2025070715,131.53
2025070716,108.64
2025070716,103.76
2025070716,86.97
2025070716,37.98
2025070717,70.31
2025070717,38.69
2025070717,24.46
2025070717,16.39
2025070718,17.15
2025070718,17.39
2025070718,16.68
2025070718,8.81
2025070719,0.01
2025070719,0.0
2025070719,-0.0001
2025070719,-0.0001
2025070720,-0.0001
2025070720,-0.0001
2025070720,-0.0001
2025070720,-0.0001
2025070721,-0.0001
2025070721,-0.0001
2025070721,-0.0001
2025070721,-0.0001
2025070722,-0.0001
2025070722,-0.0001
2025070722,-0.0001
2025070722,-0.0001
2025070723,-0.0001
2025070723,-0.0001
2025070723,-0.0001
2025070723,-0.0001
2025070800,0.0
2025070800,-0.0001
2025070800,-0.0001
2025070800,-0.0001
2025070801,-0.0001
2025070801,-0.0001
2025070801,-0.0001
2025070801,-0.0001
2025070802,-0.0001
2025070802,-0.0001
2025070802,-0.0001
2025070802,-0.0001
2025070803,-0.0001
2025070803,-0.0001
2025070803,-0.0001
2025070803,-0.0001
2025070804,0.15
2025070804,11.02
2025070804,9.82
2025070804,-0.0001
2025070805,24.05
2025070805,31.36
2025070805,9.89
2025070805,14.94
2025070806,14.91
2025070806,21.61
2025070806,63.17
2025070806,49.58
2025070807,67.56
2025070807,98.5
2025070807,61.54
2025070807,133.52
2025070808,64.73
2025070808,161.53
2025070808,134.93
2025070808,172.53
2025070809,133.13
2025070809,153.28
2025070809,110.62
2025070809,117.96
2025070810,145.23
2025070810,151.99
2025070810,72.99
2025070810,133.74
2025070811,144.17
2025070811,121.62
2025070811,69.29
2025070811,108.84
2025070812,46.77
2025070812,102.17
2025070812,89.79
2025070812,17.09
2025070813,63.22
2025070813,110.01
2025070813,98.54
2025070813,11.22
2025070814,0.09
2025070814,20.91
2025070814,62.05
2025070814,74.81
2025070815,13.48
2025070815,45.73
2025070815,74.98
2025070815,41.47
2025070816,72.38
2025070816,80.78
2025070816,62.01
2025070816,72.69
2025070817,40.6
2025070817,13.34
2025070817,0.85
2025070817,0.0
2025070818,0.43
2025070818,0.0
2025070818,-0.0001
2025070818,-0.0001
2025070819,-0.0001
2025070819,-0.0001
2025070819,-0.0001
2025070819,-0.0001
2025070820,-0.0001
2025070820,-0.0001
2025070820,-0.0001
2025070820,-0.0001
2025070821,-0.0001
2025070821,-0.0001
2025070821,-0.0001
2025070821,-0.0001
2025070822,-0.0001
2025070822,-0.0001
2025070822,-0.0001
2025070822,-0.0001
2025070823,-0.0001
2025070823,-0.0001
2025070823,-0.0001
2025070823,-0.0001
2025070900,0.0
2025070900,-0.0001
2025070900,-0.0001
2025070900,-0.0001
2025070901,-0.0001
2025070901,-0.0001
2025070901,-0.0001
2025070901,-0.0001
2025070902,-0.0001
2025070902,-0.0001
2025070902,-0.0001
2025070902,-0.0001
2025070903,-0.0001
2025070903,-0.0001
2025070903,-0.0001
2025070903,-0.0001
2025070904,0.39
2025070904,-0.0001
2025070904,-0.0001
2025070904,-0.0001
2025070905,4.02
2025070905,8.1
2025070905,11.5
2025070905,11.21
2025070906,14.02
2025070906,10.19
2025070906,6.06
2025070906,5.28
2025070907,11.49
2025070907,24.24
2025070907,55.65
2025070907,55.07
2025070908,65.51
2025070908,81.8
2025070908,80.6
2025070908,129.29
2025070909,129.39
2025070909,128.11
2025070909,168.82
2025070909,128.11
2025070910,145.09
2025070910,142.35
2025070910,157.24
2025070910,139.2
2025070911,156.09
2025070911,163.82
2025070911,185.12
2025070911,202.38
2025070912,182.66
2025070912,162.21
2025070912,141.77
2025070912,128.18
2025070913,133.26
2025070913,148.96
2025070913,127.95
2025070913,74.83
2025070914,12.77
2025070914,42.94
2025070914,47.38
2025070914,35.6
2025070915,17.13
2025070915,12.08
2025070915,15.12
2025070915,16.08
2025070916,17.64
2025070916,16.64
2025070916,1.84
2025070916,0.01
2025070917,9.56
2025070917,3.3
2025070917,4.43
2025070917,0.31
2025070918,0.0
2025070918,-0.0001
2025070918,-0.0001
2025070918,-0.0001
2025070919,-0.0001
2025070919,-0.0001
2025070919,-0.0001
2025070919,-0.0001
2025070920,-0.0001
2025070920,-0.0001
2025070920,-0.0001
2025070920,-0.0001
2025070921,-0.0001
2025070921,-0.0001
2025070921,-0.0001
2025070921,-0.0001
2025070922,-0.0001
2025070922,-0.0001
2025070922,-0.0001
2025070922,-0.0001
2025070923,-0.0001
2025070923,-0.0001
2025070923,-0.0001
2025070923,-0.0001
2025071000,0.0
2025071000,-0.0001
2025071000,-0.0001
2025071000,-0.0001
2025071001,-0.0001
2025071001,-0.0001
2025071001,-0.0001
2025071001,-0.0001
2025071002,-0.0001
2025071002,-0.0001
2025071002,-0.0001
2025071002,-0.0001
2025071003,-0.0001
2025071003,-0.0001
2025071003,-0.0001
2025071003,-0.0001
2025071004,0.43
2025071004,1.12
2025071004,0.04
2025071004,-0.0001
2025071005,8.94
2025071005,21.03
2025071005,31.35
2025071005,39.82
2025071006,15.77
2025071006,68.51
2025071006,87.48
2025071006,100.91
2025071007,115.45
2025071007,128.85
2025071007,143.38
2025071007,157.94
2025071008,160.63
2025071008,177.35
2025071008,146.27
2025071008,108.04
2025071009,41.72
2025071009,2.67
2025071009,14.98
2025071009,38.26
2025071010,68.69
2025071010,43.68
2025071010,45.77
2025071010,63.91
2025071011,87.96
2025071011,113.48
2025071011,109.12
2025071011,15.86
2025071012,102.03
2025071012,140.87
2025071012,145.34
2025071012,117.91
2025071013,126.77
2025071013,175.26
2025071013,146.85
2025071013,12.33
2025071014,29.39
2025071014,84.27
2025071014,103.86
2025071014,96.91
2025071015,77.71
2025071015,69.07
2025071015,93.3
2025071015,77.45
2025071016,87.76
2025071016,79.58
2025071016,65.73
2025071016,51.07
2025071017,35.6
2025071017,21.2
2025071017,8.31
2025071017,0.3
2025071018,0.0
2025071018,-0.0001
2025071018,-0.0001
2025071018,-0.0001
2025071019,-0.0001
2025071019,-0.0001
2025071019,-0.0001
2025071019,-0.0001
2025071020,-0.0001
2025071020,-0.0001
2025071020,-0.0001
2025071020,-0.0001
2025071021,-0.0001
2025071021,-0.0001
2025071021,-0.0001
2025071021,-0.0001
2025071022,-0.0001
2025071022,-0.0001
2025071022,-0.0001
2025071022,-0.0001
2025071023,-0.0001
2025071023,-0.0001
2025071023,-0.0001
2025071023,-0.0001
2025071100,0.0
2025071100,-0.0001
2025071100,-0.0001
2025071100,-0.0001
2025071101,-0.0001
2025071101,-0.0001
2025071101,-0.0001
2025071101,-0.0001
2025071102,-0.0001
2025071102,-0.0001
2025071102,-0.0001
2025071102,-0.0001
2025071103,-0.0001
2025071103,-0.0001
2025071103,-0.0001
2025071103,-0.0001
2025071104,1.39
2025071104,-0.0001
2025071104,-0.0001
2025071104,-0.0001
2025071105,0.74
2025071105,3.15
2025071105,11.1
2025071105,14.55
2025071106,20.66
2025071106,23.28
2025071106,24.62
2025071106,29.9
2025071107,41.8
2025071107,47.27
2025071107,63.99
2025071107,85.81
2025071108,104.81
2025071108,140.56
2025071108,163.77
2025071108,201.82
2025071109,208.96
2025071109,215.05
2025071109,216.72
2025071109,217.0
2025071110,217.36
2025071110,193.71
2025071110,210.09
2025071110,213.38
2025071111,217.24
2025071111,194.0
2025071111,182.45
2025071111,216.72
2025071112,214.74
2025071112,200.78
2025071112,193.89
2025071112,149.49
2025071113,172.78
2025071113,171.73
2025071113,192.83
2025071113,195.78
2025071114,191.13
2025071114,187.46
2025071114,167.53
2025071114,166.7
2025071115,150.66
2025071115,132.59
2025071115,111.07
2025071115,93.0
2025071116,70.93
2025071116,70.69
2025071116,84.17
2025071116,51.49
2025071117,49.6
2025071117,36.25
2025071117,33.44
2025071117,26.28
2025071118,11.52
2025071118,0.5
2025071118,0.0
2025071118,-0.0001
2025071119,-0.0001
2025071119,-0.0001
2025071119,-0.0001
2025071119,-0.0001
2025071120,-0.0001
2025071120,-0.0001
2025071120,-0.0001
2025071120,-0.0001
2025071121,-0.0001
2025071121,-0.0001
2025071121,-0.0001
2025071121,-0.0001
2025071122,-0.0001
2025071122,-0.0001
2025071122,-0.0001
2025071122,-0.0001
2025071123,-0.0001
2025071123,-0.0001
2025071123,-0.0001
2025071123,-0.0001
2025071200,0.0
2025071200,-0.0001
2025071200,-0.0001
2025071200,-0.0001
2025071201,-0.0001
2025071201,-0.0001
2025071201,-0.0001
2025071201,-0.0001
2025071202,-0.0001
2025071202,-0.0001
2025071202,-0.0001
2025071202,-0.0001
2025071203,-0.0001
2025071203,-0.0001
2025071203,-0.0001
2025071203,-0.0001
2025071204,-0.0001
2025071204,-0.0001
2025071204,-0.0001
2025071204,-0.0001
2025071205,5.54
2025071205,35.57
2025071205,-0.0001
2025071205,-0.0001
2025071206,52.02
2025071206,17.17
2025071206,42.21
2025071206,50.73
2025071207,40.29
2025071207,31.7
2025071207,55.19
2025071207,14.72
2025071208,25.56
2025071208,40.9
2025071208,25.55
2025071208,40.18
2025071209,12.04
2025071209,11.37
2025071209,14.78
2025071209,0.29
2025071210,0.11
2025071210,0.0
2025071210,-0.0001
2025071210,-0.0001
2025071211,-0.0001
2025071211,-0.0001
2025071211,-0.0001
2025071211,-0.0001
2025071212,-0.0001
2025071212,-0.0001
2025071212,-0.0001
2025071212,-0.0001
2025071213,-0.0001
2025071213,-0.0001
2025071213,-0.0001
2025071213,-0.0001
2025071214,24.37
2025071214,37.13
2025071214,12.12
2025071214,13.7
2025071215,21.99
2025071215,20.35
2025071215,10.65
2025071215,4.64
2025071216,12.84
2025071216,15.65
2025071216,1.3
2025071216,9.01
2025071217,6.92
2025071217,10.01
2025071217,4.65
2025071217,0.0
2025071218,-0.0001
2025071218,-0.0001
2025071218,-0.0001
2025071218,-0.0001
2025071219,-0.0001
2025071219,-0.0001
2025071219,-0.0001
2025071219,-0.0001
2025071220,-0.0001
2025071220,-0.0001
2025071220,-0.0001
2025071220,-0.0001
2025071221,-0.0001
2025071221,-0.0001
2025071221,-0.0001
2025071221,-0.0001
2025071222,-0.0001
2025071222,-0.0001
2025071222,-0.0001
2025071222,-0.0001
2025071223,-0.0001
2025071223,-0.0001
2025071223,-0.0001
2025071223,-0.0001
2025071300,0.0
2025071300,-0.0001
2025071300,-0.0001
2025071300,-0.0001
2025071301,-0.0001
2025071301,-0.0001
2025071301,-0.0001
2025071301,-0.0001
2025071302,-0.0001
2025071302,-0.0001
2025071302,-0.0001
2025071302,-0.0001
2025071303,-0.0001
2025071303,-0.0001
2025071303,-0.0001
2025071303,-0.0001
2025071304,-0.0001
2025071304,-0.0001
2025071304,-0.0001
2025071304,-0.0001
2025071305,-0.0001
2025071305,-0.0001
2025071305,-0.0001
2025071305,-0.0001
2025071306,0.24
2025071306,5.83
2025071306,6.1
2025071306,-0.0001
2025071307,0.01
2025071307,0.0
2025071307,1.55
2025071307,1.82
2025071308,1.14
2025071308,0.82
2025071308,11.48
2025071308,14.4
2025071309,18.21
2025071309,18.34
2025071309,17.31
2025071309,1.95
2025071310,0.0
2025071310,-0.0001
2025071310,-0.0001
2025071310,-0.0001
2025071311,-0.0001
2025071311,-0.0001
2025071311,-0.0001
2025071311,-0.0001
2025071312,-0.0001
2025071312,-0.0001
2025071312,-0.0001
2025071312,-0.0001
2025071313,0.23
2025071313,-0.0001
2025071313,-0.0001
2025071313,-0.0001
2025071314,40.59
2025071314,108.16
2025071314,131.39
2025071314,55.19
2025071315,6.51
2025071315,65.75
2025071315,73.02
2025071315,50.85
2025071316,15.76
2025071316,0.0
2025071316,26.41
2025071316,44.06
2025071317,8.44
2025071317,1.41
2025071317,1.09
2025071317,0.0
2025071318,-0.0001
2025071318,-0.0001
2025071318,-0.0001
2025071318,-0.0001
2025071319,-0.0001
2025071319,-0.0001
2025071319,-0.0001
2025071319,-0.0001
2025071320,-0.0001
2025071320,-0.0001
2025071320,-0.0001
2025071320,-0.0001
2025071321,-0.0001
2025071321,-0.0001
2025071321,-0.0001
2025071321,-0.0001
2025071322,-0.0001
2025071322,-0.0001
2025071322,-0.0001
2025071322,-0.0001
2025071323,-0.0001
2025071323,-0.0001
2025071323,-0.0001
2025071323,-0.0001
2025071400,0.0
2025071400,-0.0001
2025071400,-0.0001
2025071400,-0.0001
2025071401,-0.0001
2025071401,-0.0001
2025071401,-0.0001
2025071401,-0.0001
2025071402,-0.0001
2025071402,-0.0001
2025071402,-0.0001
2025071402,-0.0001
2025071403,-0.0001
2025071403,-0.0001
2025071403,-0.0001
2025071403,-0.0001
2025071404,-0.0001
2025071404,-0.0001
2025071404,-0.0001
2025071404,-0.0001
2025071405,0.06
2025071405,-0.0001
2025071405,-0.0001
2025071405,-0.0001
2025071406,0.47
2025071406,0.11
2025071406,0.17
2025071406,0.0
2025071407,1.55
2025071407,0.8
2025071407,2.17
2025071407,9.68
2025071408,9.4
2025071408,15.8
2025071408,36.62
2025071408,69.71
2025071409,52.68
2025071409,69.54
2025071409,104.93
2025071409,75.35
2025071410,84.45
2025071410,102.35
2025071410,79.36
2025071410,73.79
2025071411,179.46
2025071411,119.35
2025071411,124.34
2025071411,125.35
2025071412,120.63
2025071412,119.41
2025071412,148.64
2025071412,153.0
2025071413,183.27
2025071413,145.45
2025071413,133.66
2025071413,115.54
2025071414,147.43
2025071414,164.13
2025071414,138.85
2025071414,143.26
2025071415,124.33
2025071415,109.41
2025071415,41.81
2025071415,0.0
2025071416,-0.0001
2025071416,-0.0001
2025071416,-0.0001
2025071416,-0.0001
2025071417,-0.0001
2025071417,-0.0001
2025071417,-0.0001
2025071417,-0.0001
2025071418,-0.0001
2025071418,-0.0001
2025071418,-0.0001
2025071418,-0.0001
2025071419,-0.0001
2025071419,-0.0001
2025071419,-0.0001
2025071419,-0.0001
2025071420,-0.0001
2025071420,-0.0001
2025071420,-0.0001
2025071420,-0.0001
2025071421,-0.0001
2025071421,-0.0001
2025071421,-0.0001
2025071421,-0.0001
2025071422,-0.0001
2025071422,-0.0001
2025071422,-0.0001
2025071422,-0.0001
2025071423,-0.0001
2025071423,-0.0001
2025071423,-0.0001
2025071423,-0.0001
2025071500,0.0
2025071500,-0.0001
2025071500,-0.0001
2025071500,-0.0001
2025071501,-0.0001
2025071501,-0.0001
2025071501,-0.0001
2025071501,-0.0001
2025071502,-0.0001
2025071502,-0.0001
2025071502,-0.0001
2025071502,-0.0001
2025071503,-0.0001
2025071503,-0.0001
2025071503,-0.0001
2025071503,-0.0001
2025071504,-0.0001
2025071504,-0.0001
2025071504,-0.0001
2025071504,-0.0001
2025071505,-0.0001
2025071505,-0.0001
2025071505,-0.0001
2025071505,-0.0001
2025071506,-0.0001
2025071506,-0.0001
2025071506,-0.0001
2025071506,-0.0001
2025071507,-0.0001
2025071507,-0.0001
2025071507,-0.0001
2025071507,-0.0001
2025071508,-0.0001
2025071508,-0.0001
2025071508,-0.0001
2025071508,-0.0001
2025071509,-0.0001
2025071509,-0.0001
2025071509,-0.0001
2025071509,-0.0001
2025071510,-0.0001
2025071510,-0.0001
2025071510,-0.0001
2025071510,-0.0001
2025071511,-0.0001
2025071511,-0.0001
2025071511,-0.0001
2025071511,-0.0001
2025071512,-0.0001
2025071512,-0.0001
2025071512,-0.0001
2025071512,-0.0001
2025071513,0.04
2025071513,0.0
2025071513,-0.0001
2025071513,-0.0001
2025071514,-0.0001
2025071514,-0.0001
2025071514,-0.0001
2025071514,-0.0001
2025071515,42.42
2025071515,40.16
2025071515,33.21
2025071515,31.55
2025071516,34.65
2025071516,26.52
2025071516,29.19
2025071516,28.12
2025071517,27.84
2025071517,23.63
2025071517,20.48
2025071517,17.42
2025071518,14.61
2025071518,10.14
2025071518,8.26
2025071518,4.68
2025071519,0.52
2025071519,0.0
2025071519,-0.0001
2025071519,-0.0001
2025071520,-0.0001
2025071520,-0.0001
2025071520,-0.0001
2025071520,-0.0001
2025071521,-0.0001
2025071521,-0.0001
2025071521,-0.0001
2025071521,-0.0001
2025071522,-0.0001
2025071522,-0.0001
2025071522,-0.0001
2025071522,-0.0001
2025071523,-0.0001
2025071523,-0.0001
2025071523,-0.0001
2025071523,-0.0001
2025071600,0.0
2025071600,-0.0001
2025071600,-0.0001
2025071600,-0.0001
2025071601,-0.0001
2025071601,-0.0001
2025071601,-0.0001
2025071601,-0.0001
2025071602,-0.0001
2025071602,-0.0001
2025071602,-0.0001
2025071602,-0.0001
2025071603,-0.0001
2025071603,-0.0001
2025071603,-0.0001
2025071603,-0.0001
2025071604,0.88
2025071604,0.0
2025071604,0.06
2025071604,-0.0001
2025071605,6.78
2025071605,6.25
2025071605,7.3
2025071605,23.28
2025071606,52.26
2025071606,64.7
2025071606,52.04
2025071606,102.2
2025071607,117.2
2025071607,91.52
2025071607,69.38
2025071607,95.7
2025071608,95.83
2025071608,131.04
2025071608,114.41
2025071608,45.07
2025071609,9.99
2025071609,17.49
2025071609,25.18
2025071609,55.81
2025071610,105.76
2025071610,173.93
2025071610,205.94
2025071610,208.95
2025071611,217.85
2025071611,135.44
2025071611,82.91
2025071611,115.14
2025071612,21.29
2025071612,1.07
2025071612,11.77
2025071612,31.79
2025071613,34.61
2025071613,48.4
2025071613,122.14
2025071613,166.36
2025071614,99.62
2025071614,133.04
2025071614,117.12
2025071614,116.63
2025071615,153.69
2025071615,115.22
2025071615,122.25
2025071615,107.23
2025071616,71.2
2025071616,82.3
2025071616,60.53
2025071616,45.86
2025071617,32.41
2025071617,24.5
2025071617,12.0
2025071617,9.33
2025071618,8.01
2025071618,0.14
2025071618,0.0
2025071618,-0.0001
2025071619,-0.0001
2025071619,-0.0001
2025071619,-0.0001
2025071619,-0.0001
2025071620,-0.0001
2025071620,-0.0001
2025071620,-0.0001
2025071620,-0.0001
2025071621,-0.0001
2025071621,-0.0001
2025071621,-0.0001
2025071621,-0.0001
2025071622,-0.0001
2025071622,-0.0001
2025071622,-0.0001
2025071622,-0.0001
2025071623,-0.0001
2025071623,-0.0001
2025071623,-0.0001
2025071623,-0.0001
2025071700,0.0
2025071700,-0.0001
2025071700,-0.0001
2025071700,-0.0001
2025071701,-0.0001
2025071701,-0.0001
2025071701,-0.0001
2025071701,-0.0001
2025071702,-0.0001
2025071702,-0.0001
2025071702,-0.0001
2025071702,-0.0001
2025071703,-0.0001
2025071703,-0.0001
2025071703,-0.0001
2025071703,-0.0001
2025071704,-0.0001
2025071704,-0.0001
2025071704,-0.0001
2025071704,-0.0001
2025071705,3.84
2025071705,0.51
2025071705,4.64
2025071705,22.09
2025071706,25.41
2025071706,45.69
2025071706,49.12
2025071706,89.26
2025071707,48.64
2025071707,54.89
2025071707,59.87
2025071707,35.95
2025071708,61.96
2025071708,96.12
2025071708,83.85
2025071708,103.51
2025071709,150.1
2025071709,189.01
2025071709,146.21
2025071709,113.66
2025071710,60.96
2025071710,76.2
2025071710,60.4
2025071710,53.69
2025071711,23.17
2025071711,34.55
2025071711,186.98
2025071711,112.04
2025071712,69.18
2025071712,47.89
2025071712,29.49
2025071712,45.63
2025071713,69.85
2025071713,90.72
2025071713,107.77
2025071713,113.93
2025071714,161.62
2025071714,160.8
2025071714,146.04
2025071714,115.22
2025071715,74.67
2025071715,70.43
2025071715,92.12
2025071715,62.66
2025071716,32.63
2025071716,60.77
2025071716,42.98
2025071716,17.47
2025071717,5.54
2025071717,8.2
2025071717,4.84
2025071717,0.86
2025071718,0.0
2025071718,-0.0001
2025071718,-0.0001
2025071718,-0.0001
2025071719,-0.0001
2025071719,-0.0001
2025071719,-0.0001
2025071719,-0.0001
2025071720,-0.0001
2025071720,-0.0001
2025071720,-0.0001
2025071720,-0.0001
2025071721,-0.0001
2025071721,-0.0001
2025071721,-0.0001
2025071721,-0.0001
2025071722,-0.0001
2025071722,-0.0001
2025071722,-0.0001
2025071722,-0.0001
2025071723,-0.0001
2025071723,-0.0001
2025071723,-0.0001
2025071723,-0.0001
2025071800,0.0
2025071800,-0.0001
2025071800,-0.0001
2025071800,-0.0001
2025071801,-0.0001
2025071801,-0.0001
2025071801,-0.0001
2025071801,-0.0001
2025071802,-0.0001
2025071802,-0.0001
2025071802,-0.0001
2025071802,-0.0001
2025071803,-0.0001
2025071803,-0.0001
2025071803,-0.0001
2025071803,-0.0001
2025071804,-0.0001
2025071804,-0.0001
2025071804,-0.0001
2025071804,-0.0001
2025071805,-0.0001
2025071805,-0.0001
2025071805,-0.0001
2025071805,-0.0001
2025071806,1.36
2025071806,5.04
2025071806,-0.0001
2025071806,-0.0001
2025071807,10.84
2025071807,14.83
2025071807,25.33
2025071807,40.03
2025071808,53.64
2025071808,65.17
2025071808,75.46
2025071808,90.36
2025071809,145.92
2025071809,185.91
2025071809,190.9
2025071809,195.75
2025071810,179.4
2025071810,151.77
2025071810,112.29
2025071810,91.87
2025071811,132.89
2025071811,56.13
2025071811,61.19
2025071811,164.89
2025071812,86.33
2025071812,50.59
2025071812,51.62
2025071812,39.55
2025071813,50.85
2025071813,130.76
2025071813,162.04
2025071813,139.72
2025071814,86.96
2025071814,83.33
2025071814,7.57
2025071814,3.41
2025071815,1.27
2025071815,0.0
2025071815,2.91
2025071815,-0.0001
2025071816,6.62
2025071816,5.25
2025071816,7.11
2025071816,15.09
2025071817,28.68
2025071817,34.51
2025071817,25.4
2025071817,6.2
2025071818,0.0
2025071818,-0.0001
2025071818,-0.0001
2025071818,-0.0001
2025071819,-0.0001
2025071819,-0.0001
2025071819,-0.0001
2025071819,-0.0001
2025071820,-0.0001
2025071820,-0.0001
2025071820,-0.0001
2025071820,-0.0001
2025071821,-0.0001
2025071821,-0.0001
2025071821,-0.0001
2025071821,-0.0001
2025071822,-0.0001
2025071822,-0.0001
2025071822,-0.0001
2025071822,-0.0001
2025071823,-0.0001
2025071823,-0.0001
2025071823,-0.0001
2025071823,-0.0001
2025071900,0.0
2025071900,-0.0001
2025071900,-0.0001
2025071900,-0.0001
2025071901,-0.0001
2025071901,-0.0001
2025071901,-0.0001
2025071901,-0.0001
2025071902,-0.0001
2025071902,-0.0001
2025071902,-0.0001
2025071902,-0.0001
2025071903,-0.0001
2025071903,-0.0001
2025071903,-0.0001
2025071903,-0.0001
2025071904,-0.0001
2025071904,-0.0001
2025071904,-0.0001
2025071904,-0.0001
2025071905,2.35
2025071905,-0.0001
2025071905,-0.0001
2025071905,-0.0001
2025071906,5.44
2025071906,8.27
2025071906,11.58
2025071906,30.44
2025071907,54.07
2025071907,86.17
2025071907,97.09
2025071907,118.52
2025071908,133.6
2025071908,71.05
2025071908,74.94
2025071908,7.02
2025071909,0.0
2025071909,-0.0001
2025071909,-0.0001
2025071909,-0.0001
2025071910,-0.0001
2025071910,-0.0001
2025071910,-0.0001
2025071910,-0.0001
2025071911,-0.0001
2025071911,-0.0001
2025071911,-0.0001
2025071911,-0.0001
2025071912,-0.0001
2025071912,-0.0001
2025071912,-0.0001
2025071912,-0.0001
2025071913,7.36
2025071913,82.81
2025071913,139.62
2025071913,14.52
2025071914,13.46
2025071914,149.98
2025071914,153.7
2025071914,142.15
2025071915,57.0
2025071915,113.41
2025071915,99.63
2025071915,90.55
2025071916,75.83
2025071916,58.65
2025071916,51.32
2025071916,37.41
2025071917,27.88
2025071917,24.97
2025071917,11.12
2025071917,1.59
2025071918,0.0
2025071918,-0.0001
2025071918,-0.0001
2025071918,-0.0001
2025071919,-0.0001
2025071919,-0.0001
2025071919,-0.0001
2025071919,-0.0001
2025071920,-0.0001
2025071920,-0.0001
2025071920,-0.0001
2025071920,-0.0001
2025071921,-0.0001
2025071921,-0.0001
2025071921,-0.0001
2025071921,-0.0001
2025071922,-0.0001
2025071922,-0.0001
2025071922,-0.0001
2025071922,-0.0001
2025071923,-0.0001
2025071923,-0.0001
2025071923,-0.0001
2025071923,-0.0001
2025072000,0.0
2025072000,-0.0001
2025072000,-0.0001
2025072000,-0.0001
2025072001,-0.0001
2025072001,-0.0001
2025072001,-0.0001
2025072001,-0.0001
2025072002,-0.0001
2025072002,-0.0001
2025072002,-0.0001
2025072002,-0.0001
2025072003,-0.0001
2025072003,-0.0001
2025072003,-0.0001
2025072003,-0.0001
2025072004,-0.0001
2025072004,-0.0001
2025072004,-0.0001
2025072004,-0.0001
2025072005,2.94
2025072005,5.96
2025072005,22.96
2025072005,25.0
2025072006,37.4
2025072006,60.45
2025072006,36.66
2025072006,68.9
2025072007,84.16
2025072007,107.33
2025072007,125.46
2025072007,138.79
2025072008,150.61
2025072008,170.05
2025072008,184.06
2025072008,191.86
2025072009,133.47
2025072009,79.85
2025072009,84.85
2025072009,98.12
2025072010,9.87
2025072010,4.21
2025072010,4.17
2025072010,4.22
2025072011,4.21
2025072011,4.18
2025072011,4.21
2025072011,-0.0001
2025072012,4.19
2025072012,4.16
2025072012,4.23
2025072012,4.19
2025072013,4.23
2025072013,12.34
2025072013,43.25
2025072013,62.47
2025072014,17.37
2025072014,47.28
2025072014,48.91
2025072014,68.51
2025072015,71.13
2025072015,55.63
2025072015,43.88
2025072015,27.83
2025072016,37.22
2025072016,49.66
2025072016,25.75
2025072016,11.7
2025072017,25.04
2025072017,21.72
2025072017,10.9
2025072017,7.79
2025072018,7.16
2025072018,0.0
2025072018,-0.0001
2025072018,-0.0001
2025072019,-0.0001
2025072019,-0.0001
2025072019,-0.0001
2025072019,-0.0001
2025072020,-0.0001
2025072020,-0.0001
2025072020,-0.0001
2025072020,-0.0001
2025072021,-0.0001
2025072021,-0.0001
2025072021,-0.0001
2025072021,-0.0001
2025072022,-0.0001
2025072022,-0.0001
2025072022,-0.0001
2025072022,-0.0001
2025072023,-0.0001
2025072023,-0.0001
2025072023,-0.0001
2025072023,-0.0001
2025072100,0.0
2025072100,-0.0001
2025072100,-0.0001
2025072100,-0.0001
2025072101,-0.0001
2025072101,-0.0001
2025072101,-0.0001
2025072101,-0.0001
2025072102,-0.0001
2025072102,-0.0001
2025072102,-0.0001
2025072102,-0.0001
2025072103,-0.0001
2025072103,-0.0001
2025072103,-0.0001
2025072103,-0.0001
2025072104,1.18
2025072104,2.78
2025072104,6.2
2025072104,5.83
2025072105,6.17
2025072105,9.67
2025072105,17.1
2025072105,21.65
2025072106,37.93
2025072106,46.82
2025072106,56.31
2025072106,76.1
2025072107,70.13
2025072107,61.6
2025072107,105.05
2025072107,108.92
2025072108,89.57
2025072108,106.27
2025072108,104.26
2025072108,67.87
2025072109,34.92
2025072109,43.56
2025072109,81.14
2025072109,94.6
2025072110,88.91
2025072110,63.8
2025072110,58.21
2025072110,54.27
2025072111,45.7
2025072111,39.58
2025072111,36.62
2025072111,49.73
2025072112,64.02
2025072112,66.93
2025072112,55.59
2025072112,48.84
2025072113,59.66
2025072113,63.17
2025072113,57.04
2025072113,51.88
2025072114,48.12
2025072114,46.72
2025072114,47.05
2025072114,39.72
2025072115,30.88
2025072115,31.38
2025072115,33.78
2025072115,37.03
2025072116,42.03
2025072116,35.81
2025072116,28.71
2025072116,24.47
2025072117,22.35
2025072117,17.65
2025072117,14.84
2025072117,12.2
2025072118,8.91
2025072118,5.9
2025072118,4.31
2025072118,-0.0001
2025072119,-0.0001
2025072119,-0.0001
2025072119,-0.0001
2025072119,-0.0001
2025072120,-0.0001
2025072120,-0.0001
2025072120,-0.0001
2025072120,-0.0001
2025072121,-0.0001
2025072121,-0.0001
2025072121,-0.0001
2025072121,-0.0001
2025072122,-0.0001
2025072122,-0.0001
2025072122,-0.0001
2025072122,-0.0001
2025072123,-0.0001
2025072123,-0.0001
2025072123,-0.0001
2025072123,-0.0001
2025072200,0.0
2025072200,-0.0001
2025072200,-0.0001
2025072200,-0.0001
2025072201,-0.0001
2025072201,-0.0001
2025072201,-0.0001
2025072201,-0.0001
2025072202,-0.0001
2025072202,-0.0001
2025072202,-0.0001
2025072202,-0.0001
2025072203,-0.0001
2025072203,-0.0001
2025072203,-0.0001
2025072203,-0.0001
2025072204,0.09
2025072204,4.33
2025072204,5.07
2025072204,-0.0001
2025072205,6.43
2025072205,9.18
2025072205,12.42
2025072205,18.9
2025072206,25.39
2025072206,33.52
2025072206,38.08
2025072206,35.25
2025072207,39.36
2025072207,36.91
2025072207,39.22
2025072207,40.02
2025072208,47.02
2025072208,48.51
2025072208,47.96
2025072208,46.79
2025072209,33.75
2025072209,26.31
2025072209,40.08
2025072209,47.2
2025072210,43.67
2025072210,43.47
2025072210,41.74
2025072210,39.82
2025072211,44.12
2025072211,45.73
2025072211,44.33
2025072211,50.29
2025072212,25.48
2025072212,25.2
2025072212,26.5
2025072212,26.55
2025072213,29.32
2025072213,28.63
2025072213,25.05
2025072213,21.46
2025072214,24.09
2025072214,28.62
2025072214,18.06
2025072214,16.75
2025072215,17.5
2025072215,16.78
2025072215,15.14
2025072215,11.17
2025072216,9.13
2025072216,11.48
2025072216,7.42
2025072216,4.88
2025072217,3.45
2025072217,3.04
2025072217,0.0
2025072217,-0.0001
2025072218,-0.0001
2025072218,-0.0001
2025072218,-0.0001
2025072218,-0.0001
2025072219,-0.0001
2025072219,-0.0001
2025072219,-0.0001
2025072219,-0.0001
2025072220,-0.0001
2025072220,-0.0001
2025072220,-0.0001
2025072220,-0.0001
2025072221,-0.0001
2025072221,-0.0001
2025072221,-0.0001
2025072221,-0.0001
2025072222,-0.0001
2025072222,-0.0001
2025072222,-0.0001
2025072222,-0.0001
2025072223,-0.0001
2025072223,-0.0001
2025072223,-0.0001
2025072223,-0.0001
2025072300,0.0
2025072300,-0.0001
2025072300,-0.0001
2025072300,-0.0001
2025072301,-0.0001
2025072301,-0.0001
2025072301,-0.0001
2025072301,-0.0001
2025072302,-0.0001
2025072302,-0.0001
2025072302,-0.0001
2025072302,-0.0001
2025072303,0.76
2025072303,-0.0001
2025072303,-0.0001
2025072303,-0.0001
2025072304,5.04
2025072304,9.6
2025072304,10.63
2025072304,16.41
2025072305,19.23
2025072305,25.17
2025072305,20.86
2025072305,23.2
2025072306,28.74
2025072306,39.22
2025072306,36.37
2025072306,43.6
2025072307,55.41
2025072307,38.01
2025072307,48.63
2025072307,29.36
2025072308,58.95
2025072308,95.05
2025072308,72.79
2025072308,37.98
2025072309,39.36
2025072309,82.94
2025072309,117.46
2025072309,79.94
2025072310,116.76
2025072310,139.01
2025072310,57.04
2025072310,69.52
2025072311,93.57
2025072311,48.07
2025072311,35.83
2025072311,46.02
2025072312,42.57
2025072312,59.23
2025072312,80.83
2025072312,72.16
2025072313,43.2
2025072313,56.09
2025072313,18.91
2025072313,12.35
2025072314,33.1
2025072314,53.13
2025072314,31.44
2025072314,46.17
2025072315,43.42
2025072315,76.9
2025072315,91.25
2025072315,77.44
2025072316,98.78
2025072316,86.88
2025072316,65.88
2025072316,38.95
2025072317,37.48
2025072317,28.13
2025072317,27.55
2025072317,29.67
2025072318,19.62
2025072318,14.93
2025072318,13.26
2025072318,9.5
2025072319,5.46
2025072319,0.86
2025072319,0.0
2025072319,-0.0001
2025072320,-0.0001
2025072320,-0.0001
2025072320,-0.0001
2025072320,-0.0001
2025072321,-0.0001
2025072321,-0.0001
2025072321,-0.0001
2025072321,-0.0001
2025072322,-0.0001
2025072322,-0.0001
2025072322,-0.0001
2025072322,-0.0001
2025072323,-0.0001
2025072323,-0.0001
2025072323,-0.0001
2025072323,-0.0001
2025072400,0.0
2025072400,-0.0001
2025072400,-0.0001
2025072400,-0.0001
2025072401,-0.0001
2025072401,-0.0001
2025072401,-0.0001
2025072401,-0.0001
2025072402,-0.0001
2025072402,-0.0001
2025072402,-0.0001
2025072402,-0.0001
2025072403,2.39
2025072403,-0.0001
2025072403,-0.0001
2025072403,-0.0001
2025072404,6.38
2025072404,4.98
2025072404,5.02
2025072404,4.4
2025072405,4.52
2025072405,5.5
2025072405,11.69
2025072405,16.7
2025072406,17.49
2025072406,21.3
2025072406,25.63
2025072406,20.63
2025072407,22.2
2025072407,23.51
2025072407,25.87
2025072407,29.71
2025072408,17.2
2025072408,11.98
2025072408,7.92
2025072408,26.07
2025072409,85.51
2025072409,100.27
2025072409,93.6
2025072409,151.12
2025072410,203.46
2025072410,163.83
2025072410,129.65
2025072410,39.85
2025072411,106.87
2025072411,150.87
2025072411,164.17
2025072411,150.39
2025072412,155.91
2025072412,130.09
2025072412,114.54
2025072412,76.0
2025072413,120.49
2025072413,182.79
2025072413,139.91
2025072413,170.69
2025072414,173.73
2025072414,145.78
2025072414,52.86
2025072414,22.39
2025072415,28.42
2025072415,91.07
2025072415,141.28
2025072415,112.7
2025072416,81.78
2025072416,92.64
2025072416,84.72
2025072416,54.96
2025072417,41.59
2025072417,24.23
2025072417,15.63
2025072417,11.85
2025072418,10.07
2025072418,9.47
2025072418,7.76
2025072418,5.56
2025072419,1.86
2025072419,0.0
2025072419,-0.0001
2025072419,-0.0001
2025072420,-0.0001
2025072420,-0.0001
2025072420,-0.0001
2025072420,-0.0001
2025072421,-0.0001
2025072421,-0.0001
2025072421,-0.0001
2025072421,-0.0001
2025072422,-0.0001
2025072422,-0.0001
2025072422,-0.0001
2025072422,-0.0001
2025072423,-0.0001
2025072423,-0.0001
2025072423,-0.0001
2025072423,-0.0001
2025072500,0.0
2025072500,-0.0001
2025072500,-0.0001
2025072500,-0.0001
2025072501,-0.0001
2025072501,-0.0001
2025072501,-0.0001
2025072501,-0.0001
2025072502,-0.0001
2025072502,-0.0001
2025072502,-0.0001
2025072502,-0.0001
2025072503,-0.0001
2025072503,-0.0001
2025072503,-0.0001
2025072503,-0.0001
2025072504,3.38
2025072504,7.91
2025072504,-0.0001
2025072504,-0.0001
2025072505,8.78
2025072505,12.82
2025072505,12.12
2025072505,13.51
2025072506,18.06
2025072506,19.79
2025072506,19.09
2025072506,20.55
2025072507,15.78
2025072507,18.77
2025072507,25.49
2025072507,26.11
2025072508,38.15
2025072508,26.56
2025072508,20.0
2025072508,18.92
2025072509,18.29
2025072509,26.76
2025072509,27.25
2025072509,30.42
2025072510,35.09
2025072510,33.06
2025072510,44.77
2025072510,37.69
2025072511,36.4
2025072511,28.48
2025072511,34.02
2025072511,33.42
2025072512,44.82
2025072512,80.48
2025072512,79.05
2025072512,61.01
2025072513,64.22
2025072513,19.27
2025072513,52.2
2025072513,38.5
2025072514,55.87
2025072514,41.82
2025072514,56.51
2025072514,44.04
2025072515,50.13
2025072515,45.13
2025072515,34.09
2025072515,27.59
2025072516,30.21
2025072516,29.65
2025072516,18.25
2025072516,24.13
2025072517,24.96
2025072517,18.05
2025072517,15.62
2025072517,17.55
2025072518,12.59
2025072518,6.16
2025072518,3.02
2025072518,0.8
2025072519,0.0
2025072519,-0.0001
2025072519,-0.0001
2025072519,-0.0001
2025072520,-0.0001
2025072520,-0.0001
2025072520,-0.0001
2025072520,-0.0001
2025072521,-0.0001
2025072521,-0.0001
2025072521,-0.0001
2025072521,-0.0001
2025072522,-0.0001
2025072522,-0.0001
2025072522,-0.0001
2025072522,-0.0001
2025072523,-0.0001
2025072523,-0.0001
2025072523,-0.0001
2025072523,-0.0001
2025072600,0.0
2025072600,-0.0001
2025072600,-0.0001
2025072600,-0.0001
2025072601,-0.0001
2025072601,-0.0001
2025072601,-0.0001
2025072601,-0.0001
2025072602,-0.0001
2025072602,-0.0001
2025072602,-0.0001
2025072602,-0.0001
2025072603,-0.0001
2025072603,-0.0001
2025072603,-0.0001
2025072603,-0.0001
2025072604,0.82
2025072604,10.61
2025072604,21.56
2025072604,25.35
2025072605,33.09
2025072605,41.77
2025072605,33.36
2025072605,37.08
2025072606,42.53
2025072606,47.92
2025072606,54.84
2025072606,54.44
2025072607,44.35
2025072607,24.4
2025072607,29.33
2025072607,5.28
2025072608,19.28
2025072608,94.99
2025072608,128.04
2025072608,117.91
2025072609,81.71
2025072609,76.86
2025072609,128.54
2025072609,104.65
2025072610,165.59
2025072610,152.14
2025072610,128.13
2025072610,64.68
2025072611,55.34
2025072611,121.45
2025072611,158.39
2025072611,104.28
2025072612,63.15
2025072612,134.47
2025072612,139.56
2025072612,52.07
2025072613,82.35
2025072613,20.8
2025072613,22.51
2025072613,89.69
2025072614,150.19
2025072614,87.37
2025072614,56.29
2025072614,55.32
2025072615,46.2
2025072615,101.54
2025072615,110.8
2025072615,122.21
2025072616,116.83
2025072616,56.7
2025072616,35.61
2025072616,19.26
2025072617,14.93
2025072617,9.35
2025072617,6.76
2025072617,4.37
2025072618,0.0
2025072618,-0.0001
2025072618,-0.0001
2025072618,-0.0001
2025072619,-0.0001
2025072619,-0.0001
2025072619,-0.0001
2025072619,-0.0001
2025072620,-0.0001
2025072620,-0.0001
2025072620,-0.0001
2025072620,-0.0001
2025072621,-0.0001
2025072621,-0.0001
2025072621,-0.0001
2025072621,-0.0001
2025072622,-0.0001
2025072622,-0.0001
2025072622,-0.0001
2025072622,-0.0001
2025072623,-0.0001
2025072623,-0.0001
2025072623,-0.0001
2025072623,-0.0001
2025072700,0.0
2025072700,-0.0001
2025072700,-0.0001
2025072700,-0.0001
2025072701,-0.0001
2025072701,-0.0001
2025072701,-0.0001
2025072701,-0.0001
2025072702,-0.0001
2025072702,-0.0001
2025072702,-0.0001
2025072702,-0.0001
2025072703,-0.0001
2025072703,-0.0001
2025072703,-0.0001
2025072703,-0.0001
2025072704,1.77
2025072704,4.65
2025072704,8.02
2025072704,12.41
2025072705,18.35
2025072705,36.69
2025072705,46.97
2025072705,36.74
2025072706,37.19
2025072706,42.21
2025072706,41.77
2025072706,33.11
2025072707,22.28
2025072707,30.77
2025072707,38.12
2025072707,68.07
2025072708,76.15
2025072708,62.96
2025072708,102.53
2025072708,136.67
2025072709,153.83
2025072709,175.65
2025072709,107.32
2025072709,114.81
2025072710,121.92
2025072710,114.2
2025072710,72.9
2025072710,37.27
2025072711,18.68
2025072711,14.85
2025072711,21.07
2025072711,25.33
2025072712,19.17
2025072712,17.44
2025072712,17.37
2025072712,17.34
2025072713,89.59
2025072713,38.93
2025072713,63.0
2025072713,62.18
2025072714,101.75
2025072714,113.67
2025072714,125.91
2025072714,136.18
2025072715,43.43
2025072715,99.56
2025072715,99.64
2025072715,82.93
2025072716,29.79
2025072716,55.31
2025072716,61.79
2025072716,69.51
2025072717,40.01
2025072717,23.77
2025072717,12.41
2025072717,5.25
2025072718,0.0
2025072718,-0.0001
2025072718,-0.0001
2025072718,-0.0001
2025072719,-0.0001
2025072719,-0.0001
2025072719,-0.0001
2025072719,-0.0001
2025072720,-0.0001
2025072720,-0.0001
2025072720,-0.0001
2025072720,-0.0001
2025072721,-0.0001
2025072721,-0.0001
2025072721,-0.0001
2025072721,-0.0001
2025072722,-0.0001
2025072722,-0.0001
2025072722,-0.0001
2025072722,-0.0001
2025072723,-0.0001
2025072723,-0.0001
2025072723,-0.0001
2025072723,-0.0001
2025072800,0.0
2025072800,-0.0001
2025072800,-0.0001
2025072800,-0.0001
2025072801,-0.0001
2025072801,-0.0001
2025072801,-0.0001
2025072801,-0.0001
2025072802,-0.0001
2025072802,-0.0001
2025072802,-0.0001
2025072802,-0.0001
2025072803,-0.0001
2025072803,-0.0001
2025072803,-0.0001
2025072803,-0.0001
2025072804,3.07
2025072804,8.18
2025072804,-0.0001
2025072804,-0.0001
2025072805,7.28
2025072805,12.02
2025072805,17.93
2025072805,25.29
2025072806,37.09
2025072806,45.26
2025072806,64.61
2025072806,59.54
2025072807,52.78
2025072807,54.89
2025072807,78.7
2025072807,79.73
2025072808,131.64
2025072808,126.47
2025072808,98.13
2025072808,27.0
2025072809,19.3
2025072809,18.96
2025072809,19.03
2025072809,24.55
2025072810,101.18
2025072810,178.52
2025072810,160.14
2025072810,57.81
2025072811,21.62
2025072811,30.02
2025072811,140.91
2025072811,114.92
2025072812,25.21
2025072812,50.2
2025072812,14.62
2025072812,9.71
2025072813,18.07
2025072813,106.94
2025072813,111.48
2025072813,35.78
2025072814,21.85
2025072814,132.01
2025072814,154.43
2025072814,76.74
2025072815,122.34
2025072815,123.44
2025072815,101.09
2025072815,95.5
2025072816,73.94
2025072816,21.97
2025072816,59.67
2025072816,49.95
2025072817,37.68
2025072817,29.13
2025072817,15.91
2025072817,8.24
2025072818,3.65
2025072818,0.0
2025072818,-0.0001
2025072818,-0.0001
2025072819,-0.0001
2025072819,-0.0001
2025072819,-0.0001
2025072819,-0.0001
2025072820,-0.0001
2025072820,-0.0001
2025072820,-0.0001
2025072820,-0.0001
2025072821,-0.0001
2025072821,-0.0001
2025072821,-0.0001
2025072821,-0.0001
2025072822,-0.0001
2025072822,-0.0001
2025072822,-0.0001
2025072822,-0.0001
2025072823,-0.0001
2025072823,-0.0001
2025072823,-0.0001
2025072823,-0.0001
2025072900,0.0
2025072900,-0.0001
2025072900,-0.0001
2025072900,-0.0001
2025072901,-0.0001
2025072901,-0.0001
2025072901,-0.0001
2025072901,-0.0001
2025072902,-0.0001
2025072902,-0.0001
2025072902,-0.0001
2025072902,-0.0001
2025072903,-0.0001
2025072903,-0.0001
2025072903,-0.0001
2025072903,-0.0001
2025072904,0.12
2025072904,9.39
2025072904,-0.0001
2025072904,-0.0001
2025072905,11.34
2025072905,9.4
2025072905,18.5
2025072905,11.82
2025072906,18.83
2025072906,25.85
2025072906,20.88
2025072906,0.96
2025072907,0.0
2025072907,0.13
2025072907,-0.0001
2025072907,-0.0001
2025072908,19.14
2025072908,129.19
2025072908,120.17
2025072908,74.97
2025072909,76.8
2025072909,101.43
2025072909,87.38
2025072909,127.2
2025072910,56.31
2025072910,14.36
2025072910,9.95
2025072910,9.58
2025072911,9.57
2025072911,8.93
2025072911,7.83
2025072911,6.77
2025072912,5.95
2025072912,6.34
2025072912,9.07
2025072912,7.1
2025072913,8.48
2025072913,8.98
2025072913,10.89
2025072913,11.05
2025072914,10.81
2025072914,11.26
2025072914,9.75
2025072914,6.72
2025072915,6.22
2025072915,6.29
2025072915,9.32
2025072915,25.07
2025072916,13.96
2025072916,64.83
2025072916,35.52
2025072916,28.31
2025072917,13.38
2025072917,22.39
2025072917,25.25
2025072917,15.74
2025072918,0.0
2025072918,-0.0001
2025072918,-0.0001
2025072918,-0.0001
2025072919,-0.0001
2025072919,-0.0001
2025072919,-0.0001
2025072919,-0.0001
2025072920,-0.0001
2025072920,-0.0001
2025072920,-0.0001
2025072920,-0.0001
2025072921,-0.0001
2025072921,-0.0001
2025072921,-0.0001
2025072921,-0.0001
2025072922,-0.0001
2025072922,-0.0001
2025072922,-0.0001
2025072922,-0.0001
2025072923,-0.0001
2025072923,-0.0001
2025072923,-0.0001
2025072923,-0.0001
2025073000,0.0
2025073000,-0.0001
2025073000,-0.0001
2025073000,-0.0001
2025073001,-0.0001
2025073001,-0.0001
2025073001,-0.0001
2025073001,-0.0001
2025073002,-0.0001
2025073002,-0.0001
2025073002,-0.0001
2025073002,-0.0001
2025073003,-0.0001
2025073003,-0.0001
2025073003,-0.0001
2025073003,-0.0001
2025073004,4.05
2025073004,-0.0001
2025073004,-0.0001
2025073004,-0.0001
2025073005,4.18
2025073005,1.21
2025073005,1.1
2025073005,10.73
2025073006,9.5
2025073006,10.23
2025073006,34.61
2025073006,40.04
2025073007,9.44
2025073007,1.43
2025073007,5.08
2025073007,6.88
2025073008,9.11
2025073008,7.62
2025073008,6.05
2025073008,8.93
2025073009,8.33
2025073009,4.91
2025073009,8.47
2025073009,7.22
2025073010,3.46
2025073010,3.2
2025073010,5.21
2025073010,6.68
2025073011,22.45
2025073011,26.61
2025073011,25.8
2025073011,27.22
2025073012,27.37
2025073012,27.43
2025073012,27.44
2025073012,-0.0001
2025073013,31.42
2025073013,82.27
2025073013,92.63
2025073013,34.07
2025073014,31.67
2025073014,122.11
2025073014,189.98
2025073014,103.02
2025073015,72.6
2025073015,97.94
2025073015,99.67
2025073015,44.01
2025073016,31.04
2025073016,36.25
2025073016,54.17
2025073016,48.22
2025073017,34.5
2025073017,19.08
2025073017,8.87
2025073017,8.14
2025073018,7.73
2025073018,6.74
2025073018,5.56
2025073018,2.02
2025073019,0.0
2025073019,-0.0001
2025073019,-0.0001
2025073019,-0.0001
2025073020,-0.0001
2025073020,-0.0001
2025073020,-0.0001
2025073020,-0.0001
2025073021,-0.0001
2025073021,-0.0001
2025073021,-0.0001
2025073021,-0.0001
2025073022,-0.0001
2025073022,-0.0001
2025073022,-0.0001
2025073022,-0.0001
2025073023,-0.0001
2025073023,-0.0001
2025073023,-0.0001
2025073023,-0.0001
2025073100,0.0
2025073100,-0.0001
2025073100,-0.0001
2025073100,-0.0001
2025073101,-0.0001
2025073101,-0.0001
2025073101,-0.0001
2025073101,-0.0001
2025073102,-0.0001
2025073102,-0.0001
2025073102,-0.0001
2025073102,-0.0001
2025073103,-0.0001
2025073103,-0.0001
2025073103,-0.0001
2025073103,-0.0001
2025073104,2.48
2025073104,9.49
2025073104,16.03
2025073104,-0.0001
2025073105,19.91
2025073105,22.11
2025073105,37.9
2025073105,54.02
2025073106,56.16
2025073106,55.67
2025073106,63.34
2025073106,68.62
2025073107,52.8
2025073107,46.83
2025073107,78.46
2025073107,128.49
2025073108,146.73
2025073108,124.32
2025073108,141.8
2025073108,151.7
2025073109,156.29
2025073109,84.29
2025073109,109.05
2025073109,88.97
2025073110,123.48
2025073110,204.12
2025073110,219.67
2025073110,204.15
2025073111,217.19
2025073111,135.1
2025073111,96.61
2025073111,194.16
2025073112,122.59
2025073112,186.34
2025073112,80.56
2025073112,53.92
2025073113,62.53
2025073113,79.25
2025073113,32.2
2025073113,47.04
2025073114,17.43
2025073114,14.05
2025073114,12.41
2025073114,30.84
2025073115,53.86
2025073115,16.79
2025073115,4.18
2025073115,8.93
2025073116,19.99
2025073116,10.29
2025073116,19.7
2025073116,25.86
2025073117,12.76
2025073117,8.92
2025073117,7.52
2025073117,4.46
2025073118,4.65
2025073118,4.22
2025073118,1.42
2025073118,0.06
2025073119,2.5
2025073119,0.0
2025073119,-0.0001
2025073119,-0.0001
2025073120,-0.0001
2025073120,-0.0001
2025073120,-0.0001
2025073120,-0.0001
2025073121,-0.0001
2025073121,-0.0001
2025073121,-0.0001
2025073121,-0.0001
2025073122,-0.0001
2025073122,-0.0001
2025073122,-0.0001
2025073122,-0.0001
2025073123,-0.0001
2025073123,-0.0001
2025073123,-0.0001
2025073123,-0.0001
2025080100,0.0
2025080100,-0.0001
2025080100,-0.0001
2025080100,-0.0001
2025080101,-0.0001
2025080101,-0.0001
2025080101,-0.0001
2025080101,-0.0001
2025080102,-0.0001
2025080102,-0.0001
2025080102,-0.0001
2025080102,-0.0001
2025080103,2.38
2025080103,4.7
2025080103,-0.0001
2025080103,-0.0001
2025080104,4.52
2025080104,7.64
2025080104,7.84
2025080104,5.66
2025080105,8.76
2025080105,26.61
2025080105,35.9
2025080105,43.0
2025080106,45.97
2025080106,46.98
2025080106,52.48
2025080106,48.5
2025080107,53.97
2025080107,65.68
2025080107,69.48
2025080107,71.24
2025080108,81.93
2025080108,98.39
2025080108,102.22
2025080108,108.6
2025080109,124.63
2025080109,147.55
2025080109,176.96
2025080109,203.9
2025080110,171.68
2025080110,154.67
2025080110,88.01
2025080110,72.76
2025080111,118.46
2025080111,157.53
2025080111,92.97
2025080111,13.38
2025080112,15.36
2025080112,139.87
2025080112,125.34
2025080112,30.51
2025080113,111.4
2025080113,221.42
2025080113,223.92
2025080113,207.93
2025080114,155.45
2025080114,95.01
2025080114,47.77
2025080114,122.04
2025080115,74.88
2025080115,30.75
2025080115,43.15
2025080115,114.18
2025080116,119.54
2025080116,48.9
2025080116,20.21
2025080116,19.22
2025080117,22.88
2025080117,15.4
2025080117,12.0
2025080117,12.43
2025080118,10.74
2025080118,8.75
2025080118,6.01
2025080118,2.12
2025080119,0.0
2025080119,-0.0001
2025080119,-0.0001
2025080119,-0.0001
2025080120,-0.0001
2025080120,-0.0001
2025080120,-0.0001
2025080120,-0.0001
2025080121,-0.0001
2025080121,-0.0001
2025080121,-0.0001
2025080121,-0.0001
2025080122,-0.0001
2025080122,-0.0001
2025080122,-0.0001
2025080122,-0.0001
2025080123,-0.0001
2025080123,-0.0001
2025080123,-0.0001
2025080123,-0.0001
2025080200,0.0
2025080200,-0.0001
2025080200,-0.0001
2025080200,-0.0001
2025080201,-0.0001
2025080201,-0.0001
2025080201,-0.0001
2025080201,-0.0001
2025080202,-0.0001
2025080202,-0.0001
2025080202,-0.0001
2025080202,-0.0001
2025080203,-0.0001
2025080203,-0.0001
2025080203,-0.0001
2025080203,-0.0001
2025080204,2.35
2025080204,6.28
2025080204,6.0
2025080204,11.28
2025080205,12.73
2025080205,22.78
2025080205,25.24
2025080205,31.37
2025080206,39.17
2025080206,42.84
2025080206,57.79
2025080206,48.22
2025080207,48.52
2025080207,57.83
2025080207,84.2
2025080207,133.66
2025080208,107.41
2025080208,154.66
2025080208,25.58
2025080208,23.51
2025080209,7.72
2025080209,5.66
2025080209,5.61
2025080209,17.58
2025080210,89.27
2025080210,20.49
2025080210,5.61
2025080210,5.66
2025080211,5.61
2025080211,-0.0001
2025080211,-0.0001
2025080211,-0.0001
2025080212,5.64
2025080212,5.67
2025080212,5.61
2025080212,5.65
2025080213,5.67
2025080213,5.69
2025080213,5.63
2025080213,-0.0001
2025080214,9.71
2025080214,46.89
2025080214,9.67
2025080214,5.59
2025080215,11.64
2025080215,63.08
2025080215,95.84
2025080215,95.49
2025080216,60.92
2025080216,33.39
2025080216,24.16
2025080216,14.89
2025080217,12.92
2025080217,10.18
2025080217,6.49
2025080217,4.71
2025080218,5.88
2025080218,4.33
2025080218,0.19
2025080218,0.0
2025080219,-0.0001
2025080219,-0.0001
2025080219,-0.0001
2025080219,-0.0001
2025080220,-0.0001
2025080220,-0.0001
2025080220,-0.0001
2025080220,-0.0001
2025080221,-0.0001
2025080221,-0.0001
2025080221,-0.0001
2025080221,-0.0001
2025080222,-0.0001
2025080222,-0.0001
2025080222,-0.0001
2025080222,-0.0001
2025080223,-0.0001
2025080223,-0.0001
2025080223,-0.0001
2025080223,-0.0001
2025080300,0.0
2025080300,-0.0001
2025080300,-0.0001
2025080300,-0.0001
2025080301,-0.0001
2025080301,-0.0001
2025080301,-0.0001
2025080301,-0.0001
2025080302,-0.0001
2025080302,-0.0001
2025080302,-0.0001
2025080302,-0.0001
2025080303,-0.0001
2025080303,-0.0001
2025080303,-0.0001
2025080303,-0.0001
2025080304,-0.0001
2025080304,-0.0001
2025080304,-0.0001
2025080304,-0.0001
2025080305,2.34
2025080305,4.02
2025080305,5.93
2025080305,10.94
2025080306,12.19
2025080306,11.46
2025080306,2.73
2025080306,0.63
2025080307,0.12
2025080307,0.43
2025080307,0.42
2025080307,0.01
2025080308,0.13
2025080308,0.33
2025080308,0.6
2025080308,0.51
2025080309,0.67
2025080309,0.76
2025080309,1.16
2025080309,0.76
2025080310,0.7
2025080310,0.0
2025080310,0.55
2025080310,-0.0001
2025080311,0.2
2025080311,0.03
2025080311,0.0
2025080311,-0.0001
2025080312,-0.0001
2025080312,-0.0001
2025080312,-0.0001
2025080312,-0.0001
2025080313,1.4
2025080313,-0.0001
2025080313,-0.0001
2025080313,-0.0001
2025080314,4.12
2025080314,19.58
2025080314,6.27
2025080314,20.59
2025080315,31.93
2025080315,27.52
2025080315,30.03
2025080315,22.54
2025080316,9.34
2025080316,7.89
2025080316,10.01
2025080316,15.19
2025080317,4.94
2025080317,15.57
2025080317,1.79
2025080317,0.0
2025080318,4.79
2025080318,5.22
2025080318,4.35
2025080318,0.73
2025080319,0.0
2025080319,-0.0001
2025080319,-0.0001
2025080319,-0.0001
2025080320,-0.0001
2025080320,-0.0001
2025080320,-0.0001
2025080320,-0.0001
2025080321,-0.0001
2025080321,-0.0001
2025080321,-0.0001
2025080321,-0.0001
2025080322,-0.0001
2025080322,-0.0001
2025080322,-0.0001
2025080322,-0.0001
2025080323,-0.0001
2025080323,-0.0001
2025080323,-0.0001
2025080323,-0.0001
2025080400,0.0
2025080400,-0.0001
2025080400,-0.0001
2025080400,-0.0001
2025080401,-0.0001
2025080401,-0.0001
2025080401,-0.0001
2025080401,-0.0001
2025080402,-0.0001
2025080402,-0.0001
2025080402,-0.0001
2025080402,-0.0001
2025080403,-0.0001
2025080403,-0.0001
2025080403,-0.0001
2025080403,-0.0001
2025080404,0.11
2025080404,4.46
2025080404,7.32
2025080404,10.97
2025080405,14.25
2025080405,30.28
2025080405,38.31
2025080405,46.45
2025080406,46.09
2025080406,77.93
2025080406,94.7
2025080406,109.49
2025080407,118.44
2025080407,70.01
2025080407,149.5
2025080407,90.32
2025080408,12.79
2025080408,0.0
2025080408,3.64
2025080408,47.35
2025080409,77.95
2025080409,39.04
2025080409,22.98
2025080409,8.44
2025080410,71.85
2025080410,7.4
2025080410,0.0
2025080410,-0.0001
2025080411,-0.0001
2025080411,-0.0001
2025080411,-0.0001
2025080411,-0.0001
2025080412,-0.0001
2025080412,-0.0001
2025080412,-0.0001
2025080412,-0.0001
2025080413,0.8
2025080413,14.71
2025080413,-0.0001
2025080413,-0.0001
2025080414,1.41
2025080414,5.31
2025080414,0.12
2025080414,0.0
2025080415,-0.0001
2025080415,-0.0001
2025080415,-0.0001
2025080415,-0.0001
2025080416,0.43
2025080416,9.95
2025080416,1.03
2025080416,0.0
2025080417,5.17
2025080417,0.34
2025080417,0.0
2025080417,-0.0001
2025080418,-0.0001
2025080418,-0.0001
2025080418,-0.0001
2025080418,-0.0001
2025080419,-0.0001
2025080419,-0.0001
2025080419,-0.0001
2025080419,-0.0001
2025080420,-0.0001
2025080420,-0.0001
2025080420,-0.0001
2025080420,-0.0001
2025080421,-0.0001
2025080421,-0.0001
2025080421,-0.0001
2025080421,-0.0001
2025080422,-0.0001
2025080422,-0.0001
2025080422,-0.0001
2025080422,-0.0001
2025080423,-0.0001
2025080423,-0.0001
2025080423,-0.0001
2025080423,-0.0001
2025080500,0.0
2025080500,-0.0001
2025080500,-0.0001
2025080500,-0.0001
2025080501,-0.0001
2025080501,-0.0001
2025080501,-0.0001
2025080501,-0.0001
2025080502,-0.0001
2025080502,-0.0001
2025080502,-0.0001
2025080502,-0.0001
2025080503,-0.0001
2025080503,-0.0001
2025080503,-0.0001
2025080503,-0.0001
2025080504,1.17
2025080504,-0.0001
2025080504,-0.0001
2025080504,-0.0001
2025080505,0.0
2025080505,0.02
2025080505,0.03
2025080505,-0.0001
2025080506,0.05
2025080506,0.08
2025080506,0.06
2025080506,0.19
2025080507,12.44
2025080507,12.17
2025080507,12.93
2025080507,12.84
2025080508,12.67
2025080508,12.42
2025080508,12.17
2025080508,11.94
2025080509,11.92
2025080509,11.98
2025080509,12.28
2025080509,11.68
2025080510,11.57
2025080510,11.49
2025080510,11.45
2025080510,11.39
2025080511,11.46
2025080511,11.42
2025080511,11.41
2025080511,-0.0001
2025080512,11.52
2025080512,11.58
2025080512,-0.0001
2025080512,-0.0001
2025080513,11.8
2025080513,11.67
2025080513,12.39
2025080513,12.98
2025080514,12.86
2025080514,12.01
2025080514,12.6
2025080514,12.7
2025080515,11.8
2025080515,6.29
2025080515,5.34
2025080515,10.53
2025080516,13.02
2025080516,13.46
2025080516,13.51
2025080516,13.47
2025080517,13.4
2025080517,12.09
2025080517,12.5
2025080517,12.83
2025080518,9.63
2025080518,16.96
2025080518,8.54
2025080518,0.57
2025080519,0.0
2025080519,-0.0001
2025080519,-0.0001
2025080519,-0.0001
2025080520,-0.0001
2025080520,-0.0001
2025080520,-0.0001
2025080520,-0.0001
2025080521,-0.0001
2025080521,-0.0001
2025080521,-0.0001
2025080521,-0.0001
2025080522,-0.0001
2025080522,-0.0001
2025080522,-0.0001
2025080522,-0.0001
2025080523,-0.0001
2025080523,-0.0001
2025080523,-0.0001
2025080523,-0.0001
2025080600,0.0
2025080600,-0.0001
2025080600,-0.0001
2025080600,-0.0001
2025080601,-0.0001
2025080601,-0.0001
2025080601,-0.0001
2025080601,-0.0001
2025080602,-0.0001
2025080602,-0.0001
2025080602,-0.0001
2025080602,-0.0001
2025080603,-0.0001
2025080603,-0.0001
2025080603,-0.0001
2025080603,-0.0001
2025080604,0.01
2025080604,0.0
2025080604,5.8
2025080604,-0.0001
2025080605,9.53
2025080605,19.43
2025080605,14.52
2025080605,29.25
2025080606,39.7
2025080606,63.84
2025080606,87.92
2025080606,90.37
2025080607,9.5
2025080607,0.0
2025080607,-0.0001
2025080607,-0.0001
2025080608,-0.0001
2025080608,-0.0001
2025080608,-0.0001
2025080608,-0.0001
2025080609,-0.0001
2025080609,-0.0001
2025080609,-0.0001
2025080609,-0.0001
2025080610,-0.0001
2025080610,-0.0001
2025080610,-0.0001
2025080610,-0.0001
2025080611,-0.0001
2025080611,-0.0001
2025080611,-0.0001
2025080611,-0.0001
2025080612,-0.0001
2025080612,-0.0001
2025080612,-0.0001
2025080612,-0.0001
2025080613,-0.0001
2025080613,-0.0001
2025080613,-0.0001
2025080613,-0.0001
2025080614,-0.0001
2025080614,-0.0001
2025080614,-0.0001
2025080614,-0.0001
2025080615,5.57
2025080615,42.16
2025080615,8.22
2025080615,3.16
2025080616,39.88
2025080616,40.82
2025080616,5.32
2025080616,0.98
2025080617,19.35
2025080617,22.47
2025080617,13.95
2025080617,1.92
2025080618,0.0
2025080618,6.07
2025080618,4.43
2025080618,0.0
2025080619,-0.0001
2025080619,-0.0001
2025080619,-0.0001
2025080619,-0.0001
2025080620,-0.0001
2025080620,-0.0001
2025080620,-0.0001
2025080620,-0.0001
2025080621,-0.0001
2025080621,-0.0001
2025080621,-0.0001
2025080621,-0.0001
2025080622,-0.0001
2025080622,-0.0001
2025080622,-0.0001
2025080622,-0.0001
2025080623,-0.0001
2025080623,-0.0001
2025080623,-0.0001
2025080623,-0.0001
2025080700,0.0
2025080700,-0.0001
2025080700,-0.0001
2025080700,-0.0001
2025080701,-0.0001
2025080701,-0.0001
2025080701,-0.0001
2025080701,-0.0001
2025080702,-0.0001
2025080702,-0.0001
2025080702,-0.0001
2025080702,-0.0001
2025080703,-0.0001
2025080703,-0.0001
2025080703,-0.0001
2025080703,-0.0001
2025080704,1.17
2025080704,4.3
2025080704,6.87
2025080704,-0.0001
2025080705,14.27
2025080705,19.81
2025080705,19.12
2025080705,11.67
2025080706,21.84
2025080706,24.6
2025080706,24.2
2025080706,39.02
2025080707,50.08
2025080707,59.55
2025080707,67.76
2025080707,64.49
2025080708,71.64
2025080708,85.79
2025080708,93.53
2025080708,114.67
2025080709,9.97
2025080709,0.0
2025080709,-0.0001
2025080709,-0.0001
2025080710,-0.0001
2025080710,-0.0001
2025080710,-0.0001
2025080710,-0.0001
2025080711,-0.0001
2025080711,-0.0001
2025080711,-0.0001
2025080711,-0.0001
2025080712,-0.0001
2025080712,-0.0001
2025080712,-0.0001
2025080712,-0.0001
2025080713,-0.0001
2025080713,-0.0001
2025080713,-0.0001
2025080713,-0.0001
2025080714,8.22
2025080714,71.33
2025080714,89.5
2025080714,108.53
2025080715,19.88
2025080715,62.84
2025080715,14.24
2025080715,35.89
2025080716,7.55
2025080716,3.16
2025080716,34.26
2025080716,26.99
2025080717,14.95
2025080717,15.75
2025080717,13.98
2025080717,0.99
2025080718,1.24
2025080718,0.0
2025080718,-0.0001
2025080718,-0.0001
2025080719,-0.0001
2025080719,-0.0001
2025080719,-0.0001
2025080719,-0.0001
2025080720,-0.0001
2025080720,-0.0001
2025080720,-0.0001
2025080720,-0.0001
2025080721,-0.0001
2025080721,-0.0001
2025080721,-0.0001
2025080721,-0.0001
2025080722,-0.0001
2025080722,-0.0001
2025080722,-0.0001
2025080722,-0.0001
2025080723,-0.0001
2025080723,-0.0001
2025080723,-0.0001
2025080723,-0.0001
2025080800,0.0
2025080800,-0.0001
2025080800,-0.0001
2025080800,-0.0001
2025080801,-0.0001
2025080801,-0.0001
2025080801,-0.0001
2025080801,-0.0001
2025080802,-0.0001
2025080802,-0.0001
2025080802,-0.0001
2025080802,-0.0001
2025080803,-0.0001
2025080803,-0.0001
2025080803,-0.0001
2025080803,-0.0001
2025080804,5.92
2025080804,-0.0001
2025080804,-0.0001
2025080804,-0.0001
2025080805,19.58
2025080805,24.28
2025080805,30.28
2025080805,23.09
2025080806,16.08
2025080806,20.42
2025080806,39.11
2025080806,49.32
2025080807,51.28
2025080807,75.05
2025080807,133.52
2025080807,140.06
2025080808,165.41
2025080808,177.1
2025080808,176.07
2025080808,146.07
2025080809,200.87
2025080809,168.55
2025080809,139.93
2025080809,135.98
2025080810,99.78
2025080810,95.65
2025080810,86.69
2025080810,69.77
2025080811,111.82
2025080811,112.47
2025080811,112.44
2025080811,112.31
2025080812,118.27
2025080812,118.42
2025080812,118.39
2025080812,115.73
2025080813,78.92
2025080813,111.93
2025080813,79.05
2025080813,114.35
2025080814,174.24
2025080814,167.3
2025080814,160.45
2025080814,128.75
2025080815,122.12
2025080815,95.16
2025080815,93.46
2025080815,91.03
2025080816,93.75
2025080816,84.15
2025080816,60.68
2025080816,47.14
2025080817,32.97
2025080817,22.75
2025080817,16.33
2025080817,13.09
2025080818,7.77
2025080818,4.05
2025080818,1.19
2025080818,0.0
2025080819,-0.0001
2025080819,-0.0001
2025080819,-0.0001
2025080819,-0.0001
2025080820,-0.0001
2025080820,-0.0001
2025080820,-0.0001
2025080820,-0.0001
2025080821,-0.0001
2025080821,-0.0001
2025080821,-0.0001
2025080821,-0.0001
2025080822,-0.0001
2025080822,-0.0001
2025080822,-0.0001
2025080822,-0.0001
2025080823,-0.0001
2025080823,-0.0001
2025080823,-0.0001
2025080823,-0.0001
2025080900,0.0
2025080900,-0.0001
2025080900,-0.0001
2025080900,-0.0001
2025080901,-0.0001
2025080901,-0.0001
2025080901,-0.0001
2025080901,-0.0001
2025080902,-0.0001
2025080902,-0.0001
2025080902,-0.0001
2025080902,-0.0001
2025080903,-0.0001
2025080903,-0.0001
2025080903,-0.0001
2025080903,-0.0001
2025080904,-0.0001
2025080904,-0.0001
2025080904,-0.0001
2025080904,-0.0001
2025080905,4.01
2025080905,22.73
2025080905,-0.0001
2025080905,-0.0001
2025080906,32.72
2025080906,15.11
2025080906,58.55
2025080906,77.44
2025080907,93.18
2025080907,106.92
2025080907,119.58
2025080907,92.3
2025080908,23.18
2025080908,19.3
2025080908,19.09
2025080908,19.16
2025080909,5.6
2025080909,5.28
2025080909,5.2
2025080909,5.18
2025080910,2.16
2025080910,0.0
2025080910,-0.0001
2025080910,-0.0001
2025080911,-0.0001
2025080911,-0.0001
2025080911,-0.0001
2025080911,-0.0001
2025080912,5.55
2025080912,-0.0001
2025080912,-0.0001
2025080912,-0.0001
2025080913,8.89
2025080913,8.85
2025080913,8.47
2025080913,5.46
2025080914,3.92
2025080914,0.0
2025080914,0.92
2025080914,9.22
2025080915,7.88
2025080915,5.66
2025080915,17.32
2025080915,0.13
2025080916,0.0
2025080916,3.97
2025080916,13.96
2025080916,32.31
2025080917,5.73
2025080917,3.7
2025080917,1.62
2025080917,0.0
2025080918,-0.0001
2025080918,-0.0001
2025080918,-0.0001
2025080918,-0.0001
2025080919,-0.0001
2025080919,-0.0001
2025080919,-0.0001
2025080919,-0.0001
2025080920,-0.0001
2025080920,-0.0001
2025080920,-0.0001
2025080920,-0.0001
2025080921,-0.0001
2025080921,-0.0001
2025080921,-0.0001
2025080921,-0.0001
2025080922,-0.0001
2025080922,-0.0001
2025080922,-0.0001
2025080922,-0.0001
2025080923,-0.0001
2025080923,-0.0001
2025080923,-0.0001
2025080923,-0.0001
2025081000,0.0
2025081000,-0.0001
2025081000,-0.0001
2025081000,-0.0001
2025081001,-0.0001
2025081001,-0.0001
2025081001,-0.0001
2025081001,-0.0001
2025081002,-0.0001
2025081002,-0.0001
2025081002,-0.0001
2025081002,-0.0001
2025081003,-0.0001
2025081003,-0.0001
2025081003,-0.0001
2025081003,-0.0001
2025081004,-0.0001
2025081004,-0.0001
2025081004,-0.0001
2025081004,-0.0001
2025081005,1.99
2025081005,13.86
2025081005,-0.0001
2025081005,-0.0001
2025081006,28.4
2025081006,44.95
2025081006,61.32
2025081006,76.63
2025081007,9.1
2025081007,0.0
2025081007,-0.0001
2025081007,-0.0001
2025081008,-0.0001
2025081008,-0.0001
2025081008,-0.0001
2025081008,-0.0001
2025081009,9.74
2025081009,-0.0001
2025081009,-0.0001
2025081009,-0.0001
2025081010,9.7
2025081010,7.01
2025081010,0.01
2025081010,0.0
2025081011,-0.0001
2025081011,-0.0001
2025081011,-0.0001
2025081011,-0.0001
2025081012,-0.0001
2025081012,-0.0001
2025081012,-0.0001
2025081012,-0.0001
2025081013,-0.0001
2025081013,-0.0001
2025081013,-0.0001
2025081013,-0.0001
2025081014,-0.0001
2025081014,-0.0001
2025081014,-0.0001
2025081014,-0.0001
2025081015,6.84
2025081015,90.61
2025081015,75.37
2025081015,82.49
2025081016,16.7
2025081016,50.48
2025081016,40.61
2025081016,21.88
2025081017,7.29
2025081017,1.71
2025081017,0.0
2025081017,-0.0001
2025081018,-0.0001
2025081018,-0.0001
2025081018,-0.0001
2025081018,-0.0001
2025081019,-0.0001
2025081019,-0.0001
2025081019,-0.0001
2025081019,-0.0001
2025081020,-0.0001
2025081020,-0.0001
2025081020,-0.0001
2025081020,-0.0001
2025081021,-0.0001
2025081021,-0.0001
2025081021,-0.0001
2025081021,-0.0001
2025081022,-0.0001
2025081022,-0.0001
2025081022,-0.0001
2025081022,-0.0001
2025081023,-0.0001
2025081023,-0.0001
2025081023,-0.0001
2025081023,-0.0001
2025081100,0.0
2025081100,-0.0001
2025081100,-0.0001
2025081100,-0.0001
2025081101,-0.0001
2025081101,-0.0001
2025081101,-0.0001
2025081101,-0.0001
2025081102,-0.0001
2025081102,-0.0001
2025081102,-0.0001
2025081102,-0.0001
2025081103,-0.0001
2025081103,-0.0001
2025081103,-0.0001
2025081103,-0.0001
2025081104,-0.0001
2025081104,-0.0001
2025081104,-0.0001
2025081104,-0.0001
2025081105,0.43
2025081105,15.8
2025081105,35.6
2025081105,-0.0001
2025081106,11.82
2025081106,25.37
2025081106,35.87
2025081106,78.73
2025081107,74.3
2025081107,46.76
2025081107,67.67
2025081107,126.08
2025081108,136.46
2025081108,118.08
2025081108,130.62
2025081108,129.74
2025081109,85.07
2025081109,11.28
2025081109,0.0
2025081109,-0.0001
2025081110,9.09
2025081110,13.06
2025081110,2.69
2025081110,9.29
2025081111,9.06
2025081111,8.51
2025081111,8.38
2025081111,8.34
2025081112,7.59
2025081112,5.25
2025081112,8.06
2025081112,7.81
2025081113,20.41
2025081113,169.21
2025081113,192.11
2025081113,149.74
2025081114,158.52
2025081114,149.44
2025081114,136.98
2025081114,120.52
2025081115,125.5
2025081115,111.21
2025081115,66.45
2025081115,69.28
2025081116,67.99
2025081116,66.66
2025081116,20.04
2025081116,1.38
2025081117,0.0
2025081117,-0.0001
2025081117,-0.0001
2025081117,-0.0001
2025081118,-0.0001
2025081118,-0.0001
2025081118,-0.0001
2025081118,-0.0001
2025081119,-0.0001
2025081119,-0.0001
2025081119,-0.0001
2025081119,-0.0001
2025081120,-0.0001
2025081120,-0.0001
2025081120,-0.0001
2025081120,-0.0001
2025081121,-0.0001
2025081121,-0.0001
2025081121,-0.0001
2025081121,-0.0001
2025081122,-0.0001
2025081122,-0.0001
2025081122,-0.0001
2025081122,-0.0001
2025081123,-0.0001
2025081123,-0.0001
2025081123,-0.0001
2025081123,-0.0001
2025081200,0.0
2025081200,-0.0001
2025081200,-0.0001
2025081200,-0.0001
2025081201,-0.0001
2025081201,-0.0001
2025081201,-0.0001
2025081201,-0.0001
2025081202,-0.0001
2025081202,-0.0001
2025081202,-0.0001
2025081202,-0.0001
2025081203,-0.0001
2025081203,-0.0001
2025081203,-0.0001
2025081203,-0.0001
2025081204,-0.0001
2025081204,-0.0001
2025081204,-0.0001
2025081204,-0.0001
2025081205,0.04
2025081205,7.41
2025081205,-0.0001
2025081205,-0.0001
2025081206,9.73
2025081206,28.28
2025081206,12.42
2025081206,19.63
2025081207,63.26
2025081207,45.73
2025081207,65.36
2025081207,13.39
2025081208,66.39
2025081208,60.5
2025081208,60.2
2025081208,63.93
2025081209,10.82
2025081209,9.03
2025081209,68.28
2025081209,96.77
2025081210,88.56
2025081210,87.82
2025081210,71.89
2025081210,76.06
2025081211,99.79
2025081211,110.59
2025081211,76.45
2025081211,37.02
2025081212,3.9
2025081212,6.32
2025081212,52.72
2025081212,7.86
2025081213,5.22
2025081213,32.2
2025081213,38.67
2025081213,35.4
2025081214,30.03
2025081214,21.26
2025081214,26.87
2025081214,18.84
2025081215,20.97
2025081215,21.63
2025081215,26.46
2025081215,63.46
2025081216,63.08
2025081216,42.88
2025081216,29.59
2025081216,22.36
2025081217,10.9
2025081217,6.0
2025081217,0.0
2025081217,-0.0001
2025081218,-0.0001
2025081218,-0.0001
2025081218,-0.0001
2025081218,-0.0001
2025081219,-0.0001
2025081219,-0.0001
2025081219,-0.0001
2025081219,-0.0001
2025081220,-0.0001
2025081220,-0.0001
2025081220,-0.0001
2025081220,-0.0001
2025081221,-0.0001
2025081221,-0.0001
2025081221,-0.0001
2025081221,-0.0001
2025081222,-0.0001
2025081222,-0.0001
2025081222,-0.0001
2025081222,-0.0001
2025081223,-0.0001
2025081223,-0.0001
2025081223,-0.0001
2025081223,-0.0001
2025081300,0.0
2025081300,-0.0001
2025081300,-0.0001
2025081300,-0.0001
2025081301,-0.0001
2025081301,-0.0001
2025081301,-0.0001
2025081301,-0.0001
2025081302,-0.0001
2025081302,-0.0001
2025081302,-0.0001
2025081302,-0.0001
2025081303,-0.0001
2025081303,-0.0001
2025081303,-0.0001
2025081303,-0.0001
2025081304,-0.0001
2025081304,-0.0001
2025081304,-0.0001
2025081304,-0.0001
2025081305,4.03
2025081305,15.02
2025081305,-0.0001
2025081305,-0.0001
2025081306,26.77
2025081306,42.22
2025081306,56.74
2025081306,71.29
2025081307,87.08
2025081307,102.64
2025081307,116.64
2025081307,109.26
2025081308,80.73
2025081308,86.27
2025081308,95.92
2025081308,167.48
2025081309,183.0
2025081309,144.45
2025081309,199.67
2025081309,222.03
2025081310,226.68
2025081310,228.63
2025081310,233.07
2025081310,234.45
2025081311,232.94
2025081311,233.59
2025081311,220.02
2025081311,49.3
2025081312,31.23
2025081312,87.49
2025081312,31.48
2025081312,39.44
2025081313,196.36
2025081313,209.85
2025081313,202.95
2025081313,193.92
2025081314,185.0
2025081314,173.43
2025081314,162.35
2025081314,151.9
2025081315,53.89
2025081315,114.45
2025081315,112.69
2025081315,84.55
2025081316,75.48
2025081316,33.66
2025081316,50.3
2025081316,52.05
2025081317,37.64
2025081317,25.99
2025081317,13.66
2025081317,6.92
2025081318,11.38
2025081318,6.99
2025081318,0.85
2025081318,0.0
2025081319,-0.0001
2025081319,-0.0001
2025081319,-0.0001
2025081319,-0.0001
2025081320,-0.0001
2025081320,-0.0001
2025081320,-0.0001
2025081320,-0.0001
2025081321,-0.0001
2025081321,-0.0001
2025081321,-0.0001
2025081321,-0.0001
2025081322,-0.0001
2025081322,-0.0001
2025081322,-0.0001
2025081322,-0.0001
2025081323,-0.0001
2025081323,-0.0001
2025081323,-0.0001
2025081323,-0.0001
2025081400,0.0
2025081400,-0.0001
2025081400,-0.0001
2025081400,-0.0001
2025081401,-0.0001
2025081401,-0.0001
2025081401,-0.0001
2025081401,-0.0001
2025081402,-0.0001
2025081402,-0.0001
2025081402,-0.0001
2025081402,-0.0001
2025081403,-0.0001
2025081403,-0.0001
2025081403,-0.0001
2025081403,-0.0001
2025081404,-0.0001
2025081404,-0.0001
2025081404,-0.0001
2025081404,-0.0001
2025081405,5.08
2025081405,27.08
2025081405,-0.0001
2025081405,-0.0001
2025081406,26.26
2025081406,23.14
2025081406,17.46
2025081406,31.38
2025081407,50.06
2025081407,45.32
2025081407,64.48
2025081407,83.14
2025081408,92.42
2025081408,102.41
2025081408,111.87
2025081408,27.05
2025081409,87.27
2025081409,24.78
2025081409,34.96
2025081409,14.85
2025081410,32.65
2025081410,61.51
2025081410,56.05
2025081410,55.09
2025081411,4.54
2025081411,12.79
2025081411,78.72
2025081411,183.41
2025081412,202.28
2025081412,189.33
2025081412,172.13
2025081412,34.07
2025081413,153.48
2025081413,168.75
2025081413,160.42
2025081413,151.47
2025081414,129.77
2025081414,109.81
2025081414,84.22
2025081414,64.07
2025081415,88.01
2025081415,83.66
2025081415,69.6
2025081415,57.36
2025081416,44.7
2025081416,32.61
2025081416,24.04
2025081416,14.27
2025081417,7.44
2025081417,3.52
2025081417,0.0
2025081417,-0.0001
2025081418,-0.0001
2025081418,-0.0001
2025081418,-0.0001
2025081418,-0.0001
2025081419,-0.0001
2025081419,-0.0001
2025081419,-0.0001
2025081419,-0.0001
2025081420,-0.0001
2025081420,-0.0001
2025081420,-0.0001
2025081420,-0.0001
2025081421,-0.0001
2025081421,-0.0001
2025081421,-0.0001
2025081421,-0.0001
2025081422,-0.0001
2025081422,-0.0001
2025081422,-0.0001
2025081422,-0.0001
2025081423,-0.0001
2025081423,-0.0001
2025081423,-0.0001
2025081423,-0.0001
2025081500,0.0
2025081500,-0.0001
2025081500,-0.0001
2025081500,-0.0001
2025081501,-0.0001
2025081501,-0.0001
2025081501,-0.0001
2025081501,-0.0001
2025081502,-0.0001
2025081502,-0.0001
2025081502,-0.0001
2025081502,-0.0001
2025081503,-0.0001
2025081503,-0.0001
2025081503,-0.0001
2025081503,-0.0001
2025081504,-0.0001
2025081504,-0.0001
2025081504,-0.0001
2025081504,-0.0001
2025081505,0.48
2025081505,-0.0001
2025081505,-0.0001
2025081505,-0.0001
2025081506,1.99
2025081506,2.91
2025081506,43.73
2025081506,58.5
2025081507,87.66
2025081507,103.45
2025081507,117.25
2025081507,128.94
2025081508,140.14
2025081508,151.44
2025081508,164.45
2025081508,171.43
2025081509,180.0
2025081509,186.24
2025081509,177.63
2025081509,18.8
2025081510,0.0
2025081510,3.75
2025081510,-0.0001
2025081510,-0.0001
2025081511,85.28
2025081511,40.9
2025081511,1.49
2025081511,0.0
2025081512,-0.0001
2025081512,-0.0001
2025081512,-0.0001
2025081512,-0.0001
2025081513,3.91
2025081513,78.17
2025081513,8.68
2025081513,0.0
2025081514,3.91
2025081514,33.98
2025081514,133.32
2025081514,134.22
2025081515,121.05
2025081515,107.88
2025081515,93.22
2025081515,79.11
2025081516,64.11
2025081516,48.98
2025081516,34.18
2025081516,5.08
2025081517,0.0
2025081517,-0.0001
2025081517,-0.0001
2025081517,-0.0001
2025081518,-0.0001
2025081518,-0.0001
2025081518,-0.0001
2025081518,-0.0001
2025081519,-0.0001
2025081519,-0.0001
2025081519,-0.0001
2025081519,-0.0001
2025081520,-0.0001
2025081520,-0.0001
2025081520,-0.0001
2025081520,-0.0001
2025081521,-0.0001
2025081521,-0.0001
2025081521,-0.0001
2025081521,-0.0001
2025081522,-0.0001
2025081522,-0.0001
2025081522,-0.0001
2025081522,-0.0001
2025081523,-0.0001
2025081523,-0.0001
2025081523,-0.0001
2025081523,-0.0001
2025081600,0.0
2025081600,-0.0001
2025081600,-0.0001
2025081600,-0.0001
2025081601,-0.0001
2025081601,-0.0001
2025081601,-0.0001
2025081601,-0.0001
2025081602,-0.0001
2025081602,-0.0001
2025081602,-0.0001
2025081602,-0.0001
2025081603,-0.0001
2025081603,-0.0001
2025081603,-0.0001
2025081603,-0.0001
2025081604,-0.0001
2025081604,-0.0001
2025081604,-0.0001
2025081604,-0.0001
2025081605,6.18
2025081605,-0.0001
2025081605,-0.0001
2025081605,-0.0001
2025081606,24.78
2025081606,14.61
2025081606,18.12
2025081606,66.47
2025081607,79.25
2025081607,87.46
2025081607,96.28
2025081607,131.94
2025081608,121.97
2025081608,124.69
2025081608,147.38
2025081608,100.87
2025081609,141.15
2025081609,29.22
2025081609,158.52
2025081609,182.82
2025081610,19.34
2025081610,1.8
2025081610,18.78
2025081610,16.84
2025081611,11.6
2025081611,2.34
2025081611,18.94
2025081611,20.71
2025081612,20.76
2025081612,19.94
2025081612,3.02
2025081612,0.0
2025081613,1.47
2025081613,17.37
2025081613,2.58
2025081613,-0.0001
2025081614,1.6
2025081614,17.35
2025081614,2.43
2025081614,8.3
2025081615,101.81
2025081615,104.43
2025081615,89.09
2025081615,78.16
2025081616,17.69
2025081616,43.28
2025081616,30.19
2025081616,20.48
2025081617,8.56
2025081617,0.35
2025081617,0.0
2025081617,-0.0001
2025081618,-0.0001
2025081618,-0.0001
2025081618,-0.0001
2025081618,-0.0001
2025081619,-0.0001
2025081619,-0.0001
2025081619,-0.0001
2025081619,-0.0001
2025081620,-0.0001
2025081620,-0.0001
2025081620,-0.0001
2025081620,-0.0001
2025081621,-0.0001
2025081621,-0.0001
2025081621,-0.0001
2025081621,-0.0001
2025081622,-0.0001
2025081622,-0.0001
2025081622,-0.0001
2025081622,-0.0001
2025081623,-0.0001
2025081623,-0.0001
2025081623,-0.0001
2025081623,-0.0001
2025081700,0.0
2025081700,-0.0001
2025081700,-0.0001
2025081700,-0.0001
2025081701,-0.0001
2025081701,-0.0001
2025081701,-0.0001
2025081701,-0.0001
2025081702,-0.0001
2025081702,-0.0001
2025081702,-0.0001
2025081702,-0.0001
2025081703,-0.0001
2025081703,-0.0001
2025081703,-0.0001
2025081703,-0.0001
2025081704,0.05
2025081704,4.88
2025081704,-0.0001
2025081704,-0.0001
2025081705,10.07
2025081705,13.96
2025081705,18.77
2025081705,25.23
2025081706,47.03
2025081706,65.41
2025081706,68.77
2025081706,77.67
2025081707,88.16
2025081707,109.16
2025081707,143.02
2025081707,130.37
2025081708,149.48
2025081708,165.98
2025081708,78.45
2025081708,28.98
2025081709,24.84
2025081709,32.87
2025081709,166.47
2025081709,193.53
2025081710,38.56
2025081710,32.4
2025081710,167.56
2025081710,231.76
2025081711,62.54
2025081711,25.54
2025081711,25.47
2025081711,-0.0001
2025081712,24.83
2025081712,24.81
2025081712,24.84
2025081712,24.88
2025081713,26.3
2025081713,41.3
2025081713,42.89
2025081713,42.88
2025081714,161.84
2025081714,164.24
2025081714,156.84
2025081714,137.14
2025081715,61.59
2025081715,86.03
2025081715,81.24
2025081715,91.82
2025081716,91.72
2025081716,43.47
2025081716,16.12
2025081716,28.01
2025081717,13.62
2025081717,12.57
2025081717,11.49
2025081717,9.36
2025081718,6.79
2025081718,1.74
2025081718,0.0
2025081718,-0.0001
2025081719,-0.0001
2025081719,-0.0001
2025081719,-0.0001
2025081719,-0.0001
2025081720,-0.0001
2025081720,-0.0001
2025081720,-0.0001
2025081720,-0.0001
2025081721,-0.0001
2025081721,-0.0001
2025081721,-0.0001
2025081721,-0.0001
2025081722,-0.0001
2025081722,-0.0001
2025081722,-0.0001
2025081722,-0.0001
2025081723,-0.0001
2025081723,-0.0001
2025081723,-0.0001
2025081723,-0.0001
2025081800,0.0
2025081800,-0.0001
2025081800,-0.0001
2025081800,-0.0001
2025081801,-0.0001
2025081801,-0.0001
2025081801,-0.0001
2025081801,-0.0001
2025081802,-0.0001
2025081802,-0.0001
2025081802,-0.0001
2025081802,-0.0001
2025081803,-0.0001
2025081803,-0.0001
2025081803,-0.0001
2025081803,-0.0001
2025081804,3.16
2025081804,5.77
2025081804,-0.0001
2025081804,-0.0001
2025081805,8.92
2025081805,15.35
2025081805,24.97
2025081805,37.48
2025081806,52.11
2025081806,67.95
2025081806,84.46
2025081806,100.78
2025081807,116.61
2025081807,130.55
2025081807,143.74
2025081807,156.51
2025081808,168.2
2025081808,178.96
2025081808,188.65
2025081808,197.75
2025081809,206.46
2025081809,214.19
2025081809,208.26
2025081809,164.1
2025081810,211.09
2025081810,232.3
2025081810,220.28
2025081810,153.03
2025081811,217.11
2025081811,235.42
2025081811,235.17
2025081811,235.19
2025081812,234.02
2025081812,219.1
2025081812,178.99
2025081812,195.66
2025081813,147.68
2025081813,60.53
2025081813,175.9
2025081813,194.65
2025081814,176.23
2025081814,116.46
2025081814,155.97
2025081814,153.45
2025081815,141.39
2025081815,128.38
2025081815,114.48
2025081815,100.03
2025081816,85.16
2025081816,70.07
2025081816,55.02
2025081816,40.51
2025081817,27.68
2025081817,16.99
2025081817,9.63
2025081817,5.63
2025081818,2.37
2025081818,0.0
2025081818,-0.0001
2025081818,-0.0001
2025081819,-0.0001
2025081819,-0.0001
2025081819,-0.0001
2025081819,-0.0001
2025081820,-0.0001
2025081820,-0.0001
2025081820,-0.0001
2025081820,-0.0001
2025081821,-0.0001
2025081821,-0.0001
2025081821,-0.0001
2025081821,-0.0001
2025081822,-0.0001
2025081822,-0.0001
2025081822,-0.0001
2025081822,-0.0001
2025081823,-0.0001
2025081823,-0.0001
2025081823,-0.0001
2025081823,-0.0001
2025081900,0.0
2025081900,-0.0001
2025081900,-0.0001
2025081900,-0.0001
2025081901,-0.0001
2025081901,-0.0001
2025081901,-0.0001
2025081901,-0.0001
2025081902,-0.0001
2025081902,-0.0001
2025081902,-0.0001
2025081902,-0.0001
2025081903,-0.0001
2025081903,-0.0001
2025081903,-0.0001
2025081903,-0.0001
2025081904,-0.0001
2025081904,-0.0001
2025081904,-0.0001
2025081904,-0.0001
2025081905,-0.0001
2025081905,-0.0001
2025081905,-0.0001
2025081905,-0.0001
2025081906,1.38
2025081906,9.08
2025081906,-0.0001
2025081906,-0.0001
2025081907,6.26
2025081907,10.77
2025081907,22.86
2025081907,37.89
2025081908,53.93
2025081908,56.18
2025081908,49.65
2025081908,38.16
2025081909,52.91
2025081909,70.05
2025081909,57.15
2025081909,92.68
2025081910,88.26
2025081910,113.97
2025081910,171.34
2025081910,144.18
2025081911,98.93
2025081911,109.18
2025081911,107.92
2025081911,14.19
2025081912,100.74
2025081912,98.67
2025081912,100.99
2025081912,85.15
2025081913,107.93
2025081913,138.35
2025081913,150.57
2025081913,153.35
2025081914,145.92
2025081914,145.31
2025081914,134.55
2025081914,103.98
2025081915,9.03
2025081915,51.75
2025081915,38.54
2025081915,41.39
2025081916,20.36
2025081916,7.53
2025081916,1.33
2025081916,0.0
2025081917,-0.0001
2025081917,-0.0001
2025081917,-0.0001
2025081917,-0.0001
2025081918,-0.0001
2025081918,-0.0001
2025081918,-0.0001
2025081918,-0.0001
2025081919,-0.0001
2025081919,-0.0001
2025081919,-0.0001
2025081919,-0.0001
2025081920,-0.0001
2025081920,-0.0001
2025081920,-0.0001
2025081920,-0.0001
2025081921,-0.0001
2025081921,-0.0001
2025081921,-0.0001
2025081921,-0.0001
2025081922,-0.0001
2025081922,-0.0001
2025081922,-0.0001
2025081922,-0.0001
2025081923,-0.0001
2025081923,-0.0001
2025081923,-0.0001
2025081923,-0.0001
2025082000,0.0
2025082000,-0.0001
2025082000,-0.0001
2025082000,-0.0001
2025082001,-0.0001
2025082001,-0.0001
2025082001,-0.0001
2025082001,-0.0001
2025082002,-0.0001
2025082002,-0.0001
2025082002,-0.0001
2025082002,-0.0001
2025082003,-0.0001
2025082003,-0.0001
2025082003,-0.0001
2025082003,-0.0001
2025082004,-0.0001
2025082004,-0.0001
2025082004,-0.0001
2025082004,-0.0001
2025082005,2.96
2025082005,-0.0001
2025082005,-0.0001
2025082005,-0.0001
2025082006,16.58
2025082006,32.66
2025082006,49.56
2025082006,66.02
2025082007,81.85
2025082007,97.03
2025082007,86.28
2025082007,120.37
2025082008,137.65
2025082008,155.68
2025082008,162.44
2025082008,172.4
2025082009,181.62
2025082009,189.81
2025082009,196.38
2025082009,201.41
2025082010,201.62
2025082010,201.5
2025082010,201.55
2025082010,178.83
2025082011,59.96
2025082011,2.58
2025082011,0.0
2025082011,-0.0001
2025082012,-0.0001
2025082012,-0.0001
2025082012,-0.0001
2025082012,-0.0001
2025082013,158.56
2025082013,189.88
2025082013,181.35
2025082013,171.58
2025082014,161.69
2025082014,150.96
2025082014,140.0
2025082014,127.79
2025082015,114.53
2025082015,99.85
2025082015,86.43
2025082015,70.8
2025082016,55.26
2025082016,37.68
2025082016,21.93
2025082016,6.57
2025082017,0.0
2025082017,-0.0001
2025082017,-0.0001
2025082017,-0.0001
2025082018,-0.0001
2025082018,-0.0001
2025082018,-0.0001
2025082018,-0.0001
2025082019,-0.0001
2025082019,-0.0001
2025082019,-0.0001
2025082019,-0.0001
2025082020,-0.0001
2025082020,-0.0001
2025082020,-0.0001
2025082020,-0.0001
2025082021,-0.0001
2025082021,-0.0001
2025082021,-0.0001
2025082021,-0.0001
2025082022,-0.0001
2025082022,-0.0001
2025082022,-0.0001
2025082022,-0.0001
2025082023,-0.0001
2025082023,-0.0001
2025082023,-0.0001
2025082023,-0.0001
2025082100,0.0
2025082100,-0.0001
2025082100,-0.0001
2025082100,-0.0001
2025082101,-0.0001
2025082101,-0.0001
2025082101,-0.0001
2025082101,-0.0001
2025082102,-0.0001
2025082102,-0.0001
2025082102,-0.0001
2025082102,-0.0001
2025082103,-0.0001
2025082103,-0.0001
2025082103,-0.0001
2025082103,-0.0001
2025082104,-0.0001
2025082104,-0.0001
2025082104,-0.0001
2025082104,-0.0001
2025082105,0.63
2025082105,0.0
2025082105,2.32
2025082105,-0.0001
2025082106,21.54
2025082106,5.0
2025082106,4.87
2025082106,0.0
2025082107,4.86
2025082107,57.2
2025082107,6.97
2025082107,-0.0001
2025082108,37.92
2025082108,75.51
2025082108,90.41
2025082108,73.65
2025082109,102.7
2025082109,138.89
2025082109,69.61
2025082109,135.78
2025082110,134.5
2025082110,2.75
2025082110,0.0
2025082110,0.06
2025082111,37.35
2025082111,4.98
2025082111,0.37
2025082111,38.34
2025082112,134.62
2025082112,180.97
2025082112,23.45
2025082112,20.04
2025082113,130.25
2025082113,95.18
2025082113,149.54
2025082113,176.89
2025082114,60.77
2025082114,101.12
2025082114,90.92
2025082114,137.43
2025082115,55.84
2025082115,7.54
2025082115,6.24
2025082115,45.83
2025082116,55.2
2025082116,13.44
2025082116,0.0
2025082116,2.13
2025082117,0.0
2025082117,-0.0001
2025082117,-0.0001
2025082117,-0.0001
2025082118,-0.0001
2025082118,-0.0001
2025082118,-0.0001
2025082118,-0.0001
2025082119,-0.0001
2025082119,-0.0001
2025082119,-0.0001
2025082119,-0.0001
2025082120,-0.0001
2025082120,-0.0001
2025082120,-0.0001
2025082120,-0.0001
2025082121,-0.0001
2025082121,-0.0001
2025082121,-0.0001
2025082121,-0.0001
2025082122,-0.0001
2025082122,-0.0001
2025082122,-0.0001
2025082122,-0.0001
2025082123,-0.0001
2025082123,-0.0001
2025082123,-0.0001
2025082123,-0.0001
2025082200,0.0
2025082200,-0.0001
2025082200,-0.0001
2025082200,-0.0001
2025082201,-0.0001
2025082201,-0.0001
2025082201,-0.0001
2025082201,-0.0001
2025082202,-0.0001
2025082202,-0.0001
2025082202,-0.0001
2025082202,-0.0001
2025082203,-0.0001
2025082203,-0.0001
2025082203,-0.0001
2025082203,-0.0001
2025082204,-0.0001
2025082204,-0.0001
2025082204,-0.0001
2025082204,-0.0001
2025082205,-0.0001
2025082205,-0.0001
2025082205,-0.0001
2025082205,-0.0001
2025082206,5.07
2025082206,4.78
2025082206,-0.0001
2025082206,-0.0001
2025082207,66.87
2025082207,38.67
2025082207,33.64
2025082207,39.85
2025082208,28.23
2025082208,40.15
2025082208,90.91
2025082208,59.17
2025082209,42.27
2025082209,48.2
2025082209,89.39
2025082209,124.61
2025082210,44.8
2025082210,116.53
2025082210,118.29
2025082210,143.39
2025082211,114.07
2025082211,28.56
2025082211,63.29
2025082211,104.48
2025082212,94.88
2025082212,52.85
2025082212,25.72
2025082212,78.86
2025082213,133.69
2025082213,89.08
2025082213,146.09
2025082213,141.57
2025082214,113.67
2025082214,100.56
2025082214,152.26
2025082214,93.92
2025082215,62.47
2025082215,31.51
2025082215,15.35
2025082215,24.77
2025082216,12.73
2025082216,2.61
2025082216,11.59
2025082216,0.7
2025082217,0.0
2025082217,-0.0001
2025082217,-0.0001
2025082217,-0.0001
2025082218,-0.0001
2025082218,-0.0001
2025082218,-0.0001
2025082218,-0.0001
2025082219,-0.0001
2025082219,-0.0001
2025082219,-0.0001
2025082219,-0.0001
2025082220,-0.0001
2025082220,-0.0001
2025082220,-0.0001
2025082220,-0.0001
2025082221,-0.0001
2025082221,-0.0001
2025082221,-0.0001
2025082221,-0.0001
2025082222,-0.0001
2025082222,-0.0001
2025082222,-0.0001
2025082222,-0.0001
2025082223,-0.0001
2025082223,-0.0001
2025082223,-0.0001
2025082223,-0.0001
2025082300,0.0
2025082300,-0.0001
2025082300,-0.0001
2025082300,-0.0001
2025082301,-0.0001
2025082301,-0.0001
2025082301,-0.0001
2025082301,-0.0001
2025082302,-0.0001
2025082302,-0.0001
2025082302,-0.0001
2025082302,-0.0001
2025082303,-0.0001
2025082303,-0.0001
2025082303,-0.0001
2025082303,-0.0001
2025082304,-0.0001
2025082304,-0.0001
2025082304,-0.0001
2025082304,-0.0001
2025082305,1.19
2025082305,-0.0001
2025082305,-0.0001
2025082305,-0.0001
2025082306,13.34
2025082306,29.26
2025082306,45.57
2025082306,61.72
2025082307,77.85
2025082307,93.95
2025082307,108.72
2025082307,122.46
2025082308,134.91
2025082308,138.77
2025082308,157.55
2025082308,148.78
2025082309,35.46
2025082309,11.76
2025082309,147.71
2025082309,183.62
2025082310,40.71
2025082310,0.0
2025082310,-0.0001
2025082310,-0.0001
2025082311,0.02
2025082311,14.68
2025082311,16.64
2025082311,-0.0001
2025082312,15.6
2025082312,10.96
2025082312,3.38
2025082312,0.0
2025082313,-0.0001
2025082313,-0.0001
2025082313,-0.0001
2025082313,-0.0001
2025082314,-0.0001
2025082314,-0.0001
2025082314,-0.0001
2025082314,-0.0001
2025082315,5.06
2025082315,55.97
2025082315,67.77
2025082315,-0.0001
2025082316,55.44
2025082316,34.89
2025082316,17.16
2025082316,2.87
2025082317,0.0
2025082317,-0.0001
2025082317,-0.0001
2025082317,-0.0001
2025082318,-0.0001
2025082318,-0.0001
2025082318,-0.0001
2025082318,-0.0001
2025082319,-0.0001
2025082319,-0.0001
2025082319,-0.0001
2025082319,-0.0001
2025082320,-0.0001
2025082320,-0.0001
2025082320,-0.0001
2025082320,-0.0001
2025082321,-0.0001
2025082321,-0.0001
2025082321,-0.0001
2025082321,-0.0001
2025082322,-0.0001
2025082322,-0.0001
2025082322,-0.0001
2025082322,-0.0001
2025082323,-0.0001
2025082323,-0.0001
2025082323,-0.0001
2025082323,-0.0001
2025082400,0.0
2025082400,-0.0001
2025082400,-0.0001
2025082400,-0.0001
2025082401,-0.0001
2025082401,-0.0001
2025082401,-0.0001
2025082401,-0.0001
2025082402,-0.0001
2025082402,-0.0001
2025082402,-0.0001
2025082402,-0.0001
2025082403,-0.0001
2025082403,-0.0001
2025082403,-0.0001
2025082403,-0.0001
2025082404,-0.0001
2025082404,-0.0001
2025082404,-0.0001
2025082404,-0.0001
2025082405,0.97
2025082405,-0.0001
2025082405,-0.0001
2025082405,-0.0001
2025082406,13.93
2025082406,4.35
2025082406,0.0
2025082406,0.7
2025082407,7.7
2025082407,14.68
2025082407,25.79
2025082407,7.88
2025082408,17.37
2025082408,1.96
2025082408,0.0
2025082408,-0.0001
2025082409,0.08
2025082409,6.72
2025082409,-0.0001
2025082409,-0.0001
2025082410,19.17
2025082410,36.15
2025082410,36.2
2025082410,36.52
2025082411,36.71
2025082411,36.72
2025082411,36.68
2025082411,36.64
2025082412,36.7
2025082412,36.66
2025082412,36.59
2025082412,-0.0001
2025082413,36.53
2025082413,36.61
2025082413,36.52
2025082413,36.72
2025082414,36.81
2025082414,36.76
2025082414,36.72
2025082414,-0.0001
2025082415,40.43
2025082415,68.85
2025082415,57.64
2025082415,51.38
2025082416,52.55
2025082416,28.66
2025082416,24.23
2025082416,16.06
2025082417,12.72
2025082417,15.69
2025082417,7.75
2025082417,3.77
2025082418,0.0
2025082418,-0.0001
2025082418,-0.0001
2025082418,-0.0001
2025082419,-0.0001
2025082419,-0.0001
2025082419,-0.0001
2025082419,-0.0001
2025082420,-0.0001
2025082420,-0.0001
2025082420,-0.0001
2025082420,-0.0001
2025082421,-0.0001
2025082421,-0.0001
2025082421,-0.0001
2025082421,-0.0001
2025082422,-0.0001
2025082422,-0.0001
2025082422,-0.0001
2025082422,-0.0001
2025082423,-0.0001
2025082423,-0.0001
2025082423,-0.0001
2025082423,-0.0001
2025082500,0.0
2025082500,-0.0001
2025082500,-0.0001
2025082500,-0.0001
2025082501,-0.0001
2025082501,-0.0001
2025082501,-0.0001
2025082501,-0.0001
2025082502,-0.0001
2025082502,-0.0001
2025082502,-0.0001
2025082502,-0.0001
2025082503,-0.0001
2025082503,-0.0001
2025082503,-0.0001
2025082503,-0.0001
2025082504,3.16
2025082504,-0.0001
2025082504,-0.0001
2025082504,-0.0001
2025082505,6.29
2025082505,10.18
2025082505,8.16
2025082505,12.79
2025082506,19.02
2025082506,20.72
2025082506,28.16
2025082506,35.45
2025082507,40.09
2025082507,72.79
2025082507,61.06
2025082507,64.13
2025082508,90.5
2025082508,185.71
2025082508,133.89
2025082508,63.55
2025082509,121.22
2025082509,98.14
2025082509,82.44
2025082509,69.88
2025082510,98.84
2025082510,49.66
2025082510,162.76
2025082510,167.99
2025082511,45.59
2025082511,33.19
2025082511,33.2
2025082511,33.23
2025082512,40.8
2025082512,146.75
2025082512,65.14
2025082512,35.56
2025082513,33.05
2025082513,33.06
2025082513,40.86
2025082513,95.69
2025082514,125.93
2025082514,51.47
2025082514,85.63
2025082514,78.28
2025082515,49.46
2025082515,79.43
2025082515,88.73
2025082515,68.01
2025082516,60.3
2025082516,33.64
2025082516,40.29
2025082516,38.68
2025082517,21.05
2025082517,10.9
2025082517,2.46
2025082517,0.0
2025082518,-0.0001
2025082518,-0.0001
2025082518,-0.0001
2025082518,-0.0001
2025082519,-0.0001
2025082519,-0.0001
2025082519,-0.0001
2025082519,-0.0001
2025082520,-0.0001
2025082520,-0.0001
2025082520,-0.0001
2025082520,-0.0001
2025082521,-0.0001
2025082521,-0.0001
2025082521,-0.0001
2025082521,-0.0001
2025082522,-0.0001
2025082522,-0.0001
2025082522,-0.0001
2025082522,-0.0001
2025082523,-0.0001
2025082523,-0.0001
2025082523,-0.0001
2025082523,-0.0001
2025082600,0.0
2025082600,-0.0001
2025082600,-0.0001
2025082600,-0.0001
2025082601,-0.0001
2025082601,-0.0001
2025082601,-0.0001
2025082601,-0.0001
2025082602,-0.0001
2025082602,-0.0001
2025082602,-0.0001
2025082602,-0.0001
2025082603,-0.0001
2025082603,-0.0001
2025082603,-0.0001
2025082603,-0.0001
2025082604,-0.0001
2025082604,-0.0001
2025082604,-0.0001
2025082604,-0.0001
2025082605,-0.0001
2025082605,-0.0001
2025082605,-0.0001
2025082605,-0.0001
2025082606,5.15
2025082606,13.14
2025082606,24.27
2025082606,38.53
2025082607,30.1
2025082607,57.42
2025082607,36.36
2025082607,65.58
2025082608,70.93
2025082608,110.4
2025082608,127.62
2025082608,114.85
2025082609,34.47
2025082609,52.17
2025082609,127.69
2025082609,80.09
2025082610,73.95
2025082610,77.43
2025082610,173.64
2025082610,177.1
2025082611,151.01
2025082611,89.35
2025082611,21.89
2025082611,3.06
2025082612,6.83
2025082612,18.05
2025082612,22.14
2025082612,51.79
2025082613,73.0
2025082613,58.85
2025082613,44.75
2025082613,67.38
2025082614,51.28
2025082614,25.18
2025082614,13.41
2025082614,55.5
2025082615,42.22
2025082615,20.74
2025082615,36.43
2025082615,18.18
2025082616,12.01
2025082616,0.0
2025082616,-0.0001
2025082616,-0.0001
2025082617,7.1
2025082617,16.51
2025082617,8.13
2025082617,-0.0001
2025082618,2.34
2025082618,0.0
2025082618,-0.0001
2025082618,-0.0001
2025082619,-0.0001
2025082619,-0.0001
2025082619,-0.0001
2025082619,-0.0001
2025082620,-0.0001
2025082620,-0.0001
2025082620,-0.0001
2025082620,-0.0001
2025082621,-0.0001
2025082621,-0.0001
2025082621,-0.0001
2025082621,-0.0001
2025082622,-0.0001
2025082622,-0.0001
2025082622,-0.0001
2025082622,-0.0001
2025082623,-0.0001
2025082623,-0.0001
2025082623,-0.0001
2025082623,-0.0001
2025082700,0.0
2025082700,-0.0001
2025082700,-0.0001
2025082700,-0.0001
2025082701,-0.0001
2025082701,-0.0001
2025082701,-0.0001
2025082701,-0.0001
2025082702,-0.0001
2025082702,-0.0001
2025082702,-0.0001
2025082702,-0.0001
2025082703,-0.0001
2025082703,-0.0001
2025082703,-0.0001
2025082703,-0.0001
2025082704,-0.0001
2025082704,-0.0001
2025082704,-0.0001
2025082704,-0.0001
2025082705,3.01
2025082705,5.98
2025082705,9.39
2025082705,17.61
2025082706,12.69
2025082706,18.97
2025082706,49.23
2025082706,43.63
2025082707,79.06
2025082707,67.19
2025082707,30.22
2025082707,43.36
2025082708,71.57
2025082708,98.04
2025082708,123.12
2025082708,156.13
2025082709,183.54
2025082709,211.01
2025082709,195.27
2025082709,166.2
2025082710,81.62
2025082710,166.85
2025082710,151.45
2025082710,188.09
2025082711,170.03
2025082711,140.91
2025082711,140.63
2025082711,138.38
2025082712,132.97
2025082712,167.16
2025082712,179.9
2025082712,137.9
2025082713,141.98
2025082713,96.81
2025082713,123.79
2025082713,122.31
2025082714,128.34
2025082714,103.17
2025082714,89.12
2025082714,77.2
2025082715,54.65
2025082715,63.7
2025082715,64.97
2025082715,78.02
2025082716,29.67
2025082716,33.28
2025082716,35.73
2025082716,21.83
2025082717,19.2
2025082717,10.63
2025082717,0.04
2025082717,0.0
2025082718,-0.0001
2025082718,-0.0001
2025082718,-0.0001
2025082718,-0.0001
2025082719,-0.0001
2025082719,-0.0001
2025082719,-0.0001
2025082719,-0.0001
2025082720,-0.0001
2025082720,-0.0001
2025082720,-0.0001
2025082720,-0.0001
2025082721,-0.0001
2025082721,-0.0001
2025082721,-0.0001
2025082721,-0.0001
2025082722,-0.0001
2025082722,-0.0001
2025082722,-0.0001
2025082722,-0.0001
2025082723,-0.0001
2025082723,-0.0001
2025082723,-0.0001
2025082723,-0.0001
2025082800,0.0
2025082800,-0.0001
2025082800,-0.0001
2025082800,-0.0001
2025082801,-0.0001
2025082801,-0.0001
2025082801,-0.0001
2025082801,-0.0001
2025082802,-0.0001
2025082802,-0.0001
2025082802,-0.0001
2025082802,-0.0001
2025082803,-0.0001
2025082803,-0.0001
2025082803,-0.0001
2025082803,-0.0001
2025082804,-0.0001
2025082804,-0.0001
2025082804,-0.0001
2025082804,-0.0001
2025082805,1.59
2025082805,5.23
2025082805,9.54
2025082805,29.3
2025082806,31.16
2025082806,41.14
2025082806,58.12
2025082806,36.48
2025082807,61.89
2025082807,67.33
2025082807,88.98
2025082807,74.98
2025082808,66.99
2025082808,75.24
2025082808,90.05
2025082808,83.87
2025082809,108.03
2025082809,110.72
2025082809,124.18
2025082809,140.79
2025082810,143.71
2025082810,116.07
2025082810,73.52
2025082810,94.14
2025082811,62.47
2025082811,51.0
2025082811,76.52
2025082811,147.92
2025082812,117.66
2025082812,67.2
2025082812,56.57
2025082812,57.39
2025082813,40.7
2025082813,26.26
2025082813,58.05
2025082813,80.16
2025082814,61.91
2025082814,115.47
2025082814,135.45
2025082814,94.82
2025082815,95.43
2025082815,88.99
2025082815,65.58
2025082815,48.84
2025082816,40.07
2025082816,44.82
2025082816,43.43
2025082816,15.51
2025082817,9.52
2025082817,4.98
2025082817,0.0
2025082817,-0.0001
2025082818,-0.0001
2025082818,-0.0001
2025082818,-0.0001
2025082818,-0.0001
2025082819,-0.0001
2025082819,-0.0001
2025082819,-0.0001
2025082819,-0.0001
2025082820,-0.0001
2025082820,-0.0001
2025082820,-0.0001
2025082820,-0.0001
2025082821,-0.0001
2025082821,-0.0001
2025082821,-0.0001
2025082821,-0.0001
2025082822,-0.0001
2025082822,-0.0001
2025082822,-0.0001
2025082822,-0.0001
2025082823,-0.0001
2025082823,-0.0001
2025082823,-0.0001
2025082823,-0.0001
2025082900,0.0
2025082900,-0.0001
2025082900,-0.0001
2025082900,-0.0001
2025082901,-0.0001
2025082901,-0.0001
2025082901,-0.0001
2025082901,-0.0001
2025082902,-0.0001
2025082902,-0.0001
2025082902,-0.0001
2025082902,-0.0001
2025082903,-0.0001
2025082903,-0.0001
2025082903,-0.0001
2025082903,-0.0001
2025082904,-0.0001
2025082904,-0.0001
2025082904,-0.0001
2025082904,-0.0001
2025082905,1.59
2025082905,-0.0001
2025082905,-0.0001
2025082905,-0.0001
2025082906,19.58
2025082906,40.56
2025082906,54.15
2025082906,70.34
2025082907,92.96
2025082907,108.35
2025082907,86.42
2025082907,88.83
2025082908,147.78
2025082908,149.88
2025082908,156.71
2025082908,132.53
2025082909,116.46
2025082909,149.49
2025082909,175.8
2025082909,201.49
2025082910,153.52
2025082910,184.48
2025082910,182.08
2025082910,157.11
2025082911,149.65
2025082911,63.34
2025082911,80.48
2025082911,86.86
2025082912,67.57
2025082912,96.9
2025082912,68.27
2025082912,138.24
2025082913,188.47
2025082913,137.85
2025082913,160.15
2025082913,174.9
2025082914,165.66
2025082914,139.93
2025082914,131.96
2025082914,99.01
2025082915,42.5
2025082915,37.31
2025082915,69.19
2025082915,5.42
2025082916,0.0
2025082916,21.65
2025082916,10.1
2025082916,-0.0001
2025082917,7.38
2025082917,4.53
2025082917,0.0
2025082917,-0.0001
2025082918,-0.0001
2025082918,-0.0001
2025082918,-0.0001
2025082918,-0.0001
2025082919,-0.0001
2025082919,-0.0001
2025082919,-0.0001
2025082919,-0.0001
2025082920,-0.0001
2025082920,-0.0001
2025082920,-0.0001
2025082920,-0.0001
2025082921,-0.0001
2025082921,-0.0001
2025082921,-0.0001
2025082921,-0.0001
2025082922,-0.0001
2025082922,-0.0001
2025082922,-0.0001
2025082922,-0.0001
2025082923,-0.0001
2025082923,-0.0001
2025082923,-0.0001
2025082923,-0.0001
2025083000,0.0
2025083000,-0.0001
2025083000,-0.0001
2025083000,-0.0001
2025083001,-0.0001
2025083001,-0.0001
2025083001,-0.0001
2025083001,-0.0001
2025083002,-0.0001
2025083002,-0.0001
2025083002,-0.0001
2025083002,-0.0001
2025083003,-0.0001
2025083003,-0.0001
2025083003,-0.0001
2025083003,-0.0001
2025083004,-0.0001
2025083004,-0.0001
2025083004,-0.0001
2025083004,-0.0001
2025083005,-0.0001
2025083005,-0.0001
2025083005,-0.0001
2025083005,-0.0001
2025083006,0.66
2025083006,1.37
2025083006,6.96
2025083006,-0.0001
2025083007,21.61
2025083007,33.15
2025083007,25.36
2025083007,91.84
2025083008,71.26
2025083008,86.73
2025083008,77.38
2025083008,107.04
2025083009,46.15
2025083009,92.51
2025083009,157.14
2025083009,96.43
2025083010,11.31
2025083010,0.03
2025083010,0.02
2025083010,0.03
2025083011,0.02
2025083011,0.01
2025083011,0.0
2025083011,-0.0001
2025083012,0.02
2025083012,0.01
2025083012,0.03
2025083012,-0.0001
2025083013,0.04
2025083013,0.02
2025083013,0.05
2025083013,0.04
2025083014,0.01
2025083014,9.51
2025083014,122.93
2025083014,117.2
2025083015,20.23
2025083015,47.54
2025083015,47.91
2025083015,25.02
2025083016,7.74
2025083016,13.15
2025083016,0.0
2025083016,-0.0001
2025083017,-0.0001
2025083017,-0.0001
2025083017,-0.0001
2025083017,-0.0001
2025083018,-0.0001
2025083018,-0.0001
2025083018,-0.0001
2025083018,-0.0001
2025083019,-0.0001
2025083019,-0.0001
2025083019,-0.0001
2025083019,-0.0001
2025083020,-0.0001
2025083020,-0.0001
2025083020,-0.0001
2025083020,-0.0001
2025083021,-0.0001
2025083021,-0.0001
2025083021,-0.0001
2025083021,-0.0001
2025083022,-0.0001
2025083022,-0.0001
2025083022,-0.0001
2025083022,-0.0001
2025083023,-0.0001
2025083023,-0.0001
2025083023,-0.0001
2025083023,-0.0001
2025083100,0.0
2025083100,-0.0001
2025083100,-0.0001
2025083100,-0.0001
2025083101,-0.0001
2025083101,-0.0001
2025083101,-0.0001
2025083101,-0.0001
2025083102,-0.0001
2025083102,-0.0001
2025083102,-0.0001
2025083102,-0.0001
2025083103,-0.0001
2025083103,-0.0001
2025083103,-0.0001
2025083103,-0.0001
2025083104,-0.0001
2025083104,-0.0001
2025083104,-0.0001
2025083104,-0.0001
2025083105,-0.0001
2025083105,-0.0001
2025083105,-0.0001
2025083105,-0.0001
2025083106,0.15
2025083106,1.86
2025083106,6.63
2025083106,14.08
2025083107,18.25
2025083107,16.52
2025083107,21.54
2025083107,30.79
2025083108,2.17
2025083108,0.0
2025083108,-0.0001
2025083108,-0.0001
2025083109,-0.0001
2025083109,-0.0001
2025083109,-0.0001
2025083109,-0.0001
2025083110,3.74
2025083110,9.38
2025083110,2.94
2025083110,-0.0001
2025083111,0.06
2025083111,0.0
2025083111,-0.0001
2025083111,-0.0001
2025083112,-0.0001
2025083112,-0.0001
2025083112,-0.0001
2025083112,-0.0001
2025083113,-0.0001
2025083113,-0.0001
2025083113,-0.0001
2025083113,-0.0001
2025083114,15.19
2025083114,2.86
2025083114,1.1
2025083114,0.12
2025083115,0.0
2025083115,2.19
2025083115,2.49
2025083115,0.0
2025083116,-0.0001
2025083116,-0.0001
2025083116,-0.0001
2025083116,-0.0001
2025083117,-0.0001
2025083117,-0.0001
2025083117,-0.0001
2025083117,-0.0001
2025083118,-0.0001
2025083118,-0.0001
2025083118,-0.0001
2025083118,-0.0001
2025083119,-0.0001
2025083119,-0.0001
2025083119,-0.0001
2025083119,-0.0001
2025083120,-0.0001
2025083120,-0.0001
2025083120,-0.0001
2025083120,-0.0001
2025083121,-0.0001
2025083121,-0.0001
2025083121,-0.0001
2025083121,-0.0001
2025083122,-0.0001
2025083122,-0.0001
2025083122,-0.0001
2025083122,-0.0001
2025083123,-0.0001
2025083123,-0.0001
2025083123,-0.0001
2025083123,-0.0001
2025090100,0.0
2025090100,-0.0001
2025090100,-0.0001
2025090100,-0.0001
2025090101,-0.0001
2025090101,-0.0001
2025090101,-0.0001
2025090101,-0.0001
2025090102,-0.0001
2025090102,-0.0001
2025090102,-0.0001
2025090102,-0.0001
2025090103,-0.0001
2025090103,-0.0001
2025090103,-0.0001
2025090103,-0.0001
2025090104,-0.0001
2025090104,-0.0001
2025090104,-0.0001
2025090104,-0.0001
2025090105,-0.0001
2025090105,-0.0001
2025090105,-0.0001
2025090105,-0.0001
2025090106,1.97
2025090106,0.0
2025090106,-0.0001
2025090106,-0.0001
2025090107,3.73
2025090107,-0.0001
2025090107,-0.0001
2025090107,-0.0001
2025090108,54.74
2025090108,20.58
2025090108,6.08
2025090108,1.03
2025090109,1.98
2025090109,0.27
2025090109,0.89
2025090109,2.26
2025090110,7.85
2025090110,4.73
2025090110,8.8
2025090110,6.75
2025090111,13.25
2025090111,0.75
2025090111,7.11
2025090111,0.86
2025090112,1.52
2025090112,15.53
2025090112,5.25
2025090112,0.0
2025090113,9.09
2025090113,14.87
2025090113,14.92
2025090113,17.85
2025090114,4.46
2025090114,0.0
2025090114,-0.0001
2025090114,-0.0001
2025090115,7.23
2025090115,7.86
2025090115,13.25
2025090115,10.36
2025090116,19.94
2025090116,8.22
2025090116,0.09
2025090116,0.0
2025090117,0.37
2025090117,0.35
2025090117,0.0
2025090117,-0.0001
2025090118,-0.0001
2025090118,-0.0001
2025090118,-0.0001
2025090118,-0.0001
2025090119,-0.0001
2025090119,-0.0001
2025090119,-0.0001
2025090119,-0.0001
2025090120,-0.0001
2025090120,-0.0001
2025090120,-0.0001
2025090120,-0.0001
2025090121,-0.0001
2025090121,-0.0001
2025090121,-0.0001
2025090121,-0.0001
2025090122,-0.0001
2025090122,-0.0001
2025090122,-0.0001
2025090122,-0.0001
2025090123,-0.0001
2025090123,-0.0001
2025090123,-0.0001
2025090123,-0.0001
2025090200,0.0
2025090200,-0.0001
2025090200,-0.0001
2025090200,-0.0001
2025090201,-0.0001
2025090201,-0.0001
2025090201,-0.0001
2025090201,-0.0001
2025090202,-0.0001
2025090202,-0.0001
2025090202,-0.0001
2025090202,-0.0001
2025090203,-0.0001
2025090203,-0.0001
2025090203,-0.0001
2025090203,-0.0001
2025090204,-0.0001
2025090204,-0.0001
2025090204,-0.0001
2025090204,-0.0001
2025090205,-0.0001
2025090205,-0.0001
2025090205,-0.0001
2025090205,-0.0001
2025090206,0.28
2025090206,9.19
2025090206,3.69
2025090206,-0.0001
2025090207,15.48
2025090207,20.42
2025090207,22.44
2025090207,37.23
2025090208,45.73
2025090208,71.46
2025090208,76.15
2025090208,163.9
2025090209,176.64
2025090209,182.16
2025090209,166.92
2025090209,161.83
2025090210,146.79
2025090210,150.37
2025090210,137.33
2025090210,157.7
2025090211,223.46
2025090211,207.77
2025090211,117.13
2025090211,136.96
2025090212,57.78
2025090212,124.75
2025090212,210.07
2025090212,188.06
2025090213,207.61
2025090213,164.76
2025090213,156.63
2025090213,168.74
2025090214,151.48
2025090214,112.87
2025090214,116.14
2025090214,106.9
2025090215,125.72
2025090215,106.82
2025090215,82.37
2025090215,63.55
2025090216,73.76
2025090216,43.98
2025090216,35.63
2025090216,20.08
2025090217,11.73
2025090217,4.08
2025090217,0.82
2025090217,0.0
2025090218,-0.0001
2025090218,-0.0001
2025090218,-0.0001
2025090218,-0.0001
2025090219,-0.0001
2025090219,-0.0001
2025090219,-0.0001
2025090219,-0.0001
2025090220,-0.0001
2025090220,-0.0001
2025090220,-0.0001
2025090220,-0.0001
2025090221,-0.0001
2025090221,-0.0001
2025090221,-0.0001
2025090221,-0.0001
2025090222,-0.0001
2025090222,-0.0001
2025090222,-0.0001
2025090222,-0.0001
2025090223,-0.0001
2025090223,-0.0001
2025090223,-0.0001
2025090223,-0.0001
2025090300,0.0
2025090300,-0.0001
2025090300,-0.0001
2025090300,-0.0001
2025090301,-0.0001
2025090301,-0.0001
2025090301,-0.0001
2025090301,-0.0001
2025090302,-0.0001
2025090302,-0.0001
2025090302,-0.0001
2025090302,-0.0001
2025090303,-0.0001
2025090303,-0.0001
2025090303,-0.0001
2025090303,-0.0001
2025090304,-0.0001
2025090304,-0.0001
2025090304,-0.0001
2025090304,-0.0001
2025090305,0.3
2025090305,5.9
2025090305,21.84
2025090305,-0.0001
2025090306,37.48
2025090306,42.76
2025090306,55.83
2025090306,80.44
2025090307,92.46
2025090307,115.11
2025090307,118.15
2025090307,39.11
2025090308,137.31
2025090308,142.3
2025090308,32.27
2025090308,17.2
2025090309,17.03
2025090309,16.9
2025090309,16.86
2025090309,16.79
2025090310,16.82
2025090310,16.77
2025090310,16.68
2025090310,16.69
2025090311,16.55
2025090311,17.16
2025090311,17.26
2025090311,-0.0001
2025090312,17.22
2025090312,17.16
2025090312,17.19
2025090312,17.16
2025090313,17.17
2025090313,17.22
2025090313,-0.0001
2025090313,-0.0001
2025090314,17.31
2025090314,17.32
2025090314,7.97
2025090314,6.53
2025090315,8.08
2025090315,8.59
2025090315,4.25
2025090315,6.42
2025090316,27.57
2025090316,25.72
2025090316,21.71
2025090316,6.68
2025090317,10.31
2025090317,6.48
2025090317,1.16
2025090317,0.0
2025090318,-0.0001
2025090318,-0.0001
2025090318,-0.0001
2025090318,-0.0001
2025090319,-0.0001
2025090319,-0.0001
2025090319,-0.0001
2025090319,-0.0001
2025090320,-0.0001
2025090320,-0.0001
2025090320,-0.0001
2025090320,-0.0001
2025090321,-0.0001
2025090321,-0.0001
2025090321,-0.0001
2025090321,-0.0001
2025090322,-0.0001
2025090322,-0.0001
2025090322,-0.0001
2025090322,-0.0001
2025090323,-0.0001
2025090323,-0.0001
2025090323,-0.0001
2025090323,-0.0001
2025090400,0.0
2025090400,-0.0001
2025090400,-0.0001
2025090400,-0.0001
2025090401,-0.0001
2025090401,-0.0001
2025090401,-0.0001
2025090401,-0.0001
2025090402,-0.0001
2025090402,-0.0001
2025090402,-0.0001
2025090402,-0.0001
2025090403,-0.0001
2025090403,-0.0001
2025090403,-0.0001
2025090403,-0.0001
2025090404,-0.0001
2025090404,-0.0001
2025090404,-0.0001
2025090404,-0.0001
2025090405,1.19
2025090405,7.86
2025090405,17.89
2025090405,21.21
2025090406,27.13
2025090406,56.3
2025090406,46.3
2025090406,12.41
2025090407,75.14
2025090407,47.93
2025090407,34.18
2025090407,27.28
2025090408,68.64
2025090408,38.57
2025090408,11.19
2025090408,29.18
2025090409,8.23
2025090409,0.0
2025090409,-0.0001
2025090409,-0.0001
2025090410,-0.0001
2025090410,-0.0001
2025090410,-0.0001
2025090410,-0.0001
2025090411,9.24
2025090411,10.92
2025090411,10.88
2025090411,10.18
2025090412,0.95
2025090412,0.0
2025090412,-0.0001
2025090412,-0.0001
2025090413,8.88
2025090413,108.08
2025090413,92.96
2025090413,91.0
2025090414,27.38
2025090414,115.02
2025090414,99.08
2025090414,100.06
2025090415,116.37
2025090415,50.62
2025090415,50.04
2025090415,37.88
2025090416,29.2
2025090416,23.46
2025090416,16.84
2025090416,10.65
2025090417,7.61
2025090417,3.54
2025090417,0.09
2025090417,0.0
2025090418,-0.0001
2025090418,-0.0001
2025090418,-0.0001
2025090418,-0.0001
2025090419,-0.0001
2025090419,-0.0001
2025090419,-0.0001
2025090419,-0.0001
2025090420,-0.0001
2025090420,-0.0001
2025090420,-0.0001
2025090420,-0.0001
2025090421,-0.0001
2025090421,-0.0001
2025090421,-0.0001
2025090421,-0.0001
2025090422,-0.0001
2025090422,-0.0001
2025090422,-0.0001
2025090422,-0.0001
2025090423,-0.0001
2025090423,-0.0001
2025090423,-0.0001
2025090423,-0.0001
2025090500,0.0
2025090500,-0.0001
2025090500,-0.0001
2025090500,-0.0001
2025090501,-0.0001
2025090501,-0.0001
2025090501,-0.0001
2025090501,-0.0001
2025090502,-0.0001
2025090502,-0.0001
2025090502,-0.0001
2025090502,-0.0001
2025090503,-0.0001
2025090503,-0.0001
2025090503,-0.0001
2025090503,-0.0001
2025090504,-0.0001
2025090504,-0.0001
2025090504,-0.0001
2025090504,-0.0001
2025090505,-0.0001
2025090505,-0.0001
2025090505,-0.0001
2025090505,-0.0001
2025090506,2.12
2025090506,5.91
2025090506,8.33
2025090506,21.42
2025090507,41.3
2025090507,72.92
2025090507,58.39
2025090507,44.21
2025090508,69.34
2025090508,112.55
2025090508,112.54
2025090508,72.53
2025090509,125.46
2025090509,184.97
2025090509,190.3
2025090509,183.59
2025090510,177.86
2025090510,141.48
2025090510,192.9
2025090510,152.84
2025090511,155.6
2025090511,130.84
2025090511,143.07
2025090511,209.59
2025090512,136.0
2025090512,75.52
2025090512,165.99
2025090512,53.01
2025090513,63.47
2025090513,142.67
2025090513,151.87
2025090513,155.37
2025090514,152.98
2025090514,86.05
2025090514,113.28
2025090514,134.34
2025090515,117.74
2025090515,107.04
2025090515,67.72
2025090515,94.99
2025090516,71.24
2025090516,41.17
2025090516,27.79
2025090516,18.25
2025090517,9.77
2025090517,3.44
2025090517,0.04
2025090517,0.0
2025090518,-0.0001
2025090518,-0.0001
2025090518,-0.0001
2025090518,-0.0001
2025090519,-0.0001
2025090519,-0.0001
2025090519,-0.0001
2025090519,-0.0001
2025090520,-0.0001
2025090520,-0.0001
2025090520,-0.0001
2025090520,-0.0001
2025090521,-0.0001
2025090521,-0.0001
2025090521,-0.0001
2025090521,-0.0001
2025090522,-0.0001
2025090522,-0.0001
2025090522,-0.0001
2025090522,-0.0001
2025090523,-0.0001
2025090523,-0.0001
2025090523,-0.0001
2025090523,-0.0001
2025090600,0.0
2025090600,-0.0001
2025090600,-0.0001
2025090600,-0.0001
2025090601,-0.0001
2025090601,-0.0001
2025090601,-0.0001
2025090601,-0.0001
2025090602,-0.0001
2025090602,-0.0001
2025090602,-0.0001
2025090602,-0.0001
2025090603,-0.0001
2025090603,-0.0001
2025090603,-0.0001
2025090603,-0.0001
2025090604,-0.0001
2025090604,-0.0001
2025090604,-0.0001
2025090604,-0.0001
2025090605,0.5
2025090605,4.54
2025090605,14.76
2025090605,11.96
2025090606,28.91
2025090606,47.75
2025090606,66.96
2025090606,82.11
2025090607,90.25
2025090607,112.11
2025090607,130.34
2025090607,127.4
2025090608,131.23
2025090608,127.1
2025090608,126.02
2025090608,165.64
2025090609,116.47
2025090609,33.53
2025090609,21.9
2025090609,79.47
2025090610,23.58
2025090610,15.58
2025090610,-0.0001
2025090610,-0.0001
2025090611,-0.0001
2025090611,-0.0001
2025090611,-0.0001
2025090611,-0.0001
2025090612,15.65
2025090612,15.56
2025090612,15.54
2025090612,15.61
2025090613,15.59
2025090613,15.55
2025090613,15.63
2025090613,15.64
2025090614,25.52
2025090614,144.07
2025090614,154.08
2025090614,134.29
2025090615,36.35
2025090615,67.69
2025090615,90.86
2025090615,78.77
2025090616,60.45
2025090616,45.9
2025090616,31.0
2025090616,17.92
2025090617,4.61
2025090617,0.11
2025090617,0.0
2025090617,-0.0001
2025090618,-0.0001
2025090618,-0.0001
2025090618,-0.0001
2025090618,-0.0001
2025090619,-0.0001
2025090619,-0.0001
2025090619,-0.0001
2025090619,-0.0001
2025090620,-0.0001
2025090620,-0.0001
2025090620,-0.0001
2025090620,-0.0001
2025090621,-0.0001
2025090621,-0.0001
2025090621,-0.0001
2025090621,-0.0001
2025090622,-0.0001
2025090622,-0.0001
2025090622,-0.0001
2025090622,-0.0001
2025090623,-0.0001
2025090623,-0.0001
2025090623,-0.0001
2025090623,-0.0001
2025090700,0.0
2025090700,-0.0001
2025090700,-0.0001
2025090700,-0.0001
2025090701,-0.0001
2025090701,-0.0001
2025090701,-0.0001
2025090701,-0.0001
2025090702,-0.0001
2025090702,-0.0001
2025090702,-0.0001
2025090702,-0.0001
2025090703,-0.0001
2025090703,-0.0001
2025090703,-0.0001
2025090703,-0.0001
2025090704,-0.0001
2025090704,-0.0001
2025090704,-0.0001
2025090704,-0.0001
2025090705,2.1
2025090705,5.83
2025090705,10.39
2025090705,13.81
2025090706,29.25
2025090706,17.69
2025090706,15.84
2025090706,15.8
2025090707,15.81
2025090707,13.76
2025090707,9.24
2025090707,-0.0001
2025090708,8.96
2025090708,8.76
2025090708,7.63
2025090708,2.57
2025090709,0.62
2025090709,0.04
2025090709,0.0
2025090709,-0.0001
2025090710,-0.0001
2025090710,-0.0001
2025090710,-0.0001
2025090710,-0.0001
2025090711,-0.0001
2025090711,-0.0001
2025090711,-0.0001
2025090711,-0.0001
2025090712,-0.0001
2025090712,-0.0001
2025090712,-0.0001
2025090712,-0.0001
2025090713,10.26
2025090713,11.11
2025090713,-0.0001
2025090713,-0.0001
2025090714,11.02
2025090714,11.07
2025090714,11.08
2025090714,10.15
2025090715,3.96
2025090715,67.91
2025090715,43.01
2025090715,29.81
2025090716,7.82
2025090716,0.0
2025090716,-0.0001
2025090716,-0.0001
2025090717,-0.0001
2025090717,-0.0001
2025090717,-0.0001
2025090717,-0.0001
2025090718,-0.0001
2025090718,-0.0001
2025090718,-0.0001
2025090718,-0.0001
2025090719,-0.0001
2025090719,-0.0001
2025090719,-0.0001
2025090719,-0.0001
2025090720,-0.0001
2025090720,-0.0001
2025090720,-0.0001
2025090720,-0.0001
2025090721,-0.0001
2025090721,-0.0001
2025090721,-0.0001
2025090721,-0.0001
2025090722,-0.0001
2025090722,-0.0001
2025090722,-0.0001
2025090722,-0.0001
2025090723,-0.0001
2025090723,-0.0001
2025090723,-0.0001
2025090723,-0.0001
2025090800,0.0
2025090800,-0.0001
2025090800,-0.0001
2025090800,-0.0001
2025090801,-0.0001
2025090801,-0.0001
2025090801,-0.0001
2025090801,-0.0001
2025090802,-0.0001
2025090802,-0.0001
2025090802,-0.0001
2025090802,-0.0001
2025090803,-0.0001
2025090803,-0.0001
2025090803,-0.0001
2025090803,-0.0001
2025090804,0.08
2025090804,0.0
2025090804,-0.0001
2025090804,-0.0001
2025090805,4.91
2025090805,-0.0001
2025090805,-0.0001
2025090805,-0.0001
2025090806,18.21
2025090806,33.7
2025090806,50.13
2025090806,67.53
2025090807,84.42
2025090807,99.01
2025090807,112.58
2025090807,127.29
2025090808,140.74
2025090808,152.6
2025090808,163.57
2025090808,173.82
2025090809,183.06
2025090809,191.17
2025090809,198.48
2025090809,201.74
2025090810,201.97
2025090810,210.9
2025090810,215.96
2025090810,212.02
2025090811,207.78
2025090811,217.53
2025090811,213.78
2025090811,208.83
2025090812,204.97
2025090812,202.9
2025090812,200.54
2025090812,199.82
2025090813,191.5
2025090813,163.68
2025090813,154.65
2025090813,105.2
2025090814,141.26
2025090814,73.15
2025090814,43.28
2025090814,63.82
2025090815,73.11
2025090815,25.68
2025090815,17.93
2025090815,13.83
2025090816,9.18
2025090816,6.95
2025090816,3.46
2025090816,0.0
2025090817,-0.0001
2025090817,-0.0001
2025090817,-0.0001
2025090817,-0.0001
2025090818,-0.0001
2025090818,-0.0001
2025090818,-0.0001
2025090818,-0.0001
2025090819,-0.0001
2025090819,-0.0001
2025090819,-0.0001
2025090819,-0.0001
2025090820,-0.0001
2025090820,-0.0001
2025090820,-0.0001
2025090820,-0.0001
2025090821,-0.0001
2025090821,-0.0001
2025090821,-0.0001
2025090821,-0.0001
2025090822,-0.0001
2025090822,-0.0001
2025090822,-0.0001
2025090822,-0.0001
2025090823,-0.0001
2025090823,-0.0001
2025090823,-0.0001
2025090823,-0.0001
2025090900,0.0
2025090900,-0.0001
2025090900,-0.0001
2025090900,-0.0001
2025090901,-0.0001
2025090901,-0.0001
2025090901,-0.0001
2025090901,-0.0001
2025090902,-0.0001
2025090902,-0.0001
2025090902,-0.0001
2025090902,-0.0001
2025090903,-0.0001
2025090903,-0.0001
2025090903,-0.0001
2025090903,-0.0001
2025090904,-0.0001
2025090904,-0.0001
2025090904,-0.0001
2025090904,-0.0001
2025090905,3.82
2025090905,6.08
2025090905,-0.0001
2025090905,-0.0001
2025090906,15.85
2025090906,28.32
2025090906,39.78
2025090906,13.01
2025090907,67.22
2025090907,93.96
2025090907,109.85
2025090907,111.55
2025090908,127.81
2025090908,128.51
2025090908,142.41
2025090908,152.01
2025090909,175.25
2025090909,182.68
2025090909,125.63
2025090909,122.14
2025090910,112.62
2025090910,72.9
2025090910,119.09
2025090910,154.73
2025090911,182.46
2025090911,168.53
2025090911,154.64
2025090911,158.59
2025090912,188.98
2025090912,136.07
2025090912,148.33
2025090912,135.62
2025090913,119.12
2025090913,92.68
2025090913,105.61
2025090913,114.78
2025090914,135.52
2025090914,63.29
2025090914,57.11
2025090914,38.34
2025090915,31.19
2025090915,29.34
2025090915,24.49
2025090915,17.99
2025090916,2.22
2025090916,0.0
2025090916,-0.0001
2025090916,-0.0001
2025090917,-0.0001
2025090917,-0.0001
2025090917,-0.0001
2025090917,-0.0001
2025090918,-0.0001
2025090918,-0.0001
2025090918,-0.0001
2025090918,-0.0001
2025090919,-0.0001
2025090919,-0.0001
2025090919,-0.0001
2025090919,-0.0001
2025090920,-0.0001
2025090920,-0.0001
2025090920,-0.0001
2025090920,-0.0001
2025090921,-0.0001
2025090921,-0.0001
2025090921,-0.0001
2025090921,-0.0001
2025090922,-0.0001
2025090922,-0.0001
2025090922,-0.0001
2025090922,-0.0001
2025090923,-0.0001
2025090923,-0.0001
2025090923,-0.0001
2025090923,-0.0001
2025091000,0.0
2025091000,-0.0001
2025091000,-0.0001
2025091000,-0.0001
2025091001,-0.0001
2025091001,-0.0001
2025091001,-0.0001
2025091001,-0.0001
2025091002,-0.0001
2025091002,-0.0001
2025091002,-0.0001
2025091002,-0.0001
2025091003,-0.0001
2025091003,-0.0001
2025091003,-0.0001
2025091003,-0.0001
2025091004,-0.0001
2025091004,-0.0001
2025091004,-0.0001
2025091004,-0.0001
2025091005,-0.0001
2025091005,-0.0001
2025091005,-0.0001
2025091005,-0.0001
2025091006,0.01
2025091006,-0.0001
2025091006,-0.0001
2025091006,-0.0001
2025091007,2.54
2025091007,8.8
2025091007,12.38
2025091007,15.39
2025091008,17.04
2025091008,10.24
2025091008,1.66
2025091008,0.0
2025091009,0.02
2025091009,6.51
2025091009,15.89
2025091009,19.39
2025091010,50.6
2025091010,103.29
2025091010,59.46
2025091010,43.58
2025091011,48.07
2025091011,57.29
2025091011,82.97
2025091011,88.72
2025091012,66.18
2025091012,62.42
2025091012,31.12
2025091012,34.25
2025091013,12.48
2025091013,67.14
2025091013,117.67
2025091013,129.11
2025091014,97.09
2025091014,33.8
2025091014,26.25
2025091014,13.99
2025091015,14.51
2025091015,7.34
2025091015,12.35
2025091015,0.0
2025091016,-0.0001
2025091016,-0.0001
2025091016,-0.0001
2025091016,-0.0001
2025091017,-0.0001
2025091017,-0.0001
2025091017,-0.0001
2025091017,-0.0001
2025091018,-0.0001
2025091018,-0.0001
2025091018,-0.0001
2025091018,-0.0001
2025091019,-0.0001
2025091019,-0.0001
2025091019,-0.0001
2025091019,-0.0001
2025091020,-0.0001
2025091020,-0.0001
2025091020,-0.0001
2025091020,-0.0001
2025091021,-0.0001
2025091021,-0.0001
2025091021,-0.0001
2025091021,-0.0001
2025091022,-0.0001
2025091022,-0.0001
2025091022,-0.0001
2025091022,-0.0001
2025091023,-0.0001
2025091023,-0.0001
2025091023,-0.0001
2025091023,-0.0001
2025091100,0.0
2025091100,-0.0001
2025091100,-0.0001
2025091100,-0.0001
2025091101,-0.0001
2025091101,-0.0001
2025091101,-0.0001
2025091101,-0.0001
2025091102,-0.0001
2025091102,-0.0001
2025091102,-0.0001
2025091102,-0.0001
2025091103,-0.0001
2025091103,-0.0001
2025091103,-0.0001
2025091103,-0.0001
2025091104,-0.0001
2025091104,-0.0001
2025091104,-0.0001
2025091104,-0.0001
2025091105,0.34
2025091105,-0.0001
2025091105,-0.0001
2025091105,-0.0001
2025091106,8.94
2025091106,22.73
2025091106,38.95
2025091106,53.2
2025091107,73.29
2025091107,90.28
2025091107,105.94
2025091107,118.89
2025091108,129.91
2025091108,140.85
2025091108,145.47
2025091108,143.91
2025091109,49.64
2025091109,7.68
2025091109,3.68
2025091109,3.11
2025091110,0.34
2025091110,0.05
2025091110,0.03
2025091110,0.06
2025091111,0.05
2025091111,22.32
2025091111,23.89
2025091111,-0.0001
2025091112,2.89
2025091112,0.04
2025091112,0.05
2025091112,0.04
2025091113,0.03
2025091113,0.02
2025091113,0.01
2025091113,-0.0001
2025091114,0.0
2025091114,0.06
2025091114,0.11
2025091114,0.08
2025091115,0.03
2025091115,0.01
2025091115,2.91
2025091115,38.32
2025091116,27.9
2025091116,17.02
2025091116,1.89
2025091116,0.0
2025091117,-0.0001
2025091117,-0.0001
2025091117,-0.0001
2025091117,-0.0001
2025091118,-0.0001
2025091118,-0.0001
2025091118,-0.0001
2025091118,-0.0001
2025091119,-0.0001
2025091119,-0.0001
2025091119,-0.0001
2025091119,-0.0001
2025091120,-0.0001
2025091120,-0.0001
2025091120,-0.0001
2025091120,-0.0001
2025091121,-0.0001
2025091121,-0.0001
2025091121,-0.0001
2025091121,-0.0001
2025091122,-0.0001
2025091122,-0.0001
2025091122,-0.0001
2025091122,-0.0001
2025091123,-0.0001
2025091123,-0.0001
2025091123,-0.0001
2025091123,-0.0001
2025091200,0.0
2025091200,-0.0001
2025091200,-0.0001
2025091200,-0.0001
2025091201,-0.0001
2025091201,-0.0001
2025091201,-0.0001
2025091201,-0.0001
2025091202,-0.0001
2025091202,-0.0001
2025091202,-0.0001
2025091202,-0.0001
2025091203,-0.0001
2025091203,-0.0001
2025091203,-0.0001
2025091203,-0.0001
2025091204,-0.0001
2025091204,-0.0001
2025091204,-0.0001
2025091204,-0.0001
2025091205,-0.0001
2025091205,-0.0001
2025091205,-0.0001
2025091205,-0.0001
2025091206,-0.0001
2025091206,-0.0001
2025091206,-0.0001
2025091206,-0.0001
2025091207,6.59
2025091207,6.79
2025091207,0.0
2025091207,3.77
2025091208,23.45
2025091208,70.75
2025091208,25.05
2025091208,33.49
2025091209,28.84
2025091209,34.37
2025091209,27.79
2025091209,3.47
2025091210,0.0
2025091210,-0.0001
2025091210,-0.0001
2025091210,-0.0001
2025091211,-0.0001
2025091211,-0.0001
2025091211,-0.0001
2025091211,-0.0001
2025091212,-0.0001
2025091212,-0.0001
2025091212,-0.0001
2025091212,-0.0001
2025091213,-0.0001
2025091213,-0.0001
2025091213,-0.0001
2025091213,-0.0001
2025091214,-0.0001
2025091214,-0.0001
2025091214,-0.0001
2025091214,-0.0001
2025091215,2.44
2025091215,16.59
2025091215,0.0
2025091215,-0.0001
2025091216,-0.0001
2025091216,-0.0001
2025091216,-0.0001
2025091216,-0.0001
2025091217,-0.0001
2025091217,-0.0001
2025091217,-0.0001
2025091217,-0.0001
2025091218,-0.0001
2025091218,-0.0001
2025091218,-0.0001
2025091218,-0.0001
2025091219,-0.0001
2025091219,-0.0001
2025091219,-0.0001
2025091219,-0.0001
2025091220,-0.0001
2025091220,-0.0001
2025091220,-0.0001
2025091220,-0.0001
2025091221,-0.0001
2025091221,-0.0001
2025091221,-0.0001
2025091221,-0.0001
2025091222,-0.0001
2025091222,-0.0001
2025091222,-0.0001
2025091222,-0.0001
2025091223,-0.0001
2025091223,-0.0001
2025091223,-0.0001
2025091223,-0.0001
2025091300,0.0
2025091300,-0.0001
2025091300,-0.0001
2025091300,-0.0001
2025091301,-0.0001
2025091301,-0.0001
2025091301,-0.0001
2025091301,-0.0001
2025091302,-0.0001
2025091302,-0.0001
2025091302,-0.0001
2025091302,-0.0001
2025091303,-0.0001
2025091303,-0.0001
2025091303,-0.0001
2025091303,-0.0001
2025091304,-0.0001
2025091304,-0.0001
2025091304,-0.0001
2025091304,-0.0001
2025091305,-0.0001
2025091305,-0.0001
2025091305,-0.0001
2025091305,-0.0001
2025091306,8.64
2025091306,-0.0001
2025091306,-0.0001
2025091306,-0.0001
2025091307,34.97
2025091307,27.53
2025091307,38.99
2025091307,44.88
2025091308,2.3
2025091308,0.0
2025091308,-0.0001
2025091308,-0.0001
2025091309,61.66
2025091309,9.87
2025091309,0.0
2025091309,-0.0001
2025091310,-0.0001
2025091310,-0.0001
2025091310,-0.0001
2025091310,-0.0001
2025091311,0.01
2025091311,0.1
2025091311,0.13
2025091311,0.35
2025091312,0.34
2025091312,0.48
2025091312,0.53
2025091312,0.14
2025091313,0.13
2025091313,0.04
2025091313,0.01
2025091313,0.02
2025091314,0.0
2025091314,2.48
2025091314,34.1
2025091314,-0.0001
2025091315,3.13
2025091315,1.1
2025091315,39.54
2025091315,33.65
2025091316,20.21
2025091316,5.14
2025091316,0.0
2025091316,-0.0001
2025091317,-0.0001
2025091317,-0.0001
2025091317,-0.0001
2025091317,-0.0001
2025091318,-0.0001
2025091318,-0.0001
2025091318,-0.0001
2025091318,-0.0001
2025091319,-0.0001
2025091319,-0.0001
2025091319,-0.0001
2025091319,-0.0001
2025091320,-0.0001
2025091320,-0.0001
2025091320,-0.0001
2025091320,-0.0001
2025091321,-0.0001
2025091321,-0.0001
2025091321,-0.0001
2025091321,-0.0001
2025091322,-0.0001
2025091322,-0.0001
2025091322,-0.0001
2025091322,-0.0001
2025091323,-0.0001
2025091323,-0.0001
2025091323,-0.0001
2025091323,-0.0001
2025091400,0.0
2025091400,-0.0001
2025091400,-0.0001
2025091400,-0.0001
2025091401,-0.0001
2025091401,-0.0001
2025091401,-0.0001
2025091401,-0.0001
2025091402,-0.0001
2025091402,-0.0001
2025091402,-0.0001
2025091402,-0.0001
2025091403,-0.0001
2025091403,-0.0001
2025091403,-0.0001
2025091403,-0.0001
2025091404,-0.0001
2025091404,-0.0001
2025091404,-0.0001
2025091404,-0.0001
2025091405,-0.0001
2025091405,-0.0001
2025091405,-0.0001
2025091405,-0.0001
2025091406,-0.0001
2025091406,-0.0001
2025091406,-0.0001
2025091406,-0.0001
2025091407,-0.0001
2025091407,-0.0001
2025091407,-0.0001
2025091407,-0.0001
2025091408,-0.0001
2025091408,-0.0001
2025091408,-0.0001
2025091408,-0.0001
2025091409,-0.0001
2025091409,-0.0001
2025091409,-0.0001
2025091409,-0.0001
2025091410,-0.0001
2025091410,-0.0001
2025091410,-0.0001
2025091410,-0.0001
2025091411,-0.0001
2025091411,-0.0001
2025091411,-0.0001
2025091411,-0.0001
2025091412,-0.0001
2025091412,-0.0001
2025091412,-0.0001
2025091412,-0.0001
2025091413,-0.0001
2025091413,-0.0001
2025091413,-0.0001
2025091413,-0.0001
2025091414,-0.0001
2025091414,-0.0001
2025091414,-0.0001
2025091414,-0.0001
2025091415,-0.0001
2025091415,-0.0001
2025091415,-0.0001
2025091415,-0.0001
2025091416,-0.0001
2025091416,-0.0001
2025091416,-0.0001
2025091416,-0.0001
2025091417,-0.0001
2025091417,-0.0001
2025091417,-0.0001
2025091417,-0.0001
2025091418,-0.0001
2025091418,-0.0001
2025091418,-0.0001
2025091418,-0.0001
2025091419,-0.0001
2025091419,-0.0001
2025091419,-0.0001
2025091419,-0.0001
2025091420,-0.0001
2025091420,-0.0001
2025091420,-0.0001
2025091420,-0.0001
2025091421,-0.0001
2025091421,-0.0001
2025091421,-0.0001
2025091421,-0.0001
2025091422,-0.0001
2025091422,-0.0001
2025091422,-0.0001
2025091422,-0.0001
2025091423,-0.0001
2025091423,-0.0001
2025091423,-0.0001
2025091423,-0.0001
2025091500,0.0
2025091500,-0.0001
2025091500,-0.0001
2025091500,-0.0001
2025091501,-0.0001
2025091501,-0.0001
2025091501,-0.0001
2025091501,-0.0001
2025091502,-0.0001
2025091502,-0.0001
2025091502,-0.0001
2025091502,-0.0001
2025091503,-0.0001
2025091503,-0.0001
2025091503,-0.0001
2025091503,-0.0001
2025091504,-0.0001
2025091504,-0.0001
2025091504,-0.0001
2025091504,-0.0001
2025091505,-0.0001
2025091505,-0.0001
2025091505,-0.0001
2025091505,-0.0001
2025091506,-0.0001
2025091506,-0.0001
2025091506,-0.0001
2025091506,-0.0001
2025091507,-0.0001
2025091507,-0.0001
2025091507,-0.0001
2025091507,-0.0001
2025091508,-0.0001
2025091508,-0.0001
2025091508,-0.0001
2025091508,-0.0001
2025091509,0.28
2025091509,-0.0001
2025091509,-0.0001
2025091509,-0.0001
2025091510,1.83
2025091510,2.35
2025091510,0.32
2025091510,0.02
2025091511,1.07
2025091511,1.83
2025091511,0.33
2025091511,0.27
2025091512,0.08
2025091512,0.04
2025091512,0.0
2025091512,-0.0001
2025091513,-0.0001
2025091513,-0.0001
2025091513,-0.0001
2025091513,-0.0001
2025091514,0.01
2025091514,0.02
2025091514,1.11
2025091514,11.18
2025091515,2.15
2025091515,0.01
2025091515,0.06
2025091515,-0.0001
2025091516,2.46
2025091516,0.0
2025091516,-0.0001
2025091516,-0.0001
2025091517,-0.0001
2025091517,-0.0001
2025091517,-0.0001
2025091517,-0.0001
2025091518,-0.0001
2025091518,-0.0001
2025091518,-0.0001
2025091518,-0.0001
2025091519,-0.0001
2025091519,-0.0001
2025091519,-0.0001
2025091519,-0.0001
2025091520,-0.0001
2025091520,-0.0001
2025091520,-0.0001
2025091520,-0.0001
2025091521,-0.0001
2025091521,-0.0001
2025091521,-0.0001
2025091521,-0.0001
2025091522,-0.0001
2025091522,-0.0001
2025091522,-0.0001
2025091522,-0.0001
2025091523,-0.0001
2025091523,-0.0001
2025091523,-0.0001
2025091523,-0.0001
2025091600,0.0
2025091600,-0.0001
2025091600,-0.0001
2025091600,-0.0001
2025091601,-0.0001
2025091601,-0.0001
2025091601,-0.0001
2025091601,-0.0001
2025091602,-0.0001
2025091602,-0.0001
2025091602,-0.0001
2025091602,-0.0001
2025091603,-0.0001
2025091603,-0.0001
2025091603,-0.0001
2025091603,-0.0001
2025091604,-0.0001
2025091604,-0.0001
2025091604,-0.0001
2025091604,-0.0001
2025091605,-0.0001
2025091605,-0.0001
2025091605,-0.0001
2025091605,-0.0001
2025091606,1.13
2025091606,-0.0001
2025091606,-0.0001
2025091606,-0.0001
2025091607,23.07
2025091607,28.43
2025091607,27.34
2025091607,20.46
2025091608,42.25
2025091608,126.27
2025091608,127.7
2025091608,103.44
2025091609,11.69
2025091609,3.11
2025091609,3.15
2025091609,3.31
2025091610,3.07
2025091610,3.12
2025091610,2.83
2025091610,3.03
2025091611,9.12
2025091611,2.93
2025091611,2.85
2025091611,2.96
2025091612,5.74
2025091612,2.82
2025091612,1.4
2025091612,-0.0001
2025091613,2.85
2025091613,2.9
2025091613,2.46
2025091613,0.61
2025091614,0.83
2025091614,0.57
2025091614,10.98
2025091614,7.12
2025091615,16.06
2025091615,9.05
2025091615,4.7
2025091615,8.72
2025091616,24.84
2025091616,0.51
2025091616,0.0
2025091616,-0.0001
2025091617,-0.0001
2025091617,-0.0001
2025091617,-0.0001
2025091617,-0.0001
2025091618,-0.0001
2025091618,-0.0001
2025091618,-0.0001
2025091618,-0.0001
2025091619,-0.0001
2025091619,-0.0001
2025091619,-0.0001
2025091619,-0.0001
2025091620,-0.0001
2025091620,-0.0001
2025091620,-0.0001
2025091620,-0.0001
2025091621,-0.0001
2025091621,-0.0001
2025091621,-0.0001
2025091621,-0.0001
2025091622,-0.0001
2025091622,-0.0001
2025091622,-0.0001
2025091622,-0.0001
2025091623,-0.0001
2025091623,-0.0001
2025091623,-0.0001
2025091623,-0.0001
2025091700,0.0
2025091700,-0.0001
2025091700,-0.0001
2025091700,-0.0001
2025091701,-0.0001
2025091701,-0.0001
2025091701,-0.0001
2025091701,-0.0001
2025091702,-0.0001
2025091702,-0.0001
2025091702,-0.0001
2025091702,-0.0001
2025091703,-0.0001
2025091703,-0.0001
2025091703,-0.0001
2025091703,-0.0001
2025091704,-0.0001
2025091704,-0.0001
2025091704,-0.0001
2025091704,-0.0001
2025091705,1.66
2025091705,-0.0001
2025091705,-0.0001
2025091705,-0.0001
2025091706,0.02
2025091706,0.31
2025091706,0.73
2025091706,0.07
2025091707,40.87
2025091707,42.38
2025091707,91.81
2025091707,51.6
2025091708,122.64
2025091708,86.28
2025091708,29.71
2025091708,20.74
2025091709,53.47
2025091709,80.81
2025091709,65.26
2025091709,28.0
2025091710,7.0
2025091710,45.81
2025091710,74.97
2025091710,28.62
2025091711,20.63
2025091711,59.8
2025091711,119.78
2025091711,147.04
2025091712,30.39
2025091712,0.01
2025091712,0.0
2025091712,-0.0001
2025091713,5.81
2025091713,71.32
2025091713,94.08
2025091713,-0.0001
2025091714,13.5
2025091714,3.84
2025091714,45.52
2025091714,69.28
2025091715,12.09
2025091715,9.92
2025091715,15.15
2025091715,34.08
2025091716,15.18
2025091716,0.0
2025091716,-0.0001
2025091716,-0.0001
2025091717,-0.0001
2025091717,-0.0001
2025091717,-0.0001
2025091717,-0.0001
2025091718,-0.0001
2025091718,-0.0001
2025091718,-0.0001
2025091718,-0.0001
2025091719,-0.0001
2025091719,-0.0001
2025091719,-0.0001
2025091719,-0.0001
2025091720,-0.0001
2025091720,-0.0001
2025091720,-0.0001
2025091720,-0.0001
2025091721,-0.0001
2025091721,-0.0001
2025091721,-0.0001
2025091721,-0.0001
2025091722,-0.0001
2025091722,-0.0001
2025091722,-0.0001
2025091722,-0.0001
2025091723,-0.0001
2025091723,-0.0001
2025091723,-0.0001
2025091723,-0.0001
2025091800,0.0
2025091800,-0.0001
2025091800,-0.0001
2025091800,-0.0001
2025091801,-0.0001
2025091801,-0.0001
2025091801,-0.0001
2025091801,-0.0001
2025091802,-0.0001
2025091802,-0.0001
2025091802,-0.0001
2025091802,-0.0001
2025091803,-0.0001
2025091803,-0.0001
2025091803,-0.0001
2025091803,-0.0001
2025091804,-0.0001
2025091804,-0.0001
2025091804,-0.0001
2025091804,-0.0001
2025091805,0.65
2025091805,0.73
2025091805,3.36
2025091805,-0.0001
2025091806,5.53
2025091806,12.03
2025091806,17.5
2025091806,12.23
2025091807,7.8
2025091807,23.96
2025091807,20.44
2025091807,22.86
2025091808,84.02
2025091808,108.31
2025091808,13.36
2025091808,0.0
2025091809,10.65
2025091809,-0.0001
2025091809,-0.0001
2025091809,-0.0001
2025091810,126.17
2025091810,51.61
2025091810,3.07
2025091810,0.0
2025091811,-0.0001
2025091811,-0.0001
2025091811,-0.0001
2025091811,-0.0001
2025091812,-0.0001
2025091812,-0.0001
2025091812,-0.0001
2025091812,-0.0001
2025091813,-0.0001
2025091813,-0.0001
2025091813,-0.0001
2025091813,-0.0001
2025091814,-0.0001
2025091814,-0.0001
2025091814,-0.0001
2025091814,-0.0001
2025091815,3.02
2025091815,15.86
2025091815,-0.0001
2025091815,-0.0001
2025091816,4.9
2025091816,0.0
2025091816,-0.0001
2025091816,-0.0001
2025091817,-0.0001
2025091817,-0.0001
2025091817,-0.0001
2025091817,-0.0001
2025091818,-0.0001
2025091818,-0.0001
2025091818,-0.0001
2025091818,-0.0001
2025091819,-0.0001
2025091819,-0.0001
2025091819,-0.0001
2025091819,-0.0001
2025091820,-0.0001
2025091820,-0.0001
2025091820,-0.0001
2025091820,-0.0001
2025091821,-0.0001
2025091821,-0.0001
2025091821,-0.0001
2025091821,-0.0001
2025091822,-0.0001
2025091822,-0.0001
2025091822,-0.0001
2025091822,-0.0001
2025091823,-0.0001
2025091823,-0.0001
2025091823,-0.0001
2025091823,-0.0001
2025091900,0.0
2025091900,-0.0001
2025091900,-0.0001
2025091900,-0.0001
2025091901,-0.0001
2025091901,-0.0001
2025091901,-0.0001
2025091901,-0.0001
2025091902,-0.0001
2025091902,-0.0001
2025091902,-0.0001
2025091902,-0.0001
2025091903,-0.0001
2025091903,-0.0001
2025091903,-0.0001
2025091903,-0.0001
2025091904,-0.0001
2025091904,-0.0001
2025091904,-0.0001
2025091904,-0.0001
2025091905,-0.0001
2025091905,-0.0001
2025091905,-0.0001
2025091905,-0.0001
2025091906,-0.0001
2025091906,-0.0001
2025091906,-0.0001
2025091906,-0.0001
2025091907,5.67
2025091907,1.77
2025091907,5.55
2025091907,16.33
2025091908,9.81
2025091908,18.49
2025091908,29.37
2025091908,36.2
2025091909,63.43
2025091909,92.17
2025091909,110.68
2025091909,46.28
2025091910,1.64
2025091910,0.0
2025091910,-0.0001
2025091910,-0.0001
2025091911,0.73
2025091911,5.51
2025091911,-0.0001
2025091911,-0.0001
2025091912,0.68
2025091912,1.18
2025091912,0.58
2025091912,0.0
2025091913,-0.0001
2025091913,-0.0001
2025091913,-0.0001
2025091913,-0.0001
2025091914,0.8
2025091914,43.88
2025091914,76.11
2025091914,41.62
2025091915,2.61
2025091915,7.11
2025091915,16.13
2025091915,0.53
2025091916,0.0
2025091916,-0.0001
2025091916,-0.0001
2025091916,-0.0001
2025091917,-0.0001
2025091917,-0.0001
2025091917,-0.0001
2025091917,-0.0001
2025091918,-0.0001
2025091918,-0.0001
2025091918,-0.0001
2025091918,-0.0001
2025091919,-0.0001
2025091919,-0.0001
2025091919,-0.0001
2025091919,-0.0001
2025091920,-0.0001
2025091920,-0.0001
2025091920,-0.0001
2025091920,-0.0001
2025091921,-0.0001
2025091921,-0.0001
2025091921,-0.0001
2025091921,-0.0001
2025091922,-0.0001
2025091922,-0.0001
2025091922,-0.0001
2025091922,-0.0001
2025091923,-0.0001
2025091923,-0.0001
2025091923,-0.0001
2025091923,-0.0001
2025092000,0.0
2025092000,-0.0001
2025092000,-0.0001
2025092000,-0.0001
2025092001,-0.0001
2025092001,-0.0001
2025092001,-0.0001
2025092001,-0.0001
2025092002,-0.0001
2025092002,-0.0001
2025092002,-0.0001
2025092002,-0.0001
2025092003,-0.0001
2025092003,-0.0001
2025092003,-0.0001
2025092003,-0.0001
2025092004,-0.0001
2025092004,-0.0001
2025092004,-0.0001
2025092004,-0.0001
2025092005,-0.0001
2025092005,-0.0001
2025092005,-0.0001
2025092005,-0.0001
2025092006,3.76
2025092006,32.23
2025092006,7.11
2025092006,-0.0001
2025092007,0.0
2025092007,22.41
2025092007,10.83
2025092007,28.69
2025092008,7.15
2025092008,13.44
2025092008,24.3
2025092008,32.15
2025092009,22.07
2025092009,0.16
2025092009,0.0
2025092009,-0.0001
2025092010,1.36
2025092010,2.24
2025092010,0.11
2025092010,-0.0001
2025092011,0.0
2025092011,-0.0001
2025092011,-0.0001
2025092011,-0.0001
2025092012,-0.0001
2025092012,-0.0001
2025092012,-0.0001
2025092012,-0.0001
2025092013,8.78
2025092013,0.13
2025092013,10.43
2025092013,-0.0001
2025092014,2.62
2025092014,7.8
2025092014,1.97
2025092014,0.0
2025092015,-0.0001
2025092015,-0.0001
2025092015,-0.0001
2025092015,-0.0001
2025092016,-0.0001
2025092016,-0.0001
2025092016,-0.0001
2025092016,-0.0001
2025092017,-0.0001
2025092017,-0.0001
2025092017,-0.0001
2025092017,-0.0001
2025092018,-0.0001
2025092018,-0.0001
2025092018,-0.0001
2025092018,-0.0001
2025092019,-0.0001
2025092019,-0.0001
2025092019,-0.0001
2025092019,-0.0001
2025092020,-0.0001
2025092020,-0.0001
2025092020,-0.0001
2025092020,-0.0001
2025092021,-0.0001
2025092021,-0.0001
2025092021,-0.0001
2025092021,-0.0001
2025092022,-0.0001
2025092022,-0.0001
2025092022,-0.0001
2025092022,-0.0001
2025092023,-0.0001
2025092023,-0.0001
2025092023,-0.0001
2025092023,-0.0001
2025092100,0.0
2025092100,-0.0001
2025092100,-0.0001
2025092100,-0.0001
2025092101,-0.0001
2025092101,-0.0001
2025092101,-0.0001
2025092101,-0.0001
2025092102,-0.0001
2025092102,-0.0001
2025092102,-0.0001
2025092102,-0.0001
2025092103,-0.0001
2025092103,-0.0001
2025092103,-0.0001
2025092103,-0.0001
2025092104,-0.0001
2025092104,-0.0001
2025092104,-0.0001
2025092104,-0.0001
2025092105,-0.0001
2025092105,-0.0001
2025092105,-0.0001
2025092105,-0.0001
2025092106,0.46
2025092106,-0.0001
2025092106,-0.0001
2025092106,-0.0001
2025092107,6.35
2025092107,0.0
2025092107,-0.0001
2025092107,-0.0001
2025092108,4.25
2025092108,0.15
2025092108,0.0
2025092108,-0.0001
2025092109,-0.0001
2025092109,-0.0001
2025092109,-0.0001
2025092109,-0.0001
2025092110,1.66
2025092110,1.67
2025092110,-0.0001
2025092110,-0.0001
2025092111,0.0
2025092111,-0.0001
2025092111,-0.0001
2025092111,-0.0001
2025092112,3.06
2025092112,0.09
2025092112,-0.0001
2025092112,-0.0001
2025092113,0.01
2025092113,0.0
2025092113,-0.0001
2025092113,-0.0001
2025092114,-0.0001
2025092114,-0.0001
2025092114,-0.0001
2025092114,-0.0001
2025092115,2.98
2025092115,22.57
2025092115,-0.0001
2025092115,-0.0001
2025092116,5.98
2025092116,0.0
2025092116,-0.0001
2025092116,-0.0001
2025092117,-0.0001
2025092117,-0.0001
2025092117,-0.0001
2025092117,-0.0001
2025092118,-0.0001
2025092118,-0.0001
2025092118,-0.0001
2025092118,-0.0001
2025092119,-0.0001
2025092119,-0.0001
2025092119,-0.0001
2025092119,-0.0001
2025092120,-0.0001
2025092120,-0.0001
2025092120,-0.0001
2025092120,-0.0001
2025092121,-0.0001
2025092121,-0.0001
2025092121,-0.0001
2025092121,-0.0001
2025092122,-0.0001
2025092122,-0.0001
2025092122,-0.0001
2025092122,-0.0001
2025092123,-0.0001
2025092123,-0.0001
2025092123,-0.0001
2025092123,-0.0001
2025092200,0.0
2025092200,-0.0001
2025092200,-0.0001
2025092200,-0.0001
2025092201,-0.0001
2025092201,-0.0001
2025092201,-0.0001
2025092201,-0.0001
2025092202,-0.0001
2025092202,-0.0001
2025092202,-0.0001
2025092202,-0.0001
2025092203,-0.0001
2025092203,-0.0001
2025092203,-0.0001
2025092203,-0.0001
2025092204,-0.0001
2025092204,-0.0001
2025092204,-0.0001
2025092204,-0.0001
2025092205,-0.0001
2025092205,-0.0001
2025092205,-0.0001
2025092205,-0.0001
2025092206,0.2
2025092206,-0.0001
2025092206,-0.0001
2025092206,-0.0001
2025092207,8.41
2025092207,17.5
2025092207,7.54
2025092207,7.2
2025092208,28.55
2025092208,29.36
2025092208,114.34
2025092208,124.38
2025092209,128.13
2025092209,72.37
2025092209,83.78
2025092209,43.54
2025092210,104.19
2025092210,83.55
2025092210,64.97
2025092210,61.35
2025092211,55.79
2025092211,108.88
2025092211,93.48
2025092211,24.64
2025092212,101.06
2025092212,14.99
2025092212,3.59
2025092212,54.83
2025092213,115.12
2025092213,132.95
2025092213,93.01
2025092213,59.74
2025092214,3.49
2025092214,37.58
2025092214,65.95
2025092214,55.34
2025092215,14.17
2025092215,44.58
2025092215,18.5
2025092215,4.0
2025092216,0.0
2025092216,-0.0001
2025092216,-0.0001
2025092216,-0.0001
2025092217,-0.0001
2025092217,-0.0001
2025092217,-0.0001
2025092217,-0.0001
2025092218,-0.0001
2025092218,-0.0001
2025092218,-0.0001
2025092218,-0.0001
2025092219,-0.0001
2025092219,-0.0001
2025092219,-0.0001
2025092219,-0.0001
2025092220,-0.0001
2025092220,-0.0001
2025092220,-0.0001
2025092220,-0.0001
2025092221,-0.0001
2025092221,-0.0001
2025092221,-0.0001
2025092221,-0.0001
2025092222,-0.0001
2025092222,-0.0001
2025092222,-0.0001
2025092222,-0.0001
2025092223,-0.0001
2025092223,-0.0001
2025092223,-0.0001
2025092223,-0.0001
2025092300,0.0
2025092300,-0.0001
2025092300,-0.0001
2025092300,-0.0001
2025092301,-0.0001
2025092301,-0.0001
2025092301,-0.0001
2025092301,-0.0001
2025092302,-0.0001
2025092302,-0.0001
2025092302,-0.0001
2025092302,-0.0001
2025092303,-0.0001
2025092303,-0.0001
2025092303,-0.0001
2025092303,-0.0001
2025092304,-0.0001
2025092304,-0.0001
2025092304,-0.0001
2025092304,-0.0001
2025092305,-0.0001
2025092305,-0.0001
2025092305,-0.0001
2025092305,-0.0001
2025092306,0.01
2025092306,9.24
2025092306,20.47
2025092306,-0.0001
2025092307,47.82
2025092307,34.3
2025092307,27.25
2025092307,85.87
2025092308,108.93
2025092308,119.03
2025092308,128.06
2025092308,131.67
2025092309,139.22
2025092309,150.24
2025092309,156.93
2025092309,55.95
2025092310,148.54
2025092310,174.71
2025092310,177.09
2025092310,176.29
2025092311,180.24
2025092311,180.38
2025092311,179.92
2025092311,176.46
2025092312,171.9
2025092312,165.75
2025092312,160.79
2025092312,159.53
2025092313,149.54
2025092313,134.07
2025092313,135.97
2025092313,129.59
2025092314,119.04
2025092314,109.73
2025092314,93.05
2025092314,69.53
2025092315,65.98
2025092315,48.05
2025092315,35.64
2025092315,19.96
2025092316,4.17
2025092316,0.0
2025092316,-0.0001
2025092316,-0.0001
2025092317,-0.0001
2025092317,-0.0001
2025092317,-0.0001
2025092317,-0.0001
2025092318,-0.0001
2025092318,-0.0001
2025092318,-0.0001
2025092318,-0.0001
2025092319,-0.0001
2025092319,-0.0001
2025092319,-0.0001
2025092319,-0.0001
2025092320,-0.0001
2025092320,-0.0001
2025092320,-0.0001
2025092320,-0.0001
2025092321,-0.0001
2025092321,-0.0001
2025092321,-0.0001
2025092321,-0.0001
2025092322,-0.0001
2025092322,-0.0001
2025092322,-0.0001
2025092322,-0.0001
2025092323,-0.0001
2025092323,-0.0001
2025092323,-0.0001
2025092323,-0.0001
2025092400,0.0
2025092400,-0.0001
2025092400,-0.0001
2025092400,-0.0001
2025092401,-0.0001
2025092401,-0.0001
2025092401,-0.0001
2025092401,-0.0001
2025092402,-0.0001
2025092402,-0.0001
2025092402,-0.0001
2025092402,-0.0001
2025092403,-0.0001
2025092403,-0.0001
2025092403,-0.0001
2025092403,-0.0001
2025092404,-0.0001
2025092404,-0.0001
2025092404,-0.0001
2025092404,-0.0001
2025092405,-0.0001
2025092405,-0.0001
2025092405,-0.0001
2025092405,-0.0001
2025092406,0.2
2025092406,8.96
2025092406,22.26
2025092406,-0.0001
2025092407,36.45
2025092407,48.19
2025092407,62.35
2025092407,74.81
2025092408,81.75
2025092408,91.49
2025092408,95.73
2025092408,100.12
2025092409,120.79
2025092409,126.09
2025092409,127.47
2025092409,136.95
2025092410,134.41
2025092410,125.52
2025092410,128.87
2025092410,133.87
2025092411,138.33
2025092411,129.69
2025092411,33.22
2025092411,143.55
2025092412,61.25
2025092412,47.43
2025092412,47.68
2025092412,47.96
2025092413,119.97
2025092413,128.55
2025092413,124.21
2025092413,113.23
2025092414,102.66
2025092414,94.4
2025092414,84.06
2025092414,73.65
2025092415,57.48
2025092415,43.25
2025092415,29.04
2025092415,15.17
2025092416,9.65
2025092416,0.41
2025092416,0.0
2025092416,-0.0001
2025092417,-0.0001
2025092417,-0.0001
2025092417,-0.0001
2025092417,-0.0001
2025092418,-0.0001
2025092418,-0.0001
2025092418,-0.0001
2025092418,-0.0001
2025092419,-0.0001
2025092419,-0.0001
2025092419,-0.0001
2025092419,-0.0001
2025092420,-0.0001
2025092420,-0.0001
2025092420,-0.0001
2025092420,-0.0001
2025092421,-0.0001
2025092421,-0.0001
2025092421,-0.0001
2025092421,-0.0001
2025092422,-0.0001
2025092422,-0.0001
2025092422,-0.0001
2025092422,-0.0001
2025092423,-0.0001
2025092423,-0.0001
2025092423,-0.0001
2025092423,-0.0001
2025092500,0.0
2025092500,-0.0001
2025092500,-0.0001
2025092500,-0.0001
2025092501,-0.0001
2025092501,-0.0001
2025092501,-0.0001
2025092501,-0.0001
2025092502,-0.0001
2025092502,-0.0001
2025092502,-0.0001
2025092502,-0.0001
2025092503,-0.0001
2025092503,-0.0001
2025092503,-0.0001
2025092503,-0.0001
2025092504,-0.0001
2025092504,-0.0001
2025092504,-0.0001
2025092504,-0.0001
2025092505,-0.0001
2025092505,-0.0001
2025092505,-0.0001
2025092505,-0.0001
2025092506,1.09
2025092506,11.1
2025092506,23.44
2025092506,36.24
2025092507,49.71
2025092507,62.79
2025092507,75.63
2025092507,86.87
2025092508,94.07
2025092508,101.22
2025092508,105.19
2025092508,113.79
2025092509,119.08
2025092509,81.26
2025092509,49.34
2025092509,18.77
2025092510,3.62
2025092510,9.85
2025092510,22.03
2025092510,25.49
2025092511,64.89
2025092511,50.66
2025092511,24.71
2025092511,4.23
2025092512,33.19
2025092512,76.92
2025092512,73.03
2025092512,65.03
2025092513,54.29
2025092513,54.88
2025092513,68.29
2025092513,102.63
2025092514,18.55
2025092514,14.65
2025092514,62.25
2025092514,62.05
2025092515,16.37
2025092515,27.16
2025092515,23.31
2025092515,16.16
2025092516,3.58
2025092516,0.0
2025092516,-0.0001
2025092516,-0.0001
2025092517,-0.0001
2025092517,-0.0001
2025092517,-0.0001
2025092517,-0.0001
2025092518,-0.0001
2025092518,-0.0001
2025092518,-0.0001
2025092518,-0.0001
2025092519,-0.0001
2025092519,-0.0001
2025092519,-0.0001
2025092519,-0.0001
2025092520,-0.0001
2025092520,-0.0001
2025092520,-0.0001
2025092520,-0.0001
2025092521,-0.0001
2025092521,-0.0001
2025092521,-0.0001
2025092521,-0.0001
2025092522,-0.0001
2025092522,-0.0001
2025092522,-0.0001
2025092522,-0.0001
2025092523,-0.0001
2025092523,-0.0001
2025092523,-0.0001
2025092523,-0.0001
2025092600,0.0
2025092600,-0.0001
2025092600,-0.0001
2025092600,-0.0001
2025092601,-0.0001
2025092601,-0.0001
2025092601,-0.0001
2025092601,-0.0001
2025092602,-0.0001
2025092602,-0.0001
2025092602,-0.0001
2025092602,-0.0001
2025092603,-0.0001
2025092603,-0.0001
2025092603,-0.0001
2025092603,-0.0001
2025092604,-0.0001
2025092604,-0.0001
2025092604,-0.0001
2025092604,-0.0001
2025092605,-0.0001
2025092605,-0.0001
2025092605,-0.0001
2025092605,-0.0001
2025092606,20.09
2025092606,48.83
2025092606,-0.0001
2025092606,-0.0001
2025092607,46.82
2025092607,52.82
2025092607,65.63
2025092607,79.13
2025092608,89.48
2025092608,100.49
2025092608,103.65
2025092608,12.81
2025092609,0.0
2025092609,-0.0001
2025092609,-0.0001
2025092609,-0.0001
2025092610,-0.0001
2025092610,-0.0001
2025092610,-0.0001
2025092610,-0.0001
2025092611,-0.0001
2025092611,-0.0001
2025092611,-0.0001
2025092611,-0.0001
2025092612,-0.0001
2025092612,-0.0001
2025092612,-0.0001
2025092612,-0.0001
2025092613,-0.0001
2025092613,-0.0001
2025092613,-0.0001
2025092613,-0.0001
2025092614,-0.0001
2025092614,-0.0001
2025092614,-0.0001
2025092614,-0.0001
2025092615,-0.0001
2025092615,-0.0001
2025092615,-0.0001
2025092615,-0.0001
2025092616,1.79
2025092616,0.0
2025092616,-0.0001
2025092616,-0.0001
2025092617,-0.0001
2025092617,-0.0001
2025092617,-0.0001
2025092617,-0.0001
2025092618,-0.0001
2025092618,-0.0001
2025092618,-0.0001
2025092618,-0.0001
2025092619,-0.0001
2025092619,-0.0001
2025092619,-0.0001
2025092619,-0.0001
2025092620,-0.0001
2025092620,-0.0001
2025092620,-0.0001
2025092620,-0.0001
2025092621,-0.0001
2025092621,-0.0001
2025092621,-0.0001
2025092621,-0.0001
2025092622,-0.0001
2025092622,-0.0001
2025092622,-0.0001
2025092622,-0.0001
2025092623,-0.0001
2025092623,-0.0001
2025092623,-0.0001
2025092623,-0.0001
2025092700,0.0
2025092700,-0.0001
2025092700,-0.0001
2025092700,-0.0001
2025092701,-0.0001
2025092701,-0.0001
2025092701,-0.0001
2025092701,-0.0001
2025092702,-0.0001
2025092702,-0.0001
2025092702,-0.0001
2025092702,-0.0001
2025092703,-0.0001
2025092703,-0.0001
2025092703,-0.0001
2025092703,-0.0001
2025092704,-0.0001
2025092704,-0.0001
2025092704,-0.0001
2025092704,-0.0001
2025092705,0.02
2025092705,0.0
2025092705,-0.0001
2025092705,-0.0001
2025092706,-0.0001
2025092706,-0.0001
2025092706,-0.0001
2025092706,-0.0001
2025092707,0.01
2025092707,2.86
2025092707,20.48
2025092707,54.34
2025092708,58.95
2025092708,64.31
2025092708,62.44
2025092708,31.2
2025092709,14.81
2025092709,11.85
2025092709,11.75
2025092709,8.97
2025092710,4.76
2025092710,4.8
2025092710,4.92
2025092710,4.9
2025092711,2.29
2025092711,3.45
2025092711,3.79
2025092711,3.87
2025092712,3.39
2025092712,2.33
2025092712,2.35
2025092712,2.41
2025092713,2.93
2025092713,3.95
2025092713,3.08
2025092713,8.23
2025092714,36.3
2025092714,19.19
2025092714,21.28
2025092714,24.77
2025092715,29.21
2025092715,41.77
2025092715,16.76
2025092715,12.04
2025092716,1.23
2025092716,0.0
2025092716,-0.0001
2025092716,-0.0001
2025092717,-0.0001
2025092717,-0.0001
2025092717,-0.0001
2025092717,-0.0001
2025092718,-0.0001
2025092718,-0.0001
2025092718,-0.0001
2025092718,-0.0001
2025092719,-0.0001
2025092719,-0.0001
2025092719,-0.0001
2025092719,-0.0001
2025092720,-0.0001
2025092720,-0.0001
2025092720,-0.0001
2025092720,-0.0001
2025092721,-0.0001
2025092721,-0.0001
2025092721,-0.0001
2025092721,-0.0001
2025092722,-0.0001
2025092722,-0.0001
2025092722,-0.0001
2025092722,-0.0001
2025092723,-0.0001
2025092723,-0.0001
2025092723,-0.0001
2025092723,-0.0001
2025092800,0.0
2025092800,-0.0001
2025092800,-0.0001
2025092800,-0.0001
2025092801,-0.0001
2025092801,-0.0001
2025092801,-0.0001
2025092801,-0.0001
2025092802,-0.0001
2025092802,-0.0001
2025092802,-0.0001
2025092802,-0.0001
2025092803,-0.0001
2025092803,-0.0001
2025092803,-0.0001
2025092803,-0.0001
2025092804,-0.0001
2025092804,-0.0001
2025092804,-0.0001
2025092804,-0.0001
2025092805,1.1
2025092805,4.44
2025092805,-0.0001
2025092805,-0.0001
2025092806,6.44
2025092806,10.53
2025092806,13.41
2025092806,16.29
2025092807,30.16
2025092807,63.78
2025092807,86.35
2025092807,96.06
2025092808,104.95
2025092808,114.19
2025092808,122.97
2025092808,132.92
2025092809,138.64
2025092809,115.26
2025092809,144.87
2025092809,153.97
2025092810,158.06
2025092810,161.09
2025092810,166.71
2025092810,168.49
2025092811,169.65
2025092811,169.36
2025092811,160.43
2025092811,164.88
2025092812,85.62
2025092812,71.27
2025092812,71.29
2025092812,71.28
2025092813,130.84
2025092813,139.55
2025092813,132.87
2025092813,122.92
2025092814,113.63
2025092814,103.82
2025092814,89.08
2025092814,80.24
2025092815,69.46
2025092815,55.74
2025092815,41.52
2025092815,28.96
2025092816,19.02
2025092816,11.77
2025092816,6.9
2025092816,1.64
2025092817,0.0
2025092817,-0.0001
2025092817,-0.0001
2025092817,-0.0001
2025092818,-0.0001
2025092818,-0.0001
2025092818,-0.0001
2025092818,-0.0001
2025092819,-0.0001
2025092819,-0.0001
2025092819,-0.0001
2025092819,-0.0001
2025092820,-0.0001
2025092820,-0.0001
2025092820,-0.0001
2025092820,-0.0001
2025092821,-0.0001
2025092821,-0.0001
2025092821,-0.0001
2025092821,-0.0001
2025092822,-0.0001
2025092822,-0.0001
2025092822,-0.0001
2025092822,-0.0001
2025092823,-0.0001
2025092823,-0.0001
2025092823,-0.0001
2025092823,-0.0001
2025092900,0.0
2025092900,-0.0001
2025092900,-0.0001
2025092900,-0.0001
2025092901,-0.0001
2025092901,-0.0001
2025092901,-0.0001
2025092901,-0.0001
2025092902,-0.0001
2025092902,-0.0001
2025092902,-0.0001
2025092902,-0.0001
2025092903,-0.0001
2025092903,-0.0001
2025092903,-0.0001
2025092903,-0.0001
2025092904,-0.0001
2025092904,-0.0001
2025092904,-0.0001
2025092904,-0.0001
2025092905,0.92
2025092905,5.45
2025092905,-0.0001
2025092905,-0.0001
2025092906,13.37
2025092906,23.83
2025092906,35.41
2025092906,47.76
2025092907,60.77
2025092907,73.66
2025092907,85.75
2025092907,97.28
2025092908,107.7
2025092908,117.05
2025092908,125.74
2025092908,133.77
2025092909,141.15
2025092909,149.69
2025092909,161.44
2025092909,159.54
2025092910,130.05
2025092910,146.83
2025092910,131.55
2025092910,136.77
2025092911,174.28
2025092911,163.13
2025092911,168.94
2025092911,165.4
2025092912,159.99
2025092912,154.19
2025092912,142.02
2025092912,96.08
2025092913,94.18
2025092913,131.69
2025092913,135.32
2025092913,115.2
2025092914,86.87
2025092914,70.87
2025092914,86.03
2025092914,80.85
2025092915,78.21
2025092915,55.89
2025092915,52.77
2025092915,44.9
2025092916,35.42
2025092916,19.62
2025092916,8.72
2025092916,3.0
2025092917,0.0
2025092917,-0.0001
2025092917,-0.0001
2025092917,-0.0001
2025092918,-0.0001
2025092918,-0.0001
2025092918,-0.0001
2025092918,-0.0001
2025092919,-0.0001
2025092919,-0.0001
2025092919,-0.0001
2025092919,-0.0001
2025092920,-0.0001
2025092920,-0.0001
2025092920,-0.0001
2025092920,-0.0001
2025092921,-0.0001
2025092921,-0.0001
2025092921,-0.0001
2025092921,-0.0001
2025092922,-0.0001
2025092922,-0.0001
2025092922,-0.0001
2025092922,-0.0001
2025092923,-0.0001
2025092923,-0.0001
2025092923,-0.0001
2025092923,-0.0001
2025093000,0.0
2025093000,-0.0001
2025093000,-0.0001
2025093000,-0.0001
2025093001,-0.0001
2025093001,-0.0001
2025093001,-0.0001
2025093001,-0.0001
2025093002,-0.0001
2025093002,-0.0001
2025093002,-0.0001
2025093002,-0.0001
2025093003,-0.0001
2025093003,-0.0001
2025093003,-0.0001
2025093003,-0.0001
2025093004,-0.0001
2025093004,-0.0001
2025093004,-0.0001
2025093004,-0.0001
2025093005,1.52
2025093005,-0.0001
2025093005,-0.0001
2025093005,-0.0001
2025093006,4.94
2025093006,7.45
2025093006,10.49
2025093006,14.75
2025093007,18.09
2025093007,24.04
2025093007,31.31
2025093007,35.9
2025093008,37.7
2025093008,41.94
2025093008,49.12
2025093008,44.84
2025093009,40.21
2025093009,39.45
2025093009,37.6
2025093009,44.65
2025093010,51.73
2025093010,64.42
2025093010,78.89
2025093010,91.4
2025093011,94.85
2025093011,87.61
2025093011,98.7
2025093011,74.37
2025093012,32.69
2025093012,30.35
2025093012,29.84
2025093012,34.88
2025093013,42.34
2025093013,48.93
2025093013,50.77
2025093013,48.38
2025093014,57.54
2025093014,75.63
2025093014,56.77
2025093014,41.2
2025093015,20.75
2025093015,12.88
2025093015,9.88
2025093015,8.42
2025093016,6.06
2025093016,4.41
2025093016,0.83
2025093016,0.0
2025093017,-0.0001
2025093017,-0.0001
2025093017,-0.0001
2025093017,-0.0001
2025093018,-0.0001
2025093018,-0.0001
2025093018,-0.0001
2025093018,-0.0001
2025093019,-0.0001
2025093019,-0.0001
2025093019,-0.0001
2025093019,-0.0001
2025093020,-0.0001
2025093020,-0.0001
2025093020,-0.0001
2025093020,-0.0001
2025093021,-0.0001
2025093021,-0.0001
2025093021,-0.0001
2025093021,-0.0001
2025093022,-0.0001
2025093022,-0.0001
2025093022,-0.0001
2025093022,-0.0001
2025093023,-0.0001
2025093023,-0.0001
2025093023,-0.0001
2025093023,-0.0001
2025100100,0.0
2025100100,-0.0001
2025100100,-0.0001
2025100100,-0.0001
2025100101,-0.0001
2025100101,-0.0001
2025100101,-0.0001
2025100101,-0.0001
2025100102,-0.0001
2025100102,-0.0001
2025100102,-0.0001
2025100102,-0.0001
2025100103,-0.0001
2025100103,-0.0001
2025100103,-0.0001
2025100103,-0.0001
2025100104,-0.0001
2025100104,-0.0001
2025100104,-0.0001
2025100104,-0.0001
2025100105,0.24
2025100105,2.4
2025100105,-0.0001
2025100105,-0.0001
2025100106,3.45
2025100106,5.79
2025100106,11.89
2025100106,33.57
2025100107,52.1
2025100107,65.66
2025100107,87.95
2025100107,64.99
2025100108,57.02
2025100108,56.98
2025100108,103.61
2025100108,129.66
2025100109,137.28
2025100109,148.72
2025100109,153.83
2025100109,157.87
2025100110,153.8
2025100110,140.87
2025100110,140.06
2025100110,140.01
2025100111,148.09
2025100111,157.67
2025100111,162.23
2025100111,171.76
2025100112,160.66
2025100112,144.81
2025100112,158.32
2025100112,111.02
2025100113,131.2
2025100113,87.81
2025100113,60.25
2025100113,79.42
2025100114,100.14
2025100114,52.68
2025100114,40.58
2025100114,71.2
2025100115,57.0
2025100115,52.81
2025100115,39.98
2025100115,24.41
2025100116,15.35
2025100116,5.47
2025100116,0.01
2025100116,0.0
2025100117,-0.0001
2025100117,-0.0001
2025100117,-0.0001
2025100117,-0.0001
2025100118,-0.0001
2025100118,-0.0001
2025100118,-0.0001
2025100118,-0.0001
2025100119,-0.0001
2025100119,-0.0001
2025100119,-0.0001
2025100119,-0.0001
2025100120,-0.0001
2025100120,-0.0001
2025100120,-0.0001
2025100120,-0.0001
2025100121,-0.0001
2025100121,-0.0001
2025100121,-0.0001
2025100121,-0.0001
2025100122,-0.0001
2025100122,-0.0001
2025100122,-0.0001
2025100122,-0.0001
2025100123,-0.0001
2025100123,-0.0001
2025100123,-0.0001
2025100123,-0.0001
2025100200,0.0
2025100200,-0.0001
2025100200,-0.0001
2025100200,-0.0001
2025100201,-0.0001
2025100201,-0.0001
2025100201,-0.0001
2025100201,-0.0001
2025100202,-0.0001
2025100202,-0.0001
2025100202,-0.0001
2025100202,-0.0001
2025100203,-0.0001
2025100203,-0.0001
2025100203,-0.0001
2025100203,-0.0001
2025100204,-0.0001
2025100204,-0.0001
2025100204,-0.0001
2025100204,-0.0001
2025100205,-0.0001
2025100205,-0.0001
2025100205,-0.0001
2025100205,-0.0001
2025100206,1.51
2025100206,-0.0001
2025100206,-0.0001
2025100206,-0.0001
2025100207,29.64
2025100207,33.35
2025100207,29.08
2025100207,40.73
2025100208,52.22
2025100208,73.16
2025100208,98.49
2025100208,102.14
2025100209,108.8
2025100209,118.67
2025100209,125.57
2025100209,126.69
2025100210,120.53
2025100210,56.58
2025100210,70.54
2025100210,103.19
2025100211,30.81
2025100211,6.9
2025100211,108.42
2025100211,117.29
2025100212,16.75
2025100212,94.51
2025100212,118.85
2025100212,118.79
2025100213,93.05
2025100213,81.84
2025100213,89.13
2025100213,80.14
2025100214,61.12
2025100214,58.18
2025100214,56.39
2025100214,46.78
2025100215,30.95
2025100215,19.79
2025100215,9.11
2025100215,0.18
2025100216,0.0
2025100216,-0.0001
2025100216,-0.0001
2025100216,-0.0001
2025100217,-0.0001
2025100217,-0.0001
2025100217,-0.0001
2025100217,-0.0001
2025100218,-0.0001
2025100218,-0.0001
2025100218,-0.0001
2025100218,-0.0001
2025100219,-0.0001
2025100219,-0.0001
2025100219,-0.0001
2025100219,-0.0001
2025100220,-0.0001
2025100220,-0.0001
2025100220,-0.0001
2025100220,-0.0001
2025100221,-0.0001
2025100221,-0.0001
2025100221,-0.0001
2025100221,-0.0001
2025100222,-0.0001
2025100222,-0.0001
2025100222,-0.0001
2025100222,-0.0001
2025100223,-0.0001
2025100223,-0.0001
2025100223,-0.0001
2025100223,-0.0001
2025100300,0.0
2025100300,-0.0001
2025100300,-0.0001
2025100300,-0.0001
2025100301,-0.0001
2025100301,-0.0001
2025100301,-0.0001
2025100301,-0.0001
2025100302,-0.0001
2025100302,-0.0001
2025100302,-0.0001
2025100302,-0.0001
2025100303,-0.0001
2025100303,-0.0001
2025100303,-0.0001
2025100303,-0.0001
2025100304,-0.0001
2025100304,-0.0001
2025100304,-0.0001
2025100304,-0.0001
2025100305,-0.0001
2025100305,-0.0001
2025100305,-0.0001
2025100305,-0.0001
2025100306,3.68
2025100306,8.67
2025100306,11.81
2025100306,19.31
2025100307,40.98
2025100307,69.93
2025100307,80.29
2025100307,95.14
2025100308,76.52
2025100308,72.02
2025100308,79.93
2025100308,106.37
2025100309,91.27
2025100309,116.65
2025100309,118.23
2025100309,47.12
2025100310,122.04
2025100310,100.15
2025100310,36.82
2025100310,50.13
2025100311,113.33
2025100311,40.79
2025100311,33.4
2025100311,72.63
2025100312,34.43
2025100312,33.49
2025100312,66.95
2025100312,67.52
2025100313,67.55
2025100313,35.54
2025100313,31.18
2025100313,52.55
2025100314,62.68
2025100314,30.16
2025100314,22.63
2025100314,25.6
2025100315,22.0
2025100315,12.99
2025100315,9.46
2025100315,4.02
2025100316,0.1
2025100316,0.0
2025100316,-0.0001
2025100316,-0.0001
2025100317,-0.0001
2025100317,-0.0001
2025100317,-0.0001
2025100317,-0.0001
2025100318,-0.0001
2025100318,-0.0001
2025100318,-0.0001
2025100318,-0.0001
2025100319,-0.0001
2025100319,-0.0001
2025100319,-0.0001
2025100319,-0.0001
2025100320,-0.0001
2025100320,-0.0001
2025100320,-0.0001
2025100320,-0.0001
2025100321,-0.0001
2025100321,-0.0001
2025100321,-0.0001
2025100321,-0.0001
2025100322,-0.0001
2025100322,-0.0001
2025100322,-0.0001
2025100322,-0.0001
2025100323,-0.0001
2025100323,-0.0001
2025100323,-0.0001
2025100323,-0.0001
2025100400,0.0
2025100400,-0.0001
2025100400,-0.0001
2025100400,-0.0001
2025100401,-0.0001
2025100401,-0.0001
2025100401,-0.0001
2025100401,-0.0001
2025100402,-0.0001
2025100402,-0.0001
2025100402,-0.0001
2025100402,-0.0001
2025100403,-0.0001
2025100403,-0.0001
2025100403,-0.0001
2025100403,-0.0001
2025100404,-0.0001
2025100404,-0.0001
2025100404,-0.0001
2025100404,-0.0001
2025100405,-0.0001
2025100405,-0.0001
2025100405,-0.0001
2025100405,-0.0001
2025100406,-0.0001
2025100406,-0.0001
2025100406,-0.0001
2025100406,-0.0001
2025100407,-0.0001
2025100407,-0.0001
2025100407,-0.0001
2025100407,-0.0001
2025100408,-0.0001
2025100408,-0.0001
2025100408,-0.0001
2025100408,-0.0001
2025100409,-0.0001
2025100409,-0.0001
2025100409,-0.0001
2025100409,-0.0001
2025100410,-0.0001
2025100410,-0.0001
2025100410,-0.0001
2025100410,-0.0001
2025100411,-0.0001
2025100411,-0.0001
2025100411,-0.0001
2025100411,-0.0001
2025100412,-0.0001
2025100412,-0.0001
2025100412,-0.0001
2025100412,-0.0001
2025100413,-0.0001
2025100413,-0.0001
2025100413,-0.0001
2025100413,-0.0001
2025100414,-0.0001
2025100414,-0.0001
2025100414,-0.0001
2025100414,-0.0001
2025100415,-0.0001
2025100415,-0.0001
2025100415,-0.0001
2025100415,-0.0001
2025100416,-0.0001
2025100416,-0.0001
2025100416,-0.0001
2025100416,-0.0001
2025100417,-0.0001
2025100417,-0.0001
2025100417,-0.0001
2025100417,-0.0001
2025100418,-0.0001
2025100418,-0.0001
2025100418,-0.0001
2025100418,-0.0001
2025100419,-0.0001
2025100419,-0.0001
2025100419,-0.0001
2025100419,-0.0001
2025100420,-0.0001
2025100420,-0.0001
2025100420,-0.0001
2025100420,-0.0001
2025100421,-0.0001
2025100421,-0.0001
2025100421,-0.0001
2025100421,-0.0001
2025100422,-0.0001
2025100422,-0.0001
2025100422,-0.0001
2025100422,-0.0001
2025100423,-0.0001
2025100423,-0.0001
2025100423,-0.0001
2025100423,-0.0001
2025100500,0.0
2025100500,-0.0001
2025100500,-0.0001
2025100500,-0.0001
2025100501,-0.0001
2025100501,-0.0001
2025100501,-0.0001
2025100501,-0.0001
2025100502,-0.0001
2025100502,-0.0001
2025100502,-0.0001
2025100502,-0.0001
2025100503,-0.0001
2025100503,-0.0001
2025100503,-0.0001
2025100503,-0.0001
2025100504,-0.0001
2025100504,-0.0001
2025100504,-0.0001
2025100504,-0.0001
2025100505,-0.0001
2025100505,-0.0001
2025100505,-0.0001
2025100505,-0.0001
2025100506,-0.0001
2025100506,-0.0001
2025100506,-0.0001
2025100506,-0.0001
2025100507,0.8
2025100507,-0.0001
2025100507,-0.0001
2025100507,-0.0001
2025100508,15.49
2025100508,1.81
2025100508,0.0
2025100508,-0.0001
2025100509,-0.0001
2025100509,-0.0001
2025100509,-0.0001
2025100509,-0.0001
2025100510,-0.0001
2025100510,-0.0001
2025100510,-0.0001
2025100510,-0.0001
2025100511,-0.0001
2025100511,-0.0001
2025100511,-0.0001
2025100511,-0.0001
2025100512,-0.0001
2025100512,-0.0001
2025100512,-0.0001
2025100512,-0.0001
2025100513,-0.0001
2025100513,-0.0001
2025100513,-0.0001
2025100513,-0.0001
2025100514,-0.0001
2025100514,-0.0001
2025100514,-0.0001
2025100514,-0.0001
2025100515,9.38
2025100515,14.18
2025100515,-0.0001
2025100515,-0.0001
2025100516,0.32
2025100516,0.0
2025100516,-0.0001
2025100516,-0.0001
2025100517,-0.0001
2025100517,-0.0001
2025100517,-0.0001
2025100517,-0.0001
2025100518,-0.0001
2025100518,-0.0001
2025100518,-0.0001
2025100518,-0.0001
2025100519,-0.0001
2025100519,-0.0001
2025100519,-0.0001
2025100519,-0.0001
2025100520,-0.0001
2025100520,-0.0001
2025100520,-0.0001
2025100520,-0.0001
2025100521,-0.0001
2025100521,-0.0001
2025100521,-0.0001
2025100521,-0.0001
2025100522,-0.0001
2025100522,-0.0001
2025100522,-0.0001
2025100522,-0.0001
2025100523,-0.0001
2025100523,-0.0001
2025100523,-0.0001
2025100523,-0.0001
2025100600,0.0
2025100600,-0.0001
2025100600,-0.0001
2025100600,-0.0001
2025100601,-0.0001
2025100601,-0.0001
2025100601,-0.0001
2025100601,-0.0001
2025100602,-0.0001
2025100602,-0.0001
2025100602,-0.0001
2025100602,-0.0001
2025100603,-0.0001
2025100603,-0.0001
2025100603,-0.0001
2025100603,-0.0001
2025100604,-0.0001
2025100604,-0.0001
2025100604,-0.0001
2025100604,-0.0001
2025100605,0.01
2025100605,3.82
2025100605,-0.0001
2025100605,-0.0001
2025100606,6.02
2025100606,8.13
2025100606,11.03
2025100606,15.43
2025100607,42.96
2025100607,71.07
2025100607,72.03
2025100607,90.92
2025100608,104.1
2025100608,104.49
2025100608,95.03
2025100608,129.86
2025100609,100.98
2025100609,116.08
2025100609,149.27
2025100609,153.3
2025100610,154.4
2025100610,107.28
2025100610,148.77
2025100610,121.38
2025100611,127.06
2025100611,54.74
2025100611,41.21
2025100611,57.84
2025100612,68.4
2025100612,36.27
2025100612,56.45
2025100612,37.68
2025100613,32.33
2025100613,27.19
2025100613,89.99
2025100613,63.22
2025100614,60.65
2025100614,27.18
2025100614,20.11
2025100614,14.55
2025100615,9.99
2025100615,9.57
2025100615,10.13
2025100615,6.44
2025100616,4.91
2025100616,5.0
2025100616,1.16
2025100616,0.0
2025100617,-0.0001
2025100617,-0.0001
2025100617,-0.0001
2025100617,-0.0001
2025100618,-0.0001
2025100618,-0.0001
2025100618,-0.0001
2025100618,-0.0001
2025100619,-0.0001
2025100619,-0.0001
2025100619,-0.0001
2025100619,-0.0001
2025100620,-0.0001
2025100620,-0.0001
2025100620,-0.0001
2025100620,-0.0001
2025100621,-0.0001
2025100621,-0.0001
2025100621,-0.0001
2025100621,-0.0001
2025100622,-0.0001
2025100622,-0.0001
2025100622,-0.0001
2025100622,-0.0001
2025100623,-0.0001
2025100623,-0.0001
2025100623,-0.0001
2025100623,-0.0001
2025100700,0.0
2025100700,-0.0001
2025100700,-0.0001
2025100700,-0.0001
2025100701,-0.0001
2025100701,-0.0001
2025100701,-0.0001
2025100701,-0.0001
2025100702,-0.0001
2025100702,-0.0001
2025100702,-0.0001
2025100702,-0.0001
2025100703,-0.0001
2025100703,-0.0001
2025100703,-0.0001
2025100703,-0.0001
2025100704,-0.0001
2025100704,-0.0001
2025100704,-0.0001
2025100704,-0.0001
2025100705,-0.0001
2025100705,-0.0001
2025100705,-0.0001
2025100705,-0.0001
2025100706,0.88
2025100706,4.52
2025100706,7.07
2025100706,-0.0001
2025100707,4.66
2025100707,3.3
2025100707,4.69
2025100707,5.78
2025100708,5.75
2025100708,5.81
2025100708,4.13
2025100708,7.48
2025100709,1.8
2025100709,6.61
2025100709,9.99
2025100709,13.78
2025100710,19.58
2025100710,22.24
2025100710,18.23
2025100710,32.0
2025100711,33.23
2025100711,14.25
2025100711,12.4
2025100711,10.93
2025100712,14.5
2025100712,24.98
2025100712,38.3
2025100712,42.85
2025100713,24.85
2025100713,23.71
2025100713,18.98
2025100713,16.54
2025100714,15.11
2025100714,10.13
2025100714,14.57
2025100714,10.01
2025100715,1.48
2025100715,0.0
2025100715,-0.0001
2025100715,-0.0001
2025100716,-0.0001
2025100716,-0.0001
2025100716,-0.0001
2025100716,-0.0001
2025100717,-0.0001
2025100717,-0.0001
2025100717,-0.0001
2025100717,-0.0001
2025100718,-0.0001
2025100718,-0.0001
2025100718,-0.0001
2025100718,-0.0001
2025100719,-0.0001
2025100719,-0.0001
2025100719,-0.0001
2025100719,-0.0001
2025100720,-0.0001
2025100720,-0.0001
2025100720,-0.0001
2025100720,-0.0001
2025100721,-0.0001
2025100721,-0.0001
2025100721,-0.0001
2025100721,-0.0001
2025100722,-0.0001
2025100722,-0.0001
2025100722,-0.0001
2025100722,-0.0001
2025100723,-0.0001
2025100723,-0.0001
2025100723,-0.0001
2025100723,-0.0001
2025100800,0.0
2025100800,-0.0001
2025100800,-0.0001
2025100800,-0.0001
2025100801,-0.0001
2025100801,-0.0001
2025100801,-0.0001
2025100801,-0.0001
2025100802,-0.0001
2025100802,-0.0001
2025100802,-0.0001
2025100802,-0.0001
2025100803,-0.0001
2025100803,-0.0001
2025100803,-0.0001
2025100803,-0.0001
2025100804,-0.0001
2025100804,-0.0001
2025100804,-0.0001
2025100804,-0.0001
2025100805,-0.0001
2025100805,-0.0001
2025100805,-0.0001
2025100805,-0.0001
2025100806,2.21
2025100806,-0.0001
2025100806,-0.0001
2025100806,-0.0001
2025100807,11.13
2025100807,8.89
2025100807,15.11
2025100807,25.47
2025100808,24.97
2025100808,26.35
2025100808,27.45
2025100808,27.51
2025100809,33.94
2025100809,24.28
2025100809,31.82
2025100809,60.62
2025100810,72.68
2025100810,142.0
2025100810,105.97
2025100810,126.88
2025100811,138.99
2025100811,80.45
2025100811,122.19
2025100811,39.58
2025100812,17.64
2025100812,31.69
2025100812,39.7
2025100812,14.53
2025100813,45.41
2025100813,51.3
2025100813,23.23
2025100813,40.41
2025100814,23.58
2025100814,14.83
2025100814,17.79
2025100814,6.93
2025100815,0.52
2025100815,0.0
2025100815,-0.0001
2025100815,-0.0001
2025100816,-0.0001
2025100816,-0.0001
2025100816,-0.0001
2025100816,-0.0001
2025100817,-0.0001
2025100817,-0.0001
2025100817,-0.0001
2025100817,-0.0001
2025100818,-0.0001
2025100818,-0.0001
2025100818,-0.0001
2025100818,-0.0001
2025100819,-0.0001
2025100819,-0.0001
2025100819,-0.0001
2025100819,-0.0001
2025100820,-0.0001
2025100820,-0.0001
2025100820,-0.0001
2025100820,-0.0001
2025100821,-0.0001
2025100821,-0.0001
2025100821,-0.0001
2025100821,-0.0001
2025100822,-0.0001
2025100822,-0.0001
2025100822,-0.0001
2025100822,-0.0001
2025100823,-0.0001
2025100823,-0.0001
2025100823,-0.0001
2025100823,-0.0001
2025100900,0.0
2025100900,-0.0001
2025100900,-0.0001
2025100900,-0.0001
2025100901,-0.0001
2025100901,-0.0001
2025100901,-0.0001
2025100901,-0.0001
2025100902,-0.0001
2025100902,-0.0001
2025100902,-0.0001
2025100902,-0.0001
2025100903,-0.0001
2025100903,-0.0001
2025100903,-0.0001
2025100903,-0.0001
2025100904,-0.0001
2025100904,-0.0001
2025100904,-0.0001
2025100904,-0.0001
2025100905,-0.0001
2025100905,-0.0001
2025100905,-0.0001
2025100905,-0.0001
2025100906,3.61
2025100906,18.19
2025100906,15.25
2025100906,-0.0001
2025100907,0.76
2025100907,23.93
2025100907,37.25
2025100907,27.24
2025100908,49.51
2025100908,36.56
2025100908,6.81
2025100908,12.73
2025100909,104.97
2025100909,92.51
2025100909,50.64
2025100909,28.9
2025100910,46.76
2025100910,96.47
2025100910,61.48
2025100910,82.66
2025100911,63.92
2025100911,73.84
2025100911,40.84
2025100911,22.59
2025100912,28.12
2025100912,30.74
2025100912,27.62
2025100912,28.48
2025100913,24.63
2025100913,21.68
2025100913,15.45
2025100913,17.1
2025100914,27.66
2025100914,16.81
2025100914,13.43
2025100914,9.7
2025100915,9.81
2025100915,6.56
2025100915,7.26
2025100915,1.22
2025100916,0.0
2025100916,-0.0001
2025100916,-0.0001
2025100916,-0.0001
2025100917,-0.0001
2025100917,-0.0001
2025100917,-0.0001
2025100917,-0.0001
2025100918,-0.0001
2025100918,-0.0001
2025100918,-0.0001
2025100918,-0.0001
2025100919,-0.0001
2025100919,-0.0001
2025100919,-0.0001
2025100919,-0.0001
2025100920,-0.0001
2025100920,-0.0001
2025100920,-0.0001
2025100920,-0.0001
2025100921,-0.0001
2025100921,-0.0001
2025100921,-0.0001
2025100921,-0.0001
2025100922,-0.0001
2025100922,-0.0001
2025100922,-0.0001
2025100922,-0.0001
2025100923,-0.0001
2025100923,-0.0001
2025100923,-0.0001
2025100923,-0.0001
2025101000,0.0
2025101000,-0.0001
2025101000,-0.0001
2025101000,-0.0001
2025101001,-0.0001
2025101001,-0.0001
2025101001,-0.0001
2025101001,-0.0001
2025101002,-0.0001
2025101002,-0.0001
2025101002,-0.0001
2025101002,-0.0001
2025101003,-0.0001
2025101003,-0.0001
2025101003,-0.0001
2025101003,-0.0001
2025101004,-0.0001
2025101004,-0.0001
2025101004,-0.0001
2025101004,-0.0001
2025101005,-0.0001
2025101005,-0.0001
2025101005,-0.0001
2025101005,-0.0001
2025101006,1.0
2025101006,5.95
2025101006,8.33
2025101006,20.6
2025101007,24.72
2025101007,36.63
2025101007,63.37
2025101007,63.28
2025101008,57.08
2025101008,63.05
2025101008,24.77
2025101008,37.52
2025101009,51.93
2025101009,39.03
2025101009,38.83
2025101009,26.93
2025101010,21.28
2025101010,24.44
2025101010,20.07
2025101010,33.63
2025101011,29.45
2025101011,23.67
2025101011,16.87
2025101011,21.51
2025101012,24.56
2025101012,21.85
2025101012,22.03
2025101012,18.95
2025101013,18.17
2025101013,10.91
2025101013,13.2
2025101013,13.07
2025101014,6.72
2025101014,6.56
2025101014,11.64
2025101014,10.85
2025101015,15.25
2025101015,14.3
2025101015,8.11
2025101015,1.71
2025101016,3.37
2025101016,0.03
2025101016,0.0
2025101016,-0.0001
2025101017,-0.0001
2025101017,-0.0001
2025101017,-0.0001
2025101017,-0.0001
2025101018,-0.0001
2025101018,-0.0001
2025101018,-0.0001
2025101018,-0.0001
2025101019,-0.0001
2025101019,-0.0001
2025101019,-0.0001
2025101019,-0.0001
2025101020,-0.0001
2025101020,-0.0001
2025101020,-0.0001
2025101020,-0.0001
2025101021,-0.0001
2025101021,-0.0001
2025101021,-0.0001
2025101021,-0.0001
2025101022,-0.0001
2025101022,-0.0001
2025101022,-0.0001
2025101022,-0.0001
2025101023,-0.0001
2025101023,-0.0001
2025101023,-0.0001
2025101023,-0.0001
2025101100,0.0
2025101100,-0.0001
2025101100,-0.0001
2025101100,-0.0001
2025101101,-0.0001
2025101101,-0.0001
2025101101,-0.0001
2025101101,-0.0001
2025101102,-0.0001
2025101102,-0.0001
2025101102,-0.0001
2025101102,-0.0001
2025101103,-0.0001
2025101103,-0.0001
2025101103,-0.0001
2025101103,-0.0001
2025101104,-0.0001
2025101104,-0.0001
2025101104,-0.0001
2025101104,-0.0001
2025101105,-0.0001
2025101105,-0.0001
2025101105,-0.0001
2025101105,-0.0001
2025101106,0.01
2025101106,3.11
2025101106,6.59
2025101106,10.95
2025101107,11.12
2025101107,13.72
2025101107,17.8
2025101107,26.12
2025101108,35.63
2025101108,40.12
2025101108,57.99
2025101108,53.41
2025101109,62.75
2025101109,67.77
2025101109,89.78
2025101109,87.86
2025101110,89.28
2025101110,87.02
2025101110,96.44
2025101110,100.0
2025101111,108.3
2025101111,95.19
2025101111,107.38
2025101111,92.01
2025101112,77.54
2025101112,73.03
2025101112,80.76
2025101112,64.58
2025101113,53.41
2025101113,32.24
2025101113,82.93
2025101113,97.97
2025101114,53.41
2025101114,46.7
2025101114,19.91
2025101114,26.99
2025101115,17.32
2025101115,18.87
2025101115,9.21
2025101115,9.06
2025101116,2.65
2025101116,0.65
2025101116,0.0
2025101116,-0.0001
2025101117,-0.0001
2025101117,-0.0001
2025101117,-0.0001
2025101117,-0.0001
2025101118,-0.0001
2025101118,-0.0001
2025101118,-0.0001
2025101118,-0.0001
2025101119,-0.0001
2025101119,-0.0001
2025101119,-0.0001
2025101119,-0.0001
2025101120,-0.0001
2025101120,-0.0001
2025101120,-0.0001
2025101120,-0.0001
2025101121,-0.0001
2025101121,-0.0001
2025101121,-0.0001
2025101121,-0.0001
2025101122,-0.0001
2025101122,-0.0001
2025101122,-0.0001
2025101122,-0.0001
2025101123,-0.0001
2025101123,-0.0001
2025101123,-0.0001
2025101123,-0.0001
2025101200,0.0
2025101200,-0.0001
2025101200,-0.0001
2025101200,-0.0001
2025101201,-0.0001
2025101201,-0.0001
2025101201,-0.0001
2025101201,-0.0001
2025101202,-0.0001
2025101202,-0.0001
2025101202,-0.0001
2025101202,-0.0001
2025101203,-0.0001
2025101203,-0.0001
2025101203,-0.0001
2025101203,-0.0001
2025101204,-0.0001
2025101204,-0.0001
2025101204,-0.0001
2025101204,-0.0001
2025101205,-0.0001
2025101205,-0.0001
2025101205,-0.0001
2025101205,-0.0001
2025101206,0.58
2025101206,2.41
2025101206,5.15
2025101206,5.5
2025101207,7.85
2025101207,22.03
2025101207,53.47
2025101207,66.26
2025101208,77.45
2025101208,94.89
2025101208,97.23
2025101208,117.96
2025101209,69.81
2025101209,135.68
2025101209,91.34
2025101209,35.18
2025101210,70.57
2025101210,40.37
2025101210,38.41
2025101210,47.33
2025101211,74.57
2025101211,99.03
2025101211,75.69
2025101211,69.0
2025101212,96.97
2025101212,109.14
2025101212,111.21
2025101212,122.22
2025101213,86.6
2025101213,55.38
2025101213,54.89
2025101213,63.45
2025101214,33.53
2025101214,29.14
2025101214,41.49
2025101214,18.69
2025101215,26.22
2025101215,17.06
2025101215,8.87
2025101215,5.82
2025101216,2.36
2025101216,0.0
2025101216,-0.0001
2025101216,-0.0001
2025101217,-0.0001
2025101217,-0.0001
2025101217,-0.0001
2025101217,-0.0001
2025101218,-0.0001
2025101218,-0.0001
2025101218,-0.0001
2025101218,-0.0001
2025101219,-0.0001
2025101219,-0.0001
2025101219,-0.0001
2025101219,-0.0001
2025101220,-0.0001
2025101220,-0.0001
2025101220,-0.0001
2025101220,-0.0001
2025101221,-0.0001
2025101221,-0.0001
2025101221,-0.0001
2025101221,-0.0001
2025101222,-0.0001
2025101222,-0.0001
2025101222,-0.0001
2025101222,-0.0001
2025101223,-0.0001
2025101223,-0.0001
2025101223,-0.0001
2025101223,-0.0001
2025101300,0.0
2025101300,-0.0001
2025101300,-0.0001
2025101300,-0.0001
2025101301,-0.0001
2025101301,-0.0001
2025101301,-0.0001
2025101301,-0.0001
2025101302,-0.0001
2025101302,-0.0001
2025101302,-0.0001
2025101302,-0.0001
2025101303,-0.0001
2025101303,-0.0001
2025101303,-0.0001
2025101303,-0.0001
2025101304,-0.0001
2025101304,-0.0001
2025101304,-0.0001
2025101304,-0.0001
2025101305,-0.0001
2025101305,-0.0001
2025101305,-0.0001
2025101305,-0.0001
2025101306,1.22
2025101306,4.49
2025101306,9.47
2025101306,15.08
2025101307,20.65
2025101307,26.8
2025101307,34.3
2025101307,39.29
2025101308,43.61
2025101308,50.72
2025101308,61.95
2025101308,65.79
2025101309,76.42
2025101309,76.24
2025101309,89.34
2025101309,102.0
2025101310,113.88
2025101310,127.39
2025101310,147.73
2025101310,127.69
2025101311,67.55
2025101311,67.28
2025101311,57.61
2025101311,62.82
2025101312,63.24
2025101312,51.87
2025101312,49.57
2025101312,32.74
2025101313,32.42
2025101313,32.34
2025101313,22.19
2025101313,27.73
2025101314,25.74
2025101314,16.35
2025101314,6.6
2025101314,1.98
2025101315,0.0
2025101315,-0.0001
2025101315,-0.0001
2025101315,-0.0001
2025101316,-0.0001
2025101316,-0.0001
2025101316,-0.0001
2025101316,-0.0001
2025101317,-0.0001
2025101317,-0.0001
2025101317,-0.0001
2025101317,-0.0001
2025101318,-0.0001
2025101318,-0.0001
2025101318,-0.0001
2025101318,-0.0001
2025101319,-0.0001
2025101319,-0.0001
2025101319,-0.0001
2025101319,-0.0001
2025101320,-0.0001
2025101320,-0.0001
2025101320,-0.0001
2025101320,-0.0001
2025101321,-0.0001
2025101321,-0.0001
2025101321,-0.0001
2025101321,-0.0001
2025101322,-0.0001
2025101322,-0.0001
2025101322,-0.0001
2025101322,-0.0001
2025101323,-0.0001
2025101323,-0.0001
2025101323,-0.0001
2025101323,-0.0001
2025101400,0.0
2025101400,-0.0001
2025101400,-0.0001
2025101400,-0.0001
2025101401,-0.0001
2025101401,-0.0001
2025101401,-0.0001
2025101401,-0.0001
2025101402,-0.0001
2025101402,-0.0001
2025101402,-0.0001
2025101402,-0.0001
2025101403,-0.0001
2025101403,-0.0001
2025101403,-0.0001
2025101403,-0.0001
2025101404,-0.0001
2025101404,-0.0001
2025101404,-0.0001
2025101404,-0.0001
2025101405,-0.0001
2025101405,-0.0001
2025101405,-0.0001
2025101405,-0.0001
2025101406,-0.0001
2025101406,-0.0001
2025101406,-0.0001
2025101406,-0.0001
2025101407,0.87
2025101407,-0.0001
2025101407,-0.0001
2025101407,-0.0001
2025101408,6.75
2025101408,8.12
2025101408,12.33
2025101408,20.41
2025101409,18.65
2025101409,13.73
2025101409,17.25
2025101409,23.02
2025101410,27.44
2025101410,37.82
2025101410,43.64
2025101410,52.73
2025101411,46.37
2025101411,50.39
2025101411,46.62
2025101411,45.36
2025101412,51.42
2025101412,49.26
2025101412,50.22
2025101412,44.97
2025101413,35.14
2025101413,31.67
2025101413,31.78
2025101413,24.72
2025101414,22.35
2025101414,19.61
2025101414,16.89
2025101414,12.23
2025101415,10.68
2025101415,9.25
2025101415,6.74
2025101415,5.25
2025101416,3.01
2025101416,0.0
2025101416,-0.0001
2025101416,-0.0001
2025101417,-0.0001
2025101417,-0.0001
2025101417,-0.0001
2025101417,-0.0001
2025101418,-0.0001
2025101418,-0.0001
2025101418,-0.0001
2025101418,-0.0001
2025101419,-0.0001
2025101419,-0.0001
2025101419,-0.0001
2025101419,-0.0001
2025101420,-0.0001
2025101420,-0.0001
2025101420,-0.0001
2025101420,-0.0001
2025101421,-0.0001
2025101421,-0.0001
2025101421,-0.0001
2025101421,-0.0001
2025101422,-0.0001
2025101422,-0.0001
2025101422,-0.0001
2025101422,-0.0001
2025101423,-0.0001
2025101423,-0.0001
2025101423,-0.0001
2025101423,-0.0001
2025101500,0.0
2025101500,-0.0001
2025101500,-0.0001
2025101500,-0.0001
2025101501,-0.0001
2025101501,-0.0001
2025101501,-0.0001
2025101501,-0.0001
2025101502,-0.0001
2025101502,-0.0001
2025101502,-0.0001
2025101502,-0.0001
2025101503,-0.0001
2025101503,-0.0001
2025101503,-0.0001
2025101503,-0.0001
2025101504,-0.0001
2025101504,-0.0001
2025101504,-0.0001
2025101504,-0.0001
2025101505,-0.0001
2025101505,-0.0001
2025101505,-0.0001
2025101505,-0.0001
2025101506,-0.0001
2025101506,-0.0001
2025101506,-0.0001
2025101506,-0.0001
2025101507,0.09
2025101507,4.13
2025101507,11.68
2025101507,-0.0001
2025101508,37.35
2025101508,21.77
2025101508,6.26
2025101508,9.87
2025101509,1.86
2025101509,5.99
2025101509,6.63
2025101509,34.66
2025101510,32.61
2025101510,26.85
2025101510,22.22
2025101510,2.78
2025101511,1.5
2025101511,0.0
2025101511,2.31
2025101511,1.52
2025101512,0.0
2025101512,1.87
2025101512,5.66
2025101512,8.83
2025101513,2.46
2025101513,5.07
2025101513,21.03
2025101513,26.37
2025101514,48.15
2025101514,10.55
2025101514,0.37
2025101514,17.33
2025101515,2.98
2025101515,1.24
2025101515,0.0
2025101515,-0.0001
2025101516,-0.0001
2025101516,-0.0001
2025101516,-0.0001
2025101516,-0.0001
2025101517,-0.0001
2025101517,-0.0001
2025101517,-0.0001
2025101517,-0.0001
2025101518,-0.0001
2025101518,-0.0001
2025101518,-0.0001
2025101518,-0.0001
2025101519,-0.0001
2025101519,-0.0001
2025101519,-0.0001
2025101519,-0.0001
2025101520,-0.0001
2025101520,-0.0001
2025101520,-0.0001
2025101520,-0.0001
2025101521,-0.0001
2025101521,-0.0001
2025101521,-0.0001
2025101521,-0.0001
2025101522,-0.0001
2025101522,-0.0001
2025101522,-0.0001
2025101522,-0.0001
2025101523,-0.0001
2025101523,-0.0001
2025101523,-0.0001
2025101523,-0.0001
2025101600,0.0
2025101600,-0.0001
2025101600,-0.0001
2025101600,-0.0001
2025101601,-0.0001
2025101601,-0.0001
2025101601,-0.0001
2025101601,-0.0001
2025101602,-0.0001
2025101602,-0.0001
2025101602,-0.0001
2025101602,-0.0001
2025101603,-0.0001
2025101603,-0.0001
2025101603,-0.0001
2025101603,-0.0001
2025101604,-0.0001
2025101604,-0.0001
2025101604,-0.0001
2025101604,-0.0001
2025101605,-0.0001
2025101605,-0.0001
2025101605,-0.0001
2025101605,-0.0001
2025101606,-0.0001
2025101606,-0.0001
2025101606,-0.0001
2025101606,-0.0001
2025101607,0.05
2025101607,18.96
2025101607,9.16
2025101607,8.51
2025101608,1.15
2025101608,11.22
2025101608,34.11
2025101608,17.41
2025101609,33.45
2025101609,57.29
2025101609,49.56
2025101609,29.6
2025101610,41.02
2025101610,25.6
2025101610,37.81
2025101610,45.9
2025101611,109.27
2025101611,85.15
2025101611,58.06
2025101611,51.53
2025101612,24.3
2025101612,43.21
2025101612,30.71
2025101612,21.66
2025101613,44.65
2025101613,90.94
2025101613,97.28
2025101613,86.29
2025101614,14.68
2025101614,5.31
2025101614,33.76
2025101614,27.44
2025101615,5.88
2025101615,0.0
2025101615,-0.0001
2025101615,-0.0001
2025101616,-0.0001
2025101616,-0.0001
2025101616,-0.0001
2025101616,-0.0001
2025101617,-0.0001
2025101617,-0.0001
2025101617,-0.0001
2025101617,-0.0001
2025101618,-0.0001
2025101618,-0.0001
2025101618,-0.0001
2025101618,-0.0001
2025101619,-0.0001
2025101619,-0.0001
2025101619,-0.0001
2025101619,-0.0001
2025101620,-0.0001
2025101620,-0.0001
2025101620,-0.0001
2025101620,-0.0001
2025101621,-0.0001
2025101621,-0.0001
2025101621,-0.0001
2025101621,-0.0001
2025101622,-0.0001
2025101622,-0.0001
2025101622,-0.0001
2025101622,-0.0001
2025101623,-0.0001
2025101623,-0.0001
2025101623,-0.0001
2025101623,-0.0001
2025101700,0.0
2025101700,-0.0001
2025101700,-0.0001
2025101700,-0.0001
2025101701,-0.0001
2025101701,-0.0001
2025101701,-0.0001
2025101701,-0.0001
2025101702,-0.0001
2025101702,-0.0001
2025101702,-0.0001
2025101702,-0.0001
2025101703,-0.0001
2025101703,-0.0001
2025101703,-0.0001
2025101703,-0.0001
2025101704,-0.0001
2025101704,-0.0001
2025101704,-0.0001
2025101704,-0.0001
2025101705,-0.0001
2025101705,-0.0001
2025101705,-0.0001
2025101705,-0.0001
2025101706,-0.0001
2025101706,-0.0001
2025101706,-0.0001
2025101706,-0.0001
2025101707,0.01
2025101707,4.81
2025101707,18.91
2025101707,20.01
2025101708,7.33
2025101708,18.03
2025101708,18.2
2025101708,29.95
2025101709,3.31
2025101709,7.26
2025101709,13.85
2025101709,12.66
2025101710,18.15
2025101710,19.96
2025101710,45.39
2025101710,11.63
2025101711,32.36
2025101711,57.98
2025101711,53.96
2025101711,33.21
2025101712,27.85
2025101712,39.4
2025101712,77.7
2025101712,100.41
2025101713,103.22
2025101713,40.26
2025101713,115.74
2025101713,112.01
2025101714,92.43
2025101714,74.58
2025101714,39.61
2025101714,32.88
2025101715,22.95
2025101715,17.15
2025101715,8.88
2025101715,0.41
2025101716,0.0
2025101716,-0.0001
2025101716,-0.0001
2025101716,-0.0001
2025101717,-0.0001
2025101717,-0.0001
2025101717,-0.0001
2025101717,-0.0001
2025101718,-0.0001
2025101718,-0.0001
2025101718,-0.0001
2025101718,-0.0001
2025101719,-0.0001
2025101719,-0.0001
2025101719,-0.0001
2025101719,-0.0001
2025101720,-0.0001
2025101720,-0.0001
2025101720,-0.0001
2025101720,-0.0001
2025101721,-0.0001
2025101721,-0.0001
2025101721,-0.0001
2025101721,-0.0001
2025101722,-0.0001
2025101722,-0.0001
2025101722,-0.0001
2025101722,-0.0001
2025101723,-0.0001
2025101723,-0.0001
2025101723,-0.0001
2025101723,-0.0001
2025101800,0.0
2025101800,-0.0001
2025101800,-0.0001
2025101800,-0.0001
2025101801,-0.0001
2025101801,-0.0001
2025101801,-0.0001
2025101801,-0.0001
2025101802,-0.0001
2025101802,-0.0001
2025101802,-0.0001
2025101802,-0.0001
2025101803,-0.0001
2025101803,-0.0001
2025101803,-0.0001
2025101803,-0.0001
2025101804,-0.0001
2025101804,-0.0001
2025101804,-0.0001
2025101804,-0.0001
2025101805,-0.0001
2025101805,-0.0001
2025101805,-0.0001
2025101805,-0.0001
2025101806,2.26
2025101806,10.33
2025101806,21.81
2025101806,-0.0001
2025101807,30.84
2025101807,39.84
2025101807,49.51
2025101807,61.09
2025101808,75.86
2025101808,91.45
2025101808,104.76
2025101808,115.36
2025101809,124.32
2025101809,131.7
2025101809,137.92
2025101809,138.35
2025101810,142.61
2025101810,148.5
2025101810,149.67
2025101810,151.88
2025101811,151.93
2025101811,151.81
2025101811,150.57
2025101811,148.32
2025101812,144.59
2025101812,140.87
2025101812,136.22
2025101812,130.13
2025101813,108.66
2025101813,104.41
2025101813,101.01
2025101813,93.36
2025101814,79.24
2025101814,62.41
2025101814,49.25
2025101814,39.24
2025101815,27.09
2025101815,15.04
2025101815,7.4
2025101815,1.01
2025101816,0.0
2025101816,-0.0001
2025101816,-0.0001
2025101816,-0.0001
2025101817,-0.0001
2025101817,-0.0001
2025101817,-0.0001
2025101817,-0.0001
2025101818,-0.0001
2025101818,-0.0001
2025101818,-0.0001
2025101818,-0.0001
2025101819,-0.0001
2025101819,-0.0001
2025101819,-0.0001
2025101819,-0.0001
2025101820,-0.0001
2025101820,-0.0001
2025101820,-0.0001
2025101820,-0.0001
2025101821,-0.0001
2025101821,-0.0001
2025101821,-0.0001
2025101821,-0.0001
2025101822,-0.0001
2025101822,-0.0001
2025101822,-0.0001
2025101822,-0.0001
2025101823,-0.0001
2025101823,-0.0001
2025101823,-0.0001
2025101823,-0.0001
2025101900,0.0
2025101900,-0.0001
2025101900,-0.0001
2025101900,-0.0001
2025101901,-0.0001
2025101901,-0.0001
2025101901,-0.0001
2025101901,-0.0001
2025101902,-0.0001
2025101902,-0.0001
2025101902,-0.0001
2025101902,-0.0001
2025101903,-0.0001
2025101903,-0.0001
2025101903,-0.0001
2025101903,-0.0001
2025101904,-0.0001
2025101904,-0.0001
2025101904,-0.0001
2025101904,-0.0001
2025101905,-0.0001
2025101905,-0.0001
2025101905,-0.0001
2025101905,-0.0001
2025101906,0.12
2025101906,2.47
2025101906,13.96
2025101906,-0.0001
2025101907,35.4
2025101907,47.09
2025101907,37.11
2025101907,69.93
2025101908,66.33
2025101908,48.25
2025101908,74.81
2025101908,58.47
2025101909,110.68
2025101909,132.36
2025101909,137.54
2025101909,144.78
2025101910,149.01
2025101910,152.21
2025101910,154.88
2025101910,156.07
2025101911,144.06
2025101911,93.09
2025101911,27.86
2025101911,124.95
2025101912,135.89
2025101912,78.7
2025101912,118.92
2025101912,121.3
2025101913,75.86
2025101913,99.44
2025101913,103.71
2025101913,90.39
2025101914,74.69
2025101914,60.11
2025101914,36.53
2025101914,36.87
2025101915,29.6
2025101915,20.6
2025101915,9.4
2025101915,1.06
2025101916,0.0
2025101916,-0.0001
2025101916,-0.0001
2025101916,-0.0001
2025101917,-0.0001
2025101917,-0.0001
2025101917,-0.0001
2025101917,-0.0001
2025101918,-0.0001
2025101918,-0.0001
2025101918,-0.0001
2025101918,-0.0001
2025101919,-0.0001
2025101919,-0.0001
2025101919,-0.0001
2025101919,-0.0001
2025101920,-0.0001
2025101920,-0.0001
2025101920,-0.0001
2025101920,-0.0001
2025101921,-0.0001
2025101921,-0.0001
2025101921,-0.0001
2025101921,-0.0001
2025101922,-0.0001
2025101922,-0.0001
2025101922,-0.0001
2025101922,-0.0001
2025101923,-0.0001
2025101923,-0.0001
2025101923,-0.0001
2025101923,-0.0001
2025102000,0.0
2025102000,-0.0001
2025102000,-0.0001
2025102000,-0.0001
2025102001,-0.0001
2025102001,-0.0001
2025102001,-0.0001
2025102001,-0.0001
2025102002,-0.0001
2025102002,-0.0001
2025102002,-0.0001
2025102002,-0.0001
2025102003,-0.0001
2025102003,-0.0001
2025102003,-0.0001
2025102003,-0.0001
2025102004,-0.0001
2025102004,-0.0001
2025102004,-0.0001
2025102004,-0.0001
2025102005,0.86
2025102005,-0.0001
2025102005,-0.0001
2025102005,-0.0001
2025102006,2.04
2025102006,5.92
2025102006,9.29
2025102006,9.24
2025102007,11.4
2025102007,12.55
2025102007,6.66
2025102007,8.36
2025102008,8.83
2025102008,11.86
2025102008,23.1
2025102008,24.45
2025102009,30.16
2025102009,44.53
2025102009,49.26
2025102009,10.19
2025102010,45.79
2025102010,65.73
2025102010,61.09
2025102010,78.83
2025102011,56.36
2025102011,55.49
2025102011,51.78
2025102011,44.09
2025102012,31.37
2025102012,34.84
2025102012,29.62
2025102012,19.01
2025102013,13.5
2025102013,15.13
2025102013,14.1
2025102013,16.4
2025102014,10.56
2025102014,4.65
2025102014,3.51
2025102014,1.81
2025102015,1.23
2025102015,0.4
2025102015,0.0
2025102015,-0.0001
2025102016,-0.0001
2025102016,-0.0001
2025102016,-0.0001
2025102016,-0.0001
2025102017,-0.0001
2025102017,-0.0001
2025102017,-0.0001
2025102017,-0.0001
2025102018,-0.0001
2025102018,-0.0001
2025102018,-0.0001
2025102018,-0.0001
2025102019,-0.0001
2025102019,-0.0001
2025102019,-0.0001
2025102019,-0.0001
2025102020,-0.0001
2025102020,-0.0001
2025102020,-0.0001
2025102020,-0.0001
2025102021,-0.0001
2025102021,-0.0001
2025102021,-0.0001
2025102021,-0.0001
2025102022,-0.0001
2025102022,-0.0001
2025102022,-0.0001
2025102022,-0.0001
2025102023,-0.0001
2025102023,-0.0001
2025102023,-0.0001
2025102023,-0.0001
2025102100,0.0
2025102100,-0.0001
2025102100,-0.0001
2025102100,-0.0001
2025102101,-0.0001
2025102101,-0.0001
2025102101,-0.0001
2025102101,-0.0001
2025102102,-0.0001
2025102102,-0.0001
2025102102,-0.0001
2025102102,-0.0001
2025102103,-0.0001
2025102103,-0.0001
2025102103,-0.0001
2025102103,-0.0001
2025102104,-0.0001
2025102104,-0.0001
2025102104,-0.0001
2025102104,-0.0001
2025102105,-0.0001
2025102105,-0.0001
2025102105,-0.0001
2025102105,-0.0001
2025102106,0.01
2025102106,1.69
2025102106,4.34
2025102106,-0.0001
2025102107,6.51
2025102107,10.67
2025102107,10.96
2025102107,18.81
2025102108,23.9
2025102108,25.95
2025102108,27.7
2025102108,36.17
2025102109,67.07
2025102109,61.01
2025102109,29.54
2025102109,7.51
2025102110,24.66
2025102110,27.98
2025102110,16.39
2025102110,16.75
2025102111,17.32
2025102111,32.68
2025102111,32.56
2025102111,16.56
2025102112,20.46
2025102112,13.36
2025102112,9.11
2025102112,5.22
2025102113,6.71
2025102113,11.01
2025102113,13.53
2025102113,10.63
2025102114,13.05
2025102114,2.47
2025102114,8.45
2025102114,20.14
2025102115,0.0
2025102115,0.91
2025102115,0.12
2025102115,-0.0001
2025102116,0.0
2025102116,-0.0001
2025102116,-0.0001
2025102116,-0.0001
2025102117,-0.0001
2025102117,-0.0001
2025102117,-0.0001
2025102117,-0.0001
2025102118,-0.0001
2025102118,-0.0001
2025102118,-0.0001
2025102118,-0.0001
2025102119,-0.0001
2025102119,-0.0001
2025102119,-0.0001
2025102119,-0.0001
2025102120,-0.0001
2025102120,-0.0001
2025102120,-0.0001
2025102120,-0.0001
2025102121,-0.0001
2025102121,-0.0001
2025102121,-0.0001
2025102121,-0.0001
2025102122,-0.0001
2025102122,-0.0001
2025102122,-0.0001
2025102122,-0.0001
2025102123,-0.0001
2025102123,-0.0001
2025102123,-0.0001
2025102123,-0.0001
2025102200,0.0
2025102200,-0.0001
2025102200,-0.0001
2025102200,-0.0001
2025102201,-0.0001
2025102201,-0.0001
2025102201,-0.0001
2025102201,-0.0001
2025102202,-0.0001
2025102202,-0.0001
2025102202,-0.0001
2025102202,-0.0001
2025102203,-0.0001
2025102203,-0.0001
2025102203,-0.0001
2025102203,-0.0001
2025102204,-0.0001
2025102204,-0.0001
2025102204,-0.0001
2025102204,-0.0001
2025102205,-0.0001
2025102205,-0.0001
2025102205,-0.0001
2025102205,-0.0001
2025102206,-0.0001
2025102206,-0.0001
2025102206,-0.0001
2025102206,-0.0001
2025102207,0.27
2025102207,4.53
2025102207,3.58
2025102207,-0.0001
2025102208,7.03
2025102208,3.36
2025102208,0.0
2025102208,1.72
2025102209,3.09
2025102209,7.79
2025102209,3.89
2025102209,17.45
2025102210,15.68
2025102210,26.1
2025102210,40.02
2025102210,53.71
2025102211,112.32
2025102211,78.86
2025102211,45.45
2025102211,58.54
2025102212,66.69
2025102212,71.38
2025102212,26.55
2025102212,46.26
2025102213,90.7
2025102213,49.27
2025102213,30.41
2025102213,21.54
2025102214,14.82
2025102214,31.78
2025102214,14.47
2025102214,2.34
2025102215,0.0
2025102215,-0.0001
2025102215,-0.0001
2025102215,-0.0001
2025102216,-0.0001
2025102216,-0.0001
2025102216,-0.0001
2025102216,-0.0001
2025102217,-0.0001
2025102217,-0.0001
2025102217,-0.0001
2025102217,-0.0001
2025102218,-0.0001
2025102218,-0.0001
2025102218,-0.0001
2025102218,-0.0001
2025102219,-0.0001
2025102219,-0.0001
2025102219,-0.0001
2025102219,-0.0001
2025102220,-0.0001
2025102220,-0.0001
2025102220,-0.0001
2025102220,-0.0001
2025102221,-0.0001
2025102221,-0.0001
2025102221,-0.0001
2025102221,-0.0001
2025102222,-0.0001
2025102222,-0.0001
2025102222,-0.0001
2025102222,-0.0001
2025102223,-0.0001
2025102223,-0.0001
2025102223,-0.0001
2025102223,-0.0001
2025102300,0.0
2025102300,-0.0001
2025102300,-0.0001
2025102300,-0.0001
2025102301,-0.0001
2025102301,-0.0001
2025102301,-0.0001
2025102301,-0.0001
2025102302,-0.0001
2025102302,-0.0001
2025102302,-0.0001
2025102302,-0.0001
2025102303,-0.0001
2025102303,-0.0001
2025102303,-0.0001
2025102303,-0.0001
2025102304,-0.0001
2025102304,-0.0001
2025102304,-0.0001
2025102304,-0.0001
2025102305,-0.0001
2025102305,-0.0001
2025102305,-0.0001
2025102305,-0.0001
2025102306,-0.0001
2025102306,-0.0001
2025102306,-0.0001
2025102306,-0.0001
2025102307,-0.0001
2025102307,-0.0001
2025102307,-0.0001
2025102307,-0.0001
2025102308,-0.0001
2025102308,-0.0001
2025102308,-0.0001
2025102308,-0.0001
2025102309,-0.0001
2025102309,-0.0001
2025102309,-0.0001
2025102309,-0.0001
2025102310,2.12
2025102310,0.0
2025102310,-0.0001
2025102310,-0.0001
2025102311,1.3
2025102311,-0.0001
2025102311,-0.0001
2025102311,-0.0001
2025102312,1.76
2025102312,0.0
2025102312,-0.0001
2025102312,-0.0001
2025102313,-0.0001
2025102313,-0.0001
2025102313,-0.0001
2025102313,-0.0001
2025102314,-0.0001
2025102314,-0.0001
2025102314,-0.0001
2025102314,-0.0001
2025102315,-0.0001
2025102315,-0.0001
2025102315,-0.0001
2025102315,-0.0001
2025102316,-0.0001
2025102316,-0.0001
2025102316,-0.0001
2025102316,-0.0001
2025102317,-0.0001
2025102317,-0.0001
2025102317,-0.0001
2025102317,-0.0001
2025102318,-0.0001
2025102318,-0.0001
2025102318,-0.0001
2025102318,-0.0001
2025102319,-0.0001
2025102319,-0.0001
2025102319,-0.0001
2025102319,-0.0001
2025102320,-0.0001
2025102320,-0.0001
2025102320,-0.0001
2025102320,-0.0001
2025102321,-0.0001
2025102321,-0.0001
2025102321,-0.0001
2025102321,-0.0001
2025102322,-0.0001
2025102322,-0.0001
2025102322,-0.0001
2025102322,-0.0001
2025102323,-0.0001
2025102323,-0.0001
2025102323,-0.0001
2025102323,-0.0001
2025102400,0.0
2025102400,-0.0001
2025102400,-0.0001
2025102400,-0.0001
2025102401,-0.0001
2025102401,-0.0001
2025102401,-0.0001
2025102401,-0.0001
2025102402,-0.0001
2025102402,-0.0001
2025102402,-0.0001
2025102402,-0.0001
2025102403,-0.0001
2025102403,-0.0001
2025102403,-0.0001
2025102403,-0.0001
2025102404,-0.0001
2025102404,-0.0001
2025102404,-0.0001
2025102404,-0.0001
2025102405,-0.0001
2025102405,-0.0001
2025102405,-0.0001
2025102405,-0.0001
2025102406,-0.0001
2025102406,-0.0001
2025102406,-0.0001
2025102406,-0.0001
2025102407,2.0
2025102407,4.25
2025102407,5.02
2025102407,13.2
2025102408,26.51
2025102408,19.52
2025102408,15.24
2025102408,17.71
2025102409,23.8
2025102409,21.23
2025102409,21.54
2025102409,35.53
2025102410,23.69
2025102410,5.07
2025102410,0.0
2025102410,-0.0001
2025102411,-0.0001
2025102411,-0.0001
2025102411,-0.0001
2025102411,-0.0001
2025102412,-0.0001
2025102412,-0.0001
2025102412,-0.0001
2025102412,-0.0001
2025102413,0.74
2025102413,15.08
2025102413,6.88
2025102413,-0.0001
2025102414,1.14
2025102414,0.0
2025102414,-0.0001
2025102414,-0.0001
2025102415,-0.0001
2025102415,-0.0001
2025102415,-0.0001
2025102415,-0.0001
2025102416,-0.0001
2025102416,-0.0001
2025102416,-0.0001
2025102416,-0.0001
2025102417,-0.0001
2025102417,-0.0001
2025102417,-0.0001
2025102417,-0.0001
2025102418,-0.0001
2025102418,-0.0001
2025102418,-0.0001
2025102418,-0.0001
2025102419,-0.0001
2025102419,-0.0001
2025102419,-0.0001
2025102419,-0.0001
2025102420,-0.0001
2025102420,-0.0001
2025102420,-0.0001
2025102420,-0.0001
2025102421,-0.0001
2025102421,-0.0001
2025102421,-0.0001
2025102421,-0.0001
2025102422,-0.0001
2025102422,-0.0001
2025102422,-0.0001
2025102422,-0.0001
2025102423,-0.0001
2025102423,-0.0001
2025102423,-0.0001
2025102423,-0.0001
2025102500,0.0
2025102500,-0.0001
2025102500,-0.0001
2025102500,-0.0001
2025102501,-0.0001
2025102501,-0.0001
2025102501,-0.0001
2025102501,-0.0001
2025102502,-0.0001
2025102502,-0.0001
2025102502,-0.0001
2025102502,-0.0001
2025102503,-0.0001
2025102503,-0.0001
2025102503,-0.0001
2025102503,-0.0001
2025102504,-0.0001
2025102504,-0.0001
2025102504,-0.0001
2025102504,-0.0001
2025102505,-0.0001
2025102505,-0.0001
2025102505,-0.0001
2025102505,-0.0001
2025102506,0.74
2025102506,-0.0001
2025102506,-0.0001
2025102506,-0.0001
2025102507,0.0
2025102507,-0.0001
2025102507,-0.0001
2025102507,-0.0001
2025102508,-0.0001
2025102508,-0.0001
2025102508,-0.0001
2025102508,-0.0001
2025102509,1.6
2025102509,2.68
2025102509,3.95
2025102509,-0.0001
2025102510,15.62
2025102510,25.86
2025102510,18.41
2025102510,10.66
2025102511,22.66
2025102511,15.2
2025102511,13.58
2025102511,10.54
2025102512,15.94
2025102512,26.09
2025102512,32.57
2025102512,61.42
2025102513,58.74
2025102513,17.73
2025102513,30.01
2025102513,17.88
2025102514,1.07
2025102514,0.0
2025102514,-0.0001
2025102514,-0.0001
2025102515,0.01
2025102515,3.83
2025102515,0.18
2025102515,0.0
2025102516,-0.0001
2025102516,-0.0001
2025102516,-0.0001
2025102516,-0.0001
2025102517,-0.0001
2025102517,-0.0001
2025102517,-0.0001
2025102517,-0.0001
2025102518,-0.0001
2025102518,-0.0001
2025102518,-0.0001
2025102518,-0.0001
2025102519,-0.0001
2025102519,-0.0001
2025102519,-0.0001
2025102519,-0.0001
2025102520,-0.0001
2025102520,-0.0001
2025102520,-0.0001
2025102520,-0.0001
2025102521,-0.0001
2025102521,-0.0001
2025102521,-0.0001
2025102521,-0.0001
2025102522,-0.0001
2025102522,-0.0001
2025102522,-0.0001
2025102522,-0.0001
2025102523,-0.0001
2025102523,-0.0001
2025102523,-0.0001
2025102523,-0.0001
2025102600,-0.0001
2025102600,-0.0001
2025102600,-0.0001
2025102600,-0.0001
2025102601,0.0
2025102601,-0.0001
2025102601,-0.0001
2025102601,-0.0001
2025102602,-0.0001
2025102602,-0.0001
2025102602,-0.0001
2025102602,-0.0001
2025102603,-0.0001
2025102603,-0.0001
2025102603,-0.0001
2025102603,-0.0001
2025102604,-0.0001
2025102604,-0.0001
2025102604,-0.0001
2025102604,-0.0001
2025102605,-0.0001
2025102605,-0.0001
2025102605,-0.0001
2025102605,-0.0001
2025102606,-0.0001
2025102606,-0.0001
2025102606,-0.0001
2025102606,-0.0001
2025102607,-0.0001
2025102607,-0.0001
2025102607,-0.0001
2025102607,-0.0001
2025102608,-0.0001
2025102608,-0.0001
2025102608,-0.0001
2025102608,-0.0001
2025102609,-0.0001
2025102609,-0.0001
2025102609,-0.0001
2025102609,-0.0001
2025102610,-0.0001
2025102610,-0.0001
2025102610,-0.0001
2025102610,-0.0001
2025102611,-0.0001
2025102611,-0.0001
2025102611,-0.0001
2025102611,-0.0001
2025102612,-0.0001
2025102612,-0.0001
2025102612,-0.0001
2025102612,-0.0001
2025102613,-0.0001
2025102613,-0.0001
2025102613,-0.0001
2025102613,-0.0001
2025102614,-0.0001
2025102614,-0.0001
2025102614,-0.0001
2025102614,-0.0001
2025102615,-0.0001
2025102615,-0.0001
2025102615,-0.0001
2025102615,-0.0001
2025102616,-0.0001
2025102616,-0.0001
2025102616,-0.0001
2025102616,-0.0001
2025102617,-0.0001
2025102617,-0.0001
2025102617,-0.0001
2025102617,-0.0001
2025102618,-0.0001
2025102618,-0.0001
2025102618,-0.0001
2025102618,-0.0001
2025102619,-0.0001
2025102619,-0.0001
2025102619,-0.0001
2025102619,-0.0001
2025102620,-0.0001
2025102620,-0.0001
2025102620,-0.0001
2025102620,-0.0001
2025102621,-0.0001
2025102621,-0.0001
2025102621,-0.0001
2025102621,-0.0001
2025102622,-0.0001
2025102622,-0.0001
2025102622,-0.0001
2025102622,-0.0001
2025102623,-0.0001
2025102623,-0.0001
2025102623,-0.0001
2025102623,-0.0001
2025102700,0.0
2025102700,-0.0001
2025102700,-0.0001
2025102700,-0.0001
2025102701,-0.0001
2025102701,-0.0001
2025102701,-0.0001
2025102701,-0.0001
2025102702,-0.0001
2025102702,-0.0001
2025102702,-0.0001
2025102702,-0.0001
2025102703,-0.0001
2025102703,-0.0001
2025102703,-0.0001
2025102703,-0.0001
2025102704,-0.0001
2025102704,-0.0001
2025102704,-0.0001
2025102704,-0.0001
2025102705,-0.0001
2025102705,-0.0001
2025102705,-0.0001
2025102705,-0.0001
2025102706,0.76
2025102706,2.31
2025102706,-0.0001
2025102706,-0.0001
2025102707,11.28
2025102707,17.28
2025102707,24.35
2025102707,33.97
2025102708,52.9
2025102708,58.37
2025102708,88.39
2025102708,58.16
2025102709,88.45
2025102709,95.22
2025102709,104.43
2025102709,113.58
2025102710,120.01
2025102710,120.76
2025102710,102.09
2025102710,108.88
2025102711,78.88
2025102711,99.98
2025102711,45.9
2025102711,129.68
2025102712,93.09
2025102712,99.44
2025102712,85.84
2025102712,73.3
2025102713,85.47
2025102713,53.86
2025102713,70.52
2025102713,45.72
2025102714,9.92
2025102714,30.15
2025102714,24.28
2025102714,19.01
2025102715,14.57
2025102715,3.46
2025102715,1.72
2025102715,0.25
2025102716,0.0
2025102716,-0.0001
2025102716,-0.0001
2025102716,-0.0001
2025102717,-0.0001
2025102717,-0.0001
2025102717,-0.0001
2025102717,-0.0001
2025102718,-0.0001
2025102718,-0.0001
2025102718,-0.0001
2025102718,-0.0001
2025102719,-0.0001
2025102719,-0.0001
2025102719,-0.0001
2025102719,-0.0001
2025102720,-0.0001
2025102720,-0.0001
2025102720,-0.0001
2025102720,-0.0001
2025102721,-0.0001
2025102721,-0.0001
2025102721,-0.0001
2025102721,-0.0001
2025102722,-0.0001
2025102722,-0.0001
2025102722,-0.0001
2025102722,-0.0001
2025102723,-0.0001
2025102723,-0.0001
2025102723,-0.0001
2025102723,-0.0001
2025102800,0.0
2025102800,-0.0001
2025102800,-0.0001
2025102800,-0.0001
2025102801,-0.0001
2025102801,-0.0001
2025102801,-0.0001
2025102801,-0.0001
2025102802,-0.0001
2025102802,-0.0001
2025102802,-0.0001
2025102802,-0.0001
2025102803,-0.0001
2025102803,-0.0001
2025102803,-0.0001
2025102803,-0.0001
2025102804,-0.0001
2025102804,-0.0001
2025102804,-0.0001
2025102804,-0.0001
2025102805,-0.0001
2025102805,-0.0001
2025102805,-0.0001
2025102805,-0.0001
2025102806,0.03
2025102806,0.4
2025102806,-0.0001
2025102806,-0.0001
2025102807,6.17
2025102807,9.1
2025102807,5.73
2025102807,4.85
2025102808,4.74
2025102808,6.76
2025102808,6.61
2025102808,5.07
2025102809,2.03
2025102809,5.34
2025102809,12.64
2025102809,11.78
2025102810,11.76
2025102810,15.83
2025102810,14.39
2025102810,18.44
2025102811,19.06
2025102811,29.45
2025102811,68.91
2025102811,41.95
2025102812,75.51
2025102812,79.91
2025102812,40.61
2025102812,46.48
2025102813,40.19
2025102813,3.47
2025102813,46.94
2025102813,25.25
2025102814,10.47
2025102814,3.96
2025102814,6.5
2025102814,22.3
2025102815,9.22
2025102815,2.91
2025102815,1.04
2025102815,0.0
2025102816,-0.0001
2025102816,-0.0001
2025102816,-0.0001
2025102816,-0.0001
2025102817,-0.0001
2025102817,-0.0001
2025102817,-0.0001
2025102817,-0.0001
2025102818,-0.0001
2025102818,-0.0001
2025102818,-0.0001
2025102818,-0.0001
2025102819,-0.0001
2025102819,-0.0001
2025102819,-0.0001
2025102819,-0.0001
2025102820,-0.0001
2025102820,-0.0001
2025102820,-0.0001
2025102820,-0.0001
2025102821,-0.0001
2025102821,-0.0001
2025102821,-0.0001
2025102821,-0.0001
2025102822,-0.0001
2025102822,-0.0001
2025102822,-0.0001
2025102822,-0.0001
2025102823,-0.0001
2025102823,-0.0001
2025102823,-0.0001
2025102823,-0.0001
2025102900,0.0
2025102900,-0.0001
2025102900,-0.0001
2025102900,-0.0001
2025102901,-0.0001
2025102901,-0.0001
2025102901,-0.0001
2025102901,-0.0001
2025102902,-0.0001
2025102902,-0.0001
2025102902,-0.0001
2025102902,-0.0001
2025102903,-0.0001
2025102903,-0.0001
2025102903,-0.0001
2025102903,-0.0001
2025102904,-0.0001
2025102904,-0.0001
2025102904,-0.0001
2025102904,-0.0001
2025102905,-0.0001
2025102905,-0.0001
2025102905,-0.0001
2025102905,-0.0001
2025102906,0.61
2025102906,2.07
2025102906,6.2
2025102906,-0.0001
2025102907,11.36
2025102907,17.92
2025102907,18.77
2025102907,15.8
2025102908,20.92
2025102908,23.19
2025102908,26.76
2025102908,45.83
2025102909,55.85
2025102909,46.36
2025102909,29.84
2025102909,34.37
2025102910,40.49
2025102910,32.51
2025102910,22.18
2025102910,24.99
2025102911,26.41
2025102911,20.03
2025102911,15.19
2025102911,10.77
2025102912,17.38
2025102912,7.81
2025102912,6.79
2025102912,7.12
2025102913,8.3
2025102913,2.52
2025102913,3.24
2025102913,5.65
2025102914,1.25
2025102914,3.89
2025102914,1.68
2025102914,1.29
2025102915,0.02
2025102915,0.0
2025102915,-0.0001
2025102915,-0.0001
2025102916,-0.0001
2025102916,-0.0001
2025102916,-0.0001
2025102916,-0.0001
2025102917,-0.0001
2025102917,-0.0001
2025102917,-0.0001
2025102917,-0.0001
2025102918,-0.0001
2025102918,-0.0001
2025102918,-0.0001
2025102918,-0.0001
2025102919,-0.0001
2025102919,-0.0001
2025102919,-0.0001
2025102919,-0.0001
2025102920,-0.0001
2025102920,-0.0001
2025102920,-0.0001
2025102920,-0.0001
2025102921,-0.0001
2025102921,-0.0001
2025102921,-0.0001
2025102921,-0.0001
2025102922,-0.0001
2025102922,-0.0001
2025102922,-0.0001
2025102922,-0.0001
2025102923,-0.0001
2025102923,-0.0001
2025102923,-0.0001
2025102923,-0.0001
2025103000,0.0
2025103000,-0.0001
2025103000,-0.0001
2025103000,-0.0001
2025103001,-0.0001
2025103001,-0.0001
2025103001,-0.0001
2025103001,-0.0001
2025103002,-0.0001
2025103002,-0.0001
2025103002,-0.0001
2025103002,-0.0001
2025103003,-0.0001
2025103003,-0.0001
2025103003,-0.0001
2025103003,-0.0001
2025103004,-0.0001
2025103004,-0.0001
2025103004,-0.0001
2025103004,-0.0001
2025103005,-0.0001
2025103005,-0.0001
2025103005,-0.0001
2025103005,-0.0001
2025103006,0.29
2025103006,-0.0001
2025103006,-0.0001
2025103006,-0.0001
2025103007,1.82
2025103007,3.65
2025103007,6.79
2025103007,9.45
2025103008,19.53
2025103008,29.46
2025103008,23.93
2025103008,54.62
2025103009,37.37
2025103009,83.88
2025103009,92.74
2025103009,99.38
2025103010,105.03
2025103010,110.76
2025103010,58.49
2025103010,77.97
2025103011,73.29
2025103011,55.63
2025103011,92.28
2025103011,60.14
2025103012,105.6
2025103012,80.95
2025103012,30.07
2025103012,53.25
2025103013,70.74
2025103013,44.4
2025103013,40.09
2025103013,49.44
2025103014,37.52
2025103014,22.52
2025103014,24.88
2025103014,21.77
2025103015,8.01
2025103015,2.71
2025103015,0.68
2025103015,0.0
2025103016,-0.0001
2025103016,-0.0001
2025103016,-0.0001
2025103016,-0.0001
2025103017,-0.0001
2025103017,-0.0001
2025103017,-0.0001
2025103017,-0.0001
2025103018,-0.0001
2025103018,-0.0001
2025103018,-0.0001
2025103018,-0.0001
2025103019,-0.0001
2025103019,-0.0001
2025103019,-0.0001
2025103019,-0.0001
2025103020,-0.0001
2025103020,-0.0001
2025103020,-0.0001
2025103020,-0.0001
2025103021,-0.0001
2025103021,-0.0001
2025103021,-0.0001
2025103021,-0.0001
2025103022,-0.0001
2025103022,-0.0001
2025103022,-0.0001
2025103022,-0.0001
2025103023,-0.0001
2025103023,-0.0001
2025103023,-0.0001
2025103023,-0.0001
2025103100,0.0
2025103100,-0.0001
2025103100,-0.0001
2025103100,-0.0001
2025103101,-0.0001
2025103101,-0.0001
2025103101,-0.0001
2025103101,-0.0001
2025103102,-0.0001
2025103102,-0.0001
2025103102,-0.0001
2025103102,-0.0001
2025103103,-0.0001
2025103103,-0.0001
2025103103,-0.0001
2025103103,-0.0001
2025103104,-0.0001
2025103104,-0.0001
2025103104,-0.0001
2025103104,-0.0001
2025103105,-0.0001
2025103105,-0.0001
2025103105,-0.0001
2025103105,-0.0001
2025103106,-0.0001
2025103106,-0.0001
2025103106,-0.0001
2025103106,-0.0001
2025103107,2.88
2025103107,13.18
2025103107,9.8
2025103107,16.43
2025103108,13.06
2025103108,13.35
2025103108,26.68
2025103108,37.07
2025103109,40.54
2025103109,60.79
2025103109,60.18
2025103109,70.82
2025103110,71.34
2025103110,96.59
2025103110,76.63
2025103110,93.78
2025103111,92.48
2025103111,76.53
2025103111,72.64
2025103111,41.61
2025103112,41.76
2025103112,42.33
2025103112,26.88
2025103112,36.38
2025103113,48.99
2025103113,44.89
2025103113,36.96
2025103113,16.28
2025103114,4.9
2025103114,0.29
2025103114,0.0
2025103114,-0.0001
2025103115,-0.0001
2025103115,-0.0001
2025103115,-0.0001
2025103115,-0.0001
2025103116,-0.0001
2025103116,-0.0001
2025103116,-0.0001
2025103116,-0.0001
2025103117,-0.0001
2025103117,-0.0001
2025103117,-0.0001
2025103117,-0.0001
2025103118,-0.0001
2025103118,-0.0001
2025103118,-0.0001
2025103118,-0.0001
2025103119,-0.0001
2025103119,-0.0001
2025103119,-0.0001
2025103119,-0.0001
2025103120,-0.0001
2025103120,-0.0001
2025103120,-0.0001
2025103120,-0.0001
2025103121,-0.0001
2025103121,-0.0001
2025103121,-0.0001
2025103121,-0.0001
2025103122,-0.0001
2025103122,-0.0001
2025103122,-0.0001
2025103122,-0.0001
2025103123,-0.0001
2025103123,-0.0001
2025103123,-0.0001
2025103123,-0.0001
2025110100,0.0
2025110100,-0.0001
2025110100,-0.0001
2025110100,-0.0001
2025110101,-0.0001
2025110101,-0.0001
2025110101,-0.0001
2025110101,-0.0001
2025110102,-0.0001
2025110102,-0.0001
2025110102,-0.0001
2025110102,-0.0001
2025110103,-0.0001
2025110103,-0.0001
2025110103,-0.0001
2025110103,-0.0001
2025110104,-0.0001
2025110104,-0.0001
2025110104,-0.0001
2025110104,-0.0001
2025110105,-0.0001
2025110105,-0.0001
2025110105,-0.0001
2025110105,-0.0001
2025110106,-0.0001
2025110106,-0.0001
2025110106,-0.0001
2025110106,-0.0001
2025110107,0.25
2025110107,-0.0001
2025110107,-0.0001
2025110107,-0.0001
2025110108,1.46
2025110108,7.06
2025110108,7.1
2025110108,4.18
2025110109,5.28
2025110109,3.25
2025110109,1.1
2025110109,1.28
2025110110,2.47
2025110110,0.09
2025110110,0.0
2025110110,0.05
2025110111,0.0
2025110111,-0.0001
2025110111,-0.0001
2025110111,-0.0001
2025110112,5.8
2025110112,5.21
2025110112,53.04
2025110112,-0.0001
2025110113,14.73
2025110113,0.93
2025110113,0.0
2025110113,-0.0001
2025110114,-0.0001
2025110114,-0.0001
2025110114,-0.0001
2025110114,-0.0001
2025110115,-0.0001
2025110115,-0.0001
2025110115,-0.0001
2025110115,-0.0001
2025110116,-0.0001
2025110116,-0.0001
2025110116,-0.0001
2025110116,-0.0001
2025110117,-0.0001
2025110117,-0.0001
2025110117,-0.0001
2025110117,-0.0001
2025110118,-0.0001
2025110118,-0.0001
2025110118,-0.0001
2025110118,-0.0001
2025110119,-0.0001
2025110119,-0.0001
2025110119,-0.0001
2025110119,-0.0001
2025110120,-0.0001
2025110120,-0.0001
2025110120,-0.0001
2025110120,-0.0001
2025110121,-0.0001
2025110121,-0.0001
2025110121,-0.0001
2025110121,-0.0001
2025110122,-0.0001
2025110122,-0.0001
2025110122,-0.0001
2025110122,-0.0001
2025110123,-0.0001
2025110123,-0.0001
2025110123,-0.0001
2025110123,-0.0001
2025110200,0.0
2025110200,-0.0001
2025110200,-0.0001
2025110200,-0.0001
2025110201,-0.0001
2025110201,-0.0001
2025110201,-0.0001
2025110201,-0.0001
2025110202,-0.0001
2025110202,-0.0001
2025110202,-0.0001
2025110202,-0.0001
2025110203,-0.0001
2025110203,-0.0001
2025110203,-0.0001
2025110203,-0.0001
2025110204,-0.0001
2025110204,-0.0001
2025110204,-0.0001
2025110204,-0.0001
2025110205,-0.0001
2025110205,-0.0001
2025110205,-0.0001
2025110205,-0.0001
2025110206,-0.0001
2025110206,-0.0001
2025110206,-0.0001
2025110206,-0.0001
2025110207,-0.0001
2025110207,-0.0001
2025110207,-0.0001
2025110207,-0.0001
2025110208,6.74
2025110208,13.12
2025110208,2.54
2025110208,10.48
2025110209,6.17
2025110209,21.91
2025110209,26.29
2025110209,23.48
2025110210,1.14
2025110210,17.12
2025110210,37.21
2025110210,36.3
2025110211,22.97
2025110211,16.87
2025110211,48.64
2025110211,12.3
2025110212,12.52
2025110212,5.3
2025110212,9.7
2025110212,14.99
2025110213,20.46
2025110213,20.4
2025110213,15.15
2025110213,11.81
2025110214,13.06
2025110214,12.7
2025110214,7.42
2025110214,1.15
2025110215,0.0
2025110215,-0.0001
2025110215,-0.0001
2025110215,-0.0001
2025110216,-0.0001
2025110216,-0.0001
2025110216,-0.0001
2025110216,-0.0001
2025110217,-0.0001
2025110217,-0.0001
2025110217,-0.0001
2025110217,-0.0001
2025110218,-0.0001
2025110218,-0.0001
2025110218,-0.0001
2025110218,-0.0001
2025110219,-0.0001
2025110219,-0.0001
2025110219,-0.0001
2025110219,-0.0001
2025110220,-0.0001
2025110220,-0.0001
2025110220,-0.0001
2025110220,-0.0001
2025110221,-0.0001
2025110221,-0.0001
2025110221,-0.0001
2025110221,-0.0001
2025110222,-0.0001
2025110222,-0.0001
2025110222,-0.0001
2025110222,-0.0001
2025110223,-0.0001
2025110223,-0.0001
2025110223,-0.0001
2025110223,-0.0001
2025110300,0.0
2025110300,-0.0001
2025110300,-0.0001
2025110300,-0.0001
2025110301,-0.0001
2025110301,-0.0001
2025110301,-0.0001
2025110301,-0.0001
2025110302,-0.0001
2025110302,-0.0001
2025110302,-0.0001
2025110302,-0.0001
2025110303,-0.0001
2025110303,-0.0001
2025110303,-0.0001
2025110303,-0.0001
2025110304,-0.0001
2025110304,-0.0001
2025110304,-0.0001
2025110304,-0.0001
2025110305,-0.0001
2025110305,-0.0001
2025110305,-0.0001
2025110305,-0.0001
2025110306,-0.0001
2025110306,-0.0001
2025110306,-0.0001
2025110306,-0.0001
2025110307,11.33
2025110307,-0.0001
2025110307,-0.0001
2025110307,-0.0001
2025110308,35.02
2025110308,23.2
2025110308,3.29
2025110308,35.93
2025110309,50.77
2025110309,35.42
2025110309,23.54
2025110309,49.41
2025110310,55.88
2025110310,46.03
2025110310,69.29
2025110310,54.87
2025110311,74.42
2025110311,57.12
2025110311,22.0
2025110311,16.08
2025110312,4.66
2025110312,0.0
2025110312,-0.0001
2025110312,-0.0001
2025110313,-0.0001
2025110313,-0.0001
2025110313,-0.0001
2025110313,-0.0001
2025110314,-0.0001
2025110314,-0.0001
2025110314,-0.0001
2025110314,-0.0001
2025110315,-0.0001
2025110315,-0.0001
2025110315,-0.0001
2025110315,-0.0001
2025110316,-0.0001
2025110316,-0.0001
2025110316,-0.0001
2025110316,-0.0001
2025110317,-0.0001
2025110317,-0.0001
2025110317,-0.0001
2025110317,-0.0001
2025110318,-0.0001
2025110318,-0.0001
2025110318,-0.0001
2025110318,-0.0001
2025110319,-0.0001
2025110319,-0.0001
2025110319,-0.0001
2025110319,-0.0001
2025110320,-0.0001
2025110320,-0.0001
2025110320,-0.0001
2025110320,-0.0001
2025110321,-0.0001
2025110321,-0.0001
2025110321,-0.0001
2025110321,-0.0001
2025110322,-0.0001
2025110322,-0.0001
2025110322,-0.0001
2025110322,-0.0001
2025110323,-0.0001
2025110323,-0.0001
2025110323,-0.0001
2025110323,-0.0001
2025110400,0.0
2025110400,-0.0001
2025110400,-0.0001
2025110400,-0.0001
2025110401,-0.0001
2025110401,-0.0001
2025110401,-0.0001
2025110401,-0.0001
2025110402,-0.0001
2025110402,-0.0001
2025110402,-0.0001
2025110402,-0.0001
2025110403,-0.0001
2025110403,-0.0001
2025110403,-0.0001
2025110403,-0.0001
2025110404,-0.0001
2025110404,-0.0001
2025110404,-0.0001
2025110404,-0.0001
2025110405,-0.0001
2025110405,-0.0001
2025110405,-0.0001
2025110405,-0.0001
2025110406,-0.0001
2025110406,-0.0001
2025110406,-0.0001
2025110406,-0.0001
2025110407,0.21
2025110407,1.52
2025110407,-0.0001
2025110407,-0.0001
2025110408,6.95
2025110408,6.47
2025110408,10.15
2025110408,9.29
2025110409,7.51
2025110409,7.38
2025110409,14.95
2025110409,16.68
2025110410,16.91
2025110410,16.18
2025110410,10.5
2025110410,11.19
2025110411,7.73
2025110411,19.34
2025110411,19.12
2025110411,26.14
2025110412,22.38
2025110412,23.88
2025110412,22.35
2025110412,22.91
2025110413,29.66
2025110413,16.56
2025110413,16.16
2025110413,5.88
2025110414,7.82
2025110414,9.42
2025110414,9.16
2025110414,3.68
2025110415,0.23
2025110415,0.0
2025110415,-0.0001
2025110415,-0.0001
2025110416,-0.0001
2025110416,-0.0001
2025110416,-0.0001
2025110416,-0.0001
2025110417,-0.0001
2025110417,-0.0001
2025110417,-0.0001
2025110417,-0.0001
2025110418,-0.0001
2025110418,-0.0001
2025110418,-0.0001
2025110418,-0.0001
2025110419,-0.0001
2025110419,-0.0001
2025110419,-0.0001
2025110419,-0.0001
2025110420,-0.0001
2025110420,-0.0001
2025110420,-0.0001
2025110420,-0.0001
2025110421,-0.0001
2025110421,-0.0001
2025110421,-0.0001
2025110421,-0.0001
2025110422,-0.0001
2025110422,-0.0001
2025110422,-0.0001
2025110422,-0.0001
2025110423,-0.0001
2025110423,-0.0001
2025110423,-0.0001
2025110423,-0.0001
2025110500,0.0
2025110500,-0.0001
2025110500,-0.0001
2025110500,-0.0001
2025110501,-0.0001
2025110501,-0.0001
2025110501,-0.0001
2025110501,-0.0001
2025110502,-0.0001
2025110502,-0.0001
2025110502,-0.0001
2025110502,-0.0001
2025110503,-0.0001
2025110503,-0.0001
2025110503,-0.0001
2025110503,-0.0001
2025110504,-0.0001
2025110504,-0.0001
2025110504,-0.0001
2025110504,-0.0001
2025110505,-0.0001
2025110505,-0.0001
2025110505,-0.0001
2025110505,-0.0001
2025110506,-0.0001
2025110506,-0.0001
2025110506,-0.0001
2025110506,-0.0001
2025110507,1.15
2025110507,3.56
2025110507,2.72
2025110507,-0.0001
2025110508,3.5
2025110508,8.35
2025110508,14.65
2025110508,22.59
2025110509,24.16
2025110509,18.58
2025110509,31.51
2025110509,24.87
2025110510,27.48
2025110510,31.23
2025110510,25.86
2025110510,23.69
2025110511,58.74
2025110511,81.79
2025110511,79.64
2025110511,65.67
2025110512,63.37
2025110512,36.14
2025110512,26.96
2025110512,15.36
2025110513,9.14
2025110513,4.11
2025110513,13.66
2025110513,1.84
2025110514,9.06
2025110514,13.66
2025110514,7.87
2025110514,0.08
2025110515,0.0
2025110515,-0.0001
2025110515,-0.0001
2025110515,-0.0001
2025110516,-0.0001
2025110516,-0.0001
2025110516,-0.0001
2025110516,-0.0001
2025110517,-0.0001
2025110517,-0.0001
2025110517,-0.0001
2025110517,-0.0001
2025110518,-0.0001
2025110518,-0.0001
2025110518,-0.0001
2025110518,-0.0001
2025110519,-0.0001
2025110519,-0.0001
2025110519,-0.0001
2025110519,-0.0001
2025110520,-0.0001
2025110520,-0.0001
2025110520,-0.0001
2025110520,-0.0001
2025110521,-0.0001
2025110521,-0.0001
2025110521,-0.0001
2025110521,-0.0001
2025110522,-0.0001
2025110522,-0.0001
2025110522,-0.0001
2025110522,-0.0001
2025110523,-0.0001
2025110523,-0.0001
2025110523,-0.0001
2025110523,-0.0001
2025110600,0.0
2025110600,-0.0001
2025110600,-0.0001
2025110600,-0.0001
2025110601,-0.0001
2025110601,-0.0001
2025110601,-0.0001
2025110601,-0.0001
2025110602,-0.0001
2025110602,-0.0001
2025110602,-0.0001
2025110602,-0.0001
2025110603,-0.0001
2025110603,-0.0001
2025110603,-0.0001
2025110603,-0.0001
2025110604,-0.0001
2025110604,-0.0001
2025110604,-0.0001
2025110604,-0.0001
2025110605,-0.0001
2025110605,-0.0001
2025110605,-0.0001
2025110605,-0.0001
2025110606,-0.0001
2025110606,-0.0001
2025110606,-0.0001
2025110606,-0.0001
2025110607,2.27
2025110607,3.3
2025110607,-0.0001
2025110607,-0.0001
2025110608,0.0
2025110608,17.16
2025110608,30.13
2025110608,55.54
2025110609,63.66
2025110609,64.24
2025110609,69.98
2025110609,69.37
2025110610,58.05
2025110610,59.03
2025110610,58.56
2025110610,61.16
2025110611,61.82
2025110611,57.25
2025110611,58.26
2025110611,58.13
2025110612,52.61
2025110612,46.08
2025110612,49.71
2025110612,38.88
2025110613,24.64
2025110613,27.63
2025110613,30.47
2025110613,27.44
2025110614,3.38
2025110614,0.0
2025110614,-0.0001
2025110614,-0.0001
2025110615,-0.0001
2025110615,-0.0001
2025110615,-0.0001
2025110615,-0.0001
2025110616,-0.0001
2025110616,-0.0001
2025110616,-0.0001
2025110616,-0.0001
2025110617,-0.0001
2025110617,-0.0001
2025110617,-0.0001
2025110617,-0.0001
2025110618,-0.0001
2025110618,-0.0001
2025110618,-0.0001
2025110618,-0.0001
2025110619,-0.0001
2025110619,-0.0001
2025110619,-0.0001
2025110619,-0.0001
2025110620,-0.0001
2025110620,-0.0001
2025110620,-0.0001
2025110620,-0.0001
2025110621,-0.0001
2025110621,-0.0001
2025110621,-0.0001
2025110621,-0.0001
2025110622,-0.0001
2025110622,-0.0001
2025110622,-0.0001
2025110622,-0.0001
2025110623,-0.0001
2025110623,-0.0001
2025110623,-0.0001
2025110623,-0.0001
2025110700,0.0
2025110700,-0.0001
2025110700,-0.0001
2025110700,-0.0001
2025110701,-0.0001
2025110701,-0.0001
2025110701,-0.0001
2025110701,-0.0001
2025110702,-0.0001
2025110702,-0.0001
2025110702,-0.0001
2025110702,-0.0001
2025110703,-0.0001
2025110703,-0.0001
2025110703,-0.0001
2025110703,-0.0001
2025110704,-0.0001
2025110704,-0.0001
2025110704,-0.0001
2025110704,-0.0001
2025110705,-0.0001
2025110705,-0.0001
2025110705,-0.0001
2025110705,-0.0001
2025110706,-0.0001
2025110706,-0.0001
2025110706,-0.0001
2025110706,-0.0001
2025110707,0.04
2025110707,6.07
2025110707,-0.0001
2025110707,-0.0001
2025110708,17.73
2025110708,28.38
2025110708,36.49
2025110708,40.55
2025110709,44.95
2025110709,49.66
2025110709,36.54
2025110709,55.3
2025110710,60.52
2025110710,60.6
2025110710,60.8
2025110710,61.4
2025110711,61.66
2025110711,61.26
2025110711,60.0
2025110711,57.78
2025110712,54.93
2025110712,48.24
2025110712,48.14
2025110712,39.16
2025110713,40.88
2025110713,40.16
2025110713,27.9
2025110713,8.3
2025110714,2.69
2025110714,0.0
2025110714,-0.0001
2025110714,-0.0001
2025110715,-0.0001
2025110715,-0.0001
2025110715,-0.0001
2025110715,-0.0001
2025110716,-0.0001
2025110716,-0.0001
2025110716,-0.0001
2025110716,-0.0001
2025110717,-0.0001
2025110717,-0.0001
2025110717,-0.0001
2025110717,-0.0001
2025110718,-0.0001
2025110718,-0.0001
2025110718,-0.0001
2025110718,-0.0001
2025110719,-0.0001
2025110719,-0.0001
2025110719,-0.0001
2025110719,-0.0001
2025110720,-0.0001
2025110720,-0.0001
2025110720,-0.0001
2025110720,-0.0001
2025110721,-0.0001
2025110721,-0.0001
2025110721,-0.0001
2025110721,-0.0001
2025110722,-0.0001
2025110722,-0.0001
2025110722,-0.0001
2025110722,-0.0001
2025110723,-0.0001
2025110723,-0.0001
2025110723,-0.0001
2025110723,-0.0001
2025110800,0.0
2025110800,-0.0001
2025110800,-0.0001
2025110800,-0.0001
2025110801,-0.0001
2025110801,-0.0001
2025110801,-0.0001
2025110801,-0.0001
2025110802,-0.0001
2025110802,-0.0001
2025110802,-0.0001
2025110802,-0.0001
2025110803,-0.0001
2025110803,-0.0001
2025110803,-0.0001
2025110803,-0.0001
2025110804,-0.0001
2025110804,-0.0001
2025110804,-0.0001
2025110804,-0.0001
2025110805,-0.0001
2025110805,-0.0001
2025110805,-0.0001
2025110805,-0.0001
2025110806,-0.0001
2025110806,-0.0001
2025110806,-0.0001
2025110806,-0.0001
2025110807,-0.0001
2025110807,-0.0001
2025110807,-0.0001
2025110807,-0.0001
2025110808,-0.0001
2025110808,-0.0001
2025110808,-0.0001
2025110808,-0.0001
2025110809,-0.0001
2025110809,-0.0001
2025110809,-0.0001
2025110809,-0.0001
2025110810,-0.0001
2025110810,-0.0001
2025110810,-0.0001
2025110810,-0.0001
2025110811,0.31
2025110811,1.08
2025110811,0.0
2025110811,-0.0001
2025110812,-0.0001
2025110812,-0.0001
2025110812,-0.0001
2025110812,-0.0001
2025110813,-0.0001
2025110813,-0.0001
2025110813,-0.0001
2025110813,-0.0001
2025110814,-0.0001
2025110814,-0.0001
2025110814,-0.0001
2025110814,-0.0001
2025110815,-0.0001
2025110815,-0.0001
2025110815,-0.0001
2025110815,-0.0001
2025110816,-0.0001
2025110816,-0.0001
2025110816,-0.0001
2025110816,-0.0001
2025110817,-0.0001
2025110817,-0.0001
2025110817,-0.0001
2025110817,-0.0001
2025110818,-0.0001
2025110818,-0.0001
2025110818,-0.0001
2025110818,-0.0001
2025110819,-0.0001
2025110819,-0.0001
2025110819,-0.0001
2025110819,-0.0001
2025110820,-0.0001
2025110820,-0.0001
2025110820,-0.0001
2025110820,-0.0001
2025110821,-0.0001
2025110821,-0.0001
2025110821,-0.0001
2025110821,-0.0001
2025110822,-0.0001
2025110822,-0.0001
2025110822,-0.0001
2025110822,-0.0001
2025110823,-0.0001
2025110823,-0.0001
2025110823,-0.0001
2025110823,-0.0001
2025110900,0.0
2025110900,-0.0001
2025110900,-0.0001
2025110900,-0.0001
2025110901,-0.0001
2025110901,-0.0001
2025110901,-0.0001
2025110901,-0.0001
2025110902,-0.0001
2025110902,-0.0001
2025110902,-0.0001
2025110902,-0.0001
2025110903,-0.0001
2025110903,-0.0001
2025110903,-0.0001
2025110903,-0.0001
2025110904,-0.0001
2025110904,-0.0001
2025110904,-0.0001
2025110904,-0.0001
2025110905,-0.0001
2025110905,-0.0001
2025110905,-0.0001
2025110905,-0.0001
2025110906,-0.0001
2025110906,-0.0001
2025110906,-0.0001
2025110906,-0.0001
2025110907,-0.0001
2025110907,-0.0001
2025110907,-0.0001
2025110907,-0.0001
2025110908,-0.0001
2025110908,-0.0001
2025110908,-0.0001
2025110908,-0.0001
2025110909,0.41
2025110909,4.49
2025110909,5.49
2025110909,-0.0001
2025110910,0.25
2025110910,0.29
2025110910,0.0
2025110910,0.48
2025110911,6.18
2025110911,13.91
2025110911,8.73
2025110911,8.86
2025110912,8.33
2025110912,3.7
2025110912,2.88
2025110912,0.3
2025110913,0.79
2025110913,0.0
2025110913,-0.0001
2025110913,-0.0001
2025110914,-0.0001
2025110914,-0.0001
2025110914,-0.0001
2025110914,-0.0001
2025110915,-0.0001
2025110915,-0.0001
2025110915,-0.0001
2025110915,-0.0001
2025110916,-0.0001
2025110916,-0.0001
2025110916,-0.0001
2025110916,-0.0001
2025110917,-0.0001
2025110917,-0.0001
2025110917,-0.0001
2025110917,-0.0001
2025110918,-0.0001
2025110918,-0.0001
2025110918,-0.0001
2025110918,-0.0001
2025110919,-0.0001
2025110919,-0.0001
2025110919,-0.0001
2025110919,-0.0001
2025110920,-0.0001
2025110920,-0.0001
2025110920,-0.0001
2025110920,-0.0001
2025110921,-0.0001
2025110921,-0.0001
2025110921,-0.0001
2025110921,-0.0001
2025110922,-0.0001
2025110922,-0.0001
2025110922,-0.0001
2025110922,-0.0001
2025110923,-0.0001
2025110923,-0.0001
2025110923,-0.0001
2025110923,-0.0001
2025111000,0.0
2025111000,-0.0001
2025111000,-0.0001
2025111000,-0.0001
2025111001,-0.0001
2025111001,-0.0001
2025111001,-0.0001
2025111001,-0.0001
2025111002,-0.0001
2025111002,-0.0001
2025111002,-0.0001
2025111002,-0.0001
2025111003,-0.0001
2025111003,-0.0001
2025111003,-0.0001
2025111003,-0.0001
2025111004,-0.0001
2025111004,-0.0001
2025111004,-0.0001
2025111004,-0.0001
2025111005,-0.0001
2025111005,-0.0001
2025111005,-0.0001
2025111005,-0.0001
2025111006,-0.0001
2025111006,-0.0001
2025111006,-0.0001
2025111006,-0.0001
2025111007,3.42
2025111007,-0.0001
2025111007,-0.0001
2025111007,-0.0001
2025111008,5.28
2025111008,6.12
2025111008,0.69
2025111008,0.17
2025111009,0.0
2025111009,1.66
2025111009,3.06
2025111009,-0.0001
2025111010,2.59
2025111010,0.0
2025111010,-0.0001
2025111010,-0.0001
2025111011,-0.0001
2025111011,-0.0001
2025111011,-0.0001
2025111011,-0.0001
2025111012,1.23
2025111012,24.46
2025111012,16.47
2025111012,1.53
2025111013,8.79
2025111013,5.22
2025111013,2.49
2025111013,0.0
2025111014,-0.0001
2025111014,-0.0001
2025111014,-0.0001
2025111014,-0.0001
2025111015,-0.0001
2025111015,-0.0001
2025111015,-0.0001
2025111015,-0.0001
2025111016,-0.0001
2025111016,-0.0001
2025111016,-0.0001
2025111016,-0.0001
2025111017,-0.0001
2025111017,-0.0001
2025111017,-0.0001
2025111017,-0.0001
2025111018,-0.0001
2025111018,-0.0001
2025111018,-0.0001
2025111018,-0.0001
2025111019,-0.0001
2025111019,-0.0001
2025111019,-0.0001
2025111019,-0.0001
2025111020,-0.0001
2025111020,-0.0001
2025111020,-0.0001
2025111020,-0.0001
2025111021,-0.0001
2025111021,-0.0001
2025111021,-0.0001
2025111021,-0.0001
2025111022,-0.0001
2025111022,-0.0001
2025111022,-0.0001
2025111022,-0.0001
2025111023,-0.0001
2025111023,-0.0001
2025111023,-0.0001
2025111023,-0.0001
2025111100,0.0
2025111100,-0.0001
2025111100,-0.0001
2025111100,-0.0001
2025111101,-0.0001
2025111101,-0.0001
2025111101,-0.0001
2025111101,-0.0001
2025111102,-0.0001
2025111102,-0.0001
2025111102,-0.0001
2025111102,-0.0001
2025111103,-0.0001
2025111103,-0.0001
2025111103,-0.0001
2025111103,-0.0001
2025111104,-0.0001
2025111104,-0.0001
2025111104,-0.0001
2025111104,-0.0001
2025111105,-0.0001
2025111105,-0.0001
2025111105,-0.0001
2025111105,-0.0001
2025111106,-0.0001
2025111106,-0.0001
2025111106,-0.0001
2025111106,-0.0001
2025111107,-0.0001
2025111107,-0.0001
2025111107,-0.0001
2025111107,-0.0001
2025111108,-0.0001
2025111108,-0.0001
2025111108,-0.0001
2025111108,-0.0001
2025111109,-0.0001
2025111109,-0.0001
2025111109,-0.0001
2025111109,-0.0001
2025111110,0.23
2025111110,2.11
2025111110,16.73
2025111110,-0.0001
2025111111,32.28
2025111111,36.49
2025111111,36.52
2025111111,32.38
2025111112,1.97
2025111112,18.35
2025111112,2.71
2025111112,0.89
2025111113,0.0
2025111113,-0.0001
2025111113,-0.0001
2025111113,-0.0001
2025111114,-0.0001
2025111114,-0.0001
2025111114,-0.0001
2025111114,-0.0001
2025111115,-0.0001
2025111115,-0.0001
2025111115,-0.0001
2025111115,-0.0001
2025111116,-0.0001
2025111116,-0.0001
2025111116,-0.0001
2025111116,-0.0001
2025111117,-0.0001
2025111117,-0.0001
2025111117,-0.0001
2025111117,-0.0001
2025111118,-0.0001
2025111118,-0.0001
2025111118,-0.0001
2025111118,-0.0001
2025111119,-0.0001
2025111119,-0.0001
2025111119,-0.0001
2025111119,-0.0001
2025111120,-0.0001
2025111120,-0.0001
2025111120,-0.0001
2025111120,-0.0001
2025111121,-0.0001
2025111121,-0.0001
2025111121,-0.0001
2025111121,-0.0001
2025111122,-0.0001
2025111122,-0.0001
2025111122,-0.0001
2025111122,-0.0001
2025111123,-0.0001
2025111123,-0.0001
2025111123,-0.0001
2025111123,-0.0001
2025111200,0.0
2025111200,-0.0001
2025111200,-0.0001
2025111200,-0.0001
2025111201,-0.0001
2025111201,-0.0001
2025111201,-0.0001
2025111201,-0.0001
2025111202,-0.0001
2025111202,-0.0001
2025111202,-0.0001
2025111202,-0.0001
2025111203,-0.0001
2025111203,-0.0001
2025111203,-0.0001
2025111203,-0.0001
2025111204,-0.0001
2025111204,-0.0001
2025111204,-0.0001
2025111204,-0.0001
2025111205,-0.0001
2025111205,-0.0001
2025111205,-0.0001
2025111205,-0.0001
2025111206,-0.0001
2025111206,-0.0001
2025111206,-0.0001
2025111206,-0.0001
2025111207,-0.0001
2025111207,-0.0001
2025111207,-0.0001
2025111207,-0.0001
2025111208,-0.0001
2025111208,-0.0001
2025111208,-0.0001
2025111208,-0.0001
2025111209,-0.0001
2025111209,-0.0001
2025111209,-0.0001
2025111209,-0.0001
2025111210,0.01
2025111210,7.11
2025111210,3.76
2025111210,-0.0001
2025111211,0.75
2025111211,0.0
2025111211,0.69
2025111211,0.0
2025111212,0.72
2025111212,0.83
2025111212,0.0
2025111212,-0.0001
2025111213,-0.0001
2025111213,-0.0001
2025111213,-0.0001
2025111213,-0.0001
2025111214,-0.0001
2025111214,-0.0001
2025111214,-0.0001
2025111214,-0.0001
2025111215,-0.0001
2025111215,-0.0001
2025111215,-0.0001
2025111215,-0.0001
2025111216,-0.0001
2025111216,-0.0001
2025111216,-0.0001
2025111216,-0.0001
2025111217,-0.0001
2025111217,-0.0001
2025111217,-0.0001
2025111217,-0.0001
2025111218,-0.0001
2025111218,-0.0001
2025111218,-0.0001
2025111218,-0.0001
2025111219,-0.0001
2025111219,-0.0001
2025111219,-0.0001
2025111219,-0.0001
2025111220,-0.0001
2025111220,-0.0001
2025111220,-0.0001
2025111220,-0.0001
2025111221,-0.0001
2025111221,-0.0001
2025111221,-0.0001
2025111221,-0.0001
2025111222,-0.0001
2025111222,-0.0001
2025111222,-0.0001
2025111222,-0.0001
2025111223,-0.0001
2025111223,-0.0001
2025111223,-0.0001
2025111223,-0.0001
2025111300,0.0
2025111300,-0.0001
2025111300,-0.0001
2025111300,-0.0001
2025111301,-0.0001
2025111301,-0.0001
2025111301,-0.0001
2025111301,-0.0001
2025111302,-0.0001
2025111302,-0.0001
2025111302,-0.0001
2025111302,-0.0001
2025111303,-0.0001
2025111303,-0.0001
2025111303,-0.0001
2025111303,-0.0001
2025111304,-0.0001
2025111304,-0.0001
2025111304,-0.0001
2025111304,-0.0001
2025111305,-0.0001
2025111305,-0.0001
2025111305,-0.0001
2025111305,-0.0001
2025111306,-0.0001
2025111306,-0.0001
2025111306,-0.0001
2025111306,-0.0001
2025111307,-0.0001
2025111307,-0.0001
2025111307,-0.0001
2025111307,-0.0001
2025111308,10.97
2025111308,6.24
2025111308,-0.0001
2025111308,-0.0001
2025111309,21.29
2025111309,28.78
2025111309,32.73
2025111309,14.78
2025111310,29.66
2025111310,9.92
2025111310,0.0
2025111310,0.03
2025111311,0.0
2025111311,-0.0001
2025111311,-0.0001
2025111311,-0.0001
2025111312,0.69
2025111312,0.27
2025111312,0.0
2025111312,-0.0001
2025111313,-0.0001
2025111313,-0.0001
2025111313,-0.0001
2025111313,-0.0001
2025111314,-0.0001
2025111314,-0.0001
2025111314,-0.0001
2025111314,-0.0001
2025111315,-0.0001
2025111315,-0.0001
2025111315,-0.0001
2025111315,-0.0001
2025111316,-0.0001
2025111316,-0.0001
2025111316,-0.0001
2025111316,-0.0001
2025111317,-0.0001
2025111317,-0.0001
2025111317,-0.0001
2025111317,-0.0001
2025111318,-0.0001
2025111318,-0.0001
2025111318,-0.0001
2025111318,-0.0001
2025111319,-0.0001
2025111319,-0.0001
2025111319,-0.0001
2025111319,-0.0001
2025111320,-0.0001
2025111320,-0.0001
2025111320,-0.0001
2025111320,-0.0001
2025111321,-0.0001
2025111321,-0.0001
2025111321,-0.0001
2025111321,-0.0001
2025111322,-0.0001
2025111322,-0.0001
2025111322,-0.0001
2025111322,-0.0001
2025111323,-0.0001
2025111323,-0.0001
2025111323,-0.0001
2025111323,-0.0001
2025111400,0.0
2025111400,-0.0001
2025111400,-0.0001
2025111400,-0.0001
2025111401,-0.0001
2025111401,-0.0001
2025111401,-0.0001
2025111401,-0.0001
2025111402,-0.0001
2025111402,-0.0001
2025111402,-0.0001
2025111402,-0.0001
2025111403,-0.0001
2025111403,-0.0001
2025111403,-0.0001
2025111403,-0.0001
2025111404,-0.0001
2025111404,-0.0001
2025111404,-0.0001
2025111404,-0.0001
2025111405,-0.0001
2025111405,-0.0001
2025111405,-0.0001
2025111405,-0.0001
2025111406,-0.0001
2025111406,-0.0001
2025111406,-0.0001
2025111406,-0.0001
2025111407,-0.0001
2025111407,-0.0001
2025111407,-0.0001
2025111407,-0.0001
2025111408,-0.0001
2025111408,-0.0001
2025111408,-0.0001
2025111408,-0.0001
2025111409,-0.0001
2025111409,-0.0001
2025111409,-0.0001
2025111409,-0.0001
2025111410,1.59
2025111410,0.0
2025111410,4.69
2025111410,11.44
2025111411,20.22
2025111411,15.44
2025111411,13.63
2025111411,15.74
2025111412,16.51
2025111412,22.03
2025111412,17.87
2025111412,9.57
2025111413,0.41
2025111413,0.0
2025111413,-0.0001
2025111413,-0.0001
2025111414,-0.0001
2025111414,-0.0001
2025111414,-0.0001
2025111414,-0.0001
2025111415,-0.0001
2025111415,-0.0001
2025111415,-0.0001
2025111415,-0.0001
2025111416,-0.0001
2025111416,-0.0001
2025111416,-0.0001
2025111416,-0.0001
2025111417,-0.0001
2025111417,-0.0001
2025111417,-0.0001
2025111417,-0.0001
2025111418,-0.0001
2025111418,-0.0001
2025111418,-0.0001
2025111418,-0.0001
2025111419,-0.0001
2025111419,-0.0001
2025111419,-0.0001
2025111419,-0.0001
2025111420,-0.0001
2025111420,-0.0001
2025111420,-0.0001
2025111420,-0.0001
2025111421,-0.0001
2025111421,-0.0001
2025111421,-0.0001
2025111421,-0.0001
2025111422,-0.0001
2025111422,-0.0001
2025111422,-0.0001
2025111422,-0.0001
2025111423,-0.0001
2025111423,-0.0001
2025111423,-0.0001
2025111423,-0.0001
2025111500,0.0
2025111500,-0.0001
2025111500,-0.0001
2025111500,-0.0001
2025111501,-0.0001
2025111501,-0.0001
2025111501,-0.0001
2025111501,-0.0001
2025111502,-0.0001
2025111502,-0.0001
2025111502,-0.0001
2025111502,-0.0001
2025111503,-0.0001
2025111503,-0.0001
2025111503,-0.0001
2025111503,-0.0001
2025111504,-0.0001
2025111504,-0.0001
2025111504,-0.0001
2025111504,-0.0001
2025111505,-0.0001
2025111505,-0.0001
2025111505,-0.0001
2025111505,-0.0001
2025111506,-0.0001
2025111506,-0.0001
2025111506,-0.0001
2025111506,-0.0001
2025111507,-0.0001
2025111507,-0.0001
2025111507,-0.0001
2025111507,-0.0001
2025111508,2.85
2025111508,1.82
2025111508,3.71
2025111508,6.57
2025111509,18.78
2025111509,42.62
2025111509,58.16
2025111509,63.76
2025111510,64.88
2025111510,70.51
2025111510,71.23
2025111510,73.61
2025111511,73.68
2025111511,72.73
2025111511,74.99
2025111511,73.85
2025111512,64.37
2025111512,58.93
2025111512,60.72
2025111512,55.75
2025111513,48.39
2025111513,40.7
2025111513,17.12
2025111513,12.76
2025111514,0.0
2025111514,-0.0001
2025111514,-0.0001
2025111514,-0.0001
2025111515,-0.0001
2025111515,-0.0001
2025111515,-0.0001
2025111515,-0.0001
2025111516,-0.0001
2025111516,-0.0001
2025111516,-0.0001
2025111516,-0.0001
2025111517,-0.0001
2025111517,-0.0001
2025111517,-0.0001
2025111517,-0.0001
2025111518,-0.0001
2025111518,-0.0001
2025111518,-0.0001
2025111518,-0.0001
2025111519,-0.0001
2025111519,-0.0001
2025111519,-0.0001
2025111519,-0.0001
2025111520,-0.0001
2025111520,-0.0001
2025111520,-0.0001
2025111520,-0.0001
2025111521,-0.0001
2025111521,-0.0001
2025111521,-0.0001
2025111521,-0.0001
2025111522,-0.0001
2025111522,-0.0001
2025111522,-0.0001
2025111522,-0.0001
2025111523,-0.0001
2025111523,-0.0001
2025111523,-0.0001
2025111523,-0.0001
2025111600,0.0
2025111600,-0.0001
2025111600,-0.0001
2025111600,-0.0001
2025111601,-0.0001
2025111601,-0.0001
2025111601,-0.0001
2025111601,-0.0001
2025111602,-0.0001
2025111602,-0.0001
2025111602,-0.0001
2025111602,-0.0001
2025111603,-0.0001
2025111603,-0.0001
2025111603,-0.0001
2025111603,-0.0001
2025111604,-0.0001
2025111604,-0.0001
2025111604,-0.0001
2025111604,-0.0001
2025111605,-0.0001
2025111605,-0.0001
2025111605,-0.0001
2025111605,-0.0001
2025111606,-0.0001
2025111606,-0.0001
2025111606,-0.0001
2025111606,-0.0001
2025111607,0.04
2025111607,3.09
2025111607,10.34
2025111607,20.14
2025111608,24.79
2025111608,41.27
2025111608,29.51
2025111608,26.98
2025111609,18.54
2025111609,28.54
2025111609,76.1
2025111609,86.26
2025111610,85.32
2025111610,65.87
2025111610,58.61
2025111610,71.26
2025111611,85.33
2025111611,69.67
2025111611,36.77
2025111611,32.82
2025111612,26.1
2025111612,45.07
2025111612,69.58
2025111612,68.81
2025111613,32.16
2025111613,24.84
2025111613,19.02
2025111613,14.03
2025111614,4.84
2025111614,3.72
2025111614,2.19
2025111614,0.05
2025111615,0.0
2025111615,-0.0001
2025111615,-0.0001
2025111615,-0.0001
2025111616,-0.0001
2025111616,-0.0001
2025111616,-0.0001
2025111616,-0.0001
2025111617,-0.0001
2025111617,-0.0001
2025111617,-0.0001
2025111617,-0.0001
2025111618,-0.0001
2025111618,-0.0001
2025111618,-0.0001
2025111618,-0.0001
2025111619,-0.0001
2025111619,-0.0001
2025111619,-0.0001
2025111619,-0.0001
2025111620,-0.0001
2025111620,-0.0001
2025111620,-0.0001
2025111620,-0.0001
2025111621,-0.0001
2025111621,-0.0001
2025111621,-0.0001
2025111621,-0.0001
2025111622,-0.0001
2025111622,-0.0001
2025111622,-0.0001
2025111622,-0.0001
2025111623,-0.0001
2025111623,-0.0001
2025111623,-0.0001
2025111623,-0.0001
2025111700,0.0
2025111700,-0.0001
2025111700,-0.0001
2025111700,-0.0001
2025111701,-0.0001
2025111701,-0.0001
2025111701,-0.0001
2025111701,-0.0001
2025111702,-0.0001
2025111702,-0.0001
2025111702,-0.0001
2025111702,-0.0001
2025111703,-0.0001
2025111703,-0.0001
2025111703,-0.0001
2025111703,-0.0001
2025111704,-0.0001
2025111704,-0.0001
2025111704,-0.0001
2025111704,-0.0001
2025111705,-0.0001
2025111705,-0.0001
2025111705,-0.0001
2025111705,-0.0001
2025111706,-0.0001
2025111706,-0.0001
2025111706,-0.0001
2025111706,-0.0001
2025111707,1.4
2025111707,4.74
2025111707,-0.0001
2025111707,-0.0001
2025111708,10.51
2025111708,23.05
2025111708,36.22
2025111708,47.72
2025111709,56.36
2025111709,62.38
2025111709,66.99
2025111709,70.44
2025111710,73.41
2025111710,75.88
2025111710,77.4
2025111710,78.47
2025111711,77.26
2025111711,78.08
2025111711,78.74
2025111711,77.04
2025111712,74.69
2025111712,72.02
2025111712,67.83
2025111712,61.78
2025111713,55.47
2025111713,48.08
2025111713,37.32
2025111713,25.58
2025111714,17.4
2025111714,8.5
2025111714,0.55
2025111714,0.0
2025111715,-0.0001
2025111715,-0.0001
2025111715,-0.0001
2025111715,-0.0001
2025111716,-0.0001
2025111716,-0.0001
2025111716,-0.0001
2025111716,-0.0001
2025111717,-0.0001
2025111717,-0.0001
2025111717,-0.0001
2025111717,-0.0001
2025111718,-0.0001
2025111718,-0.0001
2025111718,-0.0001
2025111718,-0.0001
2025111719,-0.0001
2025111719,-0.0001
2025111719,-0.0001
2025111719,-0.0001
2025111720,-0.0001
2025111720,-0.0001
2025111720,-0.0001
2025111720,-0.0001
2025111721,-0.0001
2025111721,-0.0001
2025111721,-0.0001
2025111721,-0.0001
2025111722,-0.0001
2025111722,-0.0001
2025111722,-0.0001
2025111722,-0.0001
2025111723,-0.0001
2025111723,-0.0001
2025111723,-0.0001
2025111723,-0.0001
2025111800,0.0
2025111800,-0.0001
2025111800,-0.0001
2025111800,-0.0001
2025111801,-0.0001
2025111801,-0.0001
2025111801,-0.0001
2025111801,-0.0001
2025111802,-0.0001
2025111802,-0.0001
2025111802,-0.0001
2025111802,-0.0001
2025111803,-0.0001
2025111803,-0.0001
2025111803,-0.0001
2025111803,-0.0001
2025111804,-0.0001
2025111804,-0.0001
2025111804,-0.0001
2025111804,-0.0001
2025111805,-0.0001
2025111805,-0.0001
2025111805,-0.0001
2025111805,-0.0001
2025111806,-0.0001
2025111806,-0.0001
2025111806,-0.0001
2025111806,-0.0001
2025111807,-0.0001
2025111807,-0.0001
2025111807,-0.0001
2025111807,-0.0001
2025111808,-0.0001
2025111808,-0.0001
2025111808,-0.0001
2025111808,-0.0001
2025111809,0.06
2025111809,-0.0001
2025111809,-0.0001
2025111809,-0.0001
2025111810,3.16
2025111810,1.33
2025111810,0.19
2025111810,9.31
2025111811,12.33
2025111811,10.84
2025111811,8.21
2025111811,0.0
2025111812,0.98
2025111812,3.56
2025111812,0.0
2025111812,-0.0001
2025111813,1.42
2025111813,3.0
2025111813,0.03
2025111813,-0.0001
2025111814,0.0
2025111814,-0.0001
2025111814,-0.0001
2025111814,-0.0001
2025111815,-0.0001
2025111815,-0.0001
2025111815,-0.0001
2025111815,-0.0001
2025111816,-0.0001
2025111816,-0.0001
2025111816,-0.0001
2025111816,-0.0001
2025111817,-0.0001
2025111817,-0.0001
2025111817,-0.0001
2025111817,-0.0001
2025111818,-0.0001
2025111818,-0.0001
2025111818,-0.0001
2025111818,-0.0001
2025111819,-0.0001
2025111819,-0.0001
2025111819,-0.0001
2025111819,-0.0001
2025111820,-0.0001
2025111820,-0.0001
2025111820,-0.0001
2025111820,-0.0001
2025111821,-0.0001
2025111821,-0.0001
2025111821,-0.0001
2025111821,-0.0001
2025111822,-0.0001
2025111822,-0.0001
2025111822,-0.0001
2025111822,-0.0001
2025111823,-0.0001
2025111823,-0.0001
2025111823,-0.0001
2025111823,-0.0001
2025111900,0.0
2025111900,-0.0001
2025111900,-0.0001
2025111900,-0.0001
2025111901,-0.0001
2025111901,-0.0001
2025111901,-0.0001
2025111901,-0.0001
2025111902,-0.0001
2025111902,-0.0001
2025111902,-0.0001
2025111902,-0.0001
2025111903,-0.0001
2025111903,-0.0001
2025111903,-0.0001
2025111903,-0.0001
2025111904,-0.0001
2025111904,-0.0001
2025111904,-0.0001
2025111904,-0.0001
2025111905,-0.0001
2025111905,-0.0001
2025111905,-0.0001
2025111905,-0.0001
2025111906,-0.0001
2025111906,-0.0001
2025111906,-0.0001
2025111906,-0.0001
2025111907,0.35
2025111907,-0.0001
2025111907,-0.0001
2025111907,-0.0001
2025111908,1.57
2025111908,2.56
2025111908,3.46
2025111908,4.08
2025111909,3.43
2025111909,3.79
2025111909,3.66
2025111909,4.39
2025111910,5.21
2025111910,4.97
2025111910,4.11
2025111910,3.72
2025111911,4.72
2025111911,6.44
2025111911,7.23
2025111911,7.7
2025111912,9.16
2025111912,13.33
2025111912,14.78
2025111912,12.79
2025111913,5.43
2025111913,2.74
2025111913,3.77
2025111913,3.31
2025111914,1.86
2025111914,0.3
2025111914,0.0
2025111914,-0.0001
2025111915,-0.0001
2025111915,-0.0001
2025111915,-0.0001
2025111915,-0.0001
2025111916,-0.0001
2025111916,-0.0001
2025111916,-0.0001
2025111916,-0.0001
2025111917,-0.0001
2025111917,-0.0001
2025111917,-0.0001
2025111917,-0.0001
2025111918,-0.0001
2025111918,-0.0001
2025111918,-0.0001
2025111918,-0.0001
2025111919,-0.0001
2025111919,-0.0001
2025111919,-0.0001
2025111919,-0.0001
2025111920,-0.0001
2025111920,-0.0001
2025111920,-0.0001
2025111920,-0.0001
2025111921,-0.0001
2025111921,-0.0001
2025111921,-0.0001
2025111921,-0.0001
2025111922,-0.0001
2025111922,-0.0001
2025111922,-0.0001
2025111922,-0.0001
2025111923,-0.0001
2025111923,-0.0001
2025111923,-0.0001
2025111923,-0.0001
2025112000,0.0
2025112000,-0.0001
2025112000,-0.0001
2025112000,-0.0001
2025112001,-0.0001
2025112001,-0.0001
2025112001,-0.0001
2025112001,-0.0001
2025112002,-0.0001
2025112002,-0.0001
2025112002,-0.0001
2025112002,-0.0001
2025112003,-0.0001
2025112003,-0.0001
2025112003,-0.0001
2025112003,-0.0001
2025112004,-0.0001
2025112004,-0.0001
2025112004,-0.0001
2025112004,-0.0001
2025112005,-0.0001
2025112005,-0.0001
2025112005,-0.0001
2025112005,-0.0001
2025112006,-0.0001
2025112006,-0.0001
2025112006,-0.0001
2025112006,-0.0001
2025112007,3.31
2025112007,11.0
2025112007,-0.0001
2025112007,-0.0001
2025112008,17.26
2025112008,23.14
2025112008,31.25
2025112008,42.96
2025112009,54.22
2025112009,62.3
2025112009,66.97
2025112009,71.14
2025112010,68.38
2025112010,70.9
2025112010,72.74
2025112010,74.01
2025112011,73.98
2025112011,68.76
2025112011,61.63
2025112011,60.8
2025112012,59.94
2025112012,72.49
2025112012,57.67
2025112012,35.68
2025112013,42.77
2025112013,28.56
2025112013,28.32
2025112013,19.65
2025112014,6.21
2025112014,11.92
2025112014,6.76
2025112014,0.23
2025112015,0.0
2025112015,-0.0001
2025112015,-0.0001
2025112015,-0.0001
2025112016,-0.0001
2025112016,-0.0001
2025112016,-0.0001
2025112016,-0.0001
2025112017,-0.0001
2025112017,-0.0001
2025112017,-0.0001
2025112017,-0.0001
2025112018,-0.0001
2025112018,-0.0001
2025112018,-0.0001
2025112018,-0.0001
2025112019,-0.0001
2025112019,-0.0001
2025112019,-0.0001
2025112019,-0.0001
2025112020,-0.0001
2025112020,-0.0001
2025112020,-0.0001
2025112020,-0.0001
2025112021,-0.0001
2025112021,-0.0001
2025112021,-0.0001
2025112021,-0.0001
2025112022,-0.0001
2025112022,-0.0001
2025112022,-0.0001
2025112022,-0.0001
2025112023,-0.0001
2025112023,-0.0001
2025112023,-0.0001
2025112023,-0.0001
2025112100,0.0
2025112100,-0.0001
2025112100,-0.0001
2025112100,-0.0001
2025112101,-0.0001
2025112101,-0.0001
2025112101,-0.0001
2025112101,-0.0001
2025112102,-0.0001
2025112102,-0.0001
2025112102,-0.0001
2025112102,-0.0001
2025112103,-0.0001
2025112103,-0.0001
2025112103,-0.0001
2025112103,-0.0001
2025112104,-0.0001
2025112104,-0.0001
2025112104,-0.0001
2025112104,-0.0001
2025112105,-0.0001
2025112105,-0.0001
2025112105,-0.0001
2025112105,-0.0001
2025112106,-0.0001
2025112106,-0.0001
2025112106,-0.0001
2025112106,-0.0001
2025112107,1.99
2025112107,8.8
2025112107,-0.0001
2025112107,-0.0001
2025112108,14.48
2025112108,19.56
2025112108,26.62
2025112108,35.71
2025112109,41.7
2025112109,49.14
2025112109,54.22
2025112109,60.83
2025112110,67.27
2025112110,69.44
2025112110,71.13
2025112110,72.05
2025112111,72.32
2025112111,72.12
2025112111,71.18
2025112111,69.8
2025112112,67.62
2025112112,64.94
2025112112,62.87
2025112112,62.51
2025112113,55.01
2025112113,44.37
2025112113,32.33
2025112113,23.62
2025112114,17.99
2025112114,12.21
2025112114,4.25
2025112114,0.0
2025112115,-0.0001
2025112115,-0.0001
2025112115,-0.0001
2025112115,-0.0001
2025112116,-0.0001
2025112116,-0.0001
2025112116,-0.0001
2025112116,-0.0001
2025112117,-0.0001
2025112117,-0.0001
2025112117,-0.0001
2025112117,-0.0001
2025112118,-0.0001
2025112118,-0.0001
2025112118,-0.0001
2025112118,-0.0001
2025112119,-0.0001
2025112119,-0.0001
2025112119,-0.0001
2025112119,-0.0001
2025112120,-0.0001
2025112120,-0.0001
2025112120,-0.0001
2025112120,-0.0001
2025112121,-0.0001
2025112121,-0.0001
2025112121,-0.0001
2025112121,-0.0001
2025112122,-0.0001
2025112122,-0.0001
2025112122,-0.0001
2025112122,-0.0001
2025112123,-0.0001
2025112123,-0.0001
2025112123,-0.0001
2025112123,-0.0001
2025112200,0.0
2025112200,-0.0001
2025112200,-0.0001
2025112200,-0.0001
2025112201,-0.0001
2025112201,-0.0001
2025112201,-0.0001
2025112201,-0.0001
2025112202,-0.0001
2025112202,-0.0001
2025112202,-0.0001
2025112202,-0.0001
2025112203,-0.0001
2025112203,-0.0001
2025112203,-0.0001
2025112203,-0.0001
2025112204,-0.0001
2025112204,-0.0001
2025112204,-0.0001
2025112204,-0.0001
2025112205,-0.0001
2025112205,-0.0001
2025112205,-0.0001
2025112205,-0.0001
2025112206,-0.0001
2025112206,-0.0001
2025112206,-0.0001
2025112206,-0.0001
2025112207,-0.0001
2025112207,-0.0001
2025112207,-0.0001
2025112207,-0.0001
2025112208,11.71
2025112208,16.46
2025112208,14.85
2025112208,11.13
2025112209,5.24
2025112209,21.59
2025112209,48.93
2025112209,39.56
2025112210,34.28
2025112210,23.71
2025112210,25.21
2025112210,26.69
2025112211,38.6
2025112211,52.85
2025112211,47.3
2025112211,52.44
2025112212,38.4
2025112212,23.41
2025112212,22.1
2025112212,3.18
2025112213,0.0
2025112213,-0.0001
2025112213,-0.0001
2025112213,-0.0001
2025112214,-0.0001
2025112214,-0.0001
2025112214,-0.0001
2025112214,-0.0001
2025112215,-0.0001
2025112215,-0.0001
2025112215,-0.0001
2025112215,-0.0001
2025112216,-0.0001
2025112216,-0.0001
2025112216,-0.0001
2025112216,-0.0001
2025112217,-0.0001
2025112217,-0.0001
2025112217,-0.0001
2025112217,-0.0001
2025112218,-0.0001
2025112218,-0.0001
2025112218,-0.0001
2025112218,-0.0001
2025112219,-0.0001
2025112219,-0.0001
2025112219,-0.0001
2025112219,-0.0001
2025112220,-0.0001
2025112220,-0.0001
2025112220,-0.0001
2025112220,-0.0001
2025112221,-0.0001
2025112221,-0.0001
2025112221,-0.0001
2025112221,-0.0001
2025112222,-0.0001
2025112222,-0.0001
2025112222,-0.0001
2025112222,-0.0001
2025112223,-0.0001
2025112223,-0.0001
2025112223,-0.0001
2025112223,-0.0001
2025112300,0.0
2025112300,-0.0001
2025112300,-0.0001
2025112300,-0.0001
2025112301,-0.0001
2025112301,-0.0001
2025112301,-0.0001
2025112301,-0.0001
2025112302,-0.0001
2025112302,-0.0001
2025112302,-0.0001
2025112302,-0.0001
2025112303,-0.0001
2025112303,-0.0001
2025112303,-0.0001
2025112303,-0.0001
2025112304,-0.0001
2025112304,-0.0001
2025112304,-0.0001
2025112304,-0.0001
2025112305,-0.0001
2025112305,-0.0001
2025112305,-0.0001
2025112305,-0.0001
2025112306,-0.0001
2025112306,-0.0001
2025112306,-0.0001
2025112306,-0.0001
2025112307,-0.0001
2025112307,-0.0001
2025112307,-0.0001
2025112307,-0.0001
2025112308,0.78
2025112308,0.0
2025112308,7.5
2025112308,-0.0001
2025112309,8.21
2025112309,13.87
2025112309,13.32
2025112309,20.42
2025112310,28.51
2025112310,14.02
2025112310,4.14
2025112310,5.2
2025112311,3.92
2025112311,2.3
2025112311,0.58
2025112311,0.0
2025112312,3.18
2025112312,-0.0001
2025112312,-0.0001
2025112312,-0.0001
2025112313,2.39
2025112313,6.44
2025112313,0.58
2025112313,0.0
2025112314,-0.0001
2025112314,-0.0001
2025112314,-0.0001
2025112314,-0.0001
2025112315,-0.0001
2025112315,-0.0001
2025112315,-0.0001
2025112315,-0.0001
2025112316,-0.0001
2025112316,-0.0001
2025112316,-0.0001
2025112316,-0.0001
2025112317,-0.0001
2025112317,-0.0001
2025112317,-0.0001
2025112317,-0.0001
2025112318,-0.0001
2025112318,-0.0001
2025112318,-0.0001
2025112318,-0.0001
2025112319,-0.0001
2025112319,-0.0001
2025112319,-0.0001
2025112319,-0.0001
2025112320,-0.0001
2025112320,-0.0001
2025112320,-0.0001
2025112320,-0.0001
2025112321,-0.0001
2025112321,-0.0001
2025112321,-0.0001
2025112321,-0.0001
2025112322,-0.0001
2025112322,-0.0001
2025112322,-0.0001
2025112322,-0.0001
2025112323,-0.0001
2025112323,-0.0001
2025112323,-0.0001
2025112323,-0.0001
2025112400,0.0
2025112400,-0.0001
2025112400,-0.0001
2025112400,-0.0001
2025112401,-0.0001
2025112401,-0.0001
2025112401,-0.0001
2025112401,-0.0001
2025112402,-0.0001
2025112402,-0.0001
2025112402,-0.0001
2025112402,-0.0001
2025112403,-0.0001
2025112403,-0.0001
2025112403,-0.0001
2025112403,-0.0001
2025112404,-0.0001
2025112404,-0.0001
2025112404,-0.0001
2025112404,-0.0001
2025112405,-0.0001
2025112405,-0.0001
2025112405,-0.0001
2025112405,-0.0001
2025112406,-0.0001
2025112406,-0.0001
2025112406,-0.0001
2025112406,-0.0001
2025112407,-0.0001
2025112407,-0.0001
2025112407,-0.0001
2025112407,-0.0001
2025112408,-0.0001
2025112408,-0.0001
2025112408,-0.0001
2025112408,-0.0001
2025112409,-0.0001
2025112409,-0.0001
2025112409,-0.0001
2025112409,-0.0001
2025112410,-0.0001
2025112410,-0.0001
2025112410,-0.0001
2025112410,-0.0001
2025112411,-0.0001
2025112411,-0.0001
2025112411,-0.0001
2025112411,-0.0001
2025112412,-0.0001
2025112412,-0.0001
2025112412,-0.0001
2025112412,-0.0001
2025112413,-0.0001
2025112413,-0.0001
2025112413,-0.0001
2025112413,-0.0001
2025112414,-0.0001
2025112414,-0.0001
2025112414,-0.0001
2025112414,-0.0001
2025112415,-0.0001
2025112415,-0.0001
2025112415,-0.0001
2025112415,-0.0001
2025112416,-0.0001
2025112416,-0.0001
2025112416,-0.0001
2025112416,-0.0001
2025112417,-0.0001
2025112417,-0.0001
2025112417,-0.0001
2025112417,-0.0001
2025112418,-0.0001
2025112418,-0.0001
2025112418,-0.0001
2025112418,-0.0001
2025112419,-0.0001
2025112419,-0.0001
2025112419,-0.0001
2025112419,-0.0001
2025112420,-0.0001
2025112420,-0.0001
2025112420,-0.0001
2025112420,-0.0001
2025112421,-0.0001
2025112421,-0.0001
2025112421,-0.0001
2025112421,-0.0001
2025112422,-0.0001
2025112422,-0.0001
2025112422,-0.0001
2025112422,-0.0001
2025112423,-0.0001
2025112423,-0.0001
2025112423,-0.0001
2025112423,-0.0001
2025112500,0.0
2025112500,-0.0001
2025112500,-0.0001
2025112500,-0.0001
2025112501,-0.0001
2025112501,-0.0001
2025112501,-0.0001
2025112501,-0.0001
2025112502,-0.0001
2025112502,-0.0001
2025112502,-0.0001
2025112502,-0.0001
2025112503,-0.0001
2025112503,-0.0001
2025112503,-0.0001
2025112503,-0.0001
2025112504,-0.0001
2025112504,-0.0001
2025112504,-0.0001
2025112504,-0.0001
2025112505,-0.0001
2025112505,-0.0001
2025112505,-0.0001
2025112505,-0.0001
2025112506,-0.0001
2025112506,-0.0001
2025112506,-0.0001
2025112506,-0.0001
2025112507,-0.0001
2025112507,-0.0001
2025112507,-0.0001
2025112507,-0.0001
2025112508,-0.0001
2025112508,-0.0001
2025112508,-0.0001
2025112508,-0.0001
2025112509,-0.0001
2025112509,-0.0001
2025112509,-0.0001
2025112509,-0.0001
2025112510,0.68
2025112510,-0.0001
2025112510,-0.0001
2025112510,-0.0001
2025112511,0.2
2025112511,0.0
2025112511,-0.0001
2025112511,-0.0001
2025112512,-0.0001
2025112512,-0.0001
2025112512,-0.0001
2025112512,-0.0001
2025112513,-0.0001
2025112513,-0.0001
2025112513,-0.0001
2025112513,-0.0001
2025112514,-0.0001
2025112514,-0.0001
2025112514,-0.0001
2025112514,-0.0001
2025112515,-0.0001
2025112515,-0.0001
2025112515,-0.0001
2025112515,-0.0001
2025112516,-0.0001
2025112516,-0.0001
2025112516,-0.0001
2025112516,-0.0001
2025112517,-0.0001
2025112517,-0.0001
2025112517,-0.0001
2025112517,-0.0001
2025112518,-0.0001
2025112518,-0.0001
2025112518,-0.0001
2025112518,-0.0001
2025112519,-0.0001
2025112519,-0.0001
2025112519,-0.0001
2025112519,-0.0001
2025112520,-0.0001
2025112520,-0.0001
2025112520,-0.0001
2025112520,-0.0001
2025112521,-0.0001
2025112521,-0.0001
2025112521,-0.0001
2025112521,-0.0001
2025112522,-0.0001
2025112522,-0.0001
2025112522,-0.0001
2025112522,-0.0001
2025112523,-0.0001
2025112523,-0.0001
2025112523,-0.0001
2025112523,-0.0001
2025112600,0.0
2025112600,-0.0001
2025112600,-0.0001
2025112600,-0.0001
2025112601,-0.0001
2025112601,-0.0001
2025112601,-0.0001
2025112601,-0.0001
2025112602,-0.0001
2025112602,-0.0001
2025112602,-0.0001
2025112602,-0.0001
2025112603,-0.0001
2025112603,-0.0001
2025112603,-0.0001
2025112603,-0.0001
2025112604,-0.0001
2025112604,-0.0001
2025112604,-0.0001
2025112604,-0.0001
2025112605,-0.0001
2025112605,-0.0001
2025112605,-0.0001
2025112605,-0.0001
2025112606,-0.0001
2025112606,-0.0001
2025112606,-0.0001
2025112606,-0.0001
2025112607,-0.0001
2025112607,-0.0001
2025112607,-0.0001
2025112607,-0.0001
2025112608,-0.0001
2025112608,-0.0001
2025112608,-0.0001
2025112608,-0.0001
2025112609,0.02
2025112609,-0.0001
2025112609,-0.0001
2025112609,-0.0001
2025112610,3.8
2025112610,0.0
2025112610,-0.0001
2025112610,-0.0001
2025112611,1.2
2025112611,0.91
2025112611,0.0
2025112611,-0.0001
2025112612,-0.0001
2025112612,-0.0001
2025112612,-0.0001
2025112612,-0.0001
2025112613,-0.0001
2025112613,-0.0001
2025112613,-0.0001
2025112613,-0.0001
2025112614,-0.0001
2025112614,-0.0001
2025112614,-0.0001
2025112614,-0.0001
2025112615,-0.0001
2025112615,-0.0001
2025112615,-0.0001
2025112615,-0.0001
2025112616,-0.0001
2025112616,-0.0001
2025112616,-0.0001
2025112616,-0.0001
2025112617,-0.0001
2025112617,-0.0001
2025112617,-0.0001
2025112617,-0.0001
2025112618,-0.0001
2025112618,-0.0001
2025112618,-0.0001
2025112618,-0.0001
2025112619,-0.0001
2025112619,-0.0001
2025112619,-0.0001
2025112619,-0.0001
2025112620,-0.0001
2025112620,-0.0001
2025112620,-0.0001
2025112620,-0.0001
2025112621,-0.0001
2025112621,-0.0001
2025112621,-0.0001
2025112621,-0.0001
2025112622,-0.0001
2025112622,-0.0001
2025112622,-0.0001
2025112622,-0.0001
2025112623,-0.0001
2025112623,-0.0001
2025112623,-0.0001
2025112623,-0.0001
2025112700,0.0
2025112700,-0.0001
2025112700,-0.0001
2025112700,-0.0001
2025112701,-0.0001
2025112701,-0.0001
2025112701,-0.0001
2025112701,-0.0001
2025112702,-0.0001
2025112702,-0.0001
2025112702,-0.0001
2025112702,-0.0001
2025112703,-0.0001
2025112703,-0.0001
2025112703,-0.0001
2025112703,-0.0001
2025112704,-0.0001
2025112704,-0.0001
2025112704,-0.0001
2025112704,-0.0001
2025112705,-0.0001
2025112705,-0.0001
2025112705,-0.0001
2025112705,-0.0001
2025112706,-0.0001
2025112706,-0.0001
2025112706,-0.0001
2025112706,-0.0001
2025112707,-0.0001
2025112707,-0.0001
2025112707,-0.0001
2025112707,-0.0001
2025112708,-0.0001
2025112708,-0.0001
2025112708,-0.0001
2025112708,-0.0001
2025112709,-0.0001
2025112709,-0.0001
2025112709,-0.0001
2025112709,-0.0001
2025112710,-0.0001
2025112710,-0.0001
2025112710,-0.0001
2025112710,-0.0001
2025112711,-0.0001
2025112711,-0.0001
2025112711,-0.0001
2025112711,-0.0001
2025112712,-0.0001
2025112712,-0.0001
2025112712,-0.0001
2025112712,-0.0001
2025112713,-0.0001
2025112713,-0.0001
2025112713,-0.0001
2025112713,-0.0001
2025112714,-0.0001
2025112714,-0.0001
2025112714,-0.0001
2025112714,-0.0001
2025112715,-0.0001
2025112715,-0.0001
2025112715,-0.0001
2025112715,-0.0001
2025112716,-0.0001
2025112716,-0.0001
2025112716,-0.0001
2025112716,-0.0001
2025112717,-0.0001
2025112717,-0.0001
2025112717,-0.0001
2025112717,-0.0001
2025112718,-0.0001
2025112718,-0.0001
2025112718,-0.0001
2025112718,-0.0001
2025112719,-0.0001
2025112719,-0.0001
2025112719,-0.0001
2025112719,-0.0001
2025112720,-0.0001
2025112720,-0.0001
2025112720,-0.0001
2025112720,-0.0001
2025112721,-0.0001
2025112721,-0.0001
2025112721,-0.0001
2025112721,-0.0001
2025112722,-0.0001
2025112722,-0.0001
2025112722,-0.0001
2025112722,-0.0001
2025112723,-0.0001
2025112723,-0.0001
2025112723,-0.0001
2025112723,-0.0001
2025112800,0.0
2025112800,-0.0001
2025112800,-0.0001
2025112800,-0.0001
2025112801,-0.0001
2025112801,-0.0001
2025112801,-0.0001
2025112801,-0.0001
2025112802,-0.0001
2025112802,-0.0001
2025112802,-0.0001
2025112802,-0.0001
2025112803,-0.0001
2025112803,-0.0001
2025112803,-0.0001
2025112803,-0.0001
2025112804,-0.0001
2025112804,-0.0001
2025112804,-0.0001
2025112804,-0.0001
2025112805,-0.0001
2025112805,-0.0001
2025112805,-0.0001
2025112805,-0.0001
2025112806,-0.0001
2025112806,-0.0001
2025112806,-0.0001
2025112806,-0.0001
2025112807,-0.0001
2025112807,-0.0001
2025112807,-0.0001
2025112807,-0.0001
2025112808,-0.0001
2025112808,-0.0001
2025112808,-0.0001
2025112808,-0.0001
2025112809,-0.0001
2025112809,-0.0001
2025112809,-0.0001
2025112809,-0.0001
2025112810,-0.0001
2025112810,-0.0001
2025112810,-0.0001
2025112810,-0.0001
2025112811,-0.0001
2025112811,-0.0001
2025112811,-0.0001
2025112811,-0.0001
2025112812,-0.0001
2025112812,-0.0001
2025112812,-0.0001
2025112812,-0.0001
2025112813,-0.0001
2025112813,-0.0001
2025112813,-0.0001
2025112813,-0.0001
2025112814,-0.0001
2025112814,-0.0001
2025112814,-0.0001
2025112814,-0.0001
2025112815,-0.0001
2025112815,-0.0001
2025112815,-0.0001
2025112815,-0.0001
2025112816,-0.0001
2025112816,-0.0001
2025112816,-0.0001
2025112816,-0.0001
2025112817,-0.0001
2025112817,-0.0001
2025112817,-0.0001
2025112817,-0.0001
2025112818,-0.0001
2025112818,-0.0001
2025112818,-0.0001
2025112818,-0.0001
2025112819,-0.0001
2025112819,-0.0001
2025112819,-0.0001
2025112819,-0.0001
2025112820,-0.0001
2025112820,-0.0001
2025112820,-0.0001
2025112820,-0.0001
2025112821,-0.0001
2025112821,-0.0001
2025112821,-0.0001
2025112821,-0.0001
2025112822,-0.0001
2025112822,-0.0001
2025112822,-0.0001
2025112822,-0.0001
2025112823,-0.0001
2025112823,-0.0001
2025112823,-0.0001
2025112823,-0.0001
2025112900,0.0
2025112900,-0.0001
2025112900,-0.0001
2025112900,-0.0001
2025112901,-0.0001
2025112901,-0.0001
2025112901,-0.0001
2025112901,-0.0001
2025112902,-0.0001
2025112902,-0.0001
2025112902,-0.0001
2025112902,-0.0001
2025112903,-0.0001
2025112903,-0.0001
2025112903,-0.0001
2025112903,-0.0001
2025112904,-0.0001
2025112904,-0.0001
2025112904,-0.0001
2025112904,-0.0001
2025112905,-0.0001
2025112905,-0.0001
2025112905,-0.0001
2025112905,-0.0001
2025112906,-0.0001
2025112906,-0.0001
2025112906,-0.0001
2025112906,-0.0001
2025112907,-0.0001
2025112907,-0.0001
2025112907,-0.0001
2025112907,-0.0001
2025112908,-0.0001
2025112908,-0.0001
2025112908,-0.0001
2025112908,-0.0001
2025112909,0.01
2025112909,5.4
2025112909,-0.0001
2025112909,-0.0001
2025112910,3.15
2025112910,4.48
2025112910,0.42
2025112910,0.0
2025112911,-0.0001
2025112911,-0.0001
2025112911,-0.0001
2025112911,-0.0001
2025112912,-0.0001
2025112912,-0.0001
2025112912,-0.0001
2025112912,-0.0001
2025112913,-0.0001
2025112913,-0.0001
2025112913,-0.0001
2025112913,-0.0001
2025112914,-0.0001
2025112914,-0.0001
2025112914,-0.0001
2025112914,-0.0001
2025112915,-0.0001
2025112915,-0.0001
2025112915,-0.0001
2025112915,-0.0001
2025112916,-0.0001
2025112916,-0.0001
2025112916,-0.0001
2025112916,-0.0001
2025112917,-0.0001
2025112917,-0.0001
2025112917,-0.0001
2025112917,-0.0001
2025112918,-0.0001
2025112918,-0.0001
2025112918,-0.0001
2025112918,-0.0001
2025112919,-0.0001
2025112919,-0.0001
2025112919,-0.0001
2025112919,-0.0001
2025112920,-0.0001
2025112920,-0.0001
2025112920,-0.0001
2025112920,-0.0001
2025112921,-0.0001
2025112921,-0.0001
2025112921,-0.0001
2025112921,-0.0001
2025112922,-0.0001
2025112922,-0.0001
2025112922,-0.0001
2025112922,-0.0001
2025112923,-0.0001
2025112923,-0.0001
2025112923,-0.0001
2025112923,-0.0001
2025113000,0.0
2025113000,-0.0001
2025113000,-0.0001
2025113000,-0.0001
2025113001,-0.0001
2025113001,-0.0001
2025113001,-0.0001
2025113001,-0.0001
2025113002,-0.0001
2025113002,-0.0001
2025113002,-0.0001
2025113002,-0.0001
2025113003,-0.0001
2025113003,-0.0001
2025113003,-0.0001
2025113003,-0.0001
2025113004,-0.0001
2025113004,-0.0001
2025113004,-0.0001
2025113004,-0.0001
2025113005,-0.0001
2025113005,-0.0001
2025113005,-0.0001
2025113005,-0.0001
2025113006,-0.0001
2025113006,-0.0001
2025113006,-0.0001
2025113006,-0.0001
2025113007,-0.0001
2025113007,-0.0001
2025113007,-0.0001
2025113007,-0.0001
2025113008,-0.0001
2025113008,-0.0001
2025113008,-0.0001
2025113008,-0.0001
2025113009,-0.0001
2025113009,-0.0001
2025113009,-0.0001
2025113009,-0.0001
2025113010,4.65
2025113010,3.09
2025113010,9.85
2025113010,3.58
2025113011,13.2
2025113011,31.47
2025113011,39.08
2025113011,32.52
2025113012,18.83
2025113012,18.79
2025113012,23.45
2025113012,1.21
2025113013,0.0
2025113013,4.66
2025113013,0.01
2025113013,0.0
2025113014,-0.0001
2025113014,-0.0001
2025113014,-0.0001
2025113014,-0.0001
2025113015,-0.0001
2025113015,-0.0001
2025113015,-0.0001
2025113015,-0.0001
2025113016,-0.0001
2025113016,-0.0001
2025113016,-0.0001
2025113016,-0.0001
2025113017,-0.0001
2025113017,-0.0001
2025113017,-0.0001
2025113017,-0.0001
2025113018,-0.0001
2025113018,-0.0001
2025113018,-0.0001
2025113018,-0.0001
2025113019,-0.0001
2025113019,-0.0001
2025113019,-0.0001
2025113019,-0.0001
2025113020,-0.0001
2025113020,-0.0001
2025113020,-0.0001
2025113020,-0.0001
2025113021,-0.0001
2025113021,-0.0001
2025113021,-0.0001
2025113021,-0.0001
2025113022,-0.0001
2025113022,-0.0001
2025113022,-0.0001
2025113022,-0.0001
2025113023,-0.0001
2025113023,-0.0001
2025113023,-0.0001
2025113023,-0.0001
2025120100,0.0
2025120100,-0.0001
2025120100,-0.0001
2025120100,-0.0001
2025120101,-0.0001
2025120101,-0.0001
2025120101,-0.0001
2025120101,-0.0001
2025120102,-0.0001
2025120102,-0.0001
2025120102,-0.0001
2025120102,-0.0001
2025120103,-0.0001
2025120103,-0.0001
2025120103,-0.0001
2025120103,-0.0001
2025120104,-0.0001
2025120104,-0.0001
2025120104,-0.0001
2025120104,-0.0001
2025120105,-0.0001
2025120105,-0.0001
2025120105,-0.0001
2025120105,-0.0001
2025120106,-0.0001
2025120106,-0.0001
2025120106,-0.0001
2025120106,-0.0001
2025120107,0.35
2025120107,4.4
2025120107,-0.0001
2025120107,-0.0001
2025120108,11.15
2025120108,11.72
2025120108,5.72
2025120108,8.32
2025120109,25.14
2025120109,30.83
2025120109,37.04
2025120109,50.17
2025120110,52.22
2025120110,59.7
2025120110,56.9
2025120110,42.94
2025120111,26.19
2025120111,23.98
2025120111,17.06
2025120111,17.43
2025120112,17.79
2025120112,12.53
2025120112,10.19
2025120112,10.78
2025120113,8.74
2025120113,6.98
2025120113,6.25
2025120113,2.17
2025120114,0.0
2025120114,-0.0001
2025120114,-0.0001
2025120114,-0.0001
2025120115,-0.0001
2025120115,-0.0001
2025120115,-0.0001
2025120115,-0.0001
2025120116,-0.0001
2025120116,-0.0001
2025120116,-0.0001
2025120116,-0.0001
2025120117,-0.0001
2025120117,-0.0001
2025120117,-0.0001
2025120117,-0.0001
2025120118,-0.0001
2025120118,-0.0001
2025120118,-0.0001
2025120118,-0.0001
2025120119,-0.0001
2025120119,-0.0001
2025120119,-0.0001
2025120119,-0.0001
2025120120,-0.0001
2025120120,-0.0001
2025120120,-0.0001
2025120120,-0.0001
2025120121,-0.0001
2025120121,-0.0001
2025120121,-0.0001
2025120121,-0.0001
2025120122,-0.0001
2025120122,-0.0001
2025120122,-0.0001
2025120122,-0.0001
2025120123,-0.0001
2025120123,-0.0001
2025120123,-0.0001
2025120123,-0.0001
2025120200,0.0
2025120200,-0.0001
2025120200,-0.0001
2025120200,-0.0001
2025120201,-0.0001
2025120201,-0.0001
2025120201,-0.0001
2025120201,-0.0001
2025120202,-0.0001
2025120202,-0.0001
2025120202,-0.0001
2025120202,-0.0001
2025120203,-0.0001
2025120203,-0.0001
2025120203,-0.0001
2025120203,-0.0001
2025120204,-0.0001
2025120204,-0.0001
2025120204,-0.0001
2025120204,-0.0001
2025120205,-0.0001
2025120205,-0.0001
2025120205,-0.0001
2025120205,-0.0001
2025120206,-0.0001
2025120206,-0.0001
2025120206,-0.0001
2025120206,-0.0001
2025120207,-0.0001
2025120207,-0.0001
2025120207,-0.0001
2025120207,-0.0001
2025120208,0.15
2025120208,-0.0001
2025120208,-0.0001
2025120208,-0.0001
2025120209,0.0
2025120209,-0.0001
2025120209,-0.0001
2025120209,-0.0001
2025120210,3.41
2025120210,17.76
2025120210,-0.0001
2025120210,-0.0001
2025120211,29.98
2025120211,30.27
2025120211,23.48
2025120211,11.43
2025120212,6.92
2025120212,6.06
2025120212,4.09
2025120212,1.24
2025120213,2.07
2025120213,0.25
2025120213,0.11
2025120213,0.0
2025120214,-0.0001
2025120214,-0.0001
2025120214,-0.0001
2025120214,-0.0001
2025120215,-0.0001
2025120215,-0.0001
2025120215,-0.0001
2025120215,-0.0001
2025120216,-0.0001
2025120216,-0.0001
2025120216,-0.0001
2025120216,-0.0001
2025120217,-0.0001
2025120217,-0.0001
2025120217,-0.0001
2025120217,-0.0001
2025120218,-0.0001
2025120218,-0.0001
2025120218,-0.0001
2025120218,-0.0001
2025120219,-0.0001
2025120219,-0.0001
2025120219,-0.0001
2025120219,-0.0001
2025120220,-0.0001
2025120220,-0.0001
2025120220,-0.0001
2025120220,-0.0001
2025120221,-0.0001
2025120221,-0.0001
2025120221,-0.0001
2025120221,-0.0001
2025120222,-0.0001
2025120222,-0.0001
2025120222,-0.0001
2025120222,-0.0001
2025120223,-0.0001
2025120223,-0.0001
2025120223,-0.0001
2025120223,-0.0001
2025120300,0.0
2025120300,-0.0001
2025120300,-0.0001
2025120300,-0.0001
2025120301,-0.0001
2025120301,-0.0001
2025120301,-0.0001
2025120301,-0.0001
2025120302,-0.0001
2025120302,-0.0001
2025120302,-0.0001
2025120302,-0.0001
2025120303,-0.0001
2025120303,-0.0001
2025120303,-0.0001
2025120303,-0.0001
2025120304,-0.0001
2025120304,-0.0001
2025120304,-0.0001
2025120304,-0.0001
2025120305,-0.0001
2025120305,-0.0001
2025120305,-0.0001
2025120305,-0.0001
2025120306,-0.0001
2025120306,-0.0001
2025120306,-0.0001
2025120306,-0.0001
2025120307,-0.0001
2025120307,-0.0001
2025120307,-0.0001
2025120307,-0.0001
2025120308,-0.0001
2025120308,-0.0001
2025120308,-0.0001
2025120308,-0.0001
2025120309,2.78
2025120309,0.38
2025120309,0.0
2025120309,-0.0001
2025120310,-0.0001
2025120310,-0.0001
2025120310,-0.0001
2025120310,-0.0001
2025120311,2.06
2025120311,9.96
2025120311,0.57
2025120311,4.52
2025120312,7.6
2025120312,0.16
2025120312,4.44
2025120312,6.42
2025120313,2.09
2025120313,0.0
2025120313,-0.0001
2025120313,-0.0001
2025120314,0.25
2025120314,0.0
2025120314,-0.0001
2025120314,-0.0001
2025120315,-0.0001
2025120315,-0.0001
2025120315,-0.0001
2025120315,-0.0001
2025120316,-0.0001
2025120316,-0.0001
2025120316,-0.0001
2025120316,-0.0001
2025120317,-0.0001
2025120317,-0.0001
2025120317,-0.0001
2025120317,-0.0001
2025120318,-0.0001
2025120318,-0.0001
2025120318,-0.0001
2025120318,-0.0001
2025120319,-0.0001
2025120319,-0.0001
2025120319,-0.0001
2025120319,-0.0001
2025120320,-0.0001
2025120320,-0.0001
2025120320,-0.0001
2025120320,-0.0001
2025120321,-0.0001
2025120321,-0.0001
2025120321,-0.0001
2025120321,-0.0001
2025120322,-0.0001
2025120322,-0.0001
2025120322,-0.0001
2025120322,-0.0001
2025120323,-0.0001
2025120323,-0.0001
2025120323,-0.0001
2025120323,-0.0001
2025120400,0.0
2025120400,-0.0001
2025120400,-0.0001
2025120400,-0.0001
2025120401,-0.0001
2025120401,-0.0001
2025120401,-0.0001
2025120401,-0.0001
2025120402,-0.0001
2025120402,-0.0001
2025120402,-0.0001
2025120402,-0.0001
2025120403,-0.0001
2025120403,-0.0001
2025120403,-0.0001
2025120403,-0.0001
2025120404,-0.0001
2025120404,-0.0001
2025120404,-0.0001
2025120404,-0.0001
2025120405,-0.0001
2025120405,-0.0001
2025120405,-0.0001
2025120405,-0.0001
2025120406,-0.0001
2025120406,-0.0001
2025120406,-0.0001
2025120406,-0.0001
2025120407,-0.0001
2025120407,-0.0001
2025120407,-0.0001
2025120407,-0.0001
2025120408,-0.0001
2025120408,-0.0001
2025120408,-0.0001
2025120408,-0.0001
2025120409,-0.0001
2025120409,-0.0001
2025120409,-0.0001
2025120409,-0.0001
2025120410,0.3
2025120410,1.09
2025120410,1.43
2025120410,2.39
2025120411,5.22
2025120411,6.8
2025120411,14.99
2025120411,4.97
2025120412,2.47
2025120412,6.23
2025120412,12.7
2025120412,9.61
2025120413,5.5
2025120413,5.62
2025120413,0.97
2025120413,0.0
2025120414,-0.0001
2025120414,-0.0001
2025120414,-0.0001
2025120414,-0.0001
2025120415,-0.0001
2025120415,-0.0001
2025120415,-0.0001
2025120415,-0.0001
2025120416,-0.0001
2025120416,-0.0001
2025120416,-0.0001
2025120416,-0.0001
2025120417,-0.0001
2025120417,-0.0001
2025120417,-0.0001
2025120417,-0.0001
2025120418,-0.0001
2025120418,-0.0001
2025120418,-0.0001
2025120418,-0.0001
2025120419,-0.0001
2025120419,-0.0001
2025120419,-0.0001
2025120419,-0.0001
2025120420,-0.0001
2025120420,-0.0001
2025120420,-0.0001
2025120420,-0.0001
2025120421,-0.0001
2025120421,-0.0001
2025120421,-0.0001
2025120421,-0.0001
2025120422,-0.0001
2025120422,-0.0001
2025120422,-0.0001
2025120422,-0.0001
2025120423,-0.0001
2025120423,-0.0001
2025120423,-0.0001
2025120423,-0.0001
2025120500,0.0
2025120500,-0.0001
2025120500,-0.0001
2025120500,-0.0001
2025120501,-0.0001
2025120501,-0.0001
2025120501,-0.0001
2025120501,-0.0001
2025120502,-0.0001
2025120502,-0.0001
2025120502,-0.0001
2025120502,-0.0001
2025120503,-0.0001
2025120503,-0.0001
2025120503,-0.0001
2025120503,-0.0001
2025120504,-0.0001
2025120504,-0.0001
2025120504,-0.0001
2025120504,-0.0001
2025120505,-0.0001
2025120505,-0.0001
2025120505,-0.0001
2025120505,-0.0001
2025120506,-0.0001
2025120506,-0.0001
2025120506,-0.0001
2025120506,-0.0001
2025120507,-0.0001
2025120507,-0.0001
2025120507,-0.0001
2025120507,-0.0001
2025120508,-0.0001
2025120508,-0.0001
2025120508,-0.0001
2025120508,-0.0001
2025120509,-0.0001
2025120509,-0.0001
2025120509,-0.0001
2025120509,-0.0001
2025120510,-0.0001
2025120510,-0.0001
2025120510,-0.0001
2025120510,-0.0001
2025120511,-0.0001
2025120511,-0.0001
2025120511,-0.0001
2025120511,-0.0001
2025120512,-0.0001
2025120512,-0.0001
2025120512,-0.0001
2025120512,-0.0001
2025120513,-0.0001
2025120513,-0.0001
2025120513,-0.0001
2025120513,-0.0001
2025120514,-0.0001
2025120514,-0.0001
2025120514,-0.0001
2025120514,-0.0001
2025120515,-0.0001
2025120515,-0.0001
2025120515,-0.0001
2025120515,-0.0001
2025120516,-0.0001
2025120516,-0.0001
2025120516,-0.0001
2025120516,-0.0001
2025120517,-0.0001
2025120517,-0.0001
2025120517,-0.0001
2025120517,-0.0001
2025120518,-0.0001
2025120518,-0.0001
2025120518,-0.0001
2025120518,-0.0001
2025120519,-0.0001
2025120519,-0.0001
2025120519,-0.0001
2025120519,-0.0001
2025120520,-0.0001
2025120520,-0.0001
2025120520,-0.0001
2025120520,-0.0001
2025120521,-0.0001
2025120521,-0.0001
2025120521,-0.0001
2025120521,-0.0001
2025120522,-0.0001
2025120522,-0.0001
2025120522,-0.0001
2025120522,-0.0001
2025120523,-0.0001
2025120523,-0.0001
2025120523,-0.0001
2025120523,-0.0001
2025120600,0.0
2025120600,-0.0001
2025120600,-0.0001
2025120600,-0.0001
2025120601,-0.0001
2025120601,-0.0001
2025120601,-0.0001
2025120601,-0.0001
2025120602,-0.0001
2025120602,-0.0001
2025120602,-0.0001
2025120602,-0.0001
2025120603,-0.0001
2025120603,-0.0001
2025120603,-0.0001
2025120603,-0.0001
2025120604,-0.0001
2025120604,-0.0001
2025120604,-0.0001
2025120604,-0.0001
2025120605,-0.0001
2025120605,-0.0001
2025120605,-0.0001
2025120605,-0.0001
2025120606,-0.0001
2025120606,-0.0001
2025120606,-0.0001
2025120606,-0.0001
2025120607,-0.0001
2025120607,-0.0001
2025120607,-0.0001
2025120607,-0.0001
2025120608,-0.0001
2025120608,-0.0001
2025120608,-0.0001
2025120608,-0.0001
2025120609,-0.0001
2025120609,-0.0001
2025120609,-0.0001
2025120609,-0.0001
2025120610,-0.0001
2025120610,-0.0001
2025120610,-0.0001
2025120610,-0.0001
2025120611,-0.0001
2025120611,-0.0001
2025120611,-0.0001
2025120611,-0.0001
2025120612,-0.0001
2025120612,-0.0001
2025120612,-0.0001
2025120612,-0.0001
2025120613,-0.0001
2025120613,-0.0001
2025120613,-0.0001
2025120613,-0.0001
2025120614,-0.0001
2025120614,-0.0001
2025120614,-0.0001
2025120614,-0.0001
2025120615,-0.0001
2025120615,-0.0001
2025120615,-0.0001
2025120615,-0.0001
2025120616,-0.0001
2025120616,-0.0001
2025120616,-0.0001
2025120616,-0.0001
2025120617,-0.0001
2025120617,-0.0001
2025120617,-0.0001
2025120617,-0.0001
2025120618,-0.0001
2025120618,-0.0001
2025120618,-0.0001
2025120618,-0.0001
2025120619,-0.0001
2025120619,-0.0001
2025120619,-0.0001
2025120619,-0.0001
2025120620,-0.0001
2025120620,-0.0001
2025120620,-0.0001
2025120620,-0.0001
2025120621,-0.0001
2025120621,-0.0001
2025120621,-0.0001
2025120621,-0.0001
2025120622,-0.0001
2025120622,-0.0001
2025120622,-0.0001
2025120622,-0.0001
2025120623,-0.0001
2025120623,-0.0001
2025120623,-0.0001
2025120623,-0.0001
2025120700,0.0
2025120700,-0.0001
2025120700,-0.0001
2025120700,-0.0001
2025120701,-0.0001
2025120701,-0.0001
2025120701,-0.0001
2025120701,-0.0001
2025120702,-0.0001
2025120702,-0.0001
2025120702,-0.0001
2025120702,-0.0001
2025120703,-0.0001
2025120703,-0.0001
2025120703,-0.0001
2025120703,-0.0001
2025120704,-0.0001
2025120704,-0.0001
2025120704,-0.0001
2025120704,-0.0001
2025120705,-0.0001
2025120705,-0.0001
2025120705,-0.0001
2025120705,-0.0001
2025120706,-0.0001
2025120706,-0.0001
2025120706,-0.0001
2025120706,-0.0001
2025120707,-0.0001
2025120707,-0.0001
2025120707,-0.0001
2025120707,-0.0001
2025120708,-0.0001
2025120708,-0.0001
2025120708,-0.0001
2025120708,-0.0001
2025120709,-0.0001
2025120709,-0.0001
2025120709,-0.0001
2025120709,-0.0001
2025120710,-0.0001
2025120710,-0.0001
2025120710,-0.0001
2025120710,-0.0001
2025120711,-0.0001
2025120711,-0.0001
2025120711,-0.0001
2025120711,-0.0001
2025120712,-0.0001
2025120712,-0.0001
2025120712,-0.0001
2025120712,-0.0001
2025120713,-0.0001
2025120713,-0.0001
2025120713,-0.0001
2025120713,-0.0001
2025120714,-0.0001
2025120714,-0.0001
2025120714,-0.0001
2025120714,-0.0001
2025120715,-0.0001
2025120715,-0.0001
2025120715,-0.0001
2025120715,-0.0001
2025120716,-0.0001
2025120716,-0.0001
2025120716,-0.0001
2025120716,-0.0001
2025120717,-0.0001
2025120717,-0.0001
2025120717,-0.0001
2025120717,-0.0001
2025120718,-0.0001
2025120718,-0.0001
2025120718,-0.0001
2025120718,-0.0001
2025120719,-0.0001
2025120719,-0.0001
2025120719,-0.0001
2025120719,-0.0001
2025120720,-0.0001
2025120720,-0.0001
2025120720,-0.0001
2025120720,-0.0001
2025120721,-0.0001
2025120721,-0.0001
2025120721,-0.0001
2025120721,-0.0001
2025120722,-0.0001
2025120722,-0.0001
2025120722,-0.0001
2025120722,-0.0001
2025120723,-0.0001
2025120723,-0.0001
2025120723,-0.0001
2025120723,-0.0001
2025120800,0.0
2025120800,-0.0001
2025120800,-0.0001
2025120800,-0.0001
2025120801,-0.0001
2025120801,-0.0001
2025120801,-0.0001
2025120801,-0.0001
2025120802,-0.0001
2025120802,-0.0001
2025120802,-0.0001
2025120802,-0.0001
2025120803,-0.0001
2025120803,-0.0001
2025120803,-0.0001
2025120803,-0.0001
2025120804,-0.0001
2025120804,-0.0001
2025120804,-0.0001
2025120804,-0.0001
2025120805,-0.0001
2025120805,-0.0001
2025120805,-0.0001
2025120805,-0.0001
2025120806,-0.0001
2025120806,-0.0001
2025120806,-0.0001
2025120806,-0.0001
2025120807,-0.0001
2025120807,-0.0001
2025120807,-0.0001
2025120807,-0.0001
2025120808,-0.0001
2025120808,-0.0001
2025120808,-0.0001
2025120808,-0.0001
2025120809,-0.0001
2025120809,-0.0001
2025120809,-0.0001
2025120809,-0.0001
2025120810,5.66
2025120810,5.77
2025120810,7.67
2025120810,0.0
2025120811,-0.0001
2025120811,-0.0001
2025120811,-0.0001
2025120811,-0.0001
2025120812,-0.0001
2025120812,-0.0001
2025120812,-0.0001
2025120812,-0.0001
2025120813,-0.0001
2025120813,-0.0001
2025120813,-0.0001
2025120813,-0.0001
2025120814,-0.0001
2025120814,-0.0001
2025120814,-0.0001
2025120814,-0.0001
2025120815,-0.0001
2025120815,-0.0001
2025120815,-0.0001
2025120815,-0.0001
2025120816,-0.0001
2025120816,-0.0001
2025120816,-0.0001
2025120816,-0.0001
2025120817,-0.0001
2025120817,-0.0001
2025120817,-0.0001
2025120817,-0.0001
2025120818,-0.0001
2025120818,-0.0001
2025120818,-0.0001
2025120818,-0.0001
2025120819,-0.0001
2025120819,-0.0001
2025120819,-0.0001
2025120819,-0.0001
2025120820,-0.0001
2025120820,-0.0001
2025120820,-0.0001
2025120820,-0.0001
2025120821,-0.0001
2025120821,-0.0001
2025120821,-0.0001
2025120821,-0.0001
2025120822,-0.0001
2025120822,-0.0001
2025120822,-0.0001
2025120822,-0.0001
2025120823,-0.0001
2025120823,-0.0001
2025120823,-0.0001
2025120823,-0.0001
2025120900,0.0
2025120900,-0.0001
2025120900,-0.0001
2025120900,-0.0001
2025120901,-0.0001
2025120901,-0.0001
2025120901,-0.0001
2025120901,-0.0001
2025120902,-0.0001
2025120902,-0.0001
2025120902,-0.0001
2025120902,-0.0001
2025120903,-0.0001
2025120903,-0.0001
2025120903,-0.0001
2025120903,-0.0001
2025120904,-0.0001
2025120904,-0.0001
2025120904,-0.0001
2025120904,-0.0001
2025120905,-0.0001
2025120905,-0.0001
2025120905,-0.0001
2025120905,-0.0001
2025120906,-0.0001
2025120906,-0.0001
2025120906,-0.0001
2025120906,-0.0001
2025120907,-0.0001
2025120907,-0.0001
2025120907,-0.0001
2025120907,-0.0001
2025120908,-0.0001
2025120908,-0.0001
2025120908,-0.0001
2025120908,-0.0001
2025120909,-0.0001
2025120909,-0.0001
2025120909,-0.0001
2025120909,-0.0001
2025120910,-0.0001
2025120910,-0.0001
2025120910,-0.0001
2025120910,-0.0001
2025120911,-0.0001
2025120911,-0.0001
2025120911,-0.0001
2025120911,-0.0001
2025120912,-0.0001
2025120912,-0.0001
2025120912,-0.0001
2025120912,-0.0001
2025120913,-0.0001
2025120913,-0.0001
2025120913,-0.0001
2025120913,-0.0001
2025120914,-0.0001
2025120914,-0.0001
2025120914,-0.0001
2025120914,-0.0001
2025120915,-0.0001
2025120915,-0.0001
2025120915,-0.0001
2025120915,-0.0001
2025120916,-0.0001
2025120916,-0.0001
2025120916,-0.0001
2025120916,-0.0001
2025120917,-0.0001
2025120917,-0.0001
2025120917,-0.0001
2025120917,-0.0001
2025120918,-0.0001
2025120918,-0.0001
2025120918,-0.0001
2025120918,-0.0001
2025120919,-0.0001
2025120919,-0.0001
2025120919,-0.0001
2025120919,-0.0001
2025120920,-0.0001
2025120920,-0.0001
2025120920,-0.0001
2025120920,-0.0001
2025120921,-0.0001
2025120921,-0.0001
2025120921,-0.0001
2025120921,-0.0001
2025120922,-0.0001
2025120922,-0.0001
2025120922,-0.0001
2025120922,-0.0001
2025120923,-0.0001
2025120923,-0.0001
2025120923,-0.0001
2025120923,-0.0001
2025121000,0.0
2025121000,-0.0001
2025121000,-0.0001
2025121000,-0.0001
2025121001,-0.0001
2025121001,-0.0001
2025121001,-0.0001
2025121001,-0.0001
2025121002,-0.0001
2025121002,-0.0001
2025121002,-0.0001
2025121002,-0.0001
2025121003,-0.0001
2025121003,-0.0001
2025121003,-0.0001
2025121003,-0.0001
2025121004,-0.0001
2025121004,-0.0001
2025121004,-0.0001
2025121004,-0.0001
2025121005,-0.0001
2025121005,-0.0001
2025121005,-0.0001
2025121005,-0.0001
2025121006,-0.0001
2025121006,-0.0001
2025121006,-0.0001
2025121006,-0.0001
2025121007,-0.0001
2025121007,-0.0001
2025121007,-0.0001
2025121007,-0.0001
2025121008,-0.0001
2025121008,-0.0001
2025121008,-0.0001
2025121008,-0.0001
2025121009,-0.0001
2025121009,-0.0001
2025121009,-0.0001
2025121009,-0.0001
2025121010,-0.0001
2025121010,-0.0001
2025121010,-0.0001
2025121010,-0.0001
2025121011,-0.0001
2025121011,-0.0001
2025121011,-0.0001
2025121011,-0.0001
2025121012,-0.0001
2025121012,-0.0001
2025121012,-0.0001
2025121012,-0.0001
2025121013,-0.0001
2025121013,-0.0001
2025121013,-0.0001
2025121013,-0.0001
2025121014,-0.0001
2025121014,-0.0001
2025121014,-0.0001
2025121014,-0.0001
2025121015,-0.0001
2025121015,-0.0001
2025121015,-0.0001
2025121015,-0.0001
2025121016,-0.0001
2025121016,-0.0001
2025121016,-0.0001
2025121016,-0.0001
2025121017,-0.0001
2025121017,-0.0001
2025121017,-0.0001
2025121017,-0.0001
2025121018,-0.0001
2025121018,-0.0001
2025121018,-0.0001
2025121018,-0.0001
2025121019,-0.0001
2025121019,-0.0001
2025121019,-0.0001
2025121019,-0.0001
2025121020,-0.0001
2025121020,-0.0001
2025121020,-0.0001
2025121020,-0.0001
2025121021,-0.0001
2025121021,-0.0001
2025121021,-0.0001
2025121021,-0.0001
2025121022,-0.0001
2025121022,-0.0001
2025121022,-0.0001
2025121022,-0.0001
2025121023,-0.0001
2025121023,-0.0001
2025121023,-0.0001
2025121023,-0.0001
2025121100,0.0
2025121100,-0.0001
2025121100,-0.0001
2025121100,-0.0001
2025121101,-0.0001
2025121101,-0.0001
2025121101,-0.0001
2025121101,-0.0001
2025121102,-0.0001
2025121102,-0.0001
2025121102,-0.0001
2025121102,-0.0001
2025121103,-0.0001
2025121103,-0.0001
2025121103,-0.0001
2025121103,-0.0001
2025121104,-0.0001
2025121104,-0.0001
2025121104,-0.0001
2025121104,-0.0001
2025121105,-0.0001
2025121105,-0.0001
2025121105,-0.0001
2025121105,-0.0001
2025121106,-0.0001
2025121106,-0.0001
2025121106,-0.0001
2025121106,-0.0001
2025121107,-0.0001
2025121107,-0.0001
2025121107,-0.0001
2025121107,-0.0001
2025121108,-0.0001
2025121108,-0.0001
2025121108,-0.0001
2025121108,-0.0001
2025121109,-0.0001
2025121109,-0.0001
2025121109,-0.0001
2025121109,-0.0001
2025121110,-0.0001
2025121110,-0.0001
2025121110,-0.0001
2025121110,-0.0001
2025121111,-0.0001
2025121111,-0.0001
2025121111,-0.0001
2025121111,-0.0001
2025121112,-0.0001
2025121112,-0.0001
2025121112,-0.0001
2025121112,-0.0001
2025121113,-0.0001
2025121113,-0.0001
2025121113,-0.0001
2025121113,-0.0001
2025121114,-0.0001
2025121114,-0.0001
2025121114,-0.0001
2025121114,-0.0001
2025121115,-0.0001
2025121115,-0.0001
2025121115,-0.0001
2025121115,-0.0001
2025121116,-0.0001
2025121116,-0.0001
2025121116,-0.0001
2025121116,-0.0001
2025121117,-0.0001
2025121117,-0.0001
2025121117,-0.0001
2025121117,-0.0001
2025121118,-0.0001
2025121118,-0.0001
2025121118,-0.0001
2025121118,-0.0001
2025121119,-0.0001
2025121119,-0.0001
2025121119,-0.0001
2025121119,-0.0001
2025121120,-0.0001
2025121120,-0.0001
2025121120,-0.0001
2025121120,-0.0001
2025121121,-0.0001
2025121121,-0.0001
2025121121,-0.0001
2025121121,-0.0001
2025121122,-0.0001
2025121122,-0.0001
2025121122,-0.0001
2025121122,-0.0001
2025121123,-0.0001
2025121123,-0.0001
2025121123,-0.0001
2025121123,-0.0001
2025121200,0.0
2025121200,-0.0001
2025121200,-0.0001
2025121200,-0.0001
2025121201,-0.0001
2025121201,-0.0001
2025121201,-0.0001
2025121201,-0.0001
2025121202,-0.0001
2025121202,-0.0001
2025121202,-0.0001
2025121202,-0.0001
2025121203,-0.0001
2025121203,-0.0001
2025121203,-0.0001
2025121203,-0.0001
2025121204,-0.0001
2025121204,-0.0001
2025121204,-0.0001
2025121204,-0.0001
2025121205,-0.0001
2025121205,-0.0001
2025121205,-0.0001
2025121205,-0.0001
2025121206,-0.0001
2025121206,-0.0001
2025121206,-0.0001
2025121206,-0.0001
2025121207,-0.0001
2025121207,-0.0001
2025121207,-0.0001
2025121207,-0.0001
2025121208,-0.0001
2025121208,-0.0001
2025121208,-0.0001
2025121208,-0.0001
2025121209,-0.0001
2025121209,-0.0001
2025121209,-0.0001
2025121209,-0.0001
2025121210,-0.0001
2025121210,-0.0001
2025121210,-0.0001
2025121210,-0.0001
2025121211,-0.0001
2025121211,-0.0001
2025121211,-0.0001
2025121211,-0.0001
2025121212,1.07
2025121212,0.0
2025121212,0.3
2025121212,0.0
2025121213,3.85
2025121213,1.19
2025121213,0.0
2025121213,-0.0001
2025121214,-0.0001
2025121214,-0.0001
2025121214,-0.0001
2025121214,-0.0001
2025121215,-0.0001
2025121215,-0.0001
2025121215,-0.0001
2025121215,-0.0001
2025121216,-0.0001
2025121216,-0.0001
2025121216,-0.0001
2025121216,-0.0001
2025121217,-0.0001
2025121217,-0.0001
2025121217,-0.0001
2025121217,-0.0001
2025121218,-0.0001
2025121218,-0.0001
2025121218,-0.0001
2025121218,-0.0001
2025121219,-0.0001
2025121219,-0.0001
2025121219,-0.0001
2025121219,-0.0001
2025121220,-0.0001
2025121220,-0.0001
2025121220,-0.0001
2025121220,-0.0001
2025121221,-0.0001
2025121221,-0.0001
2025121221,-0.0001
2025121221,-0.0001
2025121222,-0.0001
2025121222,-0.0001
2025121222,-0.0001
2025121222,-0.0001
2025121223,-0.0001
2025121223,-0.0001
2025121223,-0.0001
2025121223,-0.0001
2025121300,0.0
2025121300,-0.0001
2025121300,-0.0001
2025121300,-0.0001
2025121301,-0.0001
2025121301,-0.0001
2025121301,-0.0001
2025121301,-0.0001
2025121302,-0.0001
2025121302,-0.0001
2025121302,-0.0001
2025121302,-0.0001
2025121303,-0.0001
2025121303,-0.0001
2025121303,-0.0001
2025121303,-0.0001
2025121304,-0.0001
2025121304,-0.0001
2025121304,-0.0001
2025121304,-0.0001
2025121305,-0.0001
2025121305,-0.0001
2025121305,-0.0001
2025121305,-0.0001
2025121306,-0.0001
2025121306,-0.0001
2025121306,-0.0001
2025121306,-0.0001
2025121307,-0.0001
2025121307,-0.0001
2025121307,-0.0001
2025121307,-0.0001
2025121308,-0.0001
2025121308,-0.0001
2025121308,-0.0001
2025121308,-0.0001
2025121309,0.03
2025121309,2.22
2025121309,11.92
2025121309,21.69
2025121310,30.99
2025121310,24.84
2025121310,23.17
2025121310,40.36
2025121311,35.17
2025121311,51.78
2025121311,48.31
2025121311,42.43
2025121312,35.4
2025121312,39.59
2025121312,27.41
2025121312,15.42
2025121313,15.4
2025121313,8.68
2025121313,8.81
2025121313,4.9
2025121314,0.0
2025121314,0.03
2025121314,0.0
2025121314,-0.0001
2025121315,-0.0001
2025121315,-0.0001
2025121315,-0.0001
2025121315,-0.0001
2025121316,-0.0001
2025121316,-0.0001
2025121316,-0.0001
2025121316,-0.0001
2025121317,-0.0001
2025121317,-0.0001
2025121317,-0.0001
2025121317,-0.0001
2025121318,-0.0001
2025121318,-0.0001
2025121318,-0.0001
2025121318,-0.0001
2025121319,-0.0001
2025121319,-0.0001
2025121319,-0.0001
2025121319,-0.0001
2025121320,-0.0001
2025121320,-0.0001
2025121320,-0.0001
2025121320,-0.0001
2025121321,-0.0001
2025121321,-0.0001
2025121321,-0.0001
2025121321,-0.0001
2025121322,-0.0001
2025121322,-0.0001
2025121322,-0.0001
2025121322,-0.0001
2025121323,-0.0001
2025121323,-0.0001
2025121323,-0.0001
2025121323,-0.0001
2025121400,0.0
2025121400,-0.0001
2025121400,-0.0001
2025121400,-0.0001
2025121401,-0.0001
2025121401,-0.0001
2025121401,-0.0001
2025121401,-0.0001
2025121402,-0.0001
2025121402,-0.0001
2025121402,-0.0001
2025121402,-0.0001
2025121403,-0.0001
2025121403,-0.0001
2025121403,-0.0001
2025121403,-0.0001
2025121404,-0.0001
2025121404,-0.0001
2025121404,-0.0001
2025121404,-0.0001
2025121405,-0.0001
2025121405,-0.0001
2025121405,-0.0001
2025121405,-0.0001
2025121406,-0.0001
2025121406,-0.0001
2025121406,-0.0001
2025121406,-0.0001
2025121407,-0.0001
2025121407,-0.0001
2025121407,-0.0001
2025121407,-0.0001
2025121408,0.09
2025121408,6.75
2025121408,-0.0001
2025121408,-0.0001
2025121409,7.74
2025121409,8.04
2025121409,6.77
2025121409,8.93
2025121410,7.56
2025121410,6.5
2025121410,6.08
2025121410,6.85
2025121411,7.08
2025121411,7.46
2025121411,14.69
2025121411,15.68
2025121412,11.72
2025121412,9.25
2025121412,6.08
2025121412,5.82
2025121413,6.55
2025121413,4.8
2025121413,3.91
2025121413,3.08
2025121414,0.09
2025121414,0.0
2025121414,-0.0001
2025121414,-0.0001
2025121415,-0.0001
2025121415,-0.0001
2025121415,-0.0001
2025121415,-0.0001
2025121416,-0.0001
2025121416,-0.0001
2025121416,-0.0001
2025121416,-0.0001
2025121417,-0.0001
2025121417,-0.0001
2025121417,-0.0001
2025121417,-0.0001
2025121418,-0.0001
2025121418,-0.0001
2025121418,-0.0001
2025121418,-0.0001
2025121419,-0.0001
2025121419,-0.0001
2025121419,-0.0001
2025121419,-0.0001
2025121420,-0.0001
2025121420,-0.0001
2025121420,-0.0001
2025121420,-0.0001
2025121421,-0.0001
2025121421,-0.0001
2025121421,-0.0001
2025121421,-0.0001
2025121422,-0.0001
2025121422,-0.0001
2025121422,-0.0001
2025121422,-0.0001
2025121423,-0.0001
2025121423,-0.0001
2025121423,-0.0001
2025121423,-0.0001
2025121500,0.0
2025121500,-0.0001
2025121500,-0.0001
2025121500,-0.0001
2025121501,-0.0001
2025121501,-0.0001
2025121501,-0.0001
2025121501,-0.0001
2025121502,-0.0001
2025121502,-0.0001
2025121502,-0.0001
2025121502,-0.0001
2025121503,-0.0001
2025121503,-0.0001
2025121503,-0.0001
2025121503,-0.0001
2025121504,-0.0001
2025121504,-0.0001
2025121504,-0.0001
2025121504,-0.0001
2025121505,-0.0001
2025121505,-0.0001
2025121505,-0.0001
2025121505,-0.0001
2025121506,-0.0001
2025121506,-0.0001
2025121506,-0.0001
2025121506,-0.0001
2025121507,-0.0001
2025121507,-0.0001
2025121507,-0.0001
2025121507,-0.0001
2025121508,0.5
2025121508,4.82
2025121508,-0.0001
2025121508,-0.0001
2025121509,4.5
2025121509,4.31
2025121509,5.7
2025121509,6.7
2025121510,7.59
2025121510,0.0
2025121510,-0.0001
2025121510,-0.0001
2025121511,-0.0001
2025121511,-0.0001
2025121511,-0.0001
2025121511,-0.0001
2025121512,-0.0001
2025121512,-0.0001
2025121512,-0.0001
2025121512,-0.0001
2025121513,-0.0001
2025121513,-0.0001
2025121513,-0.0001
2025121513,-0.0001
2025121514,-0.0001
2025121514,-0.0001
2025121514,-0.0001
2025121514,-0.0001
2025121515,-0.0001
2025121515,-0.0001
2025121515,-0.0001
2025121515,-0.0001
2025121516,-0.0001
2025121516,-0.0001
2025121516,-0.0001
2025121516,-0.0001
2025121517,-0.0001
2025121517,-0.0001
2025121517,-0.0001
2025121517,-0.0001
2025121518,-0.0001
2025121518,-0.0001
2025121518,-0.0001
2025121518,-0.0001
2025121519,-0.0001
2025121519,-0.0001
2025121519,-0.0001
2025121519,-0.0001
2025121520,-0.0001
2025121520,-0.0001
2025121520,-0.0001
2025121520,-0.0001
2025121521,-0.0001
2025121521,-0.0001
2025121521,-0.0001
2025121521,-0.0001
2025121522,-0.0001
2025121522,-0.0001
2025121522,-0.0001
2025121522,-0.0001
2025121523,-0.0001
2025121523,-0.0001
2025121523,-0.0001
2025121523,-0.0001
2025121600,0.0
2025121600,-0.0001
2025121600,-0.0001
2025121600,-0.0001
2025121601,-0.0001
2025121601,-0.0001
2025121601,-0.0001
2025121601,-0.0001
2025121602,-0.0001
2025121602,-0.0001
2025121602,-0.0001
2025121602,-0.0001
2025121603,-0.0001
2025121603,-0.0001
2025121603,-0.0001
2025121603,-0.0001
2025121604,-0.0001
2025121604,-0.0001
2025121604,-0.0001
2025121604,-0.0001
2025121605,-0.0001
2025121605,-0.0001
2025121605,-0.0001
2025121605,-0.0001
2025121606,-0.0001
2025121606,-0.0001
2025121606,-0.0001
2025121606,-0.0001
2025121607,-0.0001
2025121607,-0.0001
2025121607,-0.0001
2025121607,-0.0001
2025121608,-0.0001
2025121608,-0.0001
2025121608,-0.0001
2025121608,-0.0001
2025121609,-0.0001
2025121609,-0.0001
2025121609,-0.0001
2025121609,-0.0001
2025121610,8.54
2025121610,0.37
2025121610,1.17
2025121610,-0.0001
2025121611,0.0
2025121611,5.71
2025121611,19.73
2025121611,42.99
2025121612,31.16
2025121612,14.46
2025121612,0.0
2025121612,-0.0001
2025121613,-0.0001
2025121613,-0.0001
2025121613,-0.0001
2025121613,-0.0001
2025121614,-0.0001
2025121614,-0.0001
2025121614,-0.0001
2025121614,-0.0001
2025121615,-0.0001
2025121615,-0.0001
2025121615,-0.0001
2025121615,-0.0001
2025121616,-0.0001
2025121616,-0.0001
2025121616,-0.0001
2025121616,-0.0001
2025121617,-0.0001
2025121617,-0.0001
2025121617,-0.0001
2025121617,-0.0001
2025121618,-0.0001
2025121618,-0.0001
2025121618,-0.0001
2025121618,-0.0001
2025121619,-0.0001
2025121619,-0.0001
2025121619,-0.0001
2025121619,-0.0001
2025121620,-0.0001
2025121620,-0.0001
2025121620,-0.0001
2025121620,-0.0001
2025121621,-0.0001
2025121621,-0.0001
2025121621,-0.0001
2025121621,-0.0001
2025121622,-0.0001
2025121622,-0.0001
2025121622,-0.0001
2025121622,-0.0001
2025121623,-0.0001
2025121623,-0.0001
2025121623,-0.0001
2025121623,-0.0001
2025121700,0.0
2025121700,-0.0001
2025121700,-0.0001
2025121700,-0.0001
2025121701,-0.0001
2025121701,-0.0001
2025121701,-0.0001
2025121701,-0.0001
2025121702,-0.0001
2025121702,-0.0001
2025121702,-0.0001
2025121702,-0.0001
2025121703,-0.0001
2025121703,-0.0001
2025121703,-0.0001
2025121703,-0.0001
2025121704,-0.0001
2025121704,-0.0001
2025121704,-0.0001
2025121704,-0.0001
2025121705,-0.0001
2025121705,-0.0001
2025121705,-0.0001
2025121705,-0.0001
2025121706,-0.0001
2025121706,-0.0001
2025121706,-0.0001
2025121706,-0.0001
2025121707,-0.0001
2025121707,-0.0001
2025121707,-0.0001
2025121707,-0.0001
2025121708,1.09
2025121708,-0.0001
2025121708,-0.0001
2025121708,-0.0001
2025121709,8.09
2025121709,7.15
2025121709,10.17
2025121709,2.91
2025121710,2.81
2025121710,4.81
2025121710,6.64
2025121710,6.77
2025121711,4.0
2025121711,5.65
2025121711,3.07
2025121711,6.15
2025121712,1.68
2025121712,2.11
2025121712,0.03
2025121712,0.0
2025121713,-0.0001
2025121713,-0.0001
2025121713,-0.0001
2025121713,-0.0001
2025121714,-0.0001
2025121714,-0.0001
2025121714,-0.0001
2025121714,-0.0001
2025121715,-0.0001
2025121715,-0.0001
2025121715,-0.0001
2025121715,-0.0001
2025121716,-0.0001
2025121716,-0.0001
2025121716,-0.0001
2025121716,-0.0001
2025121717,-0.0001
2025121717,-0.0001
2025121717,-0.0001
2025121717,-0.0001
2025121718,-0.0001
2025121718,-0.0001
2025121718,-0.0001
2025121718,-0.0001
2025121719,-0.0001
2025121719,-0.0001
2025121719,-0.0001
2025121719,-0.0001
2025121720,-0.0001
2025121720,-0.0001
2025121720,-0.0001
2025121720,-0.0001
2025121721,-0.0001
2025121721,-0.0001
2025121721,-0.0001
2025121721,-0.0001
2025121722,-0.0001
2025121722,-0.0001
2025121722,-0.0001
2025121722,-0.0001
2025121723,-0.0001
2025121723,-0.0001
2025121723,-0.0001
2025121723,-0.0001
2025121800,0.0
2025121800,-0.0001
2025121800,-0.0001
2025121800,-0.0001
2025121801,-0.0001
2025121801,-0.0001
2025121801,-0.0001
2025121801,-0.0001
2025121802,-0.0001
2025121802,-0.0001
2025121802,-0.0001
2025121802,-0.0001
2025121803,-0.0001
2025121803,-0.0001
2025121803,-0.0001
2025121803,-0.0001
2025121804,-0.0001
2025121804,-0.0001
2025121804,-0.0001
2025121804,-0.0001
2025121805,-0.0001
2025121805,-0.0001
2025121805,-0.0001
2025121805,-0.0001
2025121806,-0.0001
2025121806,-0.0001
2025121806,-0.0001
2025121806,-0.0001
2025121807,-0.0001
2025121807,-0.0001
2025121807,-0.0001
2025121807,-0.0001
2025121808,0.28
2025121808,6.94
2025121808,8.39
2025121808,-0.0001
2025121809,8.01
2025121809,8.4
2025121809,7.11
2025121809,3.15
2025121810,0.57
2025121810,2.32
2025121810,0.0
2025121810,-0.0001
2025121811,-0.0001
2025121811,-0.0001
2025121811,-0.0001
2025121811,-0.0001
2025121812,-0.0001
2025121812,-0.0001
2025121812,-0.0001
2025121812,-0.0001
2025121813,-0.0001
2025121813,-0.0001
2025121813,-0.0001
2025121813,-0.0001
2025121814,-0.0001
2025121814,-0.0001
2025121814,-0.0001
2025121814,-0.0001
2025121815,-0.0001
2025121815,-0.0001
2025121815,-0.0001
2025121815,-0.0001
2025121816,-0.0001
2025121816,-0.0001
2025121816,-0.0001
2025121816,-0.0001
2025121817,-0.0001
2025121817,-0.0001
2025121817,-0.0001
2025121817,-0.0001
2025121818,-0.0001
2025121818,-0.0001
2025121818,-0.0001
2025121818,-0.0001
2025121819,-0.0001
2025121819,-0.0001
2025121819,-0.0001
2025121819,-0.0001
2025121820,-0.0001
2025121820,-0.0001
2025121820,-0.0001
2025121820,-0.0001
2025121821,-0.0001
2025121821,-0.0001
2025121821,-0.0001
2025121821,-0.0001
2025121822,-0.0001
2025121822,-0.0001
2025121822,-0.0001
2025121822,-0.0001
2025121823,-0.0001
2025121823,-0.0001
2025121823,-0.0001
2025121823,-0.0001
2025121900,0.0
2025121900,-0.0001
2025121900,-0.0001
2025121900,-0.0001
2025121901,-0.0001
2025121901,-0.0001
2025121901,-0.0001
2025121901,-0.0001
2025121902,-0.0001
2025121902,-0.0001
2025121902,-0.0001
2025121902,-0.0001
2025121903,-0.0001
2025121903,-0.0001
2025121903,-0.0001
2025121903,-0.0001
2025121904,-0.0001
2025121904,-0.0001
2025121904,-0.0001
2025121904,-0.0001
2025121905,-0.0001
2025121905,-0.0001
2025121905,-0.0001
2025121905,-0.0001
2025121906,-0.0001
2025121906,-0.0001
2025121906,-0.0001
2025121906,-0.0001
2025121907,-0.0001
2025121907,-0.0001
2025121907,-0.0001
2025121907,-0.0001
2025121908,-0.0001
2025121908,-0.0001
2025121908,-0.0001
2025121908,-0.0001
2025121909,-0.0001
2025121909,-0.0001
2025121909,-0.0001
2025121909,-0.0001
2025121910,-0.0001
2025121910,-0.0001
2025121910,-0.0001
2025121910,-0.0001
2025121911,-0.0001
2025121911,-0.0001
2025121911,-0.0001
2025121911,-0.0001
2025121912,-0.0001
2025121912,-0.0001
2025121912,-0.0001
2025121912,-0.0001
2025121913,-0.0001
2025121913,-0.0001
2025121913,-0.0001
2025121913,-0.0001
2025121914,-0.0001
2025121914,-0.0001
2025121914,-0.0001
2025121914,-0.0001
2025121915,-0.0001
2025121915,-0.0001
2025121915,-0.0001
2025121915,-0.0001
2025121916,-0.0001
2025121916,-0.0001
2025121916,-0.0001
2025121916,-0.0001
2025121917,-0.0001
2025121917,-0.0001
2025121917,-0.0001
2025121917,-0.0001
2025121918,-0.0001
2025121918,-0.0001
2025121918,-0.0001
2025121918,-0.0001
2025121919,-0.0001
2025121919,-0.0001
2025121919,-0.0001
2025121919,-0.0001
2025121920,-0.0001
2025121920,-0.0001
2025121920,-0.0001
2025121920,-0.0001
2025121921,-0.0001
2025121921,-0.0001
2025121921,-0.0001
2025121921,-0.0001
2025121922,-0.0001
2025121922,-0.0001
2025121922,-0.0001
2025121922,-0.0001
2025121923,-0.0001
2025121923,-0.0001
2025121923,-0.0001
2025121923,-0.0001
2025122000,0.0
2025122000,-0.0001
2025122000,-0.0001
2025122000,-0.0001
2025122001,-0.0001
2025122001,-0.0001
2025122001,-0.0001
2025122001,-0.0001
2025122002,-0.0001
2025122002,-0.0001
2025122002,-0.0001
2025122002,-0.0001
2025122003,-0.0001
2025122003,-0.0001
2025122003,-0.0001
2025122003,-0.0001
2025122004,-0.0001
2025122004,-0.0001
2025122004,-0.0001
2025122004,-0.0001
2025122005,-0.0001
2025122005,-0.0001
2025122005,-0.0001
2025122005,-0.0001
2025122006,-0.0001
2025122006,-0.0001
2025122006,-0.0001
2025122006,-0.0001
2025122007,-0.0001
2025122007,-0.0001
2025122007,-0.0001
2025122007,-0.0001
2025122008,-0.0001
2025122008,-0.0001
2025122008,-0.0001
2025122008,-0.0001
2025122009,-0.0001
2025122009,-0.0001
2025122009,-0.0001
2025122009,-0.0001
2025122010,-0.0001
2025122010,-0.0001
2025122010,-0.0001
2025122010,-0.0001
2025122011,3.68
2025122011,5.72
2025122011,5.22
2025122011,7.34
2025122012,9.89
2025122012,15.18
2025122012,6.87
2025122012,3.7
2025122013,0.0
2025122013,-0.0001
2025122013,-0.0001
2025122013,-0.0001
2025122014,-0.0001
2025122014,-0.0001
2025122014,-0.0001
2025122014,-0.0001
2025122015,-0.0001
2025122015,-0.0001
2025122015,-0.0001
2025122015,-0.0001
2025122016,-0.0001
2025122016,-0.0001
2025122016,-0.0001
2025122016,-0.0001
2025122017,-0.0001
2025122017,-0.0001
2025122017,-0.0001
2025122017,-0.0001
2025122018,-0.0001
2025122018,-0.0001
2025122018,-0.0001
2025122018,-0.0001
2025122019,-0.0001
2025122019,-0.0001
2025122019,-0.0001
2025122019,-0.0001
2025122020,-0.0001
2025122020,-0.0001
2025122020,-0.0001
2025122020,-0.0001
2025122021,-0.0001
2025122021,-0.0001
2025122021,-0.0001
2025122021,-0.0001
2025122022,-0.0001
2025122022,-0.0001
2025122022,-0.0001
2025122022,-0.0001
2025122023,-0.0001
2025122023,-0.0001
2025122023,-0.0001
2025122023,-0.0001
2025122100,0.0
2025122100,-0.0001
2025122100,-0.0001
2025122100,-0.0001
2025122101,-0.0001
2025122101,-0.0001
2025122101,-0.0001
2025122101,-0.0001
2025122102,-0.0001
2025122102,-0.0001
2025122102,-0.0001
2025122102,-0.0001
2025122103,-0.0001
2025122103,-0.0001
2025122103,-0.0001
2025122103,-0.0001
2025122104,-0.0001
2025122104,-0.0001
2025122104,-0.0001
2025122104,-0.0001
2025122105,-0.0001
2025122105,-0.0001
2025122105,-0.0001
2025122105,-0.0001
2025122106,-0.0001
2025122106,-0.0001
2025122106,-0.0001
2025122106,-0.0001
2025122107,-0.0001
2025122107,-0.0001
2025122107,-0.0001
2025122107,-0.0001
2025122108,-0.0001
2025122108,-0.0001
2025122108,-0.0001
2025122108,-0.0001
2025122109,0.38
2025122109,3.91
2025122109,4.14
2025122109,-0.0001
2025122110,5.04
2025122110,4.42
2025122110,3.32
2025122110,6.29
2025122111,6.37
2025122111,12.33
2025122111,17.77
2025122111,17.39
2025122112,14.05
2025122112,10.73
2025122112,8.11
2025122112,6.54
2025122113,5.36
2025122113,2.97
2025122113,0.22
2025122113,0.0
2025122114,-0.0001
2025122114,-0.0001
2025122114,-0.0001
2025122114,-0.0001
2025122115,-0.0001
2025122115,-0.0001
2025122115,-0.0001
2025122115,-0.0001
2025122116,-0.0001
2025122116,-0.0001
2025122116,-0.0001
2025122116,-0.0001
2025122117,-0.0001
2025122117,-0.0001
2025122117,-0.0001
2025122117,-0.0001
2025122118,-0.0001
2025122118,-0.0001
2025122118,-0.0001
2025122118,-0.0001
2025122119,-0.0001
2025122119,-0.0001
2025122119,-0.0001
2025122119,-0.0001
2025122120,-0.0001
2025122120,-0.0001
2025122120,-0.0001
2025122120,-0.0001
2025122121,-0.0001
2025122121,-0.0001
2025122121,-0.0001
2025122121,-0.0001
2025122122,-0.0001
2025122122,-0.0001
2025122122,-0.0001
2025122122,-0.0001
2025122123,-0.0001
2025122123,-0.0001
2025122123,-0.0001
2025122123,-0.0001
2025122200,0.0
2025122200,-0.0001
2025122200,-0.0001
2025122200,-0.0001
2025122201,-0.0001
2025122201,-0.0001
2025122201,-0.0001
2025122201,-0.0001
2025122202,-0.0001
2025122202,-0.0001
2025122202,-0.0001
2025122202,-0.0001
2025122203,-0.0001
2025122203,-0.0001
2025122203,-0.0001
2025122203,-0.0001
2025122204,-0.0001
2025122204,-0.0001
2025122204,-0.0001
2025122204,-0.0001
2025122205,-0.0001
2025122205,-0.0001
2025122205,-0.0001
2025122205,-0.0001
2025122206,-0.0001
2025122206,-0.0001
2025122206,-0.0001
2025122206,-0.0001
2025122207,-0.0001
2025122207,-0.0001
2025122207,-0.0001
2025122207,-0.0001
2025122208,2.77
2025122208,5.41
2025122208,-0.0001
2025122208,-0.0001
2025122209,6.06
2025122209,6.6
2025122209,7.62
2025122209,7.9
2025122210,8.62
2025122210,8.53
2025122210,8.54
2025122210,9.36
2025122211,9.88
2025122211,10.05
2025122211,9.52
2025122211,8.06
2025122212,8.08
2025122212,7.79
2025122212,6.45
2025122212,5.1
2025122213,5.36
2025122213,5.16
2025122213,1.81
2025122213,0.0
2025122214,-0.0001
2025122214,-0.0001
2025122214,-0.0001
2025122214,-0.0001
2025122215,-0.0001
2025122215,-0.0001
2025122215,-0.0001
2025122215,-0.0001
2025122216,-0.0001
2025122216,-0.0001
2025122216,-0.0001
2025122216,-0.0001
2025122217,-0.0001
2025122217,-0.0001
2025122217,-0.0001
2025122217,-0.0001
2025122218,-0.0001
2025122218,-0.0001
2025122218,-0.0001
2025122218,-0.0001
2025122219,-0.0001
2025122219,-0.0001
2025122219,-0.0001
2025122219,-0.0001
2025122220,-0.0001
2025122220,-0.0001
2025122220,-0.0001
2025122220,-0.0001
2025122221,-0.0001
2025122221,-0.0001
2025122221,-0.0001
2025122221,-0.0001
2025122222,-0.0001
2025122222,-0.0001
2025122222,-0.0001
2025122222,-0.0001
2025122223,-0.0001
2025122223,-0.0001
2025122223,-0.0001
2025122223,-0.0001
2025122300,0.0
2025122300,-0.0001
2025122300,-0.0001
2025122300,-0.0001
2025122301,-0.0001
2025122301,-0.0001
2025122301,-0.0001
2025122301,-0.0001
2025122302,-0.0001
2025122302,-0.0001
2025122302,-0.0001
2025122302,-0.0001
2025122303,-0.0001
2025122303,-0.0001
2025122303,-0.0001
2025122303,-0.0001
2025122304,-0.0001
2025122304,-0.0001
2025122304,-0.0001
2025122304,-0.0001
2025122305,-0.0001
2025122305,-0.0001
2025122305,-0.0001
2025122305,-0.0001
2025122306,-0.0001
2025122306,-0.0001
2025122306,-0.0001
2025122306,-0.0001
2025122307,-0.0001
2025122307,-0.0001
2025122307,-0.0001
2025122307,-0.0001
2025122308,-0.0001
2025122308,-0.0001
2025122308,-0.0001
2025122308,-0.0001
2025122309,-0.0001
2025122309,-0.0001
2025122309,-0.0001
2025122309,-0.0001
2025122310,-0.0001
2025122310,-0.0001
2025122310,-0.0001
2025122310,-0.0001
2025122311,2.25
2025122311,1.21
2025122311,-0.0001
2025122311,-0.0001
2025122312,0.0
2025122312,3.71
2025122312,-0.0001
2025122312,-0.0001
2025122313,0.0
2025122313,-0.0001
2025122313,-0.0001
2025122313,-0.0001
2025122314,-0.0001
2025122314,-0.0001
2025122314,-0.0001
2025122314,-0.0001
2025122315,-0.0001
2025122315,-0.0001
2025122315,-0.0001
2025122315,-0.0001
2025122316,-0.0001
2025122316,-0.0001
2025122316,-0.0001
2025122316,-0.0001
2025122317,-0.0001
2025122317,-0.0001
2025122317,-0.0001
2025122317,-0.0001
2025122318,-0.0001
2025122318,-0.0001
2025122318,-0.0001
2025122318,-0.0001
2025122319,-0.0001
2025122319,-0.0001
2025122319,-0.0001
2025122319,-0.0001
2025122320,-0.0001
2025122320,-0.0001
2025122320,-0.0001
2025122320,-0.0001
2025122321,-0.0001
2025122321,-0.0001
2025122321,-0.0001
2025122321,-0.0001
2025122322,-0.0001
2025122322,-0.0001
2025122322,-0.0001
2025122322,-0.0001
2025122323,-0.0001
2025122323,-0.0001
2025122323,-0.0001
2025122323,-0.0001
2025122400,0.0
2025122400,-0.0001
2025122400,-0.0001
2025122400,-0.0001
2025122401,-0.0001
2025122401,-0.0001
2025122401,-0.0001
2025122401,-0.0001
2025122402,-0.0001
2025122402,-0.0001
2025122402,-0.0001
2025122402,-0.0001
2025122403,-0.0001
2025122403,-0.0001
2025122403,-0.0001
2025122403,-0.0001
2025122404,-0.0001
2025122404,-0.0001
2025122404,-0.0001
2025122404,-0.0001
2025122405,-0.0001
2025122405,-0.0001
2025122405,-0.0001
2025122405,-0.0001
2025122406,-0.0001
2025122406,-0.0001
2025122406,-0.0001
2025122406,-0.0001
2025122407,-0.0001
2025122407,-0.0001
2025122407,-0.0001
2025122407,-0.0001
2025122408,-0.0001
2025122408,-0.0001
2025122408,-0.0001
2025122408,-0.0001
2025122409,-0.0001
2025122409,-0.0001
2025122409,-0.0001
2025122409,-0.0001
2025122410,7.28
2025122410,17.32
2025122410,13.37
2025122410,29.7
2025122411,36.76
2025122411,36.6
2025122411,19.53
2025122411,11.35
2025122412,6.2
2025122412,19.0
2025122412,8.46
2025122412,8.52
2025122413,4.2
2025122413,0.0
2025122413,-0.0001
2025122413,-0.0001
2025122414,-0.0001
2025122414,-0.0001
2025122414,-0.0001
2025122414,-0.0001
2025122415,-0.0001
2025122415,-0.0001
2025122415,-0.0001
2025122415,-0.0001
2025122416,-0.0001
2025122416,-0.0001
2025122416,-0.0001
2025122416,-0.0001
2025122417,-0.0001
2025122417,-0.0001
2025122417,-0.0001
2025122417,-0.0001
2025122418,-0.0001
2025122418,-0.0001
2025122418,-0.0001
2025122418,-0.0001
2025122419,-0.0001
2025122419,-0.0001
2025122419,-0.0001
2025122419,-0.0001
2025122420,-0.0001
2025122420,-0.0001
2025122420,-0.0001
2025122420,-0.0001
2025122421,-0.0001
2025122421,-0.0001
2025122421,-0.0001
2025122421,-0.0001
2025122422,-0.0001
2025122422,-0.0001
2025122422,-0.0001
2025122422,-0.0001
2025122423,-0.0001
2025122423,-0.0001
2025122423,-0.0001
2025122423,-0.0001
2025122500,0.0
2025122500,-0.0001
2025122500,-0.0001
2025122500,-0.0001
2025122501,-0.0001
2025122501,-0.0001
2025122501,-0.0001
2025122501,-0.0001
2025122502,-0.0001
2025122502,-0.0001
2025122502,-0.0001
2025122502,-0.0001
2025122503,-0.0001
2025122503,-0.0001
2025122503,-0.0001
2025122503,-0.0001
2025122504,-0.0001
2025122504,-0.0001
2025122504,-0.0001
2025122504,-0.0001
2025122505,-0.0001
2025122505,-0.0001
2025122505,-0.0001
2025122505,-0.0001
2025122506,-0.0001
2025122506,-0.0001
2025122506,-0.0001
2025122506,-0.0001
2025122507,-0.0001
2025122507,-0.0001
2025122507,-0.0001
2025122507,-0.0001
2025122508,-0.0001
2025122508,-0.0001
2025122508,-0.0001
2025122508,-0.0001
2025122509,-0.0001
2025122509,-0.0001
2025122509,-0.0001
2025122509,-0.0001
2025122510,2.91
2025122510,13.85
2025122510,26.41
2025122510,41.25
2025122511,46.46
2025122511,45.96
2025122511,35.53
2025122511,37.79
2025122512,35.84
2025122512,17.25
2025122512,11.93
2025122512,5.17
2025122513,0.08
2025122513,0.0
2025122513,-0.0001
2025122513,-0.0001
2025122514,-0.0001
2025122514,-0.0001
2025122514,-0.0001
2025122514,-0.0001
2025122515,-0.0001
2025122515,-0.0001
2025122515,-0.0001
2025122515,-0.0001
2025122516,-0.0001
2025122516,-0.0001
2025122516,-0.0001
2025122516,-0.0001
2025122517,-0.0001
2025122517,-0.0001
2025122517,-0.0001
2025122517,-0.0001
2025122518,-0.0001
2025122518,-0.0001
2025122518,-0.0001
2025122518,-0.0001
2025122519,-0.0001
2025122519,-0.0001
2025122519,-0.0001
2025122519,-0.0001
2025122520,-0.0001
2025122520,-0.0001
2025122520,-0.0001
2025122520,-0.0001
2025122521,-0.0001
2025122521,-0.0001
2025122521,-0.0001
2025122521,-0.0001
2025122522,-0.0001
2025122522,-0.0001
2025122522,-0.0001
2025122522,-0.0001
2025122523,-0.0001
2025122523,-0.0001
2025122523,-0.0001
2025122523,-0.0001
2025122600,0.0
2025122600,-0.0001
2025122600,-0.0001
2025122600,-0.0001
2025122601,-0.0001
2025122601,-0.0001
2025122601,-0.0001
2025122601,-0.0001
2025122602,-0.0001
2025122602,-0.0001
2025122602,-0.0001
2025122602,-0.0001
2025122603,-0.0001
2025122603,-0.0001
2025122603,-0.0001
2025122603,-0.0001
2025122604,-0.0001
2025122604,-0.0001
2025122604,-0.0001
2025122604,-0.0001
2025122605,-0.0001
2025122605,-0.0001
2025122605,-0.0001
2025122605,-0.0001
2025122606,-0.0001
2025122606,-0.0001
2025122606,-0.0001
2025122606,-0.0001
2025122607,-0.0001
2025122607,-0.0001
2025122607,-0.0001
2025122607,-0.0001
2025122608,-0.0001
2025122608,-0.0001
2025122608,-0.0001
2025122608,-0.0001
2025122609,-0.0001
2025122609,-0.0001
2025122609,-0.0001
2025122609,-0.0001
2025122610,-0.0001
2025122610,-0.0001
2025122610,-0.0001
2025122610,-0.0001
2025122611,-0.0001
2025122611,-0.0001
2025122611,-0.0001
2025122611,-0.0001
2025122612,-0.0001
2025122612,-0.0001
2025122612,-0.0001
2025122612,-0.0001
2025122613,1.24
2025122613,0.03
2025122613,0.0
2025122613,-0.0001
2025122614,-0.0001
2025122614,-0.0001
2025122614,-0.0001
2025122614,-0.0001
2025122615,-0.0001
2025122615,-0.0001
2025122615,-0.0001
2025122615,-0.0001
2025122616,-0.0001
2025122616,-0.0001
2025122616,-0.0001
2025122616,-0.0001
2025122617,-0.0001
2025122617,-0.0001
2025122617,-0.0001
2025122617,-0.0001
2025122618,-0.0001
2025122618,-0.0001
2025122618,-0.0001
2025122618,-0.0001
2025122619,-0.0001
2025122619,-0.0001
2025122619,-0.0001
2025122619,-0.0001
2025122620,-0.0001
2025122620,-0.0001
2025122620,-0.0001
2025122620,-0.0001
2025122621,-0.0001
2025122621,-0.0001
2025122621,-0.0001
2025122621,-0.0001
2025122622,-0.0001
2025122622,-0.0001
2025122622,-0.0001
2025122622,-0.0001
2025122623,-0.0001
2025122623,-0.0001
2025122623,-0.0001
2025122623,-0.0001
2025122700,0.0
2025122700,-0.0001
2025122700,-0.0001
2025122700,-0.0001
2025122701,-0.0001
2025122701,-0.0001
2025122701,-0.0001
2025122701,-0.0001
2025122702,-0.0001
2025122702,-0.0001
2025122702,-0.0001
2025122702,-0.0001
2025122703,-0.0001
2025122703,-0.0001
2025122703,-0.0001
2025122703,-0.0001
2025122704,-0.0001
2025122704,-0.0001
2025122704,-0.0001
2025122704,-0.0001
2025122705,-0.0001
2025122705,-0.0001
2025122705,-0.0001
2025122705,-0.0001
2025122706,-0.0001
2025122706,-0.0001
2025122706,-0.0001
2025122706,-0.0001
2025122707,-0.0001
2025122707,-0.0001
2025122707,-0.0001
2025122707,-0.0001
2025122708,-0.0001
2025122708,-0.0001
2025122708,-0.0001
2025122708,-0.0001
2025122709,-0.0001
2025122709,-0.0001
2025122709,-0.0001
2025122709,-0.0001
2025122710,11.67
2025122710,28.68
2025122710,34.7
2025122710,-0.0001
2025122711,7.99
2025122711,8.12
2025122711,21.39
2025122711,34.8
2025122712,25.18
2025122712,22.75
2025122712,18.3
2025122712,5.54
2025122713,0.66
2025122713,0.0
2025122713,-0.0001
2025122713,-0.0001
2025122714,-0.0001
2025122714,-0.0001
2025122714,-0.0001
2025122714,-0.0001
2025122715,-0.0001
2025122715,-0.0001
2025122715,-0.0001
2025122715,-0.0001
2025122716,-0.0001
2025122716,-0.0001
2025122716,-0.0001
2025122716,-0.0001
2025122717,-0.0001
2025122717,-0.0001
2025122717,-0.0001
2025122717,-0.0001
2025122718,-0.0001
2025122718,-0.0001
2025122718,-0.0001
2025122718,-0.0001
2025122719,-0.0001
2025122719,-0.0001
2025122719,-0.0001
2025122719,-0.0001
2025122720,-0.0001
2025122720,-0.0001
2025122720,-0.0001
2025122720,-0.0001
2025122721,-0.0001
2025122721,-0.0001
2025122721,-0.0001
2025122721,-0.0001
2025122722,-0.0001
2025122722,-0.0001
2025122722,-0.0001
2025122722,-0.0001
2025122723,-0.0001
2025122723,-0.0001
2025122723,-0.0001
2025122723,-0.0001
2025122800,0.0
2025122800,-0.0001
2025122800,-0.0001
2025122800,-0.0001
2025122801,-0.0001
2025122801,-0.0001
2025122801,-0.0001
2025122801,-0.0001
2025122802,-0.0001
2025122802,-0.0001
2025122802,-0.0001
2025122802,-0.0001
2025122803,-0.0001
2025122803,-0.0001
2025122803,-0.0001
2025122803,-0.0001
2025122804,-0.0001
2025122804,-0.0001
2025122804,-0.0001
2025122804,-0.0001
2025122805,-0.0001
2025122805,-0.0001
2025122805,-0.0001
2025122805,-0.0001
2025122806,-0.0001
2025122806,-0.0001
2025122806,-0.0001
2025122806,-0.0001
2025122807,-0.0001
2025122807,-0.0001
2025122807,-0.0001
2025122807,-0.0001
2025122808,-0.0001
2025122808,-0.0001
2025122808,-0.0001
2025122808,-0.0001
2025122809,2.62
2025122809,8.6
2025122809,13.29
2025122809,17.96
2025122810,23.8
2025122810,29.99
2025122810,35.33
2025122810,39.37
2025122811,42.12
2025122811,43.18
2025122811,42.72
2025122811,40.8
2025122812,37.18
2025122812,32.1
2025122812,25.69
2025122812,19.4
2025122813,13.86
2025122813,9.21
2025122813,6.16
2025122813,3.54
2025122814,0.0
2025122814,-0.0001
2025122814,-0.0001
2025122814,-0.0001
2025122815,-0.0001
2025122815,-0.0001
2025122815,-0.0001
2025122815,-0.0001
2025122816,-0.0001
2025122816,-0.0001
2025122816,-0.0001
2025122816,-0.0001
2025122817,-0.0001
2025122817,-0.0001
2025122817,-0.0001
2025122817,-0.0001
2025122818,-0.0001
2025122818,-0.0001
2025122818,-0.0001
2025122818,-0.0001
2025122819,-0.0001
2025122819,-0.0001
2025122819,-0.0001
2025122819,-0.0001
2025122820,-0.0001
2025122820,-0.0001
2025122820,-0.0001
2025122820,-0.0001
2025122821,-0.0001
2025122821,-0.0001
2025122821,-0.0001
2025122821,-0.0001
2025122822,-0.0001
2025122822,-0.0001
2025122822,-0.0001
2025122822,-0.0001
2025122823,-0.0001
2025122823,-0.0001
2025122823,-0.0001
2025122823,-0.0001
2025122900,0.0
2025122900,-0.0001
2025122900,-0.0001
2025122900,-0.0001
2025122901,-0.0001
2025122901,-0.0001
2025122901,-0.0001
2025122901,-0.0001
2025122902,-0.0001
2025122902,-0.0001
2025122902,-0.0001
2025122902,-0.0001
2025122903,-0.0001
2025122903,-0.0001
2025122903,-0.0001
2025122903,-0.0001
2025122904,-0.0001
2025122904,-0.0001
2025122904,-0.0001
2025122904,-0.0001
2025122905,-0.0001
2025122905,-0.0001
2025122905,-0.0001
2025122905,-0.0001
2025122906,-0.0001
2025122906,-0.0001
2025122906,-0.0001
2025122906,-0.0001
2025122907,-0.0001
2025122907,-0.0001
2025122907,-0.0001
2025122907,-0.0001
2025122908,3.53
2025122908,7.08
2025122908,15.13
2025122908,-0.0001
2025122909,21.69
2025122909,28.12
2025122909,26.8
2025122909,32.71
2025122910,37.86
2025122910,43.01
2025122910,48.52
2025122910,54.55
2025122911,56.72
2025122911,53.81
2025122911,52.98
2025122911,51.29
2025122912,43.77
2025122912,34.26
2025122912,27.99
2025122912,28.0
2025122913,23.46
2025122913,19.64
2025122913,17.27
2025122913,14.4
2025122914,5.16
2025122914,0.0
2025122914,-0.0001
2025122914,-0.0001
2025122915,-0.0001
2025122915,-0.0001
2025122915,-0.0001
2025122915,-0.0001
2025122916,-0.0001
2025122916,-0.0001
2025122916,-0.0001
2025122916,-0.0001
2025122917,-0.0001
2025122917,-0.0001
2025122917,-0.0001
2025122917,-0.0001
2025122918,-0.0001
2025122918,-0.0001
2025122918,-0.0001
2025122918,-0.0001
2025122919,-0.0001
2025122919,-0.0001
2025122919,-0.0001
2025122919,-0.0001
2025122920,-0.0001
2025122920,-0.0001
2025122920,-0.0001
2025122920,-0.0001
2025122921,-0.0001
2025122921,-0.0001
2025122921,-0.0001
2025122921,-0.0001
2025122922,-0.0001
2025122922,-0.0001
2025122922,-0.0001
2025122922,-0.0001
2025122923,-0.0001
2025122923,-0.0001
2025122923,-0.0001
2025122923,-0.0001
2025123000,0.0
2025123000,-0.0001
2025123000,-0.0001
2025123000,-0.0001
2025123001,-0.0001
2025123001,-0.0001
2025123001,-0.0001
2025123001,-0.0001
2025123002,-0.0001
2025123002,-0.0001
2025123002,-0.0001
2025123002,-0.0001
2025123003,-0.0001
2025123003,-0.0001
2025123003,-0.0001
2025123003,-0.0001
2025123004,-0.0001
2025123004,-0.0001
2025123004,-0.0001
2025123004,-0.0001
2025123005,-0.0001
2025123005,-0.0001
2025123005,-0.0001
2025123005,-0.0001
2025123006,-0.0001
2025123006,-0.0001
2025123006,-0.0001
2025123006,-0.0001
2025123007,-0.0001
2025123007,-0.0001
2025123007,-0.0001
2025123007,-0.0001
2025123008,1.23
2025123008,9.25
2025123008,17.07
2025123008,-0.0001
2025123009,22.34
2025123009,26.49
2025123009,30.63
2025123009,35.59
2025123010,41.37
2025123010,47.89
2025123010,53.41
2025123010,57.46
2025123011,60.0
2025123011,60.93
2025123011,60.52
2025123011,58.99
2025123012,55.57
2025123012,49.57
2025123012,44.39
2025123012,37.71
2025123013,31.89
2025123013,27.27
2025123013,23.02
2025123013,18.51
2025123014,12.33
2025123014,4.39
2025123014,0.0
2025123014,-0.0001
2025123015,-0.0001
2025123015,-0.0001
2025123015,-0.0001
2025123015,-0.0001
2025123016,-0.0001
2025123016,-0.0001
2025123016,-0.0001
2025123016,-0.0001
2025123017,-0.0001
2025123017,-0.0001
2025123017,-0.0001
2025123017,-0.0001
2025123018,-0.0001
2025123018,-0.0001
2025123018,-0.0001
2025123018,-0.0001
2025123019,-0.0001
2025123019,-0.0001
2025123019,-0.0001
2025123019,-0.0001
2025123020,-0.0001
2025123020,-0.0001
2025123020,-0.0001
2025123020,-0.0001
2025123021,-0.0001
2025123021,-0.0001
2025123021,-0.0001
2025123021,-0.0001
2025123022,-0.0001
2025123022,-0.0001
2025123022,-0.0001
2025123022,-0.0001
2025123023,-0.0001
2025123023,-0.0001
2025123023,-0.0001
2025123023,-0.0001
2025123100,0.0
2025123100,-0.0001
2025123100,-0.0001
2025123100,-0.0001
2025123101,-0.0001
2025123101,-0.0001
2025123101,-0.0001
2025123101,-0.0001
2025123102,-0.0001
2025123102,-0.0001
2025123102,-0.0001
2025123102,-0.0001
2025123103,-0.0001
2025123103,-0.0001
2025123103,-0.0001
2025123103,-0.0001
2025123104,-0.0001
2025123104,-0.0001
2025123104,-0.0001
2025123104,-0.0001
2025123105,-0.0001
2025123105,-0.0001
2025123105,-0.0001
2025123105,-0.0001
2025123106,-0.0001
2025123106,-0.0001
2025123106,-0.0001
2025123106,-0.0001
2025123107,-0.0001
2025123107,-0.0001
2025123107,-0.0001
2025123107,-0.0001
2025123108,1.8
2025123108,12.23
2025123108,24.3
2025123108,-0.0001
2025123109,17.47
2025123109,7.73
2025123109,14.83
2025123109,20.13
2025123110,23.01
2025123110,14.06
2025123110,11.12
2025123110,12.24
2025123111,24.79
2025123111,23.46
2025123111,18.39
2025123111,22.28
2025123112,19.68
2025123112,13.4
2025123112,22.31
2025123112,21.21
2025123113,10.11
2025123113,7.91
2025123113,5.5
2025123113,6.69
2025123114,8.15
2025123114,10.69
2025123114,3.72
2025123114,0.0
2025123115,-0.0001
2025123115,-0.0001
2025123115,-0.0001
2025123115,-0.0001
2025123116,-0.0001
2025123116,-0.0001
2025123116,-0.0001
2025123116,-0.0001
2025123117,-0.0001
2025123117,-0.0001
2025123117,-0.0001
2025123117,-0.0001
2025123118,-0.0001
2025123118,-0.0001
2025123118,-0.0001
2025123118,-0.0001
2025123119,-0.0001
2025123119,-0.0001
2025123119,-0.0001
2025123119,-0.0001
2025123120,-0.0001
2025123120,-0.0001
2025123120,-0.0001
2025123120,-0.0001
2025123121,-0.0001
2025123121,-0.0001
2025123121,-0.0001
2025123121,-0.0001
2025123122,-0.0001
2025123122,-0.0001
2025123122,-0.0001
2025123122,-0.0001
2025123123,-0.0001
2025123123,-0.0001
2025123123,-0.0001
2025123123,-0.0001
2026010100,0.0
2026010100,-0.0001
2026010100,-0.0001
2026010100,-0.0001
2026010101,-0.0001
2026010101,-0.0001
2026010101,-0.0001
2026010101,-0.0001
2026010102,-0.0001
2026010102,-0.0001
2026010102,-0.0001
2026010102,-0.0001
2026010103,-0.0001
2026010103,-0.0001
2026010103,-0.0001
2026010103,-0.0001
2026010104,-0.0001
2026010104,-0.0001
2026010104,-0.0001
2026010104,-0.0001
2026010105,-0.0001
2026010105,-0.0001
2026010105,-0.0001
2026010105,-0.0001
2026010106,-0.0001
2026010106,-0.0001
2026010106,-0.0001
2026010106,-0.0001
2026010107,-0.0001
2026010107,-0.0001
2026010107,-0.0001
2026010107,-0.0001
2026010108,-0.0001
2026010108,-0.0001
2026010108,-0.0001
2026010108,-0.0001
2026010109,-0.0001
2026010109,-0.0001
2026010109,-0.0001
2026010109,-0.0001
2026010110,9.77
2026010110,0.53
2026010110,13.2
2026010110,7.24
2026010111,0.53
2026010111,0.47
2026010111,3.29
2026010111,0.0
2026010112,1.03
2026010112,0.72
2026010112,9.96
2026010112,0.03
2026010113,0.97
2026010113,3.31
2026010113,0.0
2026010113,-0.0001
2026010114,-0.0001
2026010114,-0.0001
2026010114,-0.0001
2026010114,-0.0001
2026010115,-0.0001
2026010115,-0.0001
2026010115,-0.0001
2026010115,-0.0001
2026010116,-0.0001
2026010116,-0.0001
2026010116,-0.0001
2026010116,-0.0001
2026010117,-0.0001
2026010117,-0.0001
2026010117,-0.0001
2026010117,-0.0001
2026010118,-0.0001
2026010118,-0.0001
2026010118,-0.0001
2026010118,-0.0001
2026010119,-0.0001
2026010119,-0.0001
2026010119,-0.0001
2026010119,-0.0001
2026010120,-0.0001
2026010120,-0.0001
2026010120,-0.0001
2026010120,-0.0001
2026010121,-0.0001
2026010121,-0.0001
2026010121,-0.0001
2026010121,-0.0001
2026010122,-0.0001
2026010122,-0.0001
2026010122,-0.0001
2026010122,-0.0001
2026010123,-0.0001
2026010123,-0.0001
2026010123,-0.0001
2026010123,-0.0001
2026010200,0.0
2026010200,-0.0001
2026010200,-0.0001
2026010200,-0.0001
2026010201,-0.0001
2026010201,-0.0001
2026010201,-0.0001
2026010201,-0.0001
2026010202,-0.0001
2026010202,-0.0001
2026010202,-0.0001
2026010202,-0.0001
2026010203,-0.0001
2026010203,-0.0001
2026010203,-0.0001
2026010203,-0.0001
2026010204,-0.0001
2026010204,-0.0001
2026010204,-0.0001
2026010204,-0.0001
2026010205,-0.0001
2026010205,-0.0001
2026010205,-0.0001
2026010205,-0.0001
2026010206,-0.0001
2026010206,-0.0001
2026010206,-0.0001
2026010206,-0.0001
2026010207,-0.0001
2026010207,-0.0001
2026010207,-0.0001
2026010207,-0.0001
2026010208,-0.0001
2026010208,-0.0001
2026010208,-0.0001
2026010208,-0.0001
2026010209,2.72
2026010209,5.55
2026010209,-0.0001
2026010209,-0.0001
2026010210,8.23
2026010210,9.15
2026010210,7.2
2026010210,7.58
2026010211,9.81
2026010211,7.58
2026010211,39.21
2026010211,44.47
2026010212,18.88
2026010212,6.62
2026010212,1.02
2026010212,13.25
2026010213,31.49
2026010213,5.29
2026010213,11.32
2026010213,17.1
2026010214,11.96
2026010214,1.36
2026010214,0.0
2026010214,-0.0001
2026010215,-0.0001
2026010215,-0.0001
2026010215,-0.0001
2026010215,-0.0001
2026010216,-0.0001
2026010216,-0.0001
2026010216,-0.0001
2026010216,-0.0001
2026010217,-0.0001
2026010217,-0.0001
2026010217,-0.0001
2026010217,-0.0001
2026010218,-0.0001
2026010218,-0.0001
2026010218,-0.0001
2026010218,-0.0001
2026010219,-0.0001
2026010219,-0.0001
2026010219,-0.0001
2026010219,-0.0001
2026010220,-0.0001
2026010220,-0.0001
2026010220,-0.0001
2026010220,-0.0001
2026010221,-0.0001
2026010221,-0.0001
2026010221,-0.0001
2026010221,-0.0001
2026010222,-0.0001
2026010222,-0.0001
2026010222,-0.0001
2026010222,-0.0001
2026010223,-0.0001
2026010223,-0.0001
2026010223,-0.0001
2026010223,-0.0001
2026010300,0.0
2026010300,-0.0001
2026010300,-0.0001
2026010300,-0.0001
2026010301,-0.0001
2026010301,-0.0001
2026010301,-0.0001
2026010301,-0.0001
2026010302,-0.0001
2026010302,-0.0001
2026010302,-0.0001
2026010302,-0.0001
2026010303,-0.0001
2026010303,-0.0001
2026010303,-0.0001
2026010303,-0.0001
2026010304,-0.0001
2026010304,-0.0001
2026010304,-0.0001
2026010304,-0.0001
2026010305,-0.0001
2026010305,-0.0001
2026010305,-0.0001
2026010305,-0.0001
2026010306,-0.0001
2026010306,-0.0001
2026010306,-0.0001
2026010306,-0.0001
2026010307,-0.0001
2026010307,-0.0001
2026010307,-0.0001
2026010307,-0.0001
2026010308,0.3
2026010308,11.6
2026010308,-0.0001
2026010308,-0.0001
2026010309,19.16
2026010309,28.65
2026010309,54.85
2026010309,51.78
2026010310,21.66
2026010310,17.58
2026010310,17.34
2026010310,7.86
2026010311,4.95
2026010311,0.34
2026010311,0.0
2026010311,-0.0001
2026010312,-0.0001
2026010312,-0.0001
2026010312,-0.0001
2026010312,-0.0001
2026010313,-0.0001
2026010313,-0.0001
2026010313,-0.0001
2026010313,-0.0001
2026010314,-0.0001
2026010314,-0.0001
2026010314,-0.0001
2026010314,-0.0001
2026010315,-0.0001
2026010315,-0.0001
2026010315,-0.0001
2026010315,-0.0001
2026010316,-0.0001
2026010316,-0.0001
2026010316,-0.0001
2026010316,-0.0001
2026010317,-0.0001
2026010317,-0.0001
2026010317,-0.0001
2026010317,-0.0001
2026010318,-0.0001
2026010318,-0.0001
2026010318,-0.0001
2026010318,-0.0001
2026010319,-0.0001
2026010319,-0.0001
2026010319,-0.0001
2026010319,-0.0001
2026010320,-0.0001
2026010320,-0.0001
2026010320,-0.0001
2026010320,-0.0001
2026010321,-0.0001
2026010321,-0.0001
2026010321,-0.0001
2026010321,-0.0001
2026010322,-0.0001
2026010322,-0.0001
2026010322,-0.0001
2026010322,-0.0001
2026010323,-0.0001
2026010323,-0.0001
2026010323,-0.0001
2026010323,-0.0001
2026010400,0.0
2026010400,-0.0001
2026010400,-0.0001
2026010400,-0.0001
2026010401,-0.0001
2026010401,-0.0001
2026010401,-0.0001
2026010401,-0.0001
2026010402,-0.0001
2026010402,-0.0001
2026010402,-0.0001
2026010402,-0.0001
2026010403,-0.0001
2026010403,-0.0001
2026010403,-0.0001
2026010403,-0.0001
2026010404,-0.0001
2026010404,-0.0001
2026010404,-0.0001
2026010404,-0.0001
2026010405,-0.0001
2026010405,-0.0001
2026010405,-0.0001
2026010405,-0.0001
2026010406,-0.0001
2026010406,-0.0001
2026010406,-0.0001
2026010406,-0.0001
2026010407,-0.0001
2026010407,-0.0001
2026010407,-0.0001
2026010407,-0.0001
2026010408,0.1
2026010408,-0.0001
2026010408,-0.0001
2026010408,-0.0001
2026010409,2.29
2026010409,4.42
2026010409,5.6
2026010409,7.0
2026010410,8.23
2026010410,9.94
2026010410,11.28
2026010410,12.17
2026010411,12.9
2026010411,13.41
2026010411,14.53
2026010411,16.31
2026010412,18.71
2026010412,20.4
2026010412,20.32
2026010412,18.6
2026010413,15.93
2026010413,13.3
2026010413,10.95
2026010413,8.61
2026010414,6.26
2026010414,0.5
2026010414,0.0
2026010414,-0.0001
2026010415,-0.0001
2026010415,-0.0001
2026010415,-0.0001
2026010415,-0.0001
2026010416,-0.0001
2026010416,-0.0001
2026010416,-0.0001
2026010416,-0.0001
2026010417,-0.0001
2026010417,-0.0001
2026010417,-0.0001
2026010417,-0.0001
2026010418,-0.0001
2026010418,-0.0001
2026010418,-0.0001
2026010418,-0.0001
2026010419,-0.0001
2026010419,-0.0001
2026010419,-0.0001
2026010419,-0.0001
2026010420,-0.0001
2026010420,-0.0001
2026010420,-0.0001
2026010420,-0.0001
2026010421,-0.0001
2026010421,-0.0001
2026010421,-0.0001
2026010421,-0.0001
2026010422,-0.0001
2026010422,-0.0001
2026010422,-0.0001
2026010422,-0.0001
2026010423,-0.0001
2026010423,-0.0001
2026010423,-0.0001
2026010423,-0.0001
2026010500,0.0
2026010500,-0.0001
2026010500,-0.0001
2026010500,-0.0001
2026010501,-0.0001
2026010501,-0.0001
2026010501,-0.0001
2026010501,-0.0001
2026010502,-0.0001
2026010502,-0.0001
2026010502,-0.0001
2026010502,-0.0001
2026010503,-0.0001
2026010503,-0.0001
2026010503,-0.0001
2026010503,-0.0001
2026010504,-0.0001
2026010504,-0.0001
2026010504,-0.0001
2026010504,-0.0001
2026010505,-0.0001
2026010505,-0.0001
2026010505,-0.0001
2026010505,-0.0001
2026010506,-0.0001
2026010506,-0.0001
2026010506,-0.0001
2026010506,-0.0001
2026010507,-0.0001
2026010507,-0.0001
2026010507,-0.0001
2026010507,-0.0001
2026010508,-0.0001
2026010508,-0.0001
2026010508,-0.0001
2026010508,-0.0001
2026010509,-0.0001
2026010509,-0.0001
2026010509,-0.0001
2026010509,-0.0001
2026010510,1.51
2026010510,5.62
2026010510,6.46
2026010510,-0.0001
2026010511,6.07
2026010511,1.17
2026010511,2.04
2026010511,3.93
2026010512,4.71
2026010512,4.12
2026010512,9.22
2026010512,5.56
2026010513,5.25
2026010513,4.66
2026010513,4.17
2026010513,4.75
2026010514,2.71
2026010514,0.0
2026010514,-0.0001
2026010514,-0.0001
2026010515,-0.0001
2026010515,-0.0001
2026010515,-0.0001
2026010515,-0.0001
2026010516,-0.0001
2026010516,-0.0001
2026010516,-0.0001
2026010516,-0.0001
2026010517,-0.0001
2026010517,-0.0001
2026010517,-0.0001
2026010517,-0.0001
2026010518,-0.0001
2026010518,-0.0001
2026010518,-0.0001
2026010518,-0.0001
2026010519,-0.0001
2026010519,-0.0001
2026010519,-0.0001
2026010519,-0.0001
2026010520,-0.0001
2026010520,-0.0001
2026010520,-0.0001
2026010520,-0.0001
2026010521,-0.0001
2026010521,-0.0001
2026010521,-0.0001
2026010521,-0.0001
2026010522,-0.0001
2026010522,-0.0001
2026010522,-0.0001
2026010522,-0.0001
2026010523,-0.0001
2026010523,-0.0001
2026010523,-0.0001
2026010523,-0.0001
2026010600,0.0
2026010600,-0.0001
2026010600,-0.0001
2026010600,-0.0001
2026010601,-0.0001
2026010601,-0.0001
2026010601,-0.0001
2026010601,-0.0001
2026010602,-0.0001
2026010602,-0.0001
2026010602,-0.0001
2026010602,-0.0001
2026010603,-0.0001
2026010603,-0.0001
2026010603,-0.0001
2026010603,-0.0001
2026010604,-0.0001
2026010604,-0.0001
2026010604,-0.0001
2026010604,-0.0001
2026010605,-0.0001
2026010605,-0.0001
2026010605,-0.0001
2026010605,-0.0001
2026010606,-0.0001
2026010606,-0.0001
2026010606,-0.0001
2026010606,-0.0001
2026010607,-0.0001
2026010607,-0.0001
2026010607,-0.0001
2026010607,-0.0001
2026010608,-0.0001
2026010608,-0.0001
2026010608,-0.0001
2026010608,-0.0001
2026010609,2.72
2026010609,4.5
2026010609,5.4
2026010609,4.27
2026010610,3.01
2026010610,2.52
2026010610,3.7
2026010610,3.94
2026010611,5.01
2026010611,5.89
2026010611,3.95
2026010611,6.31
2026010612,5.69
2026010612,3.52
2026010612,0.0
2026010612,0.51
2026010613,4.71
2026010613,0.83
2026010613,0.0
2026010613,-0.0001
2026010614,-0.0001
2026010614,-0.0001
2026010614,-0.0001
2026010614,-0.0001
2026010615,-0.0001
2026010615,-0.0001
2026010615,-0.0001
2026010615,-0.0001
2026010616,-0.0001
2026010616,-0.0001
2026010616,-0.0001
2026010616,-0.0001
2026010617,-0.0001
2026010617,-0.0001
2026010617,-0.0001
2026010617,-0.0001
2026010618,-0.0001
2026010618,-0.0001
2026010618,-0.0001
2026010618,-0.0001
2026010619,-0.0001
2026010619,-0.0001
2026010619,-0.0001
2026010619,-0.0001
2026010620,-0.0001
2026010620,-0.0001
2026010620,-0.0001
2026010620,-0.0001
2026010621,-0.0001
2026010621,-0.0001
2026010621,-0.0001
2026010621,-0.0001
2026010622,-0.0001
2026010622,-0.0001
2026010622,-0.0001
2026010622,-0.0001
2026010623,-0.0001
2026010623,-0.0001
2026010623,-0.0001
2026010623,-0.0001
2026010700,0.0
2026010700,-0.0001
2026010700,-0.0001
2026010700,-0.0001
2026010701,-0.0001
2026010701,-0.0001
2026010701,-0.0001
2026010701,-0.0001
2026010702,-0.0001
2026010702,-0.0001
2026010702,-0.0001
2026010702,-0.0001
2026010703,-0.0001
2026010703,-0.0001
2026010703,-0.0001
2026010703,-0.0001
2026010704,-0.0001
2026010704,-0.0001
2026010704,-0.0001
2026010704,-0.0001
2026010705,-0.0001
2026010705,-0.0001
2026010705,-0.0001
2026010705,-0.0001
2026010706,-0.0001
2026010706,-0.0001
2026010706,-0.0001
2026010706,-0.0001
2026010707,-0.0001
2026010707,-0.0001
2026010707,-0.0001
2026010707,-0.0001
2026010708,-0.0001
2026010708,-0.0001
2026010708,-0.0001
2026010708,-0.0001
2026010709,0.53
2026010709,-0.0001
2026010709,-0.0001
2026010709,-0.0001
2026010710,3.78
2026010710,3.76
2026010710,4.33
2026010710,5.47
2026010711,7.46
2026010711,2.37
2026010711,4.99
2026010711,3.22
2026010712,3.77
2026010712,5.23
2026010712,0.34
2026010712,0.04
2026010713,0.41
2026010713,0.0
2026010713,-0.0001
2026010713,-0.0001
2026010714,-0.0001
2026010714,-0.0001
2026010714,-0.0001
2026010714,-0.0001
2026010715,-0.0001
2026010715,-0.0001
2026010715,-0.0001
2026010715,-0.0001
2026010716,-0.0001
2026010716,-0.0001
2026010716,-0.0001
2026010716,-0.0001
2026010717,-0.0001
2026010717,-0.0001
2026010717,-0.0001
2026010717,-0.0001
2026010718,-0.0001
2026010718,-0.0001
2026010718,-0.0001
2026010718,-0.0001
2026010719,-0.0001
2026010719,-0.0001
2026010719,-0.0001
2026010719,-0.0001
2026010720,-0.0001
2026010720,-0.0001
2026010720,-0.0001
2026010720,-0.0001
2026010721,-0.0001
2026010721,-0.0001
2026010721,-0.0001
2026010721,-0.0001
2026010722,-0.0001
2026010722,-0.0001
2026010722,-0.0001
2026010722,-0.0001
2026010723,-0.0001
2026010723,-0.0001
2026010723,-0.0001
2026010723,-0.0001
2026010800,0.0
2026010800,-0.0001
2026010800,-0.0001
2026010800,-0.0001
2026010801,-0.0001
2026010801,-0.0001
2026010801,-0.0001
2026010801,-0.0001
2026010802,-0.0001
2026010802,-0.0001
2026010802,-0.0001
2026010802,-0.0001
2026010803,-0.0001
2026010803,-0.0001
2026010803,-0.0001
2026010803,-0.0001
2026010804,-0.0001
2026010804,-0.0001
2026010804,-0.0001
2026010804,-0.0001
2026010805,-0.0001
2026010805,-0.0001
2026010805,-0.0001
2026010805,-0.0001
2026010806,-0.0001
2026010806,-0.0001
2026010806,-0.0001
2026010806,-0.0001
2026010807,-0.0001
2026010807,-0.0001
2026010807,-0.0001
2026010807,-0.0001
2026010808,-0.0001
2026010808,-0.0001
2026010808,-0.0001
2026010808,-0.0001
2026010809,0.03
2026010809,1.09
2026010809,2.7
2026010809,-0.0001
2026010810,0.0
2026010810,0.32
2026010810,-0.0001
2026010810,-0.0001
2026010811,1.9
2026010811,0.56
2026010811,2.16
2026010811,1.11
2026010812,2.73
2026010812,1.25
2026010812,0.56
2026010812,0.02
2026010813,0.0
2026010813,-0.0001
2026010813,-0.0001
2026010813,-0.0001
2026010814,-0.0001
2026010814,-0.0001
2026010814,-0.0001
2026010814,-0.0001
2026010815,-0.0001
2026010815,-0.0001
2026010815,-0.0001
2026010815,-0.0001
2026010816,-0.0001
2026010816,-0.0001
2026010816,-0.0001
2026010816,-0.0001
2026010817,-0.0001
2026010817,-0.0001
2026010817,-0.0001
2026010817,-0.0001
2026010818,-0.0001
2026010818,-0.0001
2026010818,-0.0001
2026010818,-0.0001
2026010819,-0.0001
2026010819,-0.0001
2026010819,-0.0001
2026010819,-0.0001
2026010820,-0.0001
2026010820,-0.0001
2026010820,-0.0001
2026010820,-0.0001
2026010821,-0.0001
2026010821,-0.0001
2026010821,-0.0001
2026010821,-0.0001
2026010822,-0.0001
2026010822,-0.0001
2026010822,-0.0001
2026010822,-0.0001
2026010823,-0.0001
2026010823,-0.0001
2026010823,-0.0001
2026010823,-0.0001
2026010900,0.0
2026010900,-0.0001
2026010900,-0.0001
2026010900,-0.0001
2026010901,-0.0001
2026010901,-0.0001
2026010901,-0.0001
2026010901,-0.0001
2026010902,-0.0001
2026010902,-0.0001
2026010902,-0.0001
2026010902,-0.0001
2026010903,-0.0001
2026010903,-0.0001
2026010903,-0.0001
2026010903,-0.0001
2026010904,-0.0001
2026010904,-0.0001
2026010904,-0.0001
2026010904,-0.0001
2026010905,-0.0001
2026010905,-0.0001
2026010905,-0.0001
2026010905,-0.0001
2026010906,-0.0001
2026010906,-0.0001
2026010906,-0.0001
2026010906,-0.0001
2026010907,-0.0001
2026010907,-0.0001
2026010907,-0.0001
2026010907,-0.0001
2026010908,-0.0001
2026010908,-0.0001
2026010908,-0.0001
2026010908,-0.0001
2026010909,0.54
2026010909,3.8
2026010909,4.97
2026010909,6.9
2026010910,11.5
2026010910,14.3
2026010910,14.76
2026010910,14.37
2026010911,13.63
2026010911,11.89
2026010911,13.32
2026010911,15.46
2026010912,16.98
2026010912,16.44
2026010912,14.75
2026010912,12.15
2026010913,10.79
2026010913,9.37
2026010913,8.27
2026010913,6.41
2026010914,5.14
2026010914,4.11
2026010914,0.42
2026010914,0.0
2026010915,-0.0001
2026010915,-0.0001
2026010915,-0.0001
2026010915,-0.0001
2026010916,-0.0001
2026010916,-0.0001
2026010916,-0.0001
2026010916,-0.0001
2026010917,-0.0001
2026010917,-0.0001
2026010917,-0.0001
2026010917,-0.0001
2026010918,-0.0001
2026010918,-0.0001
2026010918,-0.0001
2026010918,-0.0001
2026010919,-0.0001
2026010919,-0.0001
2026010919,-0.0001
2026010919,-0.0001
2026010920,-0.0001
2026010920,-0.0001
2026010920,-0.0001
2026010920,-0.0001
2026010921,-0.0001
2026010921,-0.0001
2026010921,-0.0001
2026010921,-0.0001
2026010922,-0.0001
2026010922,-0.0001
2026010922,-0.0001
2026010922,-0.0001
2026010923,-0.0001
2026010923,-0.0001
2026010923,-0.0001
2026010923,-0.0001
2026011000,0.0
2026011000,-0.0001
2026011000,-0.0001
2026011000,-0.0001
2026011001,-0.0001
2026011001,-0.0001
2026011001,-0.0001
2026011001,-0.0001
2026011002,-0.0001
2026011002,-0.0001
2026011002,-0.0001
2026011002,-0.0001
2026011003,-0.0001
2026011003,-0.0001
2026011003,-0.0001
2026011003,-0.0001
2026011004,-0.0001
2026011004,-0.0001
2026011004,-0.0001
2026011004,-0.0001
2026011005,-0.0001
2026011005,-0.0001
2026011005,-0.0001
2026011005,-0.0001
2026011006,-0.0001
2026011006,-0.0001
2026011006,-0.0001
2026011006,-0.0001
2026011007,-0.0001
2026011007,-0.0001
2026011007,-0.0001
2026011007,-0.0001
2026011008,0.3
2026011008,3.15
2026011008,-0.0001
2026011008,-0.0001
2026011009,6.26
2026011009,10.19
2026011009,11.52
2026011009,13.62
2026011010,17.09
2026011010,20.6
2026011010,22.86
2026011010,24.36
2026011011,26.57
2026011011,45.34
2026011011,61.19
2026011011,61.44
2026011012,62.52
2026011012,61.47
2026011012,57.85
2026011012,52.44
2026011013,47.04
2026011013,37.02
2026011013,28.92
2026011013,22.63
2026011014,17.51
2026011014,11.83
2026011014,7.73
2026011014,1.9
2026011015,0.0
2026011015,-0.0001
2026011015,-0.0001
2026011015,-0.0001
2026011016,-0.0001
2026011016,-0.0001
2026011016,-0.0001
2026011016,-0.0001
2026011017,-0.0001
2026011017,-0.0001
2026011017,-0.0001
2026011017,-0.0001
2026011018,-0.0001
2026011018,-0.0001
2026011018,-0.0001
2026011018,-0.0001
2026011019,-0.0001
2026011019,-0.0001
2026011019,-0.0001
2026011019,-0.0001
2026011020,-0.0001
2026011020,-0.0001
2026011020,-0.0001
2026011020,-0.0001
2026011021,-0.0001
2026011021,-0.0001
2026011021,-0.0001
2026011021,-0.0001
2026011022,-0.0001
2026011022,-0.0001
2026011022,-0.0001
2026011022,-0.0001
2026011023,-0.0001
2026011023,-0.0001
2026011023,-0.0001
2026011023,-0.0001
2026011100,0.0
2026011100,-0.0001
2026011100,-0.0001
2026011100,-0.0001
2026011101,-0.0001
2026011101,-0.0001
2026011101,-0.0001
2026011101,-0.0001
2026011102,-0.0001
2026011102,-0.0001
2026011102,-0.0001
2026011102,-0.0001
2026011103,-0.0001
2026011103,-0.0001
2026011103,-0.0001
2026011103,-0.0001
2026011104,-0.0001
2026011104,-0.0001
2026011104,-0.0001
2026011104,-0.0001
2026011105,-0.0001
2026011105,-0.0001
2026011105,-0.0001
2026011105,-0.0001
2026011106,-0.0001
2026011106,-0.0001
2026011106,-0.0001
2026011106,-0.0001
2026011107,-0.0001
2026011107,-0.0001
2026011107,-0.0001
2026011107,-0.0001
2026011108,2.09
2026011108,9.35
2026011108,18.99
2026011108,28.41
2026011109,32.82
2026011109,24.57
2026011109,35.84
2026011109,49.96
2026011110,58.9
2026011110,66.49
2026011110,61.11
2026011110,62.78
2026011111,52.56
2026011111,53.79
2026011111,51.0
2026011111,49.0
2026011112,45.69
2026011112,42.2
2026011112,37.25
2026011112,34.83
2026011113,30.13
2026011113,24.29
2026011113,18.35
2026011113,15.06
2026011114,13.81
2026011114,9.75
2026011114,5.87
2026011114,0.84
2026011115,0.0
2026011115,-0.0001
2026011115,-0.0001
2026011115,-0.0001
2026011116,-0.0001
2026011116,-0.0001
2026011116,-0.0001
2026011116,-0.0001
2026011117,-0.0001
2026011117,-0.0001
2026011117,-0.0001
2026011117,-0.0001
2026011118,-0.0001
2026011118,-0.0001
2026011118,-0.0001
2026011118,-0.0001
2026011119,-0.0001
2026011119,-0.0001
2026011119,-0.0001
2026011119,-0.0001
2026011120,-0.0001
2026011120,-0.0001
2026011120,-0.0001
2026011120,-0.0001
2026011121,-0.0001
2026011121,-0.0001
2026011121,-0.0001
2026011121,-0.0001
2026011122,-0.0001
2026011122,-0.0001
2026011122,-0.0001
2026011122,-0.0001
2026011123,-0.0001
2026011123,-0.0001
2026011123,-0.0001
2026011123,-0.0001
2026011200,0.0
2026011200,-0.0001
2026011200,-0.0001
2026011200,-0.0001
2026011201,-0.0001
2026011201,-0.0001
2026011201,-0.0001
2026011201,-0.0001
2026011202,-0.0001
2026011202,-0.0001
2026011202,-0.0001
2026011202,-0.0001
2026011203,-0.0001
2026011203,-0.0001
2026011203,-0.0001
2026011203,-0.0001
2026011204,-0.0001
2026011204,-0.0001
2026011204,-0.0001
2026011204,-0.0001
2026011205,-0.0001
2026011205,-0.0001
2026011205,-0.0001
2026011205,-0.0001
2026011206,-0.0001
2026011206,-0.0001
2026011206,-0.0001
2026011206,-0.0001
2026011207,-0.0001
2026011207,-0.0001
2026011207,-0.0001
2026011207,-0.0001
2026011208,-0.0001
2026011208,-0.0001
2026011208,-0.0001
2026011208,-0.0001
2026011209,0.03
2026011209,1.31
2026011209,1.52
2026011209,-0.0001
2026011210,4.83
2026011210,6.41
2026011210,7.84
2026011210,9.33
2026011211,9.06
2026011211,8.51
2026011211,7.96
2026011211,9.87
2026011212,9.09
2026011212,8.57
2026011212,5.89
2026011212,7.23
2026011213,8.77
2026011213,7.61
2026011213,5.43
2026011213,3.95
2026011214,0.84
2026011214,0.0
2026011214,-0.0001
2026011214,-0.0001
2026011215,-0.0001
2026011215,-0.0001
2026011215,-0.0001
2026011215,-0.0001
2026011216,-0.0001
2026011216,-0.0001
2026011216,-0.0001
2026011216,-0.0001
2026011217,-0.0001
2026011217,-0.0001
2026011217,-0.0001
2026011217,-0.0001
2026011218,-0.0001
2026011218,-0.0001
2026011218,-0.0001
2026011218,-0.0001
2026011219,-0.0001
2026011219,-0.0001
2026011219,-0.0001
2026011219,-0.0001
2026011220,-0.0001
2026011220,-0.0001
2026011220,-0.0001
2026011220,-0.0001
2026011221,-0.0001
2026011221,-0.0001
2026011221,-0.0001
2026011221,-0.0001
2026011222,-0.0001
2026011222,-0.0001
2026011222,-0.0001
2026011222,-0.0001
2026011223,-0.0001
2026011223,-0.0001
2026011223,-0.0001
2026011223,-0.0001
2026011300,0.0
2026011300,-0.0001
2026011300,-0.0001
2026011300,-0.0001
2026011301,-0.0001
2026011301,-0.0001
2026011301,-0.0001
2026011301,-0.0001
2026011302,-0.0001
2026011302,-0.0001
2026011302,-0.0001
2026011302,-0.0001
2026011303,-0.0001
2026011303,-0.0001
2026011303,-0.0001
2026011303,-0.0001
2026011304,-0.0001
2026011304,-0.0001
2026011304,-0.0001
2026011304,-0.0001
2026011305,-0.0001
2026011305,-0.0001
2026011305,-0.0001
2026011305,-0.0001
2026011306,-0.0001
2026011306,-0.0001
2026011306,-0.0001
2026011306,-0.0001
2026011307,-0.0001
2026011307,-0.0001
2026011307,-0.0001
2026011307,-0.0001
2026011308,1.44
2026011308,4.36
2026011308,-0.0001
2026011308,-0.0001
2026011309,5.13
2026011309,7.75
2026011309,11.27
2026011309,12.41
2026011310,12.69
2026011310,16.18
2026011310,14.3
2026011310,13.93
2026011311,14.33
2026011311,13.23
2026011311,14.2
2026011311,12.67
2026011312,11.76
2026011312,8.72
2026011312,8.36
2026011312,9.81
2026011313,8.57
2026011313,6.27
2026011313,4.0
2026011313,4.21
2026011314,0.99
2026011314,0.33
2026011314,0.0
2026011314,-0.0001
2026011315,-0.0001
2026011315,-0.0001
2026011315,-0.0001
2026011315,-0.0001
2026011316,-0.0001
2026011316,-0.0001
2026011316,-0.0001
2026011316,-0.0001
2026011317,-0.0001
2026011317,-0.0001
2026011317,-0.0001
2026011317,-0.0001
2026011318,-0.0001
2026011318,-0.0001
2026011318,-0.0001
2026011318,-0.0001
2026011319,-0.0001
2026011319,-0.0001
2026011319,-0.0001
2026011319,-0.0001
2026011320,-0.0001
2026011320,-0.0001
2026011320,-0.0001
2026011320,-0.0001
2026011321,-0.0001
2026011321,-0.0001
2026011321,-0.0001
2026011321,-0.0001
2026011322,-0.0001
2026011322,-0.0001
2026011322,-0.0001
2026011322,-0.0001
2026011323,-0.0001
2026011323,-0.0001
2026011323,-0.0001
2026011323,-0.0001
2026011400,0.0
2026011400,-0.0001
2026011400,-0.0001
2026011400,-0.0001
2026011401,-0.0001
2026011401,-0.0001
2026011401,-0.0001
2026011401,-0.0001
2026011402,-0.0001
2026011402,-0.0001
2026011402,-0.0001
2026011402,-0.0001
2026011403,-0.0001
2026011403,-0.0001
2026011403,-0.0001
2026011403,-0.0001
2026011404,-0.0001
2026011404,-0.0001
2026011404,-0.0001
2026011404,-0.0001
2026011405,-0.0001
2026011405,-0.0001
2026011405,-0.0001
2026011405,-0.0001
2026011406,-0.0001
2026011406,-0.0001
2026011406,-0.0001
2026011406,-0.0001
2026011407,-0.0001
2026011407,-0.0001
2026011407,-0.0001
2026011407,-0.0001
2026011408,0.16
2026011408,-0.0001
2026011408,-0.0001
2026011408,-0.0001
2026011409,5.77
2026011409,12.41
2026011409,21.88
2026011409,30.8
2026011410,38.99
2026011410,44.89
2026011410,49.04
2026011410,45.86
2026011411,43.44
2026011411,42.66
2026011411,55.45
2026011411,39.4
2026011412,37.15
2026011412,49.57
2026011412,46.37
2026011412,41.37
2026011413,32.56
2026011413,25.62
2026011413,16.12
2026011413,8.31
2026011414,1.77
2026011414,0.0
2026011414,-0.0001
2026011414,-0.0001
2026011415,-0.0001
2026011415,-0.0001
2026011415,-0.0001
2026011415,-0.0001
2026011416,-0.0001
2026011416,-0.0001
2026011416,-0.0001
2026011416,-0.0001
2026011417,-0.0001
2026011417,-0.0001
2026011417,-0.0001
2026011417,-0.0001
2026011418,-0.0001
2026011418,-0.0001
2026011418,-0.0001
2026011418,-0.0001
2026011419,-0.0001
2026011419,-0.0001
2026011419,-0.0001
2026011419,-0.0001
2026011420,-0.0001
2026011420,-0.0001
2026011420,-0.0001
2026011420,-0.0001
2026011421,-0.0001
2026011421,-0.0001
2026011421,-0.0001
2026011421,-0.0001
2026011422,-0.0001
2026011422,-0.0001
2026011422,-0.0001
2026011422,-0.0001
2026011423,-0.0001
2026011423,-0.0001
2026011423,-0.0001
2026011423,-0.0001
2026011500,0.0
2026011500,-0.0001
2026011500,-0.0001
2026011500,-0.0001
2026011501,-0.0001
2026011501,-0.0001
2026011501,-0.0001
2026011501,-0.0001
2026011502,-0.0001
2026011502,-0.0001
2026011502,-0.0001
2026011502,-0.0001
2026011503,-0.0001
2026011503,-0.0001
2026011503,-0.0001
2026011503,-0.0001
2026011504,-0.0001
2026011504,-0.0001
2026011504,-0.0001
2026011504,-0.0001
2026011505,-0.0001
2026011505,-0.0001
2026011505,-0.0001
2026011505,-0.0001
2026011506,-0.0001
2026011506,-0.0001
2026011506,-0.0001
2026011506,-0.0001
2026011507,-0.0001
2026011507,-0.0001
2026011507,-0.0001
2026011507,-0.0001
2026011508,-0.0001
2026011508,-0.0001
2026011508,-0.0001
2026011508,-0.0001
2026011509,-0.0001
2026011509,-0.0001
2026011509,-0.0001
2026011509,-0.0001
2026011510,-0.0001
2026011510,-0.0001
2026011510,-0.0001
2026011510,-0.0001
2026011511,-0.0001
2026011511,-0.0001
2026011511,-0.0001
2026011511,-0.0001
2026011512,-0.0001
2026011512,-0.0001
2026011512,-0.0001
2026011512,-0.0001
2026011513,-0.0001
2026011513,-0.0001
2026011513,-0.0001
2026011513,-0.0001
2026011514,-0.0001
2026011514,-0.0001
2026011514,-0.0001
2026011514,-0.0001
2026011515,-0.0001
2026011515,-0.0001
2026011515,-0.0001
2026011515,-0.0001
2026011516,-0.0001
2026011516,-0.0001
2026011516,-0.0001
2026011516,-0.0001
2026011517,-0.0001
2026011517,-0.0001
2026011517,-0.0001
2026011517,-0.0001
2026011518,-0.0001
2026011518,-0.0001
2026011518,-0.0001
2026011518,-0.0001
2026011519,-0.0001
2026011519,-0.0001
2026011519,-0.0001
2026011519,-0.0001
2026011520,-0.0001
2026011520,-0.0001
2026011520,-0.0001
2026011520,-0.0001
2026011521,-0.0001
2026011521,-0.0001
2026011521,-0.0001
2026011521,-0.0001
2026011522,-0.0001
2026011522,-0.0001
2026011522,-0.0001
2026011522,-0.0001
2026011523,-0.0001
2026011523,-0.0001
2026011523,-0.0001
2026011523,-0.0001
2026011600,0.0
2026011600,-0.0001
2026011600,-0.0001
2026011600,-0.0001
2026011601,-0.0001
2026011601,-0.0001
2026011601,-0.0001
2026011601,-0.0001
2026011602,-0.0001
2026011602,-0.0001
2026011602,-0.0001
2026011602,-0.0001
2026011603,-0.0001
2026011603,-0.0001
2026011603,-0.0001
2026011603,-0.0001
2026011604,-0.0001
2026011604,-0.0001
2026011604,-0.0001
2026011604,-0.0001
2026011605,-0.0001
2026011605,-0.0001
2026011605,-0.0001
2026011605,-0.0001
2026011606,-0.0001
2026011606,-0.0001
2026011606,-0.0001
2026011606,-0.0001
2026011607,-0.0001
2026011607,-0.0001
2026011607,-0.0001
2026011607,-0.0001
2026011608,-0.0001
2026011608,-0.0001
2026011608,-0.0001
2026011608,-0.0001
2026011609,1.58
2026011609,1.17
2026011609,0.0
2026011609,-0.0001
2026011610,0.93
2026011610,0.0
2026011610,-0.0001
2026011610,-0.0001
2026011611,2.75
2026011611,5.17
2026011611,11.01
2026011611,23.12
2026011612,24.17
2026011612,13.08
2026011612,9.02
2026011612,12.13
2026011613,12.74
2026011613,7.36
2026011613,4.95
2026011613,3.31
2026011614,0.0
2026011614,0.11
2026011614,0.0
2026011614,-0.0001
2026011615,-0.0001
2026011615,-0.0001
2026011615,-0.0001
2026011615,-0.0001
2026011616,-0.0001
2026011616,-0.0001
2026011616,-0.0001
2026011616,-0.0001
2026011617,-0.0001
2026011617,-0.0001
2026011617,-0.0001
2026011617,-0.0001
2026011618,-0.0001
2026011618,-0.0001
2026011618,-0.0001
2026011618,-0.0001
2026011619,-0.0001
2026011619,-0.0001
2026011619,-0.0001
2026011619,-0.0001
2026011620,-0.0001
2026011620,-0.0001
2026011620,-0.0001
2026011620,-0.0001
2026011621,-0.0001
2026011621,-0.0001
2026011621,-0.0001
2026011621,-0.0001
2026011622,-0.0001
2026011622,-0.0001
2026011622,-0.0001
2026011622,-0.0001
2026011623,-0.0001
2026011623,-0.0001
2026011623,-0.0001
2026011623,-0.0001
2026011700,0.0
2026011700,-0.0001
2026011700,-0.0001
2026011700,-0.0001
2026011701,-0.0001
2026011701,-0.0001
2026011701,-0.0001
2026011701,-0.0001
2026011702,-0.0001
2026011702,-0.0001
2026011702,-0.0001
2026011702,-0.0001
2026011703,-0.0001
2026011703,-0.0001
2026011703,-0.0001
2026011703,-0.0001
2026011704,-0.0001
2026011704,-0.0001
2026011704,-0.0001
2026011704,-0.0001
2026011705,-0.0001
2026011705,-0.0001
2026011705,-0.0001
2026011705,-0.0001
2026011706,-0.0001
2026011706,-0.0001
2026011706,-0.0001
2026011706,-0.0001
2026011707,-0.0001
2026011707,-0.0001
2026011707,-0.0001
2026011707,-0.0001
2026011708,0.52
2026011708,4.63
2026011708,7.83
2026011708,13.18
2026011709,22.47
2026011709,29.01
2026011709,37.38
2026011709,37.89
2026011710,39.74
2026011710,45.6
2026011710,50.41
2026011710,50.16
2026011711,41.63
2026011711,54.22
2026011711,53.69
2026011711,56.0
2026011712,59.81
2026011712,56.0
2026011712,27.87
2026011712,20.45
2026011713,16.83
2026011713,14.62
2026011713,11.11
2026011713,6.14
2026011714,0.51
2026011714,0.0
2026011714,-0.0001
2026011714,-0.0001
2026011715,-0.0001
2026011715,-0.0001
2026011715,-0.0001
2026011715,-0.0001
2026011716,-0.0001
2026011716,-0.0001
2026011716,-0.0001
2026011716,-0.0001
2026011717,-0.0001
2026011717,-0.0001
2026011717,-0.0001
2026011717,-0.0001
2026011718,-0.0001
2026011718,-0.0001
2026011718,-0.0001
2026011718,-0.0001
2026011719,-0.0001
2026011719,-0.0001
2026011719,-0.0001
2026011719,-0.0001
2026011720,-0.0001
2026011720,-0.0001
2026011720,-0.0001
2026011720,-0.0001
2026011721,-0.0001
2026011721,-0.0001
2026011721,-0.0001
2026011721,-0.0001
2026011722,-0.0001
2026011722,-0.0001
2026011722,-0.0001
2026011722,-0.0001
2026011723,-0.0001
2026011723,-0.0001
2026011723,-0.0001
2026011723,-0.0001
2026011800,0.0
2026011800,-0.0001
2026011800,-0.0001
2026011800,-0.0001
2026011801,-0.0001
2026011801,-0.0001
2026011801,-0.0001
2026011801,-0.0001
2026011802,-0.0001
2026011802,-0.0001
2026011802,-0.0001
2026011802,-0.0001
2026011803,-0.0001
2026011803,-0.0001
2026011803,-0.0001
2026011803,-0.0001
2026011804,-0.0001
2026011804,-0.0001
2026011804,-0.0001
2026011804,-0.0001
2026011805,-0.0001
2026011805,-0.0001
2026011805,-0.0001
2026011805,-0.0001
2026011806,-0.0001
2026011806,-0.0001
2026011806,-0.0001
2026011806,-0.0001
2026011807,-0.0001
2026011807,-0.0001
2026011807,-0.0001
2026011807,-0.0001
2026011808,-0.0001
2026011808,-0.0001
2026011808,-0.0001
2026011808,-0.0001
2026011809,-0.0001
2026011809,-0.0001
2026011809,-0.0001
2026011809,-0.0001
2026011810,-0.0001
2026011810,-0.0001
2026011810,-0.0001
2026011810,-0.0001
2026011811,-0.0001
2026011811,-0.0001
2026011811,-0.0001
2026011811,-0.0001
2026011812,-0.0001
2026011812,-0.0001
2026011812,-0.0001
2026011812,-0.0001
2026011813,-0.0001
2026011813,-0.0001
2026011813,-0.0001
2026011813,-0.0001
2026011814,-0.0001
2026011814,-0.0001
2026011814,-0.0001
2026011814,-0.0001
2026011815,-0.0001
2026011815,-0.0001
2026011815,-0.0001
2026011815,-0.0001
2026011816,-0.0001
2026011816,-0.0001
2026011816,-0.0001
2026011816,-0.0001
2026011817,-0.0001
2026011817,-0.0001
2026011817,-0.0001
2026011817,-0.0001
2026011818,-0.0001
2026011818,-0.0001
2026011818,-0.0001
2026011818,-0.0001
2026011819,-0.0001
2026011819,-0.0001
2026011819,-0.0001
2026011819,-0.0001
2026011820,-0.0001
2026011820,-0.0001
2026011820,-0.0001
2026011820,-0.0001
2026011821,-0.0001
2026011821,-0.0001
2026011821,-0.0001
2026011821,-0.0001
2026011822,-0.0001
2026011822,-0.0001
2026011822,-0.0001
2026011822,-0.0001
2026011823,-0.0001
2026011823,-0.0001
2026011823,-0.0001
2026011823,-0.0001
2026011900,0.0
2026011900,-0.0001
2026011900,-0.0001
2026011900,-0.0001
2026011901,-0.0001
2026011901,-0.0001
2026011901,-0.0001
2026011901,-0.0001
2026011902,-0.0001
2026011902,-0.0001
2026011902,-0.0001
2026011902,-0.0001
2026011903,-0.0001
2026011903,-0.0001
2026011903,-0.0001
2026011903,-0.0001
2026011904,-0.0001
2026011904,-0.0001
2026011904,-0.0001
2026011904,-0.0001
2026011905,-0.0001
2026011905,-0.0001
2026011905,-0.0001
2026011905,-0.0001
2026011906,-0.0001
2026011906,-0.0001
2026011906,-0.0001
2026011906,-0.0001
2026011907,-0.0001
2026011907,-0.0001
2026011907,-0.0001
2026011907,-0.0001
2026011908,2.88
2026011908,9.56
2026011908,15.11
2026011908,20.61
2026011909,30.05
2026011909,40.95
2026011909,52.66
2026011909,61.26
2026011910,67.22
2026011910,71.6
2026011910,75.06
2026011910,77.25
2026011911,78.58
2026011911,79.23
2026011911,79.28
2026011911,78.95
2026011912,77.44
2026011912,75.3
2026011912,72.5
2026011912,68.86
2026011913,63.7
2026011913,56.9
2026011913,47.66
2026011913,36.56
2026011914,26.91
2026011914,20.6
2026011914,14.71
2026011914,8.29
2026011915,1.8
2026011915,0.0
2026011915,-0.0001
2026011915,-0.0001
2026011916,-0.0001
2026011916,-0.0001
2026011916,-0.0001
2026011916,-0.0001
2026011917,-0.0001
2026011917,-0.0001
2026011917,-0.0001
2026011917,-0.0001
2026011918,-0.0001
2026011918,-0.0001
2026011918,-0.0001
2026011918,-0.0001
2026011919,-0.0001
2026011919,-0.0001
2026011919,-0.0001
2026011919,-0.0001
2026011920,-0.0001
2026011920,-0.0001
2026011920,-0.0001
2026011920,-0.0001
2026011921,-0.0001
2026011921,-0.0001
2026011921,-0.0001
2026011921,-0.0001
2026011922,-0.0001
2026011922,-0.0001
2026011922,-0.0001
2026011922,-0.0001
2026011923,-0.0001
2026011923,-0.0001
2026011923,-0.0001
2026011923,-0.0001
2026012000,0.0
2026012000,-0.0001
2026012000,-0.0001
2026012000,-0.0001
2026012001,-0.0001
2026012001,-0.0001
2026012001,-0.0001
2026012001,-0.0001
2026012002,-0.0001
2026012002,-0.0001
2026012002,-0.0001
2026012002,-0.0001
2026012003,-0.0001
2026012003,-0.0001
2026012003,-0.0001
2026012003,-0.0001
2026012004,-0.0001
2026012004,-0.0001
2026012004,-0.0001
2026012004,-0.0001
2026012005,-0.0001
2026012005,-0.0001
2026012005,-0.0001
2026012005,-0.0001
2026012006,-0.0001
2026012006,-0.0001
2026012006,-0.0001
2026012006,-0.0001
2026012007,-0.0001
2026012007,-0.0001
2026012007,-0.0001
2026012007,-0.0001
2026012008,1.53
2026012008,7.73
2026012008,13.18
2026012008,18.92
2026012009,27.05
2026012009,37.13
2026012009,46.53
2026012009,54.63
2026012010,60.08
2026012010,64.24
2026012010,67.13
2026012010,68.2
2026012011,70.48
2026012011,72.21
2026012011,72.34
2026012011,71.97
2026012012,70.8
2026012012,68.9
2026012012,66.21
2026012012,62.51
2026012013,53.43
2026012013,39.98
2026012013,33.2
2026012013,33.35
2026012014,25.38
2026012014,20.75
2026012014,10.16
2026012014,1.91
2026012015,0.0
2026012015,-0.0001
2026012015,-0.0001
2026012015,-0.0001
2026012016,-0.0001
2026012016,-0.0001
2026012016,-0.0001
2026012016,-0.0001
2026012017,-0.0001
2026012017,-0.0001
2026012017,-0.0001
2026012017,-0.0001
2026012018,-0.0001
2026012018,-0.0001
2026012018,-0.0001
2026012018,-0.0001
2026012019,-0.0001
2026012019,-0.0001
2026012019,-0.0001
2026012019,-0.0001
2026012020,-0.0001
2026012020,-0.0001
2026012020,-0.0001
2026012020,-0.0001
2026012021,-0.0001
2026012021,-0.0001
2026012021,-0.0001
2026012021,-0.0001
2026012022,-0.0001
2026012022,-0.0001
2026012022,-0.0001
2026012022,-0.0001
2026012023,-0.0001
2026012023,-0.0001
2026012023,-0.0001
2026012023,-0.0001
2026012100,0.0
2026012100,-0.0001
2026012100,-0.0001
2026012100,-0.0001
2026012101,-0.0001
2026012101,-0.0001
2026012101,-0.0001
2026012101,-0.0001
2026012102,-0.0001
2026012102,-0.0001
2026012102,-0.0001
2026012102,-0.0001
2026012103,-0.0001
2026012103,-0.0001
2026012103,-0.0001
2026012103,-0.0001
2026012104,-0.0001
2026012104,-0.0001
2026012104,-0.0001
2026012104,-0.0001
2026012105,-0.0001
2026012105,-0.0001
2026012105,-0.0001
2026012105,-0.0001
2026012106,-0.0001
2026012106,-0.0001
2026012106,-0.0001
2026012106,-0.0001
2026012107,-0.0001
2026012107,-0.0001
2026012107,-0.0001
2026012107,-0.0001
2026012108,0.06
2026012108,9.10664
2026012108,-0.0001
2026012108,-0.0001
2026012109,15.7395
2026012109,22.8211
2026012109,36.3083
2026012109,41.7303
2026012110,47.1708
2026012110,48.0848
2026012110,49.6784
2026012110,56.566
2026012111,56.3256
2026012111,60.2932
2026012111,58.6235
2026012111,58.3789
2026012112,52.9887
2026012112,51.267
2026012112,35.1634
2026012112,24.5263
2026012113,21.6334
2026012113,14.1009
2026012113,5.7578
2026012113,2.77367
2026012114,0.0
2026012114,-0.0001
2026012114,-0.0001
2026012114,-0.0001
2026012115,-0.0001
2026012115,-0.0001
2026012115,-0.0001
2026012115,-0.0001
2026012116,-0.0001
2026012116,-0.0001
2026012116,-0.0001
2026012116,-0.0001
2026012117,-0.0001
2026012117,-0.0001
2026012117,-0.0001
2026012117,-0.0001
2026012118,-0.0001
2026012118,-0.0001
2026012118,-0.0001
2026012118,-0.0001
2026012119,-0.0001
2026012119,-0.0001
2026012119,-0.0001
2026012119,-0.0001
2026012120,-0.0001
2026012120,-0.0001
2026012120,-0.0001
2026012120,-0.0001
2026012121,-0.0001
2026012121,-0.0001
2026012121,-0.0001
2026012121,-0.0001
2026012122,-0.0001
2026012122,-0.0001
2026012122,-0.0001
2026012122,-0.0001
2026012123,-0.0001
2026012123,-0.0001
2026012123,-0.0001
2026012123,-0.0001
2026012200,0.0
2026012200,-0.0001
2026012200,-0.0001
2026012200,-0.0001
2026012201,-0.0001
2026012201,-0.0001
2026012201,-0.0001
2026012201,-0.0001
2026012202,-0.0001
2026012202,-0.0001
2026012202,-0.0001
2026012202,-0.0001
2026012203,-0.0001
2026012203,-0.0001
2026012203,-0.0001
2026012203,-0.0001
2026012204,-0.0001
2026012204,-0.0001
2026012204,-0.0001
2026012204,-0.0001
2026012205,-0.0001
2026012205,-0.0001
2026012205,-0.0001
2026012205,-0.0001
2026012206,-0.0001
2026012206,-0.0001
2026012206,-0.0001
2026012206,-0.0001
2026012207,-0.0001
2026012207,-0.0001
2026012207,-0.0001
2026012207,-0.0001
2026012208,-0.0001
2026012208,-0.0001
2026012208,-0.0001
2026012208,-0.0001
2026012209,-0.0001
2026012209,-0.0001
2026012209,-0.0001
2026012209,-0.0001
2026012210,-0.0001
2026012210,-0.0001
2026012210,-0.0001
2026012210,-0.0001
2026012211,-0.0001
2026012211,-0.0001
2026012211,-0.0001
2026012211,-0.0001
2026012212,-0.0001
2026012212,-0.0001
2026012212,-0.0001
2026012212,-0.0001
2026012213,-0.0001
2026012213,-0.0001
2026012213,-0.0001
2026012213,-0.0001
2026012214,-0.0001
2026012214,-0.0001
2026012214,-0.0001
2026012214,-0.0001
2026012215,-0.0001
2026012215,-0.0001
2026012215,-0.0001
2026012215,-0.0001
2026012216,-0.0001
2026012216,-0.0001
2026012216,-0.0001
2026012216,-0.0001
2026012217,-0.0001
2026012217,-0.0001
2026012217,-0.0001
2026012217,-0.0001
2026012218,-0.0001
2026012218,-0.0001
2026012218,-0.0001
2026012218,-0.0001
2026012219,-0.0001
2026012219,-0.0001
2026012219,-0.0001
2026012219,-0.0001
2026012220,-0.0001
2026012220,-0.0001
2026012220,-0.0001
2026012220,-0.0001
2026012221,-0.0001
2026012221,-0.0001
2026012221,-0.0001
2026012221,-0.0001
2026012222,-0.0001
2026012222,-0.0001
2026012222,-0.0001
2026012222,-0.0001
2026012223,-0.0001
2026012223,-0.0001
2026012223,-0.0001
2026012223,-0.0001
2026012300,0.0
2026012300,-0.0001
2026012300,-0.0001
2026012300,-0.0001
2026012301,-0.0001
2026012301,-0.0001
2026012301,-0.0001
2026012301,-0.0001
2026012302,-0.0001
2026012302,-0.0001
2026012302,-0.0001
2026012302,-0.0001
2026012303,-0.0001
2026012303,-0.0001
2026012303,-0.0001
2026012303,-0.0001
2026012304,-0.0001
2026012304,-0.0001
2026012304,-0.0001
2026012304,-0.0001
2026012305,-0.0001
2026012305,-0.0001
2026012305,-0.0001
2026012305,-0.0001
2026012306,-0.0001
2026012306,-0.0001
2026012306,-0.0001
2026012306,-0.0001
2026012307,-0.0001
2026012307,-0.0001
2026012307,-0.0001
2026012307,-0.0001
2026012308,-0.0001
2026012308,-0.0001
2026012308,-0.0001
2026012308,-0.0001
2026012309,-0.0001
2026012309,-0.0001
2026012309,-0.0001
2026012309,-0.0001
2026012310,0.96
2026012310,0.0
2026012310,1.05
2026012310,2.8
2026012311,2.74
2026012311,3.82
2026012311,2.92
2026012311,0.0
2026012312,-0.0001
2026012312,-0.0001
2026012312,-0.0001
2026012312,-0.0001
2026012313,-0.0001
2026012313,-0.0001
2026012313,-0.0001
2026012313,-0.0001
2026012314,-0.0001
2026012314,-0.0001
2026012314,-0.0001
2026012314,-0.0001
2026012315,-0.0001
2026012315,-0.0001
2026012315,-0.0001
2026012315,-0.0001
2026012316,-0.0001
2026012316,-0.0001
2026012316,-0.0001
2026012316,-0.0001
2026012317,-0.0001
2026012317,-0.0001
2026012317,-0.0001
2026012317,-0.0001
2026012318,-0.0001
2026012318,-0.0001
2026012318,-0.0001
2026012318,-0.0001
2026012319,-0.0001
2026012319,-0.0001
2026012319,-0.0001
2026012319,-0.0001
2026012320,-0.0001
2026012320,-0.0001
2026012320,-0.0001
2026012320,-0.0001
2026012321,-0.0001
2026012321,-0.0001
2026012321,-0.0001
2026012321,-0.0001
2026012322,-0.0001
2026012322,-0.0001
2026012322,-0.0001
2026012322,-0.0001
2026012323,-0.0001
2026012323,-0.0001
2026012323,-0.0001
2026012323,-0.0001
2026012400,0.0
2026012400,-0.0001
2026012400,-0.0001
2026012400,-0.0001
2026012401,-0.0001
2026012401,-0.0001
2026012401,-0.0001
2026012401,-0.0001
2026012402,-0.0001
2026012402,-0.0001
2026012402,-0.0001
2026012402,-0.0001
2026012403,-0.0001
2026012403,-0.0001
2026012403,-0.0001
2026012403,-0.0001
2026012404,-0.0001
2026012404,-0.0001
2026012404,-0.0001
2026012404,-0.0001
2026012405,-0.0001
2026012405,-0.0001
2026012405,-0.0001
2026012405,-0.0001
2026012406,-0.0001
2026012406,-0.0001
2026012406,-0.0001
2026012406,-0.0001
2026012407,-0.0001
2026012407,-0.0001
2026012407,-0.0001
2026012407,-0.0001
2026012408,0.44
2026012408,4.72
2026012408,-0.0001
2026012408,-0.0001
2026012409,6.11
2026012409,5.2
2026012409,1.67
2026012409,0.2
2026012410,0.0
2026012410,-0.0001
2026012410,-0.0001
2026012410,-0.0001
2026012411,-0.0001
2026012411,-0.0001
2026012411,-0.0001
2026012411,-0.0001
2026012412,-0.0001
2026012412,-0.0001
2026012412,-0.0001
2026012412,-0.0001
2026012413,-0.0001
2026012413,-0.0001
2026012413,-0.0001
2026012413,-0.0001
2026012414,-0.0001
2026012414,-0.0001
2026012414,-0.0001
2026012414,-0.0001
2026012415,-0.0001
2026012415,-0.0001
2026012415,-0.0001
2026012415,-0.0001
2026012416,-0.0001
2026012416,-0.0001
2026012416,-0.0001
2026012416,-0.0001
2026012417,-0.0001
2026012417,-0.0001
2026012417,-0.0001
2026012417,-0.0001
2026012418,-0.0001
2026012418,-0.0001
2026012418,-0.0001
2026012418,-0.0001
2026012419,-0.0001
2026012419,-0.0001
2026012419,-0.0001
2026012419,-0.0001
2026012420,-0.0001
2026012420,-0.0001
2026012420,-0.0001
2026012420,-0.0001
2026012421,-0.0001
2026012421,-0.0001
2026012421,-0.0001
2026012421,-0.0001
2026012422,-0.0001
2026012422,-0.0001
2026012422,-0.0001
2026012422,-0.0001
2026012423,-0.0001
2026012423,-0.0001
2026012423,-0.0001
2026012423,-0.0001
2026012500,0.0
2026012500,-0.0001
2026012500,-0.0001
2026012500,-0.0001
2026012501,-0.0001
2026012501,-0.0001
2026012501,-0.0001
2026012501,-0.0001
2026012502,-0.0001
2026012502,-0.0001
2026012502,-0.0001
2026012502,-0.0001
2026012503,-0.0001
2026012503,-0.0001
2026012503,-0.0001
2026012503,-0.0001
2026012504,-0.0001
2026012504,-0.0001
2026012504,-0.0001
2026012504,-0.0001
2026012505,-0.0001
2026012505,-0.0001
2026012505,-0.0001
2026012505,-0.0001
2026012506,-0.0001
2026012506,-0.0001
2026012506,-0.0001
2026012506,-0.0001
2026012507,-0.0001
2026012507,-0.0001
2026012507,-0.0001
2026012507,-0.0001
2026012508,-0.0001
2026012508,-0.0001
2026012508,-0.0001
2026012508,-0.0001
2026012509,2.2
2026012509,0.14
2026012509,-0.0001
2026012509,-0.0001
2026012510,0.0
2026012510,-0.0001
2026012510,-0.0001
2026012510,-0.0001
2026012511,-0.0001
2026012511,-0.0001
2026012511,-0.0001
2026012511,-0.0001
2026012512,-0.0001
2026012512,-0.0001
2026012512,-0.0001
2026012512,-0.0001
2026012513,-0.0001
2026012513,-0.0001
2026012513,-0.0001
2026012513,-0.0001
2026012514,-0.0001
2026012514,-0.0001
2026012514,-0.0001
2026012514,-0.0001
2026012515,-0.0001
2026012515,-0.0001
2026012515,-0.0001
2026012515,-0.0001
2026012516,-0.0001
2026012516,-0.0001
2026012516,-0.0001
2026012516,-0.0001
2026012517,-0.0001
2026012517,-0.0001
2026012517,-0.0001
2026012517,-0.0001
2026012518,-0.0001
2026012518,-0.0001
2026012518,-0.0001
2026012518,-0.0001
2026012519,-0.0001
2026012519,-0.0001
2026012519,-0.0001
2026012519,-0.0001
2026012520,-0.0001
2026012520,-0.0001
2026012520,-0.0001
2026012520,-0.0001
2026012521,-0.0001
2026012521,-0.0001
2026012521,-0.0001
2026012521,-0.0001
2026012522,-0.0001
2026012522,-0.0001
2026012522,-0.0001
2026012522,-0.0001
2026012523,-0.0001
2026012523,-0.0001
2026012523,-0.0001
2026012523,-0.0001
2026012600,0.0
2026012600,-0.0001
2026012600,-0.0001
2026012600,-0.0001
2026012601,-0.0001
2026012601,-0.0001
2026012601,-0.0001
2026012601,-0.0001
2026012602,-0.0001
2026012602,-0.0001
2026012602,-0.0001
2026012602,-0.0001
2026012603,-0.0001
2026012603,-0.0001
2026012603,-0.0001
2026012603,-0.0001
2026012604,-0.0001
2026012604,-0.0001
2026012604,-0.0001
2026012604,-0.0001
2026012605,-0.0001
2026012605,-0.0001
2026012605,-0.0001
2026012605,-0.0001
2026012606,-0.0001
2026012606,-0.0001
2026012606,-0.0001
2026012606,-0.0001
2026012607,-0.0001
2026012607,-0.0001
2026012607,-0.0001
2026012607,-0.0001
2026012608,-0.0001
2026012608,-0.0001
2026012608,-0.0001
2026012608,-0.0001
2026012609,2.3
2026012609,-0.0001
2026012609,-0.0001
2026012609,-0.0001
2026012610,7.45
2026012610,9.69
2026012610,10.37
2026012610,20.9
2026012611,26.15
2026012611,19.87
2026012611,20.73
2026012611,19.05
2026012612,18.36
2026012612,23.0
2026012612,22.87
2026012612,16.6
2026012613,13.01
2026012613,10.9
2026012613,7.42
2026012613,4.03
2026012614,0.0
2026012614,-0.0001
2026012614,-0.0001
2026012614,-0.0001
2026012615,-0.0001
2026012615,-0.0001
2026012615,-0.0001
2026012615,-0.0001
2026012616,-0.0001
2026012616,-0.0001
2026012616,-0.0001
2026012616,-0.0001
2026012617,-0.0001
2026012617,-0.0001
2026012617,-0.0001
2026012617,-0.0001
2026012618,-0.0001
2026012618,-0.0001
2026012618,-0.0001
2026012618,-0.0001
2026012619,-0.0001
2026012619,-0.0001
2026012619,-0.0001
2026012619,-0.0001
2026012620,-0.0001
2026012620,-0.0001
2026012620,-0.0001
2026012620,-0.0001
2026012621,-0.0001
2026012621,-0.0001
2026012621,-0.0001
2026012621,-0.0001
2026012622,-0.0001
2026012622,-0.0001
2026012622,-0.0001
2026012622,-0.0001
2026012623,-0.0001
2026012623,-0.0001
2026012623,-0.0001
2026012623,-0.0001
2026012700,0.0
2026012700,-0.0001
2026012700,-0.0001
2026012700,-0.0001
2026012701,-0.0001
2026012701,-0.0001
2026012701,-0.0001
2026012701,-0.0001
2026012702,-0.0001
2026012702,-0.0001
2026012702,-0.0001
2026012702,-0.0001
2026012703,-0.0001
2026012703,-0.0001
2026012703,-0.0001
2026012703,-0.0001
2026012704,-0.0001
2026012704,-0.0001
2026012704,-0.0001
2026012704,-0.0001
2026012705,-0.0001
2026012705,-0.0001
2026012705,-0.0001
2026012705,-0.0001
2026012706,-0.0001
2026012706,-0.0001
2026012706,-0.0001
2026012706,-0.0001
2026012707,-0.0001
2026012707,-0.0001
2026012707,-0.0001
2026012707,-0.0001
2026012708,0.56
2026012708,4.81
2026012708,10.32
2026012708,-0.0001
2026012709,13.8
2026012709,16.52
2026012709,17.02
2026012709,19.61
2026012710,19.49
2026012710,20.42
2026012710,18.42
2026012710,18.79
2026012711,13.48
2026012711,12.63
2026012711,11.48
2026012711,11.42
2026012712,9.05
2026012712,7.51
2026012712,6.12
2026012712,5.3
2026012713,5.13
2026012713,4.47
2026012713,4.01
2026012713,2.21
2026012714,0.56
2026012714,0.0
2026012714,-0.0001
2026012714,-0.0001
2026012715,-0.0001
2026012715,-0.0001
2026012715,-0.0001
2026012715,-0.0001
2026012716,-0.0001
2026012716,-0.0001
2026012716,-0.0001
2026012716,-0.0001
2026012717,-0.0001
2026012717,-0.0001
2026012717,-0.0001
2026012717,-0.0001
2026012718,-0.0001
2026012718,-0.0001
2026012718,-0.0001
2026012718,-0.0001
2026012719,-0.0001
2026012719,-0.0001
2026012719,-0.0001
2026012719,-0.0001
2026012720,-0.0001
2026012720,-0.0001
2026012720,-0.0001
2026012720,-0.0001
2026012721,-0.0001
2026012721,-0.0001
2026012721,-0.0001
2026012721,-0.0001
2026012722,-0.0001
2026012722,-0.0001
2026012722,-0.0001
2026012722,-0.0001
2026012723,-0.0001
2026012723,-0.0001
2026012723,-0.0001
2026012723,-0.0001
2026012800,0.0
2026012800,-0.0001
2026012800,-0.0001
2026012800,-0.0001
2026012801,-0.0001
2026012801,-0.0001
2026012801,-0.0001
2026012801,-0.0001
2026012802,-0.0001
2026012802,-0.0001
2026012802,-0.0001
2026012802,-0.0001
2026012803,-0.0001
2026012803,-0.0001
2026012803,-0.0001
2026012803,-0.0001
2026012804,-0.0001
2026012804,-0.0001
2026012804,-0.0001
2026012804,-0.0001
2026012805,-0.0001
2026012805,-0.0001
2026012805,-0.0001
2026012805,-0.0001
2026012806,-0.0001
2026012806,-0.0001
2026012806,-0.0001
2026012806,-0.0001
2026012807,-0.0001
2026012807,-0.0001
2026012807,-0.0001
2026012807,-0.0001
2026012808,-0.0001
2026012808,-0.0001
2026012808,-0.0001
2026012808,-0.0001
2026012809,-0.0001
2026012809,-0.0001
2026012809,-0.0001
2026012809,-0.0001
2026012810,-0.0001
2026012810,-0.0001
2026012810,-0.0001
2026012810,-0.0001
2026012811,0.27
2026012811,0.0
2026012811,-0.0001
2026012811,-0.0001
2026012812,-0.0001
2026012812,-0.0001
2026012812,-0.0001
2026012812,-0.0001
2026012813,0.91
2026012813,9.48
2026012813,9.62
2026012813,9.5
2026012814,8.22
2026012814,5.46
2026012814,3.84
2026012814,1.15
2026012815,0.06
2026012815,0.0
2026012815,-0.0001
2026012815,-0.0001
2026012816,-0.0001
2026012816,-0.0001
2026012816,-0.0001
2026012816,-0.0001
2026012817,-0.0001
2026012817,-0.0001
2026012817,-0.0001
2026012817,-0.0001
2026012818,-0.0001
2026012818,-0.0001
2026012818,-0.0001
2026012818,-0.0001
2026012819,-0.0001
2026012819,-0.0001
2026012819,-0.0001
2026012819,-0.0001
2026012820,-0.0001
2026012820,-0.0001
2026012820,-0.0001
2026012820,-0.0001
2026012821,-0.0001
2026012821,-0.0001
2026012821,-0.0001
2026012821,-0.0001
2026012822,-0.0001
2026012822,-0.0001
2026012822,-0.0001
2026012822,-0.0001
2026012823,-0.0001
2026012823,-0.0001
2026012823,-0.0001
2026012823,-0.0001
2026012900,0.0
2026012900,-0.0001
2026012900,-0.0001
2026012900,-0.0001
2026012901,-0.0001
2026012901,-0.0001
2026012901,-0.0001
2026012901,-0.0001
2026012902,-0.0001
2026012902,-0.0001
2026012902,-0.0001
2026012902,-0.0001
2026012903,-0.0001
2026012903,-0.0001
2026012903,-0.0001
2026012903,-0.0001
2026012904,-0.0001
2026012904,-0.0001
2026012904,-0.0001
2026012904,-0.0001
2026012905,-0.0001
2026012905,-0.0001
2026012905,-0.0001
2026012905,-0.0001
2026012906,-0.0001
2026012906,-0.0001
2026012906,-0.0001
2026012906,-0.0001
2026012907,-0.0001
2026012907,-0.0001
2026012907,-0.0001
2026012907,-0.0001
2026012908,-0.0001
2026012908,-0.0001
2026012908,-0.0001
2026012908,-0.0001
2026012909,1.35
2026012909,3.51
2026012909,3.75
2026012909,-0.0001
2026012910,4.44
2026012910,4.2
2026012910,5.66
2026012910,4.9
2026012911,3.19
2026012911,3.86
2026012911,5.45
2026012911,5.38
2026012912,5.62
2026012912,4.92
2026012912,5.18
2026012912,7.96
2026012913,6.33
2026012913,4.73
2026012913,4.35
2026012913,1.95
2026012914,0.0
2026012914,-0.0001
2026012914,-0.0001
2026012914,-0.0001
2026012915,-0.0001
2026012915,-0.0001
2026012915,-0.0001
2026012915,-0.0001
2026012916,-0.0001
2026012916,-0.0001
2026012916,-0.0001
2026012916,-0.0001
2026012917,-0.0001
2026012917,-0.0001
2026012917,-0.0001
2026012917,-0.0001
2026012918,-0.0001
2026012918,-0.0001
2026012918,-0.0001
2026012918,-0.0001
2026012919,-0.0001
2026012919,-0.0001
2026012919,-0.0001
2026012919,-0.0001
2026012920,-0.0001
2026012920,-0.0001
2026012920,-0.0001
2026012920,-0.0001
2026012921,-0.0001
2026012921,-0.0001
2026012921,-0.0001
2026012921,-0.0001
2026012922,-0.0001
2026012922,-0.0001
2026012922,-0.0001
2026012922,-0.0001
2026012923,-0.0001
2026012923,-0.0001
2026012923,-0.0001
2026012923,-0.0001
2026013000,0.0
2026013000,-0.0001
2026013000,-0.0001
2026013000,-0.0001
2026013001,-0.0001
2026013001,-0.0001
2026013001,-0.0001
2026013001,-0.0001
2026013002,-0.0001
2026013002,-0.0001
2026013002,-0.0001
2026013002,-0.0001
2026013003,-0.0001
2026013003,-0.0001
2026013003,-0.0001
2026013003,-0.0001
2026013004,-0.0001
2026013004,-0.0001
2026013004,-0.0001
2026013004,-0.0001
2026013005,-0.0001
2026013005,-0.0001
2026013005,-0.0001
2026013005,-0.0001
2026013006,-0.0001
2026013006,-0.0001
2026013006,-0.0001
2026013006,-0.0001
2026013007,-0.0001
2026013007,-0.0001
2026013007,-0.0001
2026013007,-0.0001
2026013008,-0.0001
2026013008,-0.0001
2026013008,-0.0001
2026013008,-0.0001
2026013009,0.03
2026013009,3.95
2026013009,4.05
2026013009,3.83
2026013010,1.02
2026013010,0.11
2026013010,0.02
2026013010,0.0
2026013011,-0.0001
2026013011,-0.0001
2026013011,-0.0001
2026013011,-0.0001
2026013012,-0.0001
2026013012,-0.0001
2026013012,-0.0001
2026013012,-0.0001
2026013013,-0.0001
2026013013,-0.0001
2026013013,-0.0001
2026013013,-0.0001
2026013014,-0.0001
2026013014,-0.0001
2026013014,-0.0001
2026013014,-0.0001
2026013015,-0.0001
2026013015,-0.0001
2026013015,-0.0001
2026013015,-0.0001
2026013016,-0.0001
2026013016,-0.0001
2026013016,-0.0001
2026013016,-0.0001
2026013017,-0.0001
2026013017,-0.0001
2026013017,-0.0001
2026013017,-0.0001
2026013018,-0.0001
2026013018,-0.0001
2026013018,-0.0001
2026013018,-0.0001
2026013019,-0.0001
2026013019,-0.0001
2026013019,-0.0001
2026013019,-0.0001
2026013020,-0.0001
2026013020,-0.0001
2026013020,-0.0001
2026013020,-0.0001
2026013021,-0.0001
2026013021,-0.0001
2026013021,-0.0001
2026013021,-0.0001
2026013022,-0.0001
2026013022,-0.0001
2026013022,-0.0001
2026013022,-0.0001
2026013023,-0.0001
2026013023,-0.0001
2026013023,-0.0001
2026013023,-0.0001
2026013100,0.0
2026013100,-0.0001
2026013100,-0.0001
2026013100,-0.0001
2026013101,-0.0001
2026013101,-0.0001
2026013101,-0.0001
2026013101,-0.0001
2026013102,-0.0001
2026013102,-0.0001
2026013102,-0.0001
2026013102,-0.0001
2026013103,-0.0001
2026013103,-0.0001
2026013103,-0.0001
2026013103,-0.0001
2026013104,-0.0001
2026013104,-0.0001
2026013104,-0.0001
2026013104,-0.0001
2026013105,-0.0001
2026013105,-0.0001
2026013105,-0.0001
2026013105,-0.0001
2026013106,-0.0001
2026013106,-0.0001
2026013106,-0.0001
2026013106,-0.0001
2026013107,-0.0001
2026013107,-0.0001
2026013107,-0.0001
2026013107,-0.0001
2026013108,-0.0001
2026013108,-0.0001
2026013108,-0.0001
2026013108,-0.0001
2026013109,-0.0001
2026013109,-0.0001
2026013109,-0.0001
2026013109,-0.0001
2026013110,-0.0001
2026013110,-0.0001
2026013110,-0.0001
2026013110,-0.0001
2026013111,-0.0001
2026013111,-0.0001
2026013111,-0.0001
2026013111,-0.0001
2026013112,-0.0001
2026013112,-0.0001
2026013112,-0.0001
2026013112,-0.0001
2026013113,-0.0001
2026013113,-0.0001
2026013113,-0.0001
2026013113,-0.0001
2026013114,-0.0001
2026013114,-0.0001
2026013114,-0.0001
2026013114,-0.0001
2026013115,-0.0001
2026013115,-0.0001
2026013115,-0.0001
2026013115,-0.0001
2026013116,-0.0001
2026013116,-0.0001
2026013116,-0.0001
2026013116,-0.0001
2026013117,-0.0001
2026013117,-0.0001
2026013117,-0.0001
2026013117,-0.0001
2026013118,-0.0001
2026013118,-0.0001
2026013118,-0.0001
2026013118,-0.0001
2026013119,-0.0001
2026013119,-0.0001
2026013119,-0.0001
2026013119,-0.0001
2026013120,-0.0001
2026013120,-0.0001
2026013120,-0.0001
2026013120,-0.0001
2026013121,-0.0001
2026013121,-0.0001
2026013121,-0.0001
2026013121,-0.0001
2026013122,-0.0001
2026013122,-0.0001
2026013122,-0.0001
2026013122,-0.0001
2026013123,-0.0001
2026013123,-0.0001
2026013123,-0.0001
2026013123,-0.0001
2026020100,0.0
2026020100,-0.0001
2026020100,-0.0001
2026020100,-0.0001
2026020101,-0.0001
2026020101,-0.0001
2026020101,-0.0001
2026020101,-0.0001
2026020102,-0.0001
2026020102,-0.0001
2026020102,-0.0001
2026020102,-0.0001
2026020103,-0.0001
2026020103,-0.0001
2026020103,-0.0001
2026020103,-0.0001
2026020104,-0.0001
2026020104,-0.0001
2026020104,-0.0001
2026020104,-0.0001
2026020105,-0.0001
2026020105,-0.0001
2026020105,-0.0001
2026020105,-0.0001
2026020106,-0.0001
2026020106,-0.0001
2026020106,-0.0001
2026020106,-0.0001
2026020107,-0.0001
2026020107,-0.0001
2026020107,-0.0001
2026020107,-0.0001
2026020108,-0.0001
2026020108,-0.0001
2026020108,-0.0001
2026020108,-0.0001
2026020109,-0.0001
2026020109,-0.0001
2026020109,-0.0001
2026020109,-0.0001
2026020110,-0.0001
2026020110,-0.0001
2026020110,-0.0001
2026020110,-0.0001
2026020111,-0.0001
2026020111,-0.0001
2026020111,-0.0001
2026020111,-0.0001
2026020112,-0.0001
2026020112,-0.0001
2026020112,-0.0001
2026020112,-0.0001
2026020113,-0.0001
2026020113,-0.0001
2026020113,-0.0001
2026020113,-0.0001
2026020114,-0.0001
2026020114,-0.0001
2026020114,-0.0001
2026020114,-0.0001
2026020115,-0.0001
2026020115,-0.0001
2026020115,-0.0001
2026020115,-0.0001
2026020116,-0.0001
2026020116,-0.0001
2026020116,-0.0001
2026020116,-0.0001
2026020117,-0.0001
2026020117,-0.0001
2026020117,-0.0001
2026020117,-0.0001
2026020118,-0.0001
2026020118,-0.0001
2026020118,-0.0001
2026020118,-0.0001
2026020119,-0.0001
2026020119,-0.0001
2026020119,-0.0001
2026020119,-0.0001
2026020120,-0.0001
2026020120,-0.0001
2026020120,-0.0001
2026020120,-0.0001
2026020121,-0.0001
2026020121,-0.0001
2026020121,-0.0001
2026020121,-0.0001
2026020122,-0.0001
2026020122,-0.0001
2026020122,-0.0001
2026020122,-0.0001
2026020123,-0.0001
2026020123,-0.0001
2026020123,-0.0001
2026020123,-0.0001
2026020200,0.0
2026020200,-0.0001
2026020200,-0.0001
2026020200,-0.0001
2026020201,-0.0001
2026020201,-0.0001
2026020201,-0.0001
2026020201,-0.0001
2026020202,-0.0001
2026020202,-0.0001
2026020202,-0.0001
2026020202,-0.0001
2026020203,-0.0001
2026020203,-0.0001
2026020203,-0.0001
2026020203,-0.0001
2026020204,-0.0001
2026020204,-0.0001
2026020204,-0.0001
2026020204,-0.0001
2026020205,-0.0001
2026020205,-0.0001
2026020205,-0.0001
2026020205,-0.0001
2026020206,-0.0001
2026020206,-0.0001
2026020206,-0.0001
2026020206,-0.0001
2026020207,-0.0001
2026020207,-0.0001
2026020207,-0.0001
2026020207,-0.0001
2026020208,-0.0001
2026020208,-0.0001
2026020208,-0.0001
2026020208,-0.0001
2026020209,-0.0001
2026020209,-0.0001
2026020209,-0.0001
2026020209,-0.0001
2026020210,0.22
2026020210,0.0
2026020210,-0.0001
2026020210,-0.0001
2026020211,-0.0001
2026020211,-0.0001
2026020211,-0.0001
2026020211,-0.0001
2026020212,-0.0001
2026020212,-0.0001
2026020212,-0.0001
2026020212,-0.0001
2026020213,1.36
2026020213,-0.0001
2026020213,-0.0001
2026020213,-0.0001
2026020214,3.21
2026020214,0.0
2026020214,0.4
2026020214,-0.0001
2026020215,3.28
2026020215,0.0
2026020215,-0.0001
2026020215,-0.0001
2026020216,-0.0001
2026020216,-0.0001
2026020216,-0.0001
2026020216,-0.0001
2026020217,-0.0001
2026020217,-0.0001
2026020217,-0.0001
2026020217,-0.0001
2026020218,-0.0001
2026020218,-0.0001
2026020218,-0.0001
2026020218,-0.0001
2026020219,-0.0001
2026020219,-0.0001
2026020219,-0.0001
2026020219,-0.0001
2026020220,-0.0001
2026020220,-0.0001
2026020220,-0.0001
2026020220,-0.0001
2026020221,-0.0001
2026020221,-0.0001
2026020221,-0.0001
2026020221,-0.0001
2026020222,-0.0001
2026020222,-0.0001
2026020222,-0.0001
2026020222,-0.0001
2026020223,-0.0001
2026020223,-0.0001
2026020223,-0.0001
2026020223,-0.0001
2026020300,0.0
2026020300,-0.0001
2026020300,-0.0001
2026020300,-0.0001
2026020301,-0.0001
2026020301,-0.0001
2026020301,-0.0001
2026020301,-0.0001
2026020302,-0.0001
2026020302,-0.0001
2026020302,-0.0001
2026020302,-0.0001
2026020303,-0.0001
2026020303,-0.0001
2026020303,-0.0001
2026020303,-0.0001
2026020304,-0.0001
2026020304,-0.0001
2026020304,-0.0001
2026020304,-0.0001
2026020305,-0.0001
2026020305,-0.0001
2026020305,-0.0001
2026020305,-0.0001
2026020306,-0.0001
2026020306,-0.0001
2026020306,-0.0001
2026020306,-0.0001
2026020307,-0.0001
2026020307,-0.0001
2026020307,-0.0001
2026020307,-0.0001
2026020308,3.09
2026020308,16.83
2026020308,28.12
2026020308,-0.0001
2026020309,36.84
2026020309,44.13
2026020309,50.01
2026020309,59.12
2026020310,60.28
2026020310,64.1
2026020310,67.57
2026020310,70.27
2026020311,72.28
2026020311,73.61
2026020311,73.72
2026020311,73.56
2026020312,72.86
2026020312,71.19
2026020312,68.56
2026020312,41.4
2026020313,0.0
2026020313,-0.0001
2026020313,-0.0001
2026020313,-0.0001
2026020314,-0.0001
2026020314,-0.0001
2026020314,-0.0001
2026020314,-0.0001
2026020315,-0.0001
2026020315,-0.0001
2026020315,-0.0001
2026020315,-0.0001
2026020316,-0.0001
2026020316,-0.0001
2026020316,-0.0001
2026020316,-0.0001
2026020317,-0.0001
2026020317,-0.0001
2026020317,-0.0001
2026020317,-0.0001
2026020318,-0.0001
2026020318,-0.0001
2026020318,-0.0001
2026020318,-0.0001
2026020319,-0.0001
2026020319,-0.0001
2026020319,-0.0001
2026020319,-0.0001
2026020320,-0.0001
2026020320,-0.0001
2026020320,-0.0001
2026020320,-0.0001
2026020321,-0.0001
2026020321,-0.0001
2026020321,-0.0001
2026020321,-0.0001
2026020322,-0.0001
2026020322,-0.0001
2026020322,-0.0001
2026020322,-0.0001
2026020323,-0.0001
2026020323,-0.0001
2026020323,-0.0001
2026020323,-0.0001
2026020400,0.0
2026020400,-0.0001
2026020400,-0.0001
2026020400,-0.0001
2026020401,-0.0001
2026020401,-0.0001
2026020401,-0.0001
2026020401,-0.0001
2026020402,-0.0001
2026020402,-0.0001
2026020402,-0.0001
2026020402,-0.0001
2026020403,-0.0001
2026020403,-0.0001
2026020403,-0.0001
2026020403,-0.0001
2026020404,-0.0001
2026020404,-0.0001
2026020404,-0.0001
2026020404,-0.0001
2026020405,-0.0001
2026020405,-0.0001
2026020405,-0.0001
2026020405,-0.0001
2026020406,-0.0001
2026020406,-0.0001
2026020406,-0.0001
2026020406,-0.0001
2026020407,-0.0001
2026020407,-0.0001
2026020407,-0.0001
2026020407,-0.0001
2026020408,-0.0001
2026020408,-0.0001
2026020408,-0.0001
2026020408,-0.0001
2026020409,-0.0001
2026020409,-0.0001
2026020409,-0.0001
2026020409,-0.0001
2026020410,-0.0001
2026020410,-0.0001
2026020410,-0.0001
2026020410,-0.0001
2026020411,-0.0001
2026020411,-0.0001
2026020411,-0.0001
2026020411,-0.0001
2026020412,-0.0001
2026020412,-0.0001
2026020412,-0.0001
2026020412,-0.0001
2026020413,-0.0001
2026020413,-0.0001
2026020413,-0.0001
2026020413,-0.0001
2026020414,-0.0001
2026020414,-0.0001
2026020414,-0.0001
2026020414,-0.0001
2026020415,-0.0001
2026020415,-0.0001
2026020415,-0.0001
2026020415,-0.0001
2026020416,-0.0001
2026020416,-0.0001
2026020416,-0.0001
2026020416,-0.0001
2026020417,-0.0001
2026020417,-0.0001
2026020417,-0.0001
2026020417,-0.0001
2026020418,-0.0001
2026020418,-0.0001
2026020418,-0.0001
2026020418,-0.0001
2026020419,-0.0001
2026020419,-0.0001
2026020419,-0.0001
2026020419,-0.0001
2026020420,-0.0001
2026020420,-0.0001
2026020420,-0.0001
2026020420,-0.0001
2026020421,-0.0001
2026020421,-0.0001
2026020421,-0.0001
2026020421,-0.0001
2026020422,-0.0001
2026020422,-0.0001
2026020422,-0.0001
2026020422,-0.0001
2026020423,-0.0001
2026020423,-0.0001
2026020423,-0.0001
2026020423,-0.0001
2026020500,0.0
2026020500,-0.0001
2026020500,-0.0001
2026020500,-0.0001
2026020501,-0.0001
2026020501,-0.0001
2026020501,-0.0001
2026020501,-0.0001
2026020502,-0.0001
2026020502,-0.0001
2026020502,-0.0001
2026020502,-0.0001
2026020503,-0.0001
2026020503,-0.0001
2026020503,-0.0001
2026020503,-0.0001
2026020504,-0.0001
2026020504,-0.0001
2026020504,-0.0001
2026020504,-0.0001
2026020505,-0.0001
2026020505,-0.0001
2026020505,-0.0001
2026020505,-0.0001
2026020506,-0.0001
2026020506,-0.0001
2026020506,-0.0001
2026020506,-0.0001
2026020507,-0.0001
2026020507,-0.0001
2026020507,-0.0001
2026020507,-0.0001
2026020508,-0.0001
2026020508,-0.0001
2026020508,-0.0001
2026020508,-0.0001
2026020509,-0.0001
2026020509,-0.0001
2026020509,-0.0001
2026020509,-0.0001
2026020510,1.14
2026020510,5.38
2026020510,-0.0001
2026020510,-0.0001
2026020511,1.28
2026020511,11.61
2026020511,29.23
2026020511,17.72
2026020512,16.45
2026020512,12.6
2026020512,16.11
2026020512,15.32
2026020513,11.13
2026020513,1.99
2026020513,0.0
2026020513,-0.0001
2026020514,-0.0001
2026020514,-0.0001
2026020514,-0.0001
2026020514,-0.0001
2026020515,-0.0001
2026020515,-0.0001
2026020515,-0.0001
2026020515,-0.0001
2026020516,-0.0001
2026020516,-0.0001
2026020516,-0.0001
2026020516,-0.0001
2026020517,-0.0001
2026020517,-0.0001
2026020517,-0.0001
2026020517,-0.0001
2026020518,-0.0001
2026020518,-0.0001
2026020518,-0.0001
2026020518,-0.0001
2026020519,-0.0001
2026020519,-0.0001
2026020519,-0.0001
2026020519,-0.0001
2026020520,-0.0001
2026020520,-0.0001
2026020520,-0.0001
2026020520,-0.0001
2026020521,-0.0001
2026020521,-0.0001
2026020521,-0.0001
2026020521,-0.0001
2026020522,-0.0001
2026020522,-0.0001
2026020522,-0.0001
2026020522,-0.0001
2026020523,-0.0001
2026020523,-0.0001
2026020523,-0.0001
2026020523,-0.0001
2026020600,0.0
2026020600,-0.0001
2026020600,-0.0001
2026020600,-0.0001
2026020601,-0.0001
2026020601,-0.0001
2026020601,-0.0001
2026020601,-0.0001
2026020602,-0.0001
2026020602,-0.0001
2026020602,-0.0001
2026020602,-0.0001
2026020603,-0.0001
2026020603,-0.0001
2026020603,-0.0001
2026020603,-0.0001
2026020604,-0.0001
2026020604,-0.0001
2026020604,-0.0001
2026020604,-0.0001
2026020605,-0.0001
2026020605,-0.0001
2026020605,-0.0001
2026020605,-0.0001
2026020606,-0.0001
2026020606,-0.0001
2026020606,-0.0001
2026020606,-0.0001
2026020607,-0.0001
2026020607,-0.0001
2026020607,-0.0001
2026020607,-0.0001
2026020608,-0.0001
2026020608,-0.0001
2026020608,-0.0001
2026020608,-0.0001
2026020609,-0.0001
2026020609,-0.0001
2026020609,-0.0001
2026020609,-0.0001
2026020610,0.06
2026020610,5.23
2026020610,5.1
2026020610,1.79
2026020611,1.15
2026020611,0.0
2026020611,-0.0001
2026020611,-0.0001
2026020612,-0.0001
2026020612,-0.0001
2026020612,-0.0001
2026020612,-0.0001
2026020613,-0.0001
2026020613,-0.0001
2026020613,-0.0001
2026020613,-0.0001
2026020614,-0.0001
2026020614,-0.0001
2026020614,-0.0001
2026020614,-0.0001
2026020615,-0.0001
2026020615,-0.0001
2026020615,-0.0001
2026020615,-0.0001
2026020616,-0.0001
2026020616,-0.0001
2026020616,-0.0001
2026020616,-0.0001
2026020617,-0.0001
2026020617,-0.0001
2026020617,-0.0001
2026020617,-0.0001
2026020618,-0.0001
2026020618,-0.0001
2026020618,-0.0001
2026020618,-0.0001
2026020619,-0.0001
2026020619,-0.0001
2026020619,-0.0001
2026020619,-0.0001
2026020620,-0.0001
2026020620,-0.0001
2026020620,-0.0001
2026020620,-0.0001
2026020621,-0.0001
2026020621,-0.0001
2026020621,-0.0001
2026020621,-0.0001
2026020622,-0.0001
2026020622,-0.0001
2026020622,-0.0001
2026020622,-0.0001
2026020623,-0.0001
2026020623,-0.0001
2026020623,-0.0001
2026020623,-0.0001
2026020700,0.0
2026020700,-0.0001
2026020700,-0.0001
2026020700,-0.0001
2026020701,-0.0001
2026020701,-0.0001
2026020701,-0.0001
2026020701,-0.0001
2026020702,-0.0001
2026020702,-0.0001
2026020702,-0.0001
2026020702,-0.0001
2026020703,-0.0001
2026020703,-0.0001
2026020703,-0.0001
2026020703,-0.0001
2026020704,-0.0001
2026020704,-0.0001
2026020704,-0.0001
2026020704,-0.0001
2026020705,-0.0001
2026020705,-0.0001
2026020705,-0.0001
2026020705,-0.0001
2026020706,-0.0001
2026020706,-0.0001
2026020706,-0.0001
2026020706,-0.0001
2026020707,-0.0001
2026020707,-0.0001
2026020707,-0.0001
2026020707,-0.0001
2026020708,-0.0001
2026020708,-0.0001
2026020708,-0.0001
2026020708,-0.0001
2026020709,-0.0001
2026020709,-0.0001
2026020709,-0.0001
2026020709,-0.0001
2026020710,-0.0001
2026020710,-0.0001
2026020710,-0.0001
2026020710,-0.0001
2026020711,-0.0001
2026020711,-0.0001
2026020711,-0.0001
2026020711,-0.0001
2026020712,-0.0001
2026020712,-0.0001
2026020712,-0.0001
2026020712,-0.0001
2026020713,-0.0001
2026020713,-0.0001
2026020713,-0.0001
2026020713,-0.0001
2026020714,-0.0001
2026020714,-0.0001
2026020714,-0.0001
2026020714,-0.0001
2026020715,-0.0001
2026020715,-0.0001
2026020715,-0.0001
2026020715,-0.0001
2026020716,-0.0001
2026020716,-0.0001
2026020716,-0.0001
2026020716,-0.0001
2026020717,-0.0001
2026020717,-0.0001
2026020717,-0.0001
2026020717,-0.0001
2026020718,-0.0001
2026020718,-0.0001
2026020718,-0.0001
2026020718,-0.0001
2026020719,-0.0001
2026020719,-0.0001
2026020719,-0.0001
2026020719,-0.0001
2026020720,-0.0001
2026020720,-0.0001
2026020720,-0.0001
2026020720,-0.0001
2026020721,-0.0001
2026020721,-0.0001
2026020721,-0.0001
2026020721,-0.0001
2026020722,-0.0001
2026020722,-0.0001
2026020722,-0.0001
2026020722,-0.0001
2026020723,-0.0001
2026020723,-0.0001
2026020723,-0.0001
2026020723,-0.0001
2026020800,0.0
2026020800,-0.0001
2026020800,-0.0001
2026020800,-0.0001
2026020801,-0.0001
2026020801,-0.0001
2026020801,-0.0001
2026020801,-0.0001
2026020802,-0.0001
2026020802,-0.0001
2026020802,-0.0001
2026020802,-0.0001
2026020803,-0.0001
2026020803,-0.0001
2026020803,-0.0001
2026020803,-0.0001
2026020804,-0.0001
2026020804,-0.0001
2026020804,-0.0001
2026020804,-0.0001
2026020805,-0.0001
2026020805,-0.0001
2026020805,-0.0001
2026020805,-0.0001
2026020806,-0.0001
2026020806,-0.0001
2026020806,-0.0001
2026020806,-0.0001
2026020807,-0.0001
2026020807,-0.0001
2026020807,-0.0001
2026020807,-0.0001
2026020808,-0.0001
2026020808,-0.0001
2026020808,-0.0001
2026020808,-0.0001
2026020809,-0.0001
2026020809,-0.0001
2026020809,-0.0001
2026020809,-0.0001
2026020810,1.57
2026020810,-0.0001
2026020810,-0.0001
2026020810,-0.0001
2026020811,3.76
2026020811,0.8
2026020811,4.73
2026020811,2.83
2026020812,6.18
2026020812,4.96
2026020812,0.0
2026020812,-0.0001
2026020813,8.65
2026020813,-0.0001
2026020813,-0.0001
2026020813,-0.0001
2026020814,6.16
2026020814,10.08
2026020814,4.34
2026020814,0.0
2026020815,-0.0001
2026020815,-0.0001
2026020815,-0.0001
2026020815,-0.0001
2026020816,-0.0001
2026020816,-0.0001
2026020816,-0.0001
2026020816,-0.0001
2026020817,-0.0001
2026020817,-0.0001
2026020817,-0.0001
2026020817,-0.0001
2026020818,-0.0001
2026020818,-0.0001
2026020818,-0.0001
2026020818,-0.0001
2026020819,-0.0001
2026020819,-0.0001
2026020819,-0.0001
2026020819,-0.0001
2026020820,-0.0001
2026020820,-0.0001
2026020820,-0.0001
2026020820,-0.0001
2026020821,-0.0001
2026020821,-0.0001
2026020821,-0.0001
2026020821,-0.0001
2026020822,-0.0001
2026020822,-0.0001
2026020822,-0.0001
2026020822,-0.0001
2026020823,-0.0001
2026020823,-0.0001
2026020823,-0.0001
2026020823,-0.0001
2026020900,0.0
2026020900,-0.0001
2026020900,-0.0001
2026020900,-0.0001
2026020901,-0.0001
2026020901,-0.0001
2026020901,-0.0001
2026020901,-0.0001
2026020902,-0.0001
2026020902,-0.0001
2026020902,-0.0001
2026020902,-0.0001
2026020903,-0.0001
2026020903,-0.0001
2026020903,-0.0001
2026020903,-0.0001
2026020904,-0.0001
2026020904,-0.0001
2026020904,-0.0001
2026020904,-0.0001
2026020905,-0.0001
2026020905,-0.0001
2026020905,-0.0001
2026020905,-0.0001
2026020906,-0.0001
2026020906,-0.0001
2026020906,-0.0001
2026020906,-0.0001
2026020907,-0.0001
2026020907,-0.0001
2026020907,-0.0001
2026020907,-0.0001
2026020908,1.84
2026020908,4.2
2026020908,6.19
2026020908,8.06
2026020909,9.75
2026020909,8.99
2026020909,9.7
2026020909,13.33
2026020910,17.48
2026020910,22.01
2026020910,24.06
2026020910,25.79
2026020911,26.88
2026020911,26.25
2026020911,23.73
2026020911,23.43
2026020912,35.82
2026020912,37.58
2026020912,29.4
2026020912,25.43
2026020913,23.38
2026020913,24.56
2026020913,19.96
2026020913,20.94
2026020914,17.07
2026020914,13.99
2026020914,13.87
2026020914,7.04
2026020915,3.5
2026020915,0.08
2026020915,0.0
2026020915,-0.0001
2026020916,-0.0001
2026020916,-0.0001
2026020916,-0.0001
2026020916,-0.0001
2026020917,-0.0001
2026020917,-0.0001
2026020917,-0.0001
2026020917,-0.0001
2026020918,-0.0001
2026020918,-0.0001
2026020918,-0.0001
2026020918,-0.0001
2026020919,-0.0001
2026020919,-0.0001
2026020919,-0.0001
2026020919,-0.0001
2026020920,-0.0001
2026020920,-0.0001
2026020920,-0.0001
2026020920,-0.0001
2026020921,-0.0001
2026020921,-0.0001
2026020921,-0.0001
2026020921,-0.0001
2026020922,-0.0001
2026020922,-0.0001
2026020922,-0.0001
2026020922,-0.0001
2026020923,-0.0001
2026020923,-0.0001
2026020923,-0.0001
2026020923,-0.0001
2026021000,0.0
2026021000,-0.0001
2026021000,-0.0001
2026021000,-0.0001
2026021001,-0.0001
2026021001,-0.0001
2026021001,-0.0001
2026021001,-0.0001
2026021002,-0.0001
2026021002,-0.0001
2026021002,-0.0001
2026021002,-0.0001
2026021003,-0.0001
2026021003,-0.0001
2026021003,-0.0001
2026021003,-0.0001
2026021004,-0.0001
2026021004,-0.0001
2026021004,-0.0001
2026021004,-0.0001
2026021005,-0.0001
2026021005,-0.0001
2026021005,-0.0001
2026021005,-0.0001
2026021006,-0.0001
2026021006,-0.0001
2026021006,-0.0001
2026021006,-0.0001
2026021007,-0.0001
2026021007,-0.0001
2026021007,-0.0001
2026021007,-0.0001
2026021008,2.04
2026021008,6.63
2026021008,8.64
2026021008,6.63
2026021009,4.77
2026021009,6.92
2026021009,9.75
2026021009,1.46
2026021010,0.0
2026021010,0.69
2026021010,7.06
2026021010,3.2
2026021011,6.24
2026021011,8.72
2026021011,9.74
2026021011,19.81
2026021012,19.31
2026021012,11.46
2026021012,13.75
2026021012,13.1
2026021013,8.1
2026021013,8.41
2026021013,8.09
2026021013,6.15
2026021014,7.41
2026021014,2.6
2026021014,1.53
2026021014,4.05
2026021015,5.99
2026021015,4.79
2026021015,0.43
2026021015,0.0
2026021016,-0.0001
2026021016,-0.0001
2026021016,-0.0001
2026021016,-0.0001
2026021017,-0.0001
2026021017,-0.0001
2026021017,-0.0001
2026021017,-0.0001
2026021018,-0.0001
2026021018,-0.0001
2026021018,-0.0001
2026021018,-0.0001
2026021019,-0.0001
2026021019,-0.0001
2026021019,-0.0001
2026021019,-0.0001
2026021020,-0.0001
2026021020,-0.0001
2026021020,-0.0001
2026021020,-0.0001
2026021021,-0.0001
2026021021,-0.0001
2026021021,-0.0001
2026021021,-0.0001
2026021022,-0.0001
2026021022,-0.0001
2026021022,-0.0001
2026021022,-0.0001
2026021023,-0.0001
2026021023,-0.0001
2026021023,-0.0001
2026021023,-0.0001
2026021100,0.0
2026021100,-0.0001
2026021100,-0.0001
2026021100,-0.0001
2026021101,-0.0001
2026021101,-0.0001
2026021101,-0.0001
2026021101,-0.0001
2026021102,-0.0001
2026021102,-0.0001
2026021102,-0.0001
2026021102,-0.0001
2026021103,-0.0001
2026021103,-0.0001
2026021103,-0.0001
2026021103,-0.0001
2026021104,-0.0001
2026021104,-0.0001
2026021104,-0.0001
2026021104,-0.0001
2026021105,-0.0001
2026021105,-0.0001
2026021105,-0.0001
2026021105,-0.0001
2026021106,-0.0001
2026021106,-0.0001
2026021106,-0.0001
2026021106,-0.0001
2026021107,1.66
2026021107,-0.0001
2026021107,-0.0001
2026021107,-0.0001
2026021108,5.16
2026021108,6.38
2026021108,12.34
2026021108,15.72
2026021109,16.33
2026021109,13.18
2026021109,11.58
2026021109,16.41
2026021110,17.88
2026021110,17.57
2026021110,25.16
2026021110,26.73
2026021111,18.97
2026021111,7.16
2026021111,6.47
2026021111,7.08
2026021112,13.22
2026021112,1.49
2026021112,0.0
2026021112,-0.0001
2026021113,0.52
2026021113,0.0
2026021113,-0.0001
2026021113,-0.0001
2026021114,-0.0001
2026021114,-0.0001
2026021114,-0.0001
2026021114,-0.0001
2026021115,0.84
2026021115,0.0
2026021115,-0.0001
2026021115,-0.0001
2026021116,-0.0001
2026021116,-0.0001
2026021116,-0.0001
2026021116,-0.0001
2026021117,-0.0001
2026021117,-0.0001
2026021117,-0.0001
2026021117,-0.0001
2026021118,-0.0001
2026021118,-0.0001
2026021118,-0.0001
2026021118,-0.0001
2026021119,-0.0001
2026021119,-0.0001
2026021119,-0.0001
2026021119,-0.0001
2026021120,-0.0001
2026021120,-0.0001
2026021120,-0.0001
2026021120,-0.0001
2026021121,-0.0001
2026021121,-0.0001
2026021121,-0.0001
2026021121,-0.0001
2026021122,-0.0001
2026021122,-0.0001
2026021122,-0.0001
2026021122,-0.0001
2026021123,-0.0001
2026021123,-0.0001
2026021123,-0.0001
2026021123,-0.0001
2026021200,0.0
2026021200,-0.0001
2026021200,-0.0001
2026021200,-0.0001
2026021201,-0.0001
2026021201,-0.0001
2026021201,-0.0001
2026021201,-0.0001
2026021202,-0.0001
2026021202,-0.0001
2026021202,-0.0001
2026021202,-0.0001
2026021203,-0.0001
2026021203,-0.0001
2026021203,-0.0001
2026021203,-0.0001
2026021204,-0.0001
2026021204,-0.0001
2026021204,-0.0001
2026021204,-0.0001
2026021205,-0.0001
2026021205,-0.0001
2026021205,-0.0001
2026021205,-0.0001
2026021206,-0.0001
2026021206,-0.0001
2026021206,-0.0001
2026021206,-0.0001
2026021207,-0.0001
2026021207,-0.0001
2026021207,-0.0001
2026021207,-0.0001
2026021208,-0.0001
2026021208,-0.0001
2026021208,-0.0001
2026021208,-0.0001
2026021209,-0.0001
2026021209,-0.0001
2026021209,-0.0001
2026021209,-0.0001
2026021210,-0.0001
2026021210,-0.0001
2026021210,-0.0001
2026021210,-0.0001
2026021211,-0.0001
2026021211,-0.0001
2026021211,-0.0001
2026021211,-0.0001
2026021212,14.14
2026021212,10.68
2026021212,0.0
2026021212,-0.0001
2026021213,5.74
2026021213,9.72
2026021213,6.59
2026021213,-0.0001
2026021214,0.0
2026021214,-0.0001
2026021214,-0.0001
2026021214,-0.0001
2026021215,-0.0001
2026021215,-0.0001
2026021215,-0.0001
2026021215,-0.0001
2026021216,-0.0001
2026021216,-0.0001
2026021216,-0.0001
2026021216,-0.0001
2026021217,-0.0001
2026021217,-0.0001
2026021217,-0.0001
2026021217,-0.0001
2026021218,-0.0001
2026021218,-0.0001
2026021218,-0.0001
2026021218,-0.0001
2026021219,-0.0001
2026021219,-0.0001
2026021219,-0.0001
2026021219,-0.0001
2026021220,-0.0001
2026021220,-0.0001
2026021220,-0.0001
2026021220,-0.0001
2026021221,-0.0001
2026021221,-0.0001
2026021221,-0.0001
2026021221,-0.0001
2026021222,-0.0001
2026021222,-0.0001
2026021222,-0.0001
2026021222,-0.0001
2026021223,-0.0001
2026021223,-0.0001
2026021223,-0.0001
2026021223,-0.0001
2026021300,0.0
2026021300,-0.0001
2026021300,-0.0001
2026021300,-0.0001
2026021301,-0.0001
2026021301,-0.0001
2026021301,-0.0001
2026021301,-0.0001
2026021302,-0.0001
2026021302,-0.0001
2026021302,-0.0001
2026021302,-0.0001
2026021303,-0.0001
2026021303,-0.0001
2026021303,-0.0001
2026021303,-0.0001
2026021304,-0.0001
2026021304,-0.0001
2026021304,-0.0001
2026021304,-0.0001
2026021305,-0.0001
2026021305,-0.0001
2026021305,-0.0001
2026021305,-0.0001
2026021306,-0.0001
2026021306,-0.0001
2026021306,-0.0001
2026021306,-0.0001
2026021307,-0.0001
2026021307,-0.0001
2026021307,-0.0001
2026021307,-0.0001
2026021308,-0.0001
2026021308,-0.0001
2026021308,-0.0001
2026021308,-0.0001
2026021309,0.07
2026021309,11.2
2026021309,0.32
2026021309,0.0
2026021310,-0.0001
2026021310,-0.0001
2026021310,-0.0001
2026021310,-0.0001
2026021311,1.26
2026021311,0.54
2026021311,0.0
2026021311,0.82
2026021312,1.97
2026021312,1.73
2026021312,6.0
2026021312,2.56
2026021313,0.01
2026021313,0.0
2026021313,6.32
2026021313,19.55
2026021314,17.46
2026021314,15.84
2026021314,11.97
2026021314,9.21
2026021315,6.63
2026021315,4.33
2026021315,0.55
2026021315,0.0
2026021316,-0.0001
2026021316,-0.0001
2026021316,-0.0001
2026021316,-0.0001
2026021317,-0.0001
2026021317,-0.0001
2026021317,-0.0001
2026021317,-0.0001
2026021318,-0.0001
2026021318,-0.0001
2026021318,-0.0001
2026021318,-0.0001
2026021319,-0.0001
2026021319,-0.0001
2026021319,-0.0001
2026021319,-0.0001
2026021320,-0.0001
2026021320,-0.0001
2026021320,-0.0001
2026021320,-0.0001
2026021321,-0.0001
2026021321,-0.0001
2026021321,-0.0001
2026021321,-0.0001
2026021322,-0.0001
2026021322,-0.0001
2026021322,-0.0001
2026021322,-0.0001
2026021323,-0.0001
2026021323,-0.0001
2026021323,-0.0001
2026021323,-0.0001
2026021400,0.0
2026021400,-0.0001
2026021400,-0.0001
2026021400,-0.0001
2026021401,-0.0001
2026021401,-0.0001
2026021401,-0.0001
2026021401,-0.0001
2026021402,-0.0001
2026021402,-0.0001
2026021402,-0.0001
2026021402,-0.0001
2026021403,-0.0001
2026021403,-0.0001
2026021403,-0.0001
2026021403,-0.0001
2026021404,-0.0001
2026021404,-0.0001
2026021404,-0.0001
2026021404,-0.0001
2026021405,-0.0001
2026021405,-0.0001
2026021405,-0.0001
2026021405,-0.0001
2026021406,-0.0001
2026021406,-0.0001
2026021406,-0.0001
2026021406,-0.0001
2026021407,-0.0001
2026021407,-0.0001
2026021407,-0.0001
2026021407,-0.0001
2026021408,0.07
2026021408,5.53
2026021408,11.78
2026021408,17.64
2026021409,23.53
2026021409,30.32
2026021409,38.11
2026021409,47.24
2026021410,57.47
2026021410,67.64
2026021410,77.49
2026021410,86.22
2026021411,93.62
2026021411,99.16
2026021411,102.55
2026021411,104.02
2026021412,104.71
2026021412,102.38
2026021412,98.14
2026021412,91.85
2026021413,84.13
2026021413,74.68
2026021413,65.34
2026021413,54.8
2026021414,45.72
2026021414,38.47
2026021414,30.47
2026021414,21.51
2026021415,12.47
2026021415,2.35
2026021415,0.0
2026021415,-0.0001
2026021416,-0.0001
2026021416,-0.0001
2026021416,-0.0001
2026021416,-0.0001
2026021417,-0.0001
2026021417,-0.0001
2026021417,-0.0001
2026021417,-0.0001
2026021418,-0.0001
2026021418,-0.0001
2026021418,-0.0001
2026021418,-0.0001
2026021419,-0.0001
2026021419,-0.0001
2026021419,-0.0001
2026021419,-0.0001
2026021420,-0.0001
2026021420,-0.0001
2026021420,-0.0001
2026021420,-0.0001
2026021421,-0.0001
2026021421,-0.0001
2026021421,-0.0001
2026021421,-0.0001
2026021422,-0.0001
2026021422,-0.0001
2026021422,-0.0001
2026021422,-0.0001
2026021423,-0.0001
2026021423,-0.0001
2026021423,-0.0001
2026021423,-0.0001
2026021500,0.0
2026021500,-0.0001
2026021500,-0.0001
2026021500,-0.0001
2026021501,-0.0001
2026021501,-0.0001
2026021501,-0.0001
2026021501,-0.0001
2026021502,-0.0001
2026021502,-0.0001
2026021502,-0.0001
2026021502,-0.0001
2026021503,-0.0001
2026021503,-0.0001
2026021503,-0.0001
2026021503,-0.0001
2026021504,-0.0001
2026021504,-0.0001
2026021504,-0.0001
2026021504,-0.0001
2026021505,-0.0001
2026021505,-0.0001
2026021505,-0.0001
2026021505,-0.0001
2026021506,-0.0001
2026021506,-0.0001
2026021506,-0.0001
2026021506,-0.0001
2026021507,-0.0001
2026021507,-0.0001
2026021507,-0.0001
2026021507,-0.0001
2026021508,2.39
2026021508,17.98
2026021508,30.82
2026021508,30.66
2026021509,31.8
2026021509,51.17
2026021509,70.9
2026021509,74.16
2026021510,73.35
2026021510,75.86
2026021510,63.81
2026021510,69.99
2026021511,61.06
2026021511,48.68
2026021511,46.36
2026021511,44.0
2026021512,50.03
2026021512,56.42
2026021512,57.03
2026021512,46.42
2026021513,43.87
2026021513,49.57
2026021513,50.65
2026021513,44.46
2026021514,32.92
2026021514,19.39
2026021514,23.14
2026021514,25.66
2026021515,15.44
2026021515,16.99
2026021515,15.14
2026021515,10.35
2026021516,4.28
2026021516,0.0
2026021516,-0.0001
2026021516,-0.0001
2026021517,-0.0001
2026021517,-0.0001
2026021517,-0.0001
2026021517,-0.0001
2026021518,-0.0001
2026021518,-0.0001
2026021518,-0.0001
2026021518,-0.0001
2026021519,-0.0001
2026021519,-0.0001
2026021519,-0.0001
2026021519,-0.0001
2026021520,-0.0001
2026021520,-0.0001
2026021520,-0.0001
2026021520,-0.0001
2026021521,-0.0001
2026021521,-0.0001
2026021521,-0.0001
2026021521,-0.0001
2026021522,-0.0001
2026021522,-0.0001
2026021522,-0.0001
2026021522,-0.0001
2026021523,-0.0001
2026021523,-0.0001
2026021523,-0.0001
2026021523,-0.0001
2026021600,0.0
2026021600,-0.0001
2026021600,-0.0001
2026021600,-0.0001
2026021601,-0.0001
2026021601,-0.0001
2026021601,-0.0001
2026021601,-0.0001
2026021602,-0.0001
2026021602,-0.0001
2026021602,-0.0001
2026021602,-0.0001
2026021603,-0.0001
2026021603,-0.0001
2026021603,-0.0001
2026021603,-0.0001
2026021604,-0.0001
2026021604,-0.0001
2026021604,-0.0001
2026021604,-0.0001
2026021605,-0.0001
2026021605,-0.0001
2026021605,-0.0001
2026021605,-0.0001
2026021606,-0.0001
2026021606,-0.0001
2026021606,-0.0001
2026021606,-0.0001
2026021607,2.4
2026021607,8.75
2026021607,13.91
2026021607,-0.0001
2026021608,15.49
2026021608,18.44
2026021608,27.19
2026021608,28.04
2026021609,31.84
2026021609,34.59
2026021609,35.64
2026021609,42.3
2026021610,44.94
2026021610,47.29
2026021610,48.62
2026021610,55.13
2026021611,55.58
2026021611,57.2
2026021611,52.09
2026021611,45.17
2026021612,45.78
2026021612,45.17
2026021612,37.85
2026021612,30.81
2026021613,24.43
2026021613,22.04
2026021613,22.78
2026021613,20.27
2026021614,18.31
2026021614,14.61
2026021614,0.0
2026021614,8.54
2026021615,4.28
2026021615,0.72
2026021615,0.44
2026021615,0.0
2026021616,-0.0001
2026021616,-0.0001
2026021616,-0.0001
2026021616,-0.0001
2026021617,-0.0001
2026021617,-0.0001
2026021617,-0.0001
2026021617,-0.0001
2026021618,-0.0001
2026021618,-0.0001
2026021618,-0.0001
2026021618,-0.0001
2026021619,-0.0001
2026021619,-0.0001
2026021619,-0.0001
2026021619,-0.0001
2026021620,-0.0001
2026021620,-0.0001
2026021620,-0.0001
2026021620,-0.0001
2026021621,-0.0001
2026021621,-0.0001
2026021621,-0.0001
2026021621,-0.0001
2026021622,-0.0001
2026021622,-0.0001
2026021622,-0.0001
2026021622,-0.0001
2026021623,-0.0001
2026021623,-0.0001
2026021623,-0.0001
2026021623,-0.0001
2026021700,0.0
2026021700,-0.0001
2026021700,-0.0001
2026021700,-0.0001
2026021701,-0.0001
2026021701,-0.0001
2026021701,-0.0001
2026021701,-0.0001
2026021702,-0.0001
2026021702,-0.0001
2026021702,-0.0001
2026021702,-0.0001
2026021703,-0.0001
2026021703,-0.0001
2026021703,-0.0001
2026021703,-0.0001
2026021704,-0.0001
2026021704,-0.0001
2026021704,-0.0001
2026021704,-0.0001
2026021705,-0.0001
2026021705,-0.0001
2026021705,-0.0001
2026021705,-0.0001
2026021706,-0.0001
2026021706,-0.0001
2026021706,-0.0001
2026021706,-0.0001
2026021707,-0.0001
2026021707,-0.0001
2026021707,-0.0001
2026021707,-0.0001
2026021708,0.61
2026021708,6.13
2026021708,3.71
2026021708,-0.0001
2026021709,0.17
2026021709,0.0
2026021709,-0.0001
2026021709,-0.0001
2026021710,-0.0001
2026021710,-0.0001
2026021710,-0.0001
2026021710,-0.0001
2026021711,-0.0001
2026021711,-0.0001
2026021711,-0.0001
2026021711,-0.0001
2026021712,3.36
2026021712,2.82
2026021712,0.0
2026021712,-0.0001
2026021713,-0.0001
2026021713,-0.0001
2026021713,-0.0001
2026021713,-0.0001
2026021714,-0.0001
2026021714,-0.0001
2026021714,-0.0001
2026021714,-0.0001
2026021715,-0.0001
2026021715,-0.0001
2026021715,-0.0001
2026021715,-0.0001
2026021716,-0.0001
2026021716,-0.0001
2026021716,-0.0001
2026021716,-0.0001
2026021717,-0.0001
2026021717,-0.0001
2026021717,-0.0001
2026021717,-0.0001
2026021718,-0.0001
2026021718,-0.0001
2026021718,-0.0001
2026021718,-0.0001
2026021719,-0.0001
2026021719,-0.0001
2026021719,-0.0001
2026021719,-0.0001
2026021720,-0.0001
2026021720,-0.0001
2026021720,-0.0001
2026021720,-0.0001
2026021721,-0.0001
2026021721,-0.0001
2026021721,-0.0001
2026021721,-0.0001
2026021722,-0.0001
2026021722,-0.0001
2026021722,-0.0001
2026021722,-0.0001
2026021723,-0.0001
2026021723,-0.0001
2026021723,-0.0001
2026021723,-0.0001
2026021800,0.0
2026021800,-0.0001
2026021800,-0.0001
2026021800,-0.0001
2026021801,-0.0001
2026021801,-0.0001
2026021801,-0.0001
2026021801,-0.0001
2026021802,-0.0001
2026021802,-0.0001
2026021802,-0.0001
2026021802,-0.0001
2026021803,-0.0001
2026021803,-0.0001
2026021803,-0.0001
2026021803,-0.0001
2026021804,-0.0001
2026021804,-0.0001
2026021804,-0.0001
2026021804,-0.0001
2026021805,-0.0001
2026021805,-0.0001
2026021805,-0.0001
2026021805,-0.0001
2026021806,-0.0001
2026021806,-0.0001
2026021806,-0.0001
2026021806,-0.0001
2026021807,1.31
2026021807,-0.0001
2026021807,-0.0001
2026021807,-0.0001
2026021808,3.42
2026021808,5.8
2026021808,7.77
2026021808,13.97
2026021809,17.24
2026021809,20.83
2026021809,25.61
2026021809,27.9
2026021810,28.38
2026021810,34.09
2026021810,39.14
2026021810,50.42
2026021811,63.31
2026021811,75.52
2026021811,86.2
2026021811,94.88
2026021812,101.09
2026021812,104.98
2026021812,125.92
2026021812,131.33
2026021813,127.21
2026021813,120.33
2026021813,110.86
2026021813,99.19
2026021814,85.79
2026021814,76.23
2026021814,65.98
2026021814,56.16
2026021815,45.95
2026021815,37.05
2026021815,26.06
2026021815,13.98
2026021816,6.55
2026021816,0.21
2026021816,0.0
2026021816,-0.0001
2026021817,-0.0001
2026021817,-0.0001
2026021817,-0.0001
2026021817,-0.0001
2026021818,-0.0001
2026021818,-0.0001
2026021818,-0.0001
2026021818,-0.0001
2026021819,-0.0001
2026021819,-0.0001
2026021819,-0.0001
2026021819,-0.0001
2026021820,-0.0001
2026021820,-0.0001
2026021820,-0.0001
2026021820,-0.0001
2026021821,-0.0001
2026021821,-0.0001
2026021821,-0.0001
2026021821,-0.0001
2026021822,-0.0001
2026021822,-0.0001
2026021822,-0.0001
2026021822,-0.0001
2026021823,-0.0001
2026021823,-0.0001
2026021823,-0.0001
2026021823,-0.0001
2026021900,0.0
2026021900,-0.0001
2026021900,-0.0001
2026021900,-0.0001
2026021901,-0.0001
2026021901,-0.0001
2026021901,-0.0001
2026021901,-0.0001
2026021902,-0.0001
2026021902,-0.0001
2026021902,-0.0001
2026021902,-0.0001
2026021903,-0.0001
2026021903,-0.0001
2026021903,-0.0001
2026021903,-0.0001
2026021904,-0.0001
2026021904,-0.0001
2026021904,-0.0001
2026021904,-0.0001
2026021905,-0.0001
2026021905,-0.0001
2026021905,-0.0001
2026021905,-0.0001
2026021906,-0.0001
2026021906,-0.0001
2026021906,-0.0001
2026021906,-0.0001
2026021907,-0.0001
2026021907,-0.0001
2026021907,-0.0001
2026021907,-0.0001
2026021908,9.27
2026021908,21.06
2026021908,25.68
2026021908,36.74
2026021909,42.63
2026021909,48.46
2026021909,31.94
2026021909,53.47
2026021910,78.75
2026021910,91.97
2026021910,103.06
2026021910,99.18
2026021911,88.54
2026021911,79.2
2026021911,50.07
2026021911,49.09
2026021912,93.02
2026021912,88.05
2026021912,111.61
2026021912,100.53
2026021913,125.3
2026021913,137.39
2026021913,114.35
2026021913,97.16
2026021914,83.84
2026021914,69.04
2026021914,51.29
2026021914,35.18
2026021915,15.49
2026021915,1.92
2026021915,0.0
2026021915,-0.0001
2026021916,-0.0001
2026021916,-0.0001
2026021916,-0.0001
2026021916,-0.0001
2026021917,-0.0001
2026021917,-0.0001
2026021917,-0.0001
2026021917,-0.0001
2026021918,-0.0001
2026021918,-0.0001
2026021918,-0.0001
2026021918,-0.0001
2026021919,-0.0001
2026021919,-0.0001
2026021919,-0.0001
2026021919,-0.0001
2026021920,-0.0001
2026021920,-0.0001
2026021920,-0.0001
2026021920,-0.0001
2026021921,-0.0001
2026021921,-0.0001
2026021921,-0.0001
2026021921,-0.0001
2026021922,-0.0001
2026021922,-0.0001
2026021922,-0.0001
2026021922,-0.0001
2026021923,-0.0001
2026021923,-0.0001
2026021923,-0.0001
2026021923,-0.0001
2026022000,0.0
2026022000,-0.0001
2026022000,-0.0001
2026022000,-0.0001
2026022001,-0.0001
2026022001,-0.0001
2026022001,-0.0001
2026022001,-0.0001
2026022002,-0.0001
2026022002,-0.0001
2026022002,-0.0001
2026022002,-0.0001
2026022003,-0.0001
2026022003,-0.0001
2026022003,-0.0001
2026022003,-0.0001
2026022004,-0.0001
2026022004,-0.0001
2026022004,-0.0001
2026022004,-0.0001
2026022005,-0.0001
2026022005,-0.0001
2026022005,-0.0001
2026022005,-0.0001
2026022006,-0.0001
2026022006,-0.0001
2026022006,-0.0001
2026022006,-0.0001
2026022007,1.17
2026022007,-0.0001
2026022007,-0.0001
2026022007,-0.0001
2026022008,3.12
2026022008,16.91
2026022008,29.07
2026022008,45.74
2026022009,34.93
2026022009,31.84
2026022009,25.94
2026022009,29.63
2026022010,39.85
2026022010,34.82
2026022010,31.77
2026022010,31.9
2026022011,41.4
2026022011,49.04
2026022011,63.54
2026022011,61.97
2026022012,59.03
2026022012,55.67
2026022012,53.06
2026022012,41.11
2026022013,31.0
2026022013,22.52
2026022013,19.09
2026022013,29.56
2026022014,35.95
2026022014,27.74
2026022014,14.94
2026022014,9.49
2026022015,4.89
2026022015,4.81
2026022015,2.39
2026022015,0.0
2026022016,-0.0001
2026022016,-0.0001
2026022016,-0.0001
2026022016,-0.0001
2026022017,-0.0001
2026022017,-0.0001
2026022017,-0.0001
2026022017,-0.0001
2026022018,-0.0001
2026022018,-0.0001
2026022018,-0.0001
2026022018,-0.0001
2026022019,-0.0001
2026022019,-0.0001
2026022019,-0.0001
2026022019,-0.0001
2026022020,-0.0001
2026022020,-0.0001
2026022020,-0.0001
2026022020,-0.0001
2026022021,-0.0001
2026022021,-0.0001
2026022021,-0.0001
2026022021,-0.0001
2026022022,-0.0001
2026022022,-0.0001
2026022022,-0.0001
2026022022,-0.0001
2026022023,-0.0001
2026022023,-0.0001
2026022023,-0.0001
2026022023,-0.0001
2026022100,0.0
2026022100,-0.0001
2026022100,-0.0001
2026022100,-0.0001
2026022101,-0.0001
2026022101,-0.0001
2026022101,-0.0001
2026022101,-0.0001
2026022102,-0.0001
2026022102,-0.0001
2026022102,-0.0001
2026022102,-0.0001
2026022103,-0.0001
2026022103,-0.0001
2026022103,-0.0001
2026022103,-0.0001
2026022104,-0.0001
2026022104,-0.0001
2026022104,-0.0001
2026022104,-0.0001
2026022105,-0.0001
2026022105,-0.0001
2026022105,-0.0001
2026022105,-0.0001
2026022106,-0.0001
2026022106,-0.0001
2026022106,-0.0001
2026022106,-0.0001
2026022107,0.38
2026022107,-0.0001
2026022107,-0.0001
2026022107,-0.0001
2026022108,0.0
2026022108,0.53
2026022108,6.01
2026022108,-0.0001
2026022109,9.2
2026022109,15.58
2026022109,18.54
2026022109,25.0
2026022110,27.81
2026022110,45.3
2026022110,33.4
2026022110,23.72
2026022111,17.31
2026022111,10.42
2026022111,5.05
2026022111,16.61
2026022112,10.14
2026022112,11.48
2026022112,15.1
2026022112,25.68
2026022113,16.6
2026022113,11.25
2026022113,12.36
2026022113,13.51
2026022114,9.76
2026022114,4.26
2026022114,0.83
2026022114,6.98
2026022115,10.61
2026022115,7.67
2026022115,5.56
2026022115,0.0
2026022116,-0.0001
2026022116,-0.0001
2026022116,-0.0001
2026022116,-0.0001
2026022117,-0.0001
2026022117,-0.0001
2026022117,-0.0001
2026022117,-0.0001
2026022118,-0.0001
2026022118,-0.0001
2026022118,-0.0001
2026022118,-0.0001
2026022119,-0.0001
2026022119,-0.0001
2026022119,-0.0001
2026022119,-0.0001
2026022120,-0.0001
2026022120,-0.0001
2026022120,-0.0001
2026022120,-0.0001
2026022121,-0.0001
2026022121,-0.0001
2026022121,-0.0001
2026022121,-0.0001
2026022122,-0.0001
2026022122,-0.0001
2026022122,-0.0001
2026022122,-0.0001
2026022123,-0.0001
2026022123,-0.0001
2026022123,-0.0001
2026022123,-0.0001
2026022200,0.0
2026022200,-0.0001
2026022200,-0.0001
2026022200,-0.0001
2026022201,-0.0001
2026022201,-0.0001
2026022201,-0.0001
2026022201,-0.0001
2026022202,-0.0001
2026022202,-0.0001
2026022202,-0.0001
2026022202,-0.0001
2026022203,-0.0001
2026022203,-0.0001
2026022203,-0.0001
2026022203,-0.0001
2026022204,-0.0001
2026022204,-0.0001
2026022204,-0.0001
2026022204,-0.0001
2026022205,-0.0001
2026022205,-0.0001
2026022205,-0.0001
2026022205,-0.0001
2026022206,-0.0001
2026022206,-0.0001
2026022206,-0.0001
2026022206,-0.0001
2026022207,-0.0001
2026022207,-0.0001
2026022207,-0.0001
2026022207,-0.0001
2026022208,-0.0001
2026022208,-0.0001
2026022208,-0.0001
2026022208,-0.0001
2026022209,-0.0001
2026022209,-0.0001
2026022209,-0.0001
2026022209,-0.0001
2026022210,-0.0001
2026022210,-0.0001
2026022210,-0.0001
2026022210,-0.0001
2026022211,-0.0001
2026022211,-0.0001
2026022211,-0.0001
2026022211,-0.0001
2026022212,-0.0001
2026022212,-0.0001
2026022212,-0.0001
2026022212,-0.0001
2026022213,-0.0001
2026022213,-0.0001
2026022213,-0.0001
2026022213,-0.0001
2026022214,-0.0001
2026022214,-0.0001
2026022214,-0.0001
2026022214,-0.0001
2026022215,-0.0001
2026022215,-0.0001
2026022215,-0.0001
2026022215,-0.0001
2026022216,-0.0001
2026022216,-0.0001
2026022216,-0.0001
2026022216,-0.0001
2026022217,-0.0001
2026022217,-0.0001
2026022217,-0.0001
2026022217,-0.0001
2026022218,-0.0001
2026022218,-0.0001
2026022218,-0.0001
2026022218,-0.0001
2026022219,-0.0001
2026022219,-0.0001
2026022219,-0.0001
2026022219,-0.0001
2026022220,-0.0001
2026022220,-0.0001
2026022220,-0.0001
2026022220,-0.0001
2026022221,-0.0001
2026022221,-0.0001
2026022221,-0.0001
2026022221,-0.0001
2026022222,-0.0001
2026022222,-0.0001
2026022222,-0.0001
2026022222,-0.0001
2026022223,-0.0001
2026022223,-0.0001
2026022223,-0.0001
2026022223,-0.0001
2026022300,0.0
2026022300,-0.0001
2026022300,-0.0001
2026022300,-0.0001
2026022301,-0.0001
2026022301,-0.0001
2026022301,-0.0001
2026022301,-0.0001
2026022302,-0.0001
2026022302,-0.0001
2026022302,-0.0001
2026022302,-0.0001
2026022303,-0.0001
2026022303,-0.0001
2026022303,-0.0001
2026022303,-0.0001
2026022304,-0.0001
2026022304,-0.0001
2026022304,-0.0001
2026022304,-0.0001
2026022305,-0.0001
2026022305,-0.0001
2026022305,-0.0001
2026022305,-0.0001
2026022306,-0.0001
2026022306,-0.0001
2026022306,-0.0001
2026022306,-0.0001
2026022307,-0.0001
2026022307,-0.0001
2026022307,-0.0001
2026022307,-0.0001
2026022308,-0.0001
2026022308,-0.0001
2026022308,-0.0001
2026022308,-0.0001
2026022309,12.49
2026022309,1.79
2026022309,8.27
2026022309,0.05
2026022310,5.14
2026022310,1.9
2026022310,1.23
2026022310,0.0
2026022311,3.3
2026022311,14.13
2026022311,-0.0001
2026022311,-0.0001
2026022312,19.36
2026022312,2.7
2026022312,0.0
2026022312,-0.0001
2026022313,3.24
2026022313,0.0
2026022313,0.86
2026022313,0.0
2026022314,-0.0001
2026022314,-0.0001
2026022314,-0.0001
2026022314,-0.0001
2026022315,-0.0001
2026022315,-0.0001
2026022315,-0.0001
2026022315,-0.0001
2026022316,-0.0001
2026022316,-0.0001
2026022316,-0.0001
2026022316,-0.0001
2026022317,-0.0001
2026022317,-0.0001
2026022317,-0.0001
2026022317,-0.0001
2026022318,-0.0001
2026022318,-0.0001
2026022318,-0.0001
2026022318,-0.0001
2026022319,-0.0001
2026022319,-0.0001
2026022319,-0.0001
2026022319,-0.0001
2026022320,-0.0001
2026022320,-0.0001
2026022320,-0.0001
2026022320,-0.0001
2026022321,-0.0001
2026022321,-0.0001
2026022321,-0.0001
2026022321,-0.0001
2026022322,-0.0001
2026022322,-0.0001
2026022322,-0.0001
2026022322,-0.0001
2026022323,-0.0001
2026022323,-0.0001
2026022323,-0.0001
2026022323,-0.0001
2026022400,0.0
2026022400,-0.0001
2026022400,-0.0001
2026022400,-0.0001
2026022401,-0.0001
2026022401,-0.0001
2026022401,-0.0001
2026022401,-0.0001
2026022402,-0.0001
2026022402,-0.0001
2026022402,-0.0001
2026022402,-0.0001
2026022403,-0.0001
2026022403,-0.0001
2026022403,-0.0001
2026022403,-0.0001
2026022404,-0.0001
2026022404,-0.0001
2026022404,-0.0001
2026022404,-0.0001
2026022405,-0.0001
2026022405,-0.0001
2026022405,-0.0001
2026022405,-0.0001
2026022406,0.53
2026022406,-0.0001
2026022406,-0.0001
2026022406,-0.0001
2026022407,5.06
2026022407,5.79
2026022407,6.41
2026022407,12.91
2026022408,16.95
2026022408,19.83
2026022408,26.56
2026022408,34.28
2026022409,36.43
2026022409,38.7
2026022409,43.88
2026022409,51.97
2026022410,61.36
2026022410,67.27
2026022410,53.8
2026022410,50.22
2026022411,58.22
2026022411,60.9
2026022411,47.4
2026022411,39.62
2026022412,37.75
2026022412,33.05
2026022412,37.51
2026022412,38.77
2026022413,32.69
2026022413,41.97
2026022413,43.28
2026022413,35.54
2026022414,25.92
2026022414,19.12
2026022414,24.62
2026022414,14.67
2026022415,12.35
2026022415,14.04
2026022415,5.34
2026022415,0.44
2026022416,0.0
2026022416,-0.0001
2026022416,-0.0001
2026022416,-0.0001
2026022417,-0.0001
2026022417,-0.0001
2026022417,-0.0001
2026022417,-0.0001
2026022418,-0.0001
2026022418,-0.0001
2026022418,-0.0001
2026022418,-0.0001
2026022419,-0.0001
2026022419,-0.0001
2026022419,-0.0001
2026022419,-0.0001
2026022420,-0.0001
2026022420,-0.0001
2026022420,-0.0001
2026022420,-0.0001
2026022421,-0.0001
2026022421,-0.0001
2026022421,-0.0001
2026022421,-0.0001
2026022422,-0.0001
2026022422,-0.0001
2026022422,-0.0001
2026022422,-0.0001
2026022423,-0.0001
2026022423,-0.0001
2026022423,-0.0001
2026022423,-0.0001
2026022500,0.0
2026022500,-0.0001
2026022500,-0.0001
2026022500,-0.0001
2026022501,-0.0001
2026022501,-0.0001
2026022501,-0.0001
2026022501,-0.0001
2026022502,-0.0001
2026022502,-0.0001
2026022502,-0.0001
2026022502,-0.0001
2026022503,-0.0001
2026022503,-0.0001
2026022503,-0.0001
2026022503,-0.0001
2026022504,-0.0001
2026022504,-0.0001
2026022504,-0.0001
2026022504,-0.0001
2026022505,-0.0001
2026022505,-0.0001
2026022505,-0.0001
2026022505,-0.0001
2026022506,-0.0001
2026022506,-0.0001
2026022506,-0.0001
2026022506,-0.0001
2026022507,-0.0001
2026022507,-0.0001
2026022507,-0.0001
2026022507,-0.0001
2026022508,-0.0001
2026022508,-0.0001
2026022508,-0.0001
2026022508,-0.0001
2026022509,2.22
2026022509,0.15
2026022509,0.0
2026022509,-0.0001
2026022510,9.63
2026022510,1.5
2026022510,0.31
2026022510,10.77
2026022511,8.4
2026022511,8.49
2026022511,7.43
2026022511,28.77
2026022512,34.24
2026022512,16.44
2026022512,8.85
2026022512,29.7
2026022513,30.95
2026022513,11.68
2026022513,34.29
2026022513,8.92
2026022514,16.77
2026022514,35.78
2026022514,1.34
2026022514,7.65
2026022515,15.59
2026022515,14.61
2026022515,7.74
2026022515,4.1
2026022516,0.0
2026022516,-0.0001
2026022516,-0.0001
2026022516,-0.0001
2026022517,-0.0001
2026022517,-0.0001
2026022517,-0.0001
2026022517,-0.0001
2026022518,-0.0001
2026022518,-0.0001
2026022518,-0.0001
2026022518,-0.0001
2026022519,-0.0001
2026022519,-0.0001
2026022519,-0.0001
2026022519,-0.0001
2026022520,-0.0001
2026022520,-0.0001
2026022520,-0.0001
2026022520,-0.0001
2026022521,-0.0001
2026022521,-0.0001
2026022521,-0.0001
2026022521,-0.0001
2026022522,-0.0001
2026022522,-0.0001
2026022522,-0.0001
2026022522,-0.0001
2026022523,-0.0001
2026022523,-0.0001
2026022523,-0.0001
2026022523,-0.0001
2026022600,0.0
2026022600,-0.0001
2026022600,-0.0001
2026022600,-0.0001
2026022601,-0.0001
2026022601,-0.0001
2026022601,-0.0001
2026022601,-0.0001
2026022602,-0.0001
2026022602,-0.0001
2026022602,-0.0001
2026022602,-0.0001
2026022603,-0.0001
2026022603,-0.0001
2026022603,-0.0001
2026022603,-0.0001
2026022604,-0.0001
2026022604,-0.0001
2026022604,-0.0001
2026022604,-0.0001
2026022605,-0.0001
2026022605,-0.0001
2026022605,-0.0001
2026022605,-0.0001
2026022606,-0.0001
2026022606,-0.0001
2026022606,-0.0001
2026022606,-0.0001
2026022607,-0.0001
2026022607,-0.0001
2026022607,-0.0001
2026022607,-0.0001
2026022608,1.06
2026022608,2.62
2026022608,0.0
2026022608,5.65
2026022609,7.73
2026022609,20.33
2026022609,50.81
2026022609,50.0
2026022610,30.61
2026022610,12.03
2026022610,42.29
2026022610,68.12
2026022611,49.83
2026022611,74.2
2026022611,76.68
2026022611,79.1
2026022612,80.95
2026022612,78.63
2026022612,68.85
2026022612,69.35
2026022613,81.15
2026022613,70.57
2026022613,52.98
2026022613,36.91
2026022614,17.89
2026022614,13.01
2026022614,0.91
2026022614,0.0
2026022615,-0.0001
2026022615,-0.0001
2026022615,-0.0001
2026022615,-0.0001
2026022616,-0.0001
2026022616,-0.0001
2026022616,-0.0001
2026022616,-0.0001
2026022617,-0.0001
2026022617,-0.0001
2026022617,-0.0001
2026022617,-0.0001
2026022618,-0.0001
2026022618,-0.0001
2026022618,-0.0001
2026022618,-0.0001
2026022619,-0.0001
2026022619,-0.0001
2026022619,-0.0001
2026022619,-0.0001
2026022620,-0.0001
2026022620,-0.0001
2026022620,-0.0001
2026022620,-0.0001
2026022621,-0.0001
2026022621,-0.0001
2026022621,-0.0001
2026022621,-0.0001
2026022622,-0.0001
2026022622,-0.0001
2026022622,-0.0001
2026022622,-0.0001
2026022623,-0.0001
2026022623,-0.0001
2026022623,-0.0001
2026022623,-0.0001
2026022700,0.0
2026022700,-0.0001
2026022700,-0.0001
2026022700,-0.0001
2026022701,-0.0001
2026022701,-0.0001
2026022701,-0.0001
2026022701,-0.0001
2026022702,-0.0001
2026022702,-0.0001
2026022702,-0.0001
2026022702,-0.0001
2026022703,-0.0001
2026022703,-0.0001
2026022703,-0.0001
2026022703,-0.0001
2026022704,-0.0001
2026022704,-0.0001
2026022704,-0.0001
2026022704,-0.0001
2026022705,-0.0001
2026022705,-0.0001
2026022705,-0.0001
2026022705,-0.0001
2026022706,-0.0001
2026022706,-0.0001
2026022706,-0.0001
2026022706,-0.0001
2026022707,3.83
2026022707,9.22
2026022707,8.67
2026022707,-0.0001
2026022708,7.66
2026022708,5.96
2026022708,7.93
2026022708,7.24
2026022709,8.73
2026022709,9.6
2026022709,20.44
2026022709,17.71
2026022710,32.83
2026022710,24.67
2026022710,20.87
2026022710,31.8
2026022711,31.43
2026022711,22.51
2026022711,36.04
2026022711,40.72
2026022712,30.99
2026022712,34.29
2026022712,30.34
2026022712,16.93
2026022713,14.95
2026022713,6.68
2026022713,6.72
2026022713,6.08
2026022714,6.93
2026022714,9.13
2026022714,8.59
2026022714,6.34
2026022715,5.15
2026022715,4.64
2026022715,2.86
2026022715,0.0
2026022716,-0.0001
2026022716,-0.0001
2026022716,-0.0001
2026022716,-0.0001
2026022717,-0.0001
2026022717,-0.0001
2026022717,-0.0001
2026022717,-0.0001
2026022718,-0.0001
2026022718,-0.0001
2026022718,-0.0001
2026022718,-0.0001
2026022719,-0.0001
2026022719,-0.0001
2026022719,-0.0001
2026022719,-0.0001
2026022720,-0.0001
2026022720,-0.0001
2026022720,-0.0001
2026022720,-0.0001
2026022721,-0.0001
2026022721,-0.0001
2026022721,-0.0001
2026022721,-0.0001
2026022722,-0.0001
2026022722,-0.0001
2026022722,-0.0001
2026022722,-0.0001
2026022723,-0.0001
2026022723,-0.0001
2026022723,-0.0001
2026022723,-0.0001
2026022800,0.0
2026022800,-0.0001
2026022800,-0.0001
2026022800,-0.0001
2026022801,-0.0001
2026022801,-0.0001
2026022801,-0.0001
2026022801,-0.0001
2026022802,-0.0001
2026022802,-0.0001
2026022802,-0.0001
2026022802,-0.0001
2026022803,-0.0001
2026022803,-0.0001
2026022803,-0.0001
2026022803,-0.0001
2026022804,-0.0001
2026022804,-0.0001
2026022804,-0.0001
2026022804,-0.0001
2026022805,-0.0001
2026022805,-0.0001
2026022805,-0.0001
2026022805,-0.0001
2026022806,0.23
2026022806,-0.0001
2026022806,-0.0001
2026022806,-0.0001
2026022807,1.44
2026022807,1.56
2026022807,2.73
2026022807,4.08
2026022808,4.89
2026022808,17.83
2026022808,17.96
2026022808,17.26
2026022809,13.01
2026022809,16.98
2026022809,16.25
2026022809,21.05
2026022810,17.72
2026022810,9.12
2026022810,16.93
2026022810,16.01
2026022811,28.66
2026022811,46.24
2026022811,29.68
2026022811,16.53
2026022812,34.52
2026022812,51.46
2026022812,31.19
2026022812,29.95
2026022813,27.66
2026022813,45.18
2026022813,91.08
2026022813,37.34
2026022814,29.88
2026022814,28.84
2026022814,23.46
2026022814,21.7
2026022815,15.12
2026022815,8.75
2026022815,0.61
2026022815,3.48
2026022816,3.15
2026022816,0.2
2026022816,0.0
2026022816,-0.0001
2026022817,-0.0001
2026022817,-0.0001
2026022817,-0.0001
2026022817,-0.0001
2026022818,-0.0001
2026022818,-0.0001
2026022818,-0.0001
2026022818,-0.0001
2026022819,-0.0001
2026022819,-0.0001
2026022819,-0.0001
2026022819,-0.0001
2026022820,-0.0001
2026022820,-0.0001
2026022820,-0.0001
2026022820,-0.0001
2026022821,-0.0001
2026022821,-0.0001
2026022821,-0.0001
2026022821,-0.0001
2026022822,-0.0001
2026022822,-0.0001
2026022822,-0.0001
2026022822,-0.0001
2026022823,-0.0001
2026022823,-0.0001
2026022823,-0.0001
2026022823,-0.0001
2026030100,0.0
2026030100,-0.0001
2026030100,-0.0001
2026030100,-0.0001
2026030101,-0.0001
2026030101,-0.0001
2026030101,-0.0001
2026030101,-0.0001
2026030102,-0.0001
2026030102,-0.0001
2026030102,-0.0001
2026030102,-0.0001
2026030103,-0.0001
2026030103,-0.0001
2026030103,-0.0001
2026030103,-0.0001
2026030104,-0.0001
2026030104,-0.0001
2026030104,-0.0001
2026030104,-0.0001
2026030105,-0.0001
2026030105,-0.0001
2026030105,-0.0001
2026030105,-0.0001
2026030106,8.36
2026030106,-0.0001
2026030106,-0.0001
2026030106,-0.0001
2026030107,20.23
2026030107,19.23
2026030107,22.11
2026030107,20.22
2026030108,24.88
2026030108,14.15
2026030108,25.9
2026030108,61.78
2026030109,75.09
2026030109,28.1
2026030109,23.74
2026030109,27.03
2026030110,28.62
2026030110,47.64
2026030110,109.94
2026030110,99.07
2026030111,119.21
2026030111,161.54
2026030111,163.77
2026030111,142.73
2026030112,148.53
2026030112,129.2
2026030112,157.67
2026030112,98.98
2026030113,70.49
2026030113,56.64
2026030113,41.43
2026030113,48.27
2026030114,43.64
2026030114,40.77
2026030114,26.1
2026030114,17.57
2026030115,8.75
2026030115,21.35
2026030115,17.41
2026030115,11.13
2026030116,8.5
2026030116,1.96
2026030116,0.0
2026030116,-0.0001
2026030117,-0.0001
2026030117,-0.0001
2026030117,-0.0001
2026030117,-0.0001
2026030118,-0.0001
2026030118,-0.0001
2026030118,-0.0001
2026030118,-0.0001
2026030119,-0.0001
2026030119,-0.0001
2026030119,-0.0001
2026030119,-0.0001
2026030120,-0.0001
2026030120,-0.0001
2026030120,-0.0001
2026030120,-0.0001
2026030121,-0.0001
2026030121,-0.0001
2026030121,-0.0001
2026030121,-0.0001
2026030122,-0.0001
2026030122,-0.0001
2026030122,-0.0001
2026030122,-0.0001
2026030123,-0.0001
2026030123,-0.0001
2026030123,-0.0001
2026030123,-0.0001
2026030200,0.0
2026030200,-0.0001
2026030200,-0.0001
2026030200,-0.0001
2026030201,-0.0001
2026030201,-0.0001
2026030201,-0.0001
2026030201,-0.0001
2026030202,-0.0001
2026030202,-0.0001
2026030202,-0.0001
2026030202,-0.0001
2026030203,-0.0001
2026030203,-0.0001
2026030203,-0.0001
2026030203,-0.0001
2026030204,-0.0001
2026030204,-0.0001
2026030204,-0.0001
2026030204,-0.0001
2026030205,-0.0001
2026030205,-0.0001
2026030205,-0.0001
2026030205,-0.0001
2026030206,-0.0001
2026030206,-0.0001
2026030206,-0.0001
2026030206,-0.0001
2026030207,-0.0001
2026030207,-0.0001
2026030207,-0.0001
2026030207,-0.0001
2026030208,0.12
2026030208,42.21
2026030208,80.21
2026030208,-0.0001
2026030209,82.26
2026030209,63.74
2026030209,94.44
2026030209,109.3
2026030210,114.75
2026030210,118.71
2026030210,121.12
2026030210,122.31
2026030211,128.91
2026030211,130.61
2026030211,131.41
2026030211,131.78
2026030212,126.5
2026030212,102.87
2026030212,124.89
2026030212,126.54
2026030213,120.49
2026030213,106.47
2026030213,94.16
2026030213,68.34
2026030214,54.9
2026030214,56.88
2026030214,56.15
2026030214,19.47
2026030215,21.81
2026030215,19.4
2026030215,10.48
2026030215,0.0
2026030216,9.49
2026030216,6.19
2026030216,0.21
2026030216,0.0
2026030217,-0.0001
2026030217,-0.0001
2026030217,-0.0001
2026030217,-0.0001
2026030218,-0.0001
2026030218,-0.0001
2026030218,-0.0001
2026030218,-0.0001
2026030219,-0.0001
2026030219,-0.0001
2026030219,-0.0001
2026030219,-0.0001
2026030220,-0.0001
2026030220,-0.0001
2026030220,-0.0001
2026030220,-0.0001
2026030221,-0.0001
2026030221,-0.0001
2026030221,-0.0001
2026030221,-0.0001
2026030222,0.53
2026030222,0.0
2026030222,-0.0001
2026030222,-0.0001
2026030223,-0.0001
2026030223,-0.0001
2026030223,-0.0001
2026030223,-0.0001
2026030300,0.0
2026030300,-0.0001
2026030300,-0.0001
2026030300,-0.0001
2026030301,-0.0001
2026030301,-0.0001
2026030301,-0.0001
2026030301,-0.0001
2026030302,-0.0001
2026030302,-0.0001
2026030302,-0.0001
2026030302,-0.0001
2026030303,-0.0001
2026030303,-0.0001
2026030303,-0.0001
2026030303,-0.0001
2026030304,-0.0001
2026030304,-0.0001
2026030304,-0.0001
2026030304,-0.0001
2026030305,-0.0001
2026030305,-0.0001
2026030305,-0.0001
2026030305,-0.0001
2026030306,-0.0001
2026030306,-0.0001
2026030306,-0.0001
2026030306,-0.0001
2026030307,3.76
2026030307,18.4
2026030307,34.49
2026030307,-0.0001
2026030308,47.74
2026030308,59.61
2026030308,70.45
2026030308,81.23
2026030309,87.29
2026030309,95.51
2026030309,100.78
2026030309,100.32
2026030310,113.88
2026030310,120.09
2026030310,123.74
2026030310,126.92
2026030311,129.0
2026030311,121.41
2026030311,115.93
2026030311,133.31
2026030312,132.07
2026030312,129.33
2026030312,127.39
2026030312,123.25
2026030313,118.62
2026030313,96.51
2026030313,94.3
2026030313,105.74
2026030314,92.07
2026030314,90.3
2026030314,82.6
2026030314,70.54
2026030315,57.8
2026030315,38.45
2026030315,21.84
2026030315,3.47
2026030316,0.0
2026030316,-0.0001
2026030316,-0.0001
2026030316,-0.0001
2026030317,-0.0001
2026030317,-0.0001
2026030317,-0.0001
2026030317,-0.0001
2026030318,-0.0001
2026030318,-0.0001
2026030318,-0.0001
2026030318,-0.0001
2026030319,-0.0001
2026030319,-0.0001
2026030319,-0.0001
2026030319,-0.0001
2026030320,-0.0001
2026030320,-0.0001
2026030320,-0.0001
2026030320,-0.0001
2026030321,-0.0001
2026030321,-0.0001
2026030321,-0.0001
2026030321,-0.0001
2026030322,-0.0001
2026030322,-0.0001
2026030322,-0.0001
2026030322,-0.0001
2026030323,-0.0001
2026030323,-0.0001
2026030323,-0.0001
2026030323,-0.0001
2026030400,0.0
2026030400,-0.0001
2026030400,-0.0001
2026030400,-0.0001
2026030401,-0.0001
2026030401,-0.0001
2026030401,-0.0001
2026030401,-0.0001
2026030402,-0.0001
2026030402,-0.0001
2026030402,-0.0001
2026030402,-0.0001
2026030403,-0.0001
2026030403,-0.0001
2026030403,-0.0001
2026030403,-0.0001
2026030404,-0.0001
2026030404,-0.0001
2026030404,-0.0001
2026030404,-0.0001
2026030405,-0.0001
2026030405,-0.0001
2026030405,-0.0001
2026030405,-0.0001
2026030406,1.28
2026030406,7.02
2026030406,-0.0001
2026030406,-0.0001
2026030407,11.31
2026030407,16.28
2026030407,23.91
2026030407,30.63
2026030408,34.32
2026030408,44.99
2026030408,43.64
2026030408,53.79
2026030409,58.12
2026030409,59.82
2026030409,64.54
2026030409,72.36
2026030410,71.36
2026030410,87.07
2026030410,103.62
2026030410,134.66
2026030411,144.41
2026030411,145.34
2026030411,142.68
2026030411,144.78
2026030412,141.11
2026030412,137.04
2026030412,134.11
2026030412,129.12
2026030413,123.08
2026030413,126.15
2026030413,119.01
2026030413,109.39
2026030414,94.54
2026030414,81.77
2026030414,71.59
2026030414,62.03
2026030415,65.05
2026030415,53.92
2026030415,39.99
2026030415,24.43
2026030416,11.6
2026030416,2.33
2026030416,0.0
2026030416,-0.0001
2026030417,-0.0001
2026030417,-0.0001
2026030417,-0.0001
2026030417,-0.0001
2026030418,-0.0001
2026030418,-0.0001
2026030418,-0.0001
2026030418,-0.0001
2026030419,-0.0001
2026030419,-0.0001
2026030419,-0.0001
2026030419,-0.0001
2026030420,-0.0001
2026030420,-0.0001
2026030420,-0.0001
2026030420,-0.0001
2026030421,-0.0001
2026030421,-0.0001
2026030421,-0.0001
2026030421,-0.0001
2026030422,-0.0001
2026030422,-0.0001
2026030422,-0.0001
2026030422,-0.0001
2026030423,-0.0001
2026030423,-0.0001
2026030423,-0.0001
2026030423,-0.0001
2026030500,0.0
2026030500,-0.0001
2026030500,-0.0001
2026030500,-0.0001
2026030501,-0.0001
2026030501,-0.0001
2026030501,-0.0001
2026030501,-0.0001
2026030502,-0.0001
2026030502,-0.0001
2026030502,-0.0001
2026030502,-0.0001
2026030503,-0.0001
2026030503,-0.0001
2026030503,-0.0001
2026030503,-0.0001
2026030504,-0.0001
2026030504,-0.0001
2026030504,-0.0001
2026030504,-0.0001
2026030505,-0.0001
2026030505,-0.0001
2026030505,-0.0001
2026030505,-0.0001
2026030506,-0.0001
2026030506,-0.0001
2026030506,-0.0001
2026030506,-0.0001
2026030507,0.02
2026030507,9.64
2026030507,23.98
2026030507,39.56
2026030508,52.35
2026030508,63.26
2026030508,73.54
2026030508,82.59
2026030509,90.19
2026030509,91.52
2026030509,96.64
2026030509,102.16
2026030510,108.17
2026030510,113.11
2026030510,120.48
2026030510,120.44
2026030511,122.46
2026030511,121.76
2026030511,121.9
2026030511,120.64
2026030512,123.63
2026030512,117.41
2026030512,113.32
2026030512,109.03
2026030513,105.6
2026030513,98.06
2026030513,91.23
2026030513,90.39
2026030514,75.84
2026030514,64.22
2026030514,53.91
2026030514,42.91
2026030515,37.94
2026030515,28.54
2026030515,16.02
2026030515,3.17
2026030516,0.0
2026030516,-0.0001
2026030516,-0.0001
2026030516,-0.0001
2026030517,-0.0001
2026030517,-0.0001
2026030517,-0.0001
2026030517,-0.0001
2026030518,-0.0001
2026030518,-0.0001
2026030518,-0.0001
2026030518,-0.0001
2026030519,-0.0001
2026030519,-0.0001
2026030519,-0.0001
2026030519,-0.0001
2026030520,-0.0001
2026030520,-0.0001
2026030520,-0.0001
2026030520,-0.0001
2026030521,-0.0001
2026030521,-0.0001
2026030521,-0.0001
2026030521,-0.0001
2026030522,-0.0001
2026030522,-0.0001
2026030522,-0.0001
2026030522,-0.0001
2026030523,-0.0001
2026030523,-0.0001
2026030523,-0.0001
2026030523,-0.0001
2026030600,0.0
2026030600,-0.0001
2026030600,-0.0001
2026030600,-0.0001
2026030601,-0.0001
2026030601,-0.0001
2026030601,-0.0001
2026030601,-0.0001
2026030602,-0.0001
2026030602,-0.0001
2026030602,-0.0001
2026030602,-0.0001
2026030603,-0.0001
2026030603,-0.0001
2026030603,-0.0001
2026030603,-0.0001
2026030604,-0.0001
2026030604,-0.0001
2026030604,-0.0001
2026030604,-0.0001
2026030605,-0.0001
2026030605,-0.0001
2026030605,-0.0001
2026030605,-0.0001
2026030606,0.03
2026030606,6.27
2026030606,-0.0001
2026030606,-0.0001
2026030607,16.72
2026030607,31.27
2026030607,44.98
2026030607,58.65
2026030608,71.39
2026030608,82.84
2026030608,92.91
2026030608,104.78
2026030609,112.08
2026030609,106.1
2026030609,99.87
2026030609,108.23
2026030610,110.87
2026030610,83.75
2026030610,57.75
2026030610,118.67
2026030611,112.93
2026030611,108.45
2026030611,125.04
2026030611,120.53
2026030612,117.47
2026030612,121.43
2026030612,116.63
2026030612,93.54
2026030613,89.69
2026030613,74.04
2026030613,82.07
2026030613,59.99
2026030614,23.75
2026030614,46.66
2026030614,76.73
2026030614,56.73
2026030615,63.04
2026030615,49.96
2026030615,32.7
2026030615,25.18
2026030616,12.88
2026030616,1.83
2026030616,0.0
2026030616,-0.0001
2026030617,-0.0001
2026030617,-0.0001
2026030617,-0.0001
2026030617,-0.0001
2026030618,-0.0001
2026030618,-0.0001
2026030618,-0.0001
2026030618,-0.0001
2026030619,-0.0001
2026030619,-0.0001
2026030619,-0.0001
2026030619,-0.0001
2026030620,-0.0001
2026030620,-0.0001
2026030620,-0.0001
2026030620,-0.0001
2026030621,-0.0001
2026030621,-0.0001
2026030621,-0.0001
2026030621,-0.0001
2026030622,-0.0001
2026030622,-0.0001
2026030622,-0.0001
2026030622,-0.0001
2026030623,-0.0001
2026030623,-0.0001
2026030623,-0.0001
2026030623,-0.0001
2026030700,0.0
2026030700,-0.0001
2026030700,-0.0001
2026030700,-0.0001
2026030701,-0.0001
2026030701,-0.0001
2026030701,-0.0001
2026030701,-0.0001
2026030702,-0.0001
2026030702,-0.0001
2026030702,-0.0001
2026030702,-0.0001
2026030703,-0.0001
2026030703,-0.0001
2026030703,-0.0001
2026030703,-0.0001
2026030704,-0.0001
2026030704,-0.0001
2026030704,-0.0001
2026030704,-0.0001
2026030705,-0.0001
2026030705,-0.0001
2026030705,-0.0001
2026030705,-0.0001
2026030706,-0.0001
2026030706,-0.0001
2026030706,-0.0001
2026030706,-0.0001
2026030707,0.24
2026030707,6.73
2026030707,-0.0001
2026030707,-0.0001
2026030708,5.71
2026030708,7.38
2026030708,12.01
2026030708,7.47
2026030709,38.37
2026030709,29.34
2026030709,15.1
2026030709,20.33
2026030710,20.07
2026030710,13.13
2026030710,11.87
2026030710,20.83
2026030711,1.42
2026030711,1.19
2026030711,2.67
2026030711,12.52
2026030712,21.92
2026030712,22.49
2026030712,22.69
2026030712,10.89
2026030713,6.74
2026030713,2.85
2026030713,1.27
2026030713,0.0
2026030714,-0.0001
2026030714,-0.0001
2026030714,-0.0001
2026030714,-0.0001
2026030715,2.82
2026030715,5.37
2026030715,0.71
2026030715,0.0
2026030716,-0.0001
2026030716,-0.0001
2026030716,-0.0001
2026030716,-0.0001
2026030717,-0.0001
2026030717,-0.0001
2026030717,-0.0001
2026030717,-0.0001
2026030718,-0.0001
2026030718,-0.0001
2026030718,-0.0001
2026030718,-0.0001
2026030719,-0.0001
2026030719,-0.0001
2026030719,-0.0001
2026030719,-0.0001
2026030720,-0.0001
2026030720,-0.0001
2026030720,-0.0001
2026030720,-0.0001
2026030721,-0.0001
2026030721,-0.0001
2026030721,-0.0001
2026030721,-0.0001
2026030722,-0.0001
2026030722,-0.0001
2026030722,-0.0001
2026030722,-0.0001
2026030723,-0.0001
2026030723,-0.0001
2026030723,-0.0001
2026030723,-0.0001
2026030800,0.0
2026030800,-0.0001
2026030800,-0.0001
2026030800,-0.0001
2026030801,-0.0001
2026030801,-0.0001
2026030801,-0.0001
2026030801,-0.0001
2026030802,-0.0001
2026030802,-0.0001
2026030802,-0.0001
2026030802,-0.0001
2026030803,-0.0001
2026030803,-0.0001
2026030803,-0.0001
2026030803,-0.0001
2026030804,-0.0001
2026030804,-0.0001
2026030804,-0.0001
2026030804,-0.0001
2026030805,-0.0001
2026030805,-0.0001
2026030805,-0.0001
2026030805,-0.0001
2026030806,-0.0001
2026030806,-0.0001
2026030806,-0.0001
2026030806,-0.0001
2026030807,0.28
2026030807,0.0
2026030807,-0.0001
2026030807,-0.0001
2026030808,5.2
2026030808,11.87
2026030808,14.08
2026030808,5.0
2026030809,0.0
2026030809,6.0
2026030809,14.31
2026030809,17.42
2026030810,33.05
2026030810,91.48
2026030810,87.79
2026030810,86.48
2026030811,104.4
2026030811,64.56
2026030811,87.83
2026030811,84.07
2026030812,76.97
2026030812,77.85
2026030812,95.6
2026030812,98.93
2026030813,84.19
2026030813,76.41
2026030813,65.43
2026030813,75.4
2026030814,67.35
2026030814,53.36
2026030814,29.96
2026030814,23.56
2026030815,23.7
2026030815,12.65
2026030815,7.19
2026030815,0.03
2026030816,7.27
2026030816,3.25
2026030816,0.0
2026030816,-0.0001
2026030817,-0.0001
2026030817,-0.0001
2026030817,-0.0001
2026030817,-0.0001
2026030818,-0.0001
2026030818,-0.0001
2026030818,-0.0001
2026030818,-0.0001
2026030819,-0.0001
2026030819,-0.0001
2026030819,-0.0001
2026030819,-0.0001
2026030820,-0.0001
2026030820,-0.0001
2026030820,-0.0001
2026030820,-0.0001
2026030821,-0.0001
2026030821,-0.0001
2026030821,-0.0001
2026030821,-0.0001
2026030822,-0.0001
2026030822,-0.0001
2026030822,-0.0001
2026030822,-0.0001
2026030823,-0.0001
2026030823,-0.0001
2026030823,-0.0001
2026030823,-0.0001
2026030900,0.0
2026030900,-0.0001
2026030900,-0.0001
2026030900,-0.0001
2026030901,-0.0001
2026030901,-0.0001
2026030901,-0.0001
2026030901,-0.0001
2026030902,-0.0001
2026030902,-0.0001
2026030902,-0.0001
2026030902,-0.0001
2026030903,-0.0001
2026030903,-0.0001
2026030903,-0.0001
2026030903,-0.0001
2026030904,-0.0001
2026030904,-0.0001
2026030904,-0.0001
2026030904,-0.0001
2026030905,-0.0001
2026030905,-0.0001
2026030905,-0.0001
2026030905,-0.0001
2026030906,1.23
2026030906,8.49
2026030906,-0.0001
2026030906,-0.0001
2026030907,17.09
2026030907,27.13
2026030907,38.31
2026030907,49.42
2026030908,60.97
2026030908,72.35
2026030908,83.7
2026030908,92.96
2026030909,91.66
2026030909,99.46
2026030909,114.23
2026030909,115.29
2026030910,121.64
2026030910,126.57
2026030910,130.92
2026030910,133.68
2026030911,134.93
2026030911,133.13
2026030911,130.89
2026030911,130.11
2026030912,127.4
2026030912,124.84
2026030912,121.35
2026030912,116.93
2026030913,112.74
2026030913,106.74
2026030913,99.88
2026030913,90.86
2026030914,82.21
2026030914,72.49
2026030914,62.56
2026030914,52.41
2026030915,56.23
2026030915,45.38
2026030915,33.53
2026030915,22.31
2026030916,12.59
2026030916,4.08
2026030916,0.0
2026030916,-0.0001
2026030917,-0.0001
2026030917,-0.0001
2026030917,-0.0001
2026030917,-0.0001
2026030918,-0.0001
2026030918,-0.0001
2026030918,-0.0001
2026030918,-0.0001
2026030919,-0.0001
2026030919,-0.0001
2026030919,-0.0001
2026030919,-0.0001
2026030920,-0.0001
2026030920,-0.0001
2026030920,-0.0001
2026030920,-0.0001
2026030921,-0.0001
2026030921,-0.0001
2026030921,-0.0001
2026030921,-0.0001
2026030922,-0.0001
2026030922,-0.0001
2026030922,-0.0001
2026030922,-0.0001
2026030923,-0.0001
2026030923,-0.0001
2026030923,-0.0001
2026030923,-0.0001
2026031000,0.0
2026031000,-0.0001
2026031000,-0.0001
2026031000,-0.0001
2026031001,-0.0001
2026031001,-0.0001
2026031001,-0.0001
2026031001,-0.0001
2026031002,-0.0001
2026031002,-0.0001
2026031002,-0.0001
2026031002,-0.0001
2026031003,-0.0001
2026031003,-0.0001
2026031003,-0.0001
2026031003,-0.0001
2026031004,-0.0001
2026031004,-0.0001
2026031004,-0.0001
2026031004,-0.0001
2026031005,-0.0001
2026031005,-0.0001
2026031005,-0.0001
2026031005,-0.0001
2026031006,0.62
2026031006,-0.0001
2026031006,-0.0001
2026031006,-0.0001
2026031007,3.51
2026031007,4.16
2026031007,6.75
2026031007,11.39
2026031008,15.92
2026031008,20.96
2026031008,23.02
2026031008,24.79
2026031009,30.59
2026031009,33.1
2026031009,27.19
2026031009,30.25
2026031010,30.27
2026031010,39.6
2026031010,36.56
2026031010,34.02
2026031011,35.48
2026031011,34.08
2026031011,33.52
2026031011,34.31
2026031012,34.27
2026031012,30.67
2026031012,29.43
2026031012,27.34
2026031013,29.15
2026031013,30.61
2026031013,24.96
2026031013,24.01
2026031014,25.0
2026031014,20.31
2026031014,14.06
2026031014,6.36
2026031015,16.63
2026031015,4.57
2026031015,7.71
2026031015,4.45
2026031016,6.11
2026031016,0.0
2026031016,-0.0001
2026031016,-0.0001
2026031017,-0.0001
2026031017,-0.0001
2026031017,-0.0001
2026031017,-0.0001
2026031018,-0.0001
2026031018,-0.0001
2026031018,-0.0001
2026031018,-0.0001
2026031019,-0.0001
2026031019,-0.0001
2026031019,-0.0001
2026031019,-0.0001
2026031020,-0.0001
2026031020,-0.0001
2026031020,-0.0001
2026031020,-0.0001
2026031021,-0.0001
2026031021,-0.0001
2026031021,-0.0001
2026031021,-0.0001
2026031022,-0.0001
2026031022,-0.0001
2026031022,-0.0001
2026031022,-0.0001
2026031023,-0.0001
2026031023,-0.0001
2026031023,-0.0001
2026031023,-0.0001
2026031100,0.0
2026031100,-0.0001
2026031100,-0.0001
2026031100,-0.0001
2026031101,-0.0001
2026031101,-0.0001
2026031101,-0.0001
2026031101,-0.0001
2026031102,-0.0001
2026031102,-0.0001
2026031102,-0.0001
2026031102,-0.0001
2026031103,-0.0001
2026031103,-0.0001
2026031103,-0.0001
2026031103,-0.0001
2026031104,-0.0001
2026031104,-0.0001
2026031104,-0.0001
2026031104,-0.0001
2026031105,-0.0001
2026031105,-0.0001
2026031105,-0.0001
2026031105,-0.0001
2026031106,-0.0001
2026031106,-0.0001
2026031106,-0.0001
2026031106,-0.0001
2026031107,0.13
2026031107,22.65
2026031107,31.28
2026031107,45.57
2026031108,57.1
2026031108,62.92
2026031108,73.99
2026031108,94.96
2026031109,68.77
2026031109,31.59
2026031109,0.08
2026031109,0.64
2026031110,12.74
2026031110,8.35
2026031110,0.15
2026031110,0.0
2026031111,3.89
2026031111,21.2
2026031111,7.03
2026031111,1.22
2026031112,17.42
2026031112,20.65
2026031112,13.65
2026031112,0.79
2026031113,0.0
2026031113,4.11
2026031113,19.74
2026031113,1.4
2026031114,0.0
2026031114,-0.0001
2026031114,-0.0001
2026031114,-0.0001
2026031115,-0.0001
2026031115,-0.0001
2026031115,-0.0001
2026031115,-0.0001
2026031116,-0.0001
2026031116,-0.0001
2026031116,-0.0001
2026031116,-0.0001
2026031117,-0.0001
2026031117,-0.0001
2026031117,-0.0001
2026031117,-0.0001
2026031118,-0.0001
2026031118,-0.0001
2026031118,-0.0001
2026031118,-0.0001
2026031119,-0.0001
2026031119,-0.0001
2026031119,-0.0001
2026031119,-0.0001
2026031120,-0.0001
2026031120,-0.0001
2026031120,-0.0001
2026031120,-0.0001
2026031121,-0.0001
2026031121,-0.0001
2026031121,-0.0001
2026031121,-0.0001
2026031122,-0.0001
2026031122,-0.0001
2026031122,-0.0001
2026031122,-0.0001
2026031123,-0.0001
2026031123,-0.0001
2026031123,-0.0001
2026031123,-0.0001
2026031200,0.0
2026031200,-0.0001
2026031200,-0.0001
2026031200,-0.0001
2026031201,-0.0001
2026031201,-0.0001
2026031201,-0.0001
2026031201,-0.0001
2026031202,-0.0001
2026031202,-0.0001
2026031202,-0.0001
2026031202,-0.0001
2026031203,-0.0001
2026031203,-0.0001
2026031203,-0.0001
2026031203,-0.0001
2026031204,-0.0001
2026031204,-0.0001
2026031204,-0.0001
2026031204,-0.0001
2026031205,-0.0001
2026031205,-0.0001
2026031205,-0.0001
2026031205,-0.0001
2026031206,13.35
2026031206,-0.0001
2026031206,-0.0001
2026031206,-0.0001
2026031207,24.1
2026031207,7.18
2026031207,10.05
2026031207,9.44
2026031208,36.94
2026031208,81.49
2026031208,67.22
2026031208,81.1
2026031209,80.72
2026031209,105.68
2026031209,128.55
2026031209,132.58
2026031210,128.67
2026031210,64.81
2026031210,0.0
2026031210,-0.0001
2026031211,-0.0001
2026031211,-0.0001
2026031211,-0.0001
2026031211,-0.0001
2026031212,-0.0001
2026031212,-0.0001
2026031212,-0.0001
2026031212,-0.0001
2026031213,-0.0001
2026031213,-0.0001
2026031213,-0.0001
2026031213,-0.0001
2026031214,29.39
2026031214,20.98
2026031214,-0.0001
2026031214,-0.0001
2026031215,10.23
2026031215,6.21
2026031215,1.15
2026031215,0.0
2026031216,-0.0001
2026031216,-0.0001
2026031216,-0.0001
2026031216,-0.0001
2026031217,-0.0001
2026031217,-0.0001
2026031217,-0.0001
2026031217,-0.0001
2026031218,-0.0001
2026031218,-0.0001
2026031218,-0.0001
2026031218,-0.0001
2026031219,-0.0001
2026031219,-0.0001
2026031219,-0.0001
2026031219,-0.0001
2026031220,-0.0001
2026031220,-0.0001
2026031220,-0.0001
2026031220,-0.0001
2026031221,-0.0001
2026031221,-0.0001
2026031221,-0.0001
2026031221,-0.0001
2026031222,-0.0001
2026031222,-0.0001
2026031222,-0.0001
2026031222,-0.0001
2026031223,-0.0001
2026031223,-0.0001
2026031223,-0.0001
2026031223,-0.0001
2026031300,0.0
2026031300,-0.0001
2026031300,-0.0001
2026031300,-0.0001
2026031301,-0.0001
2026031301,-0.0001
2026031301,-0.0001
2026031301,-0.0001
2026031302,-0.0001
2026031302,-0.0001
2026031302,-0.0001
2026031302,-0.0001
2026031303,-0.0001
2026031303,-0.0001
2026031303,-0.0001
2026031303,-0.0001
2026031304,-0.0001
2026031304,-0.0001
2026031304,-0.0001
2026031304,-0.0001
2026031305,-0.0001
2026031305,-0.0001
2026031305,-0.0001
2026031305,-0.0001
2026031306,0.31
2026031306,-0.0001
2026031306,-0.0001
2026031306,-0.0001
2026031307,5.87
2026031307,2.21
2026031307,5.06
2026031307,9.29
2026031308,7.39
2026031308,2.78
2026031308,0.01
2026031308,0.12
2026031309,0.0
2026031309,-0.0001
2026031309,-0.0001
2026031309,-0.0001
2026031310,8.08
2026031310,20.75
2026031310,22.93
2026031310,29.3
2026031311,37.53
2026031311,2.02
2026031311,0.0
2026031311,-0.0001
2026031312,-0.0001
2026031312,-0.0001
2026031312,-0.0001
2026031312,-0.0001
2026031313,3.72
2026031313,-0.0001
2026031313,-0.0001
2026031313,-0.0001
2026031314,11.54
2026031314,14.5
2026031314,6.86
2026031314,11.6
2026031315,3.8
2026031315,0.0
2026031315,-0.0001
2026031315,-0.0001
2026031316,-0.0001
2026031316,-0.0001
2026031316,-0.0001
2026031316,-0.0001
2026031317,-0.0001
2026031317,-0.0001
2026031317,-0.0001
2026031317,-0.0001
2026031318,-0.0001
2026031318,-0.0001
2026031318,-0.0001
2026031318,-0.0001
2026031319,-0.0001
2026031319,-0.0001
2026031319,-0.0001
2026031319,-0.0001
2026031320,-0.0001
2026031320,-0.0001
2026031320,-0.0001
2026031320,-0.0001
2026031321,-0.0001
2026031321,-0.0001
2026031321,-0.0001
2026031321,-0.0001
2026031322,-0.0001
2026031322,-0.0001
2026031322,-0.0001
2026031322,-0.0001
2026031323,-0.0001
2026031323,-0.0001
2026031323,-0.0001
2026031323,-0.0001
2026031400,0.0
2026031400,-0.0001
2026031400,-0.0001
2026031400,-0.0001
2026031401,-0.0001
2026031401,-0.0001
2026031401,-0.0001
2026031401,-0.0001
2026031402,-0.0001
2026031402,-0.0001
2026031402,-0.0001
2026031402,-0.0001
2026031403,-0.0001
2026031403,-0.0001
2026031403,-0.0001
2026031403,-0.0001
2026031404,-0.0001
2026031404,-0.0001
2026031404,-0.0001
2026031404,-0.0001
2026031405,-0.0001
2026031405,-0.0001
2026031405,-0.0001
2026031405,-0.0001
2026031406,-0.0001
2026031406,-0.0001
2026031406,-0.0001
2026031406,-0.0001
2026031407,1.86
2026031407,11.5
2026031407,20.06
2026031407,-0.0001
2026031408,23.37
2026031408,43.59
2026031408,50.04
2026031408,35.4
2026031409,42.92
2026031409,37.34
2026031409,50.98
2026031409,72.36
2026031410,91.52
2026031410,106.17
2026031410,58.02
2026031410,29.59
2026031411,47.62
2026031411,53.35
2026031411,46.43
2026031411,36.56
2026031412,33.42
2026031412,35.43
2026031412,36.67
2026031412,39.74
2026031413,31.66
2026031413,31.29
2026031413,22.22
2026031413,19.72
2026031414,14.07
2026031414,6.8
2026031414,4.01
2026031414,9.09
2026031415,20.07
2026031415,15.43
2026031415,11.76
2026031415,9.21
2026031416,6.64
2026031416,3.73
2026031416,0.0
2026031416,-0.0001
2026031417,-0.0001
2026031417,-0.0001
2026031417,-0.0001
2026031417,-0.0001
2026031418,-0.0001
2026031418,-0.0001
2026031418,-0.0001
2026031418,-0.0001
2026031419,-0.0001
2026031419,-0.0001
2026031419,-0.0001
2026031419,-0.0001
2026031420,-0.0001
2026031420,-0.0001
2026031420,-0.0001
2026031420,-0.0001
2026031421,-0.0001
2026031421,-0.0001
2026031421,-0.0001
2026031421,-0.0001
2026031422,-0.0001
2026031422,-0.0001
2026031422,-0.0001
2026031422,-0.0001
2026031423,-0.0001
2026031423,-0.0001
2026031423,-0.0001
2026031423,-0.0001
2026031500,0.0
2026031500,-0.0001
2026031500,-0.0001
2026031500,-0.0001
2026031501,-0.0001
2026031501,-0.0001
2026031501,-0.0001
2026031501,-0.0001
2026031502,-0.0001
2026031502,-0.0001
2026031502,-0.0001
2026031502,-0.0001
2026031503,-0.0001
2026031503,-0.0001
2026031503,-0.0001
2026031503,-0.0001
2026031504,-0.0001
2026031504,-0.0001
2026031504,-0.0001
2026031504,-0.0001
2026031505,-0.0001
2026031505,-0.0001
2026031505,-0.0001
2026031505,-0.0001
2026031506,1.22
2026031506,4.9
2026031506,5.14
2026031506,-0.0001
2026031507,5.57
2026031507,11.51
2026031507,27.74
2026031507,52.88
2026031508,87.03
2026031508,100.38
2026031508,100.42
2026031508,85.23
2026031509,51.38
2026031509,42.19
2026031509,78.21
2026031509,78.54
2026031510,132.01
2026031510,118.52
2026031510,75.52
2026031510,90.91
2026031511,102.7
2026031511,134.53
2026031511,144.45
2026031511,102.53
2026031512,79.73
2026031512,108.69
2026031512,41.86
2026031512,45.99
2026031513,30.43
2026031513,43.66
2026031513,78.69
2026031513,104.98
2026031514,83.6
2026031514,86.94
2026031514,63.3
2026031514,36.4
2026031515,38.7
2026031515,40.08
2026031515,30.83
2026031515,13.43
2026031516,2.27
2026031516,0.0
2026031516,-0.0001
2026031516,-0.0001
2026031517,-0.0001
2026031517,-0.0001
2026031517,-0.0001
2026031517,-0.0001
2026031518,-0.0001
2026031518,-0.0001
2026031518,-0.0001
2026031518,-0.0001
2026031519,-0.0001
2026031519,-0.0001
2026031519,-0.0001
2026031519,-0.0001
2026031520,-0.0001
2026031520,-0.0001
2026031520,-0.0001
2026031520,-0.0001
2026031521,-0.0001
2026031521,-0.0001
2026031521,-0.0001
2026031521,-0.0001
2026031522,-0.0001
2026031522,-0.0001
2026031522,-0.0001
2026031522,-0.0001
2026031523,-0.0001
2026031523,-0.0001
2026031523,-0.0001
2026031523,-0.0001
2026031600,0.0
2026031600,-0.0001
2026031600,-0.0001
2026031600,-0.0001
2026031601,-0.0001
2026031601,-0.0001
2026031601,-0.0001
2026031601,-0.0001
2026031602,-0.0001
2026031602,-0.0001
2026031602,-0.0001
2026031602,-0.0001
2026031603,-0.0001
2026031603,-0.0001
2026031603,-0.0001
2026031603,-0.0001
2026031604,-0.0001
2026031604,-0.0001
2026031604,-0.0001
2026031604,-0.0001
2026031605,-0.0001
2026031605,-0.0001
2026031605,-0.0001
2026031605,-0.0001
2026031606,0.01
2026031606,-0.0001
2026031606,-0.0001
2026031606,-0.0001
2026031607,3.38
2026031607,5.3
2026031607,7.27
2026031607,8.68
2026031608,13.33
2026031608,21.82
2026031608,25.49
2026031608,55.12
2026031609,61.27
2026031609,49.4
2026031609,49.8
2026031609,52.3
2026031610,60.36
2026031610,122.04
2026031610,97.12
2026031610,60.51
2026031611,66.4
2026031611,89.86
2026031611,121.31
2026031611,111.03
2026031612,63.15
2026031612,81.59
2026031612,125.72
2026031612,127.0
2026031613,169.37
2026031613,168.21
2026031613,146.58
2026031613,132.8
2026031614,143.25
2026031614,90.56
2026031614,111.79
2026031614,79.04
2026031615,49.56
2026031615,19.19
2026031615,29.55
2026031615,43.74
2026031616,27.47
2026031616,21.7
2026031616,18.61
2026031616,6.81
2026031617,0.65
2026031617,0.0
2026031617,-0.0001
2026031617,-0.0001
2026031618,-0.0001
2026031618,-0.0001
2026031618,-0.0001
2026031618,-0.0001
2026031619,-0.0001
2026031619,-0.0001
2026031619,-0.0001
2026031619,-0.0001
2026031620,-0.0001
2026031620,-0.0001
2026031620,-0.0001
2026031620,-0.0001
2026031621,-0.0001
2026031621,-0.0001
2026031621,-0.0001
2026031621,-0.0001
2026031622,-0.0001
2026031622,-0.0001
2026031622,-0.0001
2026031622,-0.0001
2026031623,-0.0001
2026031623,-0.0001
2026031623,-0.0001
2026031623,-0.0001
2026031700,0.0
2026031700,-0.0001
2026031700,-0.0001
2026031700,-0.0001
2026031701,-0.0001
2026031701,-0.0001
2026031701,-0.0001
2026031701,-0.0001
2026031702,-0.0001
2026031702,-0.0001
2026031702,-0.0001
2026031702,-0.0001
2026031703,-0.0001
2026031703,-0.0001
2026031703,-0.0001
2026031703,-0.0001
2026031704,-0.0001
2026031704,-0.0001
2026031704,-0.0001
2026031704,-0.0001
2026031705,0.81
2026031705,-0.0001
2026031705,-0.0001
2026031705,-0.0001
2026031706,5.65
2026031706,6.26
2026031706,11.87
2026031706,15.82
2026031707,15.24
2026031707,22.59
2026031707,28.14
2026031707,32.73
2026031708,30.39
2026031708,31.36
2026031708,36.62
2026031708,48.19
2026031709,63.91
2026031709,70.86
2026031709,96.33
2026031709,81.54
2026031710,81.94
2026031710,76.56
2026031710,54.38
2026031710,47.41
2026031711,51.46
2026031711,46.71
2026031711,53.4
2026031711,75.77
2026031712,67.7
2026031712,55.74
2026031712,72.47
2026031712,66.25
2026031713,57.08
2026031713,68.0
2026031713,58.45
2026031713,45.82
2026031714,26.76
2026031714,11.01
2026031714,11.61
2026031714,28.86
2026031715,18.81
2026031715,9.31
2026031715,6.44
2026031715,4.16
2026031716,0.0
2026031716,-0.0001
2026031716,-0.0001
2026031716,-0.0001
2026031717,-0.0001
2026031717,-0.0001
2026031717,-0.0001
2026031717,-0.0001
2026031718,-0.0001
2026031718,-0.0001
2026031718,-0.0001
2026031718,-0.0001
2026031719,-0.0001
2026031719,-0.0001
2026031719,-0.0001
2026031719,-0.0001
2026031720,-0.0001
2026031720,-0.0001
2026031720,-0.0001
2026031720,-0.0001
2026031721,-0.0001
2026031721,-0.0001
2026031721,-0.0001
2026031721,-0.0001
2026031722,-0.0001
2026031722,-0.0001
2026031722,-0.0001
2026031722,-0.0001
2026031723,-0.0001
2026031723,-0.0001
2026031723,-0.0001
2026031723,-0.0001
2026031800,0.0
2026031800,-0.0001
2026031800,-0.0001
2026031800,-0.0001
2026031801,-0.0001
2026031801,-0.0001
2026031801,-0.0001
2026031801,-0.0001
2026031802,-0.0001
2026031802,-0.0001
2026031802,-0.0001
2026031802,-0.0001
2026031803,-0.0001
2026031803,-0.0001
2026031803,-0.0001
2026031803,-0.0001
2026031804,-0.0001
2026031804,-0.0001
2026031804,-0.0001
2026031804,-0.0001
2026031805,0.33
2026031805,-0.0001
2026031805,-0.0001
2026031805,-0.0001
2026031806,8.15
2026031806,21.6
2026031806,18.6
2026031806,23.34
2026031807,59.04
2026031807,69.8
2026031807,82.57
2026031807,98.68
2026031808,105.05
2026031808,115.11
2026031808,125.7
2026031808,135.04
2026031809,132.73
2026031809,139.08
2026031809,147.23
2026031809,152.38
2026031810,158.04
2026031810,162.12
2026031810,165.77
2026031810,168.41
2026031811,169.7
2026031811,165.83
2026031811,166.26
2026031811,169.13
2026031812,168.95
2026031812,167.24
2026031812,164.1
2026031812,159.83
2026031813,160.98
2026031813,146.98
2026031813,140.58
2026031813,134.03
2026031814,124.75
2026031814,114.16
2026031814,104.62
2026031814,93.83
2026031815,80.66
2026031815,64.59
2026031815,53.6
2026031815,39.26
2026031816,27.95
2026031816,26.79
2026031816,16.85
2026031816,10.98
2026031817,3.21
2026031817,0.0
2026031817,-0.0001
2026031817,-0.0001
2026031818,-0.0001
2026031818,-0.0001
2026031818,-0.0001
2026031818,-0.0001
2026031819,-0.0001
2026031819,-0.0001
2026031819,-0.0001
2026031819,-0.0001
2026031820,-0.0001
2026031820,-0.0001
2026031820,-0.0001
2026031820,-0.0001
2026031821,-0.0001
2026031821,-0.0001
2026031821,-0.0001
2026031821,-0.0001
2026031822,-0.0001
2026031822,-0.0001
2026031822,-0.0001
2026031822,-0.0001
2026031823,-0.0001
2026031823,-0.0001
2026031823,-0.0001
2026031823,-0.0001
2026031900,0.0
2026031900,-0.0001
2026031900,-0.0001
2026031900,-0.0001
2026031901,-0.0001
2026031901,-0.0001
2026031901,-0.0001
2026031901,-0.0001
2026031902,-0.0001
2026031902,-0.0001
2026031902,-0.0001
2026031902,-0.0001
2026031903,-0.0001
2026031903,-0.0001
2026031903,-0.0001
2026031903,-0.0001
2026031904,-0.0001
2026031904,-0.0001
2026031904,-0.0001
2026031904,-0.0001
2026031905,0.6
2026031905,5.72
2026031905,-0.0001
2026031905,-0.0001
2026031906,13.37
2026031906,23.53
2026031906,33.4
2026031906,43.01
2026031907,56.47
2026031907,69.53
2026031907,83.37
2026031907,95.89
2026031908,108.08
2026031908,120.35
2026031908,129.01
2026031908,138.59
2026031909,149.08
2026031909,159.15
2026031909,118.14
2026031909,110.56
2026031910,140.35
2026031910,182.03
2026031910,109.9
2026031910,122.93
2026031911,176.15
2026031911,171.63
2026031911,189.98
2026031911,146.54
2026031912,192.03
2026031912,183.29
2026031912,128.35
2026031912,121.02
2026031913,116.15
2026031913,118.74
2026031913,120.49
2026031913,50.05
2026031914,29.48
2026031914,31.56
2026031914,24.79
2026031914,5.31
2026031915,8.66
2026031915,11.51
2026031915,16.27
2026031915,12.39
2026031916,10.36
2026031916,2.28
2026031916,5.86
2026031916,11.43
2026031917,3.96
2026031917,0.29
2026031917,0.0
2026031917,-0.0001
2026031918,-0.0001
2026031918,-0.0001
2026031918,-0.0001
2026031918,-0.0001
2026031919,-0.0001
2026031919,-0.0001
2026031919,-0.0001
2026031919,-0.0001
2026031920,-0.0001
2026031920,-0.0001
2026031920,-0.0001
2026031920,-0.0001
2026031921,-0.0001
2026031921,-0.0001
2026031921,-0.0001
2026031921,-0.0001
2026031922,-0.0001
2026031922,-0.0001
2026031922,-0.0001
2026031922,-0.0001
2026031923,-0.0001
2026031923,-0.0001
2026031923,-0.0001
2026031923,-0.0001
2026032000,0.0
2026032000,-0.0001
2026032000,-0.0001
2026032000,-0.0001
2026032001,-0.0001
2026032001,-0.0001
2026032001,-0.0001
2026032001,-0.0001
2026032002,-0.0001
2026032002,-0.0001
2026032002,-0.0001
2026032002,-0.0001
2026032003,-0.0001
2026032003,-0.0001
2026032003,-0.0001
2026032003,-0.0001
2026032004,-0.0001
2026032004,-0.0001
2026032004,-0.0001
2026032004,-0.0001
2026032005,0.96
2026032005,-0.0001
2026032005,-0.0001
2026032005,-0.0001
2026032006,5.6
2026032006,9.96
2026032006,16.38
2026032006,21.65
2026032007,28.95
2026032007,36.11
2026032007,48.66
2026032007,59.73
2026032008,69.99
2026032008,73.83
2026032008,73.47
2026032008,98.41
2026032009,128.14
2026032009,146.04
2026032009,168.76
2026032009,181.86
2026032010,189.57
2026032010,167.48
2026032010,191.0
2026032010,199.86
2026032011,195.39
2026032011,195.3
2026032011,192.31
2026032011,192.81
2026032012,189.77
2026032012,190.75
2026032012,182.56
2026032012,179.11
2026032013,179.86
2026032013,173.56
2026032013,161.77
2026032013,149.29
2026032014,136.65
2026032014,139.8
2026032014,131.28
2026032014,121.04
2026032015,109.82
2026032015,95.8
2026032015,79.39
2026032015,63.83
2026032016,50.89
2026032016,36.8
2026032016,23.5
2026032016,12.54
2026032017,4.68
2026032017,0.08
2026032017,0.0
2026032017,-0.0001
2026032018,-0.0001
2026032018,-0.0001
2026032018,-0.0001
2026032018,-0.0001
2026032019,-0.0001
2026032019,-0.0001
2026032019,-0.0001
2026032019,-0.0001
2026032020,-0.0001
2026032020,-0.0001
2026032020,-0.0001
2026032020,-0.0001
2026032021,-0.0001
2026032021,-0.0001
2026032021,-0.0001
2026032021,-0.0001
2026032022,-0.0001
2026032022,-0.0001
2026032022,-0.0001
2026032022,-0.0001
2026032023,-0.0001
2026032023,-0.0001
2026032023,-0.0001
2026032023,-0.0001
2026032100,0.0
2026032100,-0.0001
2026032100,-0.0001
2026032100,-0.0001
2026032101,-0.0001
2026032101,-0.0001
2026032101,-0.0001
2026032101,-0.0001
2026032102,-0.0001
2026032102,-0.0001
2026032102,-0.0001
2026032102,-0.0001
2026032103,-0.0001
2026032103,-0.0001
2026032103,-0.0001
2026032103,-0.0001
2026032104,-0.0001
2026032104,-0.0001
2026032104,-0.0001
2026032104,-0.0001
2026032105,-0.0001
2026032105,-0.0001
2026032105,-0.0001
2026032105,-0.0001
2026032106,0.91
2026032106,4.13
2026032106,5.38
2026032106,-0.0001
2026032107,8.63
2026032107,10.53
2026032107,13.98
2026032107,15.39
2026032108,16.92
2026032108,19.27
2026032108,23.47
2026032108,27.94
2026032109,27.08
2026032109,25.93
2026032109,32.06
2026032109,34.49
2026032110,39.09
2026032110,43.33
2026032110,51.62
2026032110,48.9
2026032111,49.23
2026032111,51.47
2026032111,50.52
2026032111,50.02
2026032112,40.43
2026032112,36.6
2026032112,39.59
2026032112,48.75
2026032113,46.05
2026032113,36.85
2026032113,34.68
2026032113,31.62
2026032114,27.54
2026032114,22.53
2026032114,18.52
2026032114,18.43
2026032115,21.23
2026032115,16.92
2026032115,11.93
2026032115,9.33
2026032116,6.05
2026032116,4.03
2026032116,0.79
2026032116,0.0
2026032117,-0.0001
2026032117,-0.0001
2026032117,-0.0001
2026032117,-0.0001
2026032118,-0.0001
2026032118,-0.0001
2026032118,-0.0001
2026032118,-0.0001
2026032119,-0.0001
2026032119,-0.0001
2026032119,-0.0001
2026032119,-0.0001
2026032120,-0.0001
2026032120,-0.0001
2026032120,-0.0001
2026032120,-0.0001
2026032121,-0.0001
2026032121,-0.0001
2026032121,-0.0001
2026032121,-0.0001
2026032122,-0.0001
2026032122,-0.0001
2026032122,-0.0001
2026032122,-0.0001
2026032123,-0.0001
2026032123,-0.0001
2026032123,-0.0001
2026032123,-0.0001
2026032200,0.0
2026032200,-0.0001
2026032200,-0.0001
2026032200,-0.0001
2026032201,-0.0001
2026032201,-0.0001
2026032201,-0.0001
2026032201,-0.0001
2026032202,-0.0001
2026032202,-0.0001
2026032202,-0.0001
2026032202,-0.0001
2026032203,-0.0001
2026032203,-0.0001
2026032203,-0.0001
2026032203,-0.0001
2026032204,-0.0001
2026032204,-0.0001
2026032204,-0.0001
2026032204,-0.0001
2026032205,0.95
2026032205,-0.0001
2026032205,-0.0001
2026032205,-0.0001
2026032206,5.21
2026032206,8.59
2026032206,12.94
2026032206,18.91
2026032207,21.7
2026032207,28.58
2026032207,37.37
2026032207,54.12
2026032208,69.64
2026032208,103.3
2026032208,136.07
2026032208,147.83
2026032209,157.2
2026032209,164.9
2026032209,171.1
2026032209,177.55
2026032210,96.07
2026032210,7.62
2026032210,24.89
2026032210,44.48
2026032211,9.58
2026032211,44.97
2026032211,42.48
2026032211,43.09
2026032212,14.88
2026032212,30.03
2026032212,31.78
2026032212,32.74
2026032213,50.37
2026032213,64.68
2026032213,67.32
2026032213,67.31
2026032214,33.65
2026032214,10.17
2026032214,117.26
2026032214,119.71
2026032215,107.66
2026032215,94.45
2026032215,80.59
2026032215,65.46
2026032216,51.27
2026032216,36.32
2026032216,23.25
2026032216,12.75
2026032217,5.57
2026032217,0.46
2026032217,0.0
2026032217,-0.0001
2026032218,-0.0001
2026032218,-0.0001
2026032218,-0.0001
2026032218,-0.0001
2026032219,-0.0001
2026032219,-0.0001
2026032219,-0.0001
2026032219,-0.0001
2026032220,-0.0001
2026032220,-0.0001
2026032220,-0.0001
2026032220,-0.0001
2026032221,-0.0001
2026032221,-0.0001
2026032221,-0.0001
2026032221,-0.0001
2026032222,-0.0001
2026032222,-0.0001
2026032222,-0.0001
2026032222,-0.0001
2026032223,-0.0001
2026032223,-0.0001
2026032223,-0.0001
2026032223,-0.0001
2026032300,0.0
2026032300,-0.0001
2026032300,-0.0001
2026032300,-0.0001
2026032301,-0.0001
2026032301,-0.0001
2026032301,-0.0001
2026032301,-0.0001
2026032302,-0.0001
2026032302,-0.0001
2026032302,-0.0001
2026032302,-0.0001
2026032303,-0.0001
2026032303,-0.0001
2026032303,-0.0001
2026032303,-0.0001
2026032304,-0.0001
2026032304,-0.0001
2026032304,-0.0001
2026032304,-0.0001
2026032305,-0.0001
2026032305,-0.0001
2026032305,-0.0001
2026032305,-0.0001
2026032306,0.05
2026032306,-0.0001
2026032306,-0.0001
2026032306,-0.0001
2026032307,4.78
2026032307,4.65
2026032307,4.17
2026032307,5.75
2026032308,6.01
2026032308,1.02
2026032308,3.51
2026032308,18.69
2026032309,24.08
2026032309,39.59
2026032309,38.12
2026032309,43.28
2026032310,59.18
2026032310,120.93
2026032310,156.23
2026032310,160.9
2026032311,151.77
2026032311,165.27
2026032311,145.62
2026032311,112.9
2026032312,121.21
2026032312,95.27
2026032312,87.9
2026032312,80.64
2026032313,47.66
2026032313,40.62
2026032313,49.62
2026032313,38.14
2026032314,37.45
2026032314,78.19
2026032314,57.32
2026032314,60.78
2026032315,75.86
2026032315,60.71
2026032315,46.13
2026032315,29.0
2026032316,14.66
2026032316,5.62
2026032316,2.13
2026032316,0.84
2026032317,0.0
2026032317,-0.0001
2026032317,-0.0001
2026032317,-0.0001
2026032318,-0.0001
2026032318,-0.0001
2026032318,-0.0001
2026032318,-0.0001
2026032319,-0.0001
2026032319,-0.0001
2026032319,-0.0001
2026032319,-0.0001
2026032320,-0.0001
2026032320,-0.0001
2026032320,-0.0001
2026032320,-0.0001
2026032321,-0.0001
2026032321,-0.0001
2026032321,-0.0001
2026032321,-0.0001
2026032322,-0.0001
2026032322,-0.0001
2026032322,-0.0001
2026032322,-0.0001
2026032323,-0.0001
2026032323,-0.0001
2026032323,-0.0001
2026032323,-0.0001
2026032400,0.0
2026032400,-0.0001
2026032400,-0.0001
2026032400,-0.0001
2026032401,-0.0001
2026032401,-0.0001
2026032401,-0.0001
2026032401,-0.0001
2026032402,-0.0001
2026032402,-0.0001
2026032402,-0.0001
2026032402,-0.0001
2026032403,-0.0001
2026032403,-0.0001
2026032403,-0.0001
2026032403,-0.0001
2026032404,-0.0001
2026032404,-0.0001
2026032404,-0.0001
2026032404,-0.0001
2026032405,0.77
2026032405,-0.0001
2026032405,-0.0001
2026032405,-0.0001
2026032406,0.15
2026032406,2.86
2026032406,8.57
2026032406,20.38
2026032407,21.85
2026032407,24.51
2026032407,28.66
2026032407,22.95
2026032408,15.55
2026032408,14.41
2026032408,4.08
2026032408,5.32
2026032409,19.05
2026032409,15.92
2026032409,7.9
2026032409,27.68
2026032410,42.25
2026032410,34.16
2026032410,10.87
2026032410,7.89
2026032411,0.0
2026032411,2.85
2026032411,1.64
2026032411,2.5
2026032412,0.69
2026032412,1.59
2026032412,0.0
2026032412,-0.0001
2026032413,-0.0001
2026032413,-0.0001
2026032413,-0.0001
2026032413,-0.0001
2026032414,-0.0001
2026032414,-0.0001
2026032414,-0.0001
2026032414,-0.0001
2026032415,-0.0001
2026032415,-0.0001
2026032415,-0.0001
2026032415,-0.0001
2026032416,-0.0001
2026032416,-0.0001
2026032416,-0.0001
2026032416,-0.0001
2026032417,-0.0001
2026032417,-0.0001
2026032417,-0.0001
2026032417,-0.0001
2026032418,-0.0001
2026032418,-0.0001
2026032418,-0.0001
2026032418,-0.0001
2026032419,-0.0001
2026032419,-0.0001
2026032419,-0.0001
2026032419,-0.0001
2026032420,-0.0001
2026032420,-0.0001
2026032420,-0.0001
2026032420,-0.0001
2026032421,-0.0001
2026032421,-0.0001
2026032421,-0.0001
2026032421,-0.0001
2026032422,-0.0001
2026032422,-0.0001
2026032422,-0.0001
2026032422,-0.0001
2026032423,-0.0001
2026032423,-0.0001
2026032423,-0.0001
2026032423,-0.0001
2026032500,0.0
2026032500,-0.0001
2026032500,-0.0001
2026032500,-0.0001
2026032501,-0.0001
2026032501,-0.0001
2026032501,-0.0001
2026032501,-0.0001
2026032502,-0.0001
2026032502,-0.0001
2026032502,-0.0001
2026032502,-0.0001
2026032503,-0.0001
2026032503,-0.0001
2026032503,-0.0001
2026032503,-0.0001
2026032504,-0.0001
2026032504,-0.0001
2026032504,-0.0001
2026032504,-0.0001
2026032505,-0.0001
2026032505,-0.0001
2026032505,-0.0001
2026032505,-0.0001
2026032506,1.3
2026032506,4.96
2026032506,0.21
2026032506,-0.0001
2026032507,0.53
2026032507,20.12
2026032507,13.68
2026032507,3.65
2026032508,0.96
2026032508,18.89
2026032508,9.63
2026032508,3.19
2026032509,14.44
2026032509,16.16
2026032509,11.84
2026032509,38.86
2026032510,96.28
2026032510,53.05
2026032510,97.23
2026032510,85.6
2026032511,62.42
2026032511,42.79
2026032511,58.2
2026032511,78.84
2026032512,72.89
2026032512,60.01
2026032512,70.57
2026032512,60.29
2026032513,62.74
2026032513,79.13
2026032513,74.51
2026032513,72.52
2026032514,7.53
2026032514,84.03
2026032514,59.01
2026032514,27.81
2026032515,9.64
2026032515,92.21
2026032515,35.7
2026032515,34.4
2026032516,54.06
2026032516,21.69
2026032516,16.53
2026032516,12.3
2026032517,3.12
2026032517,0.24
2026032517,0.0
2026032517,-0.0001
2026032518,-0.0001
2026032518,-0.0001
2026032518,-0.0001
2026032518,-0.0001
2026032519,-0.0001
2026032519,-0.0001
2026032519,-0.0001
2026032519,-0.0001
2026032520,-0.0001
2026032520,-0.0001
2026032520,-0.0001
2026032520,-0.0001
2026032521,-0.0001
2026032521,-0.0001
2026032521,-0.0001
2026032521,-0.0001
2026032522,-0.0001
2026032522,-0.0001
2026032522,-0.0001
2026032522,-0.0001
2026032523,-0.0001
2026032523,-0.0001
2026032523,-0.0001
2026032523,-0.0001
2026032600,0.0
2026032600,-0.0001
2026032600,-0.0001
2026032600,-0.0001
2026032601,-0.0001
2026032601,-0.0001
2026032601,-0.0001
2026032601,-0.0001
2026032602,-0.0001
2026032602,-0.0001
2026032602,-0.0001
2026032602,-0.0001
2026032603,-0.0001
2026032603,-0.0001
2026032603,-0.0001
2026032603,-0.0001
2026032604,-0.0001
2026032604,-0.0001
2026032604,-0.0001
2026032604,-0.0001
2026032605,-0.0001
2026032605,-0.0001
2026032605,-0.0001
2026032605,-0.0001
2026032606,-0.0001
2026032606,-0.0001
2026032606,-0.0001
2026032606,-0.0001
2026032607,0.08
2026032607,3.07
2026032607,0.0
2026032607,-0.0001
2026032608,2.88
2026032608,13.92
2026032608,31.75
2026032608,110.16
2026032609,126.25
2026032609,111.88
2026032609,69.22
2026032609,76.1
2026032610,19.38
2026032610,50.05
2026032610,203.32
2026032610,117.9
2026032611,192.66
2026032611,128.29
2026032611,193.93
2026032611,193.97
2026032612,177.45
2026032612,183.1
2026032612,180.11
2026032612,141.88
2026032613,171.14
2026032613,90.86
2026032613,12.74
2026032613,102.85
2026032614,99.33
2026032614,120.16
2026032614,101.69
2026032614,88.37
2026032615,79.37
2026032615,66.39
2026032615,20.08
2026032615,11.64
2026032616,12.04
2026032616,10.22
2026032616,4.62
2026032616,6.76
2026032617,10.58
2026032617,0.0
2026032617,-0.0001
2026032617,-0.0001
2026032618,-0.0001
2026032618,-0.0001
2026032618,-0.0001
2026032618,-0.0001
2026032619,-0.0001
2026032619,-0.0001
2026032619,-0.0001
2026032619,-0.0001
2026032620,-0.0001
2026032620,-0.0001
2026032620,-0.0001
2026032620,-0.0001
2026032621,-0.0001
2026032621,-0.0001
2026032621,-0.0001
2026032621,-0.0001
2026032622,-0.0001
2026032622,-0.0001
2026032622,-0.0001
2026032622,-0.0001
2026032623,-0.0001
2026032623,-0.0001
2026032623,-0.0001
2026032623,-0.0001
2026032700,0.0
2026032700,-0.0001
2026032700,-0.0001
2026032700,-0.0001
2026032701,-0.0001
2026032701,-0.0001
2026032701,-0.0001
2026032701,-0.0001
2026032702,-0.0001
2026032702,-0.0001
2026032702,-0.0001
2026032702,-0.0001
2026032703,-0.0001
2026032703,-0.0001
2026032703,-0.0001
2026032703,-0.0001
2026032704,-0.0001
2026032704,-0.0001
2026032704,-0.0001
2026032704,-0.0001
2026032705,2.49
2026032705,9.56
2026032705,-0.0001
2026032705,-0.0001
2026032706,21.85
2026032706,33.56
2026032706,47.1
2026032706,64.33
2026032707,83.55
2026032707,102.12
2026032707,118.57
2026032707,133.64
2026032708,100.98
2026032708,73.4
2026032708,105.46
2026032708,120.43
2026032709,157.13
2026032709,109.98
2026032709,112.52
2026032709,175.3
2026032710,169.29
2026032710,200.46
2026032710,188.27
2026032710,105.19
2026032711,183.38
2026032711,178.27
2026032711,185.07
2026032711,170.18
2026032712,159.85
2026032712,101.75
2026032712,55.41
2026032712,169.1
2026032713,169.45
2026032713,153.78
2026032713,153.14
2026032713,115.33
2026032714,94.79
2026032714,137.26
2026032714,146.0
2026032714,129.57
2026032715,102.54
2026032715,57.18
2026032715,66.92
2026032715,22.35
2026032716,28.13
2026032716,24.64
2026032716,19.95
2026032716,1.65
2026032717,0.0
2026032717,-0.0001
2026032717,-0.0001
2026032717,-0.0001
2026032718,-0.0001
2026032718,-0.0001
2026032718,-0.0001
2026032718,-0.0001
2026032719,-0.0001
2026032719,-0.0001
2026032719,-0.0001
2026032719,-0.0001
2026032720,-0.0001
2026032720,-0.0001
2026032720,-0.0001
2026032720,-0.0001
2026032721,-0.0001
2026032721,-0.0001
2026032721,-0.0001
2026032721,-0.0001
2026032722,-0.0001
2026032722,-0.0001
2026032722,-0.0001
2026032722,-0.0001
2026032723,-0.0001
2026032723,-0.0001
2026032723,-0.0001
2026032723,-0.0001
2026032800,0.0
2026032800,-0.0001
2026032800,-0.0001
2026032800,-0.0001
2026032801,-0.0001
2026032801,-0.0001
2026032801,-0.0001
2026032801,-0.0001
2026032802,-0.0001
2026032802,-0.0001
2026032802,-0.0001
2026032802,-0.0001
2026032803,-0.0001
2026032803,-0.0001
2026032803,-0.0001
2026032803,-0.0001
2026032804,-0.0001
2026032804,-0.0001
2026032804,-0.0001
2026032804,-0.0001
2026032805,-0.0001
2026032805,-0.0001
2026032805,-0.0001
2026032805,-0.0001
2026032806,0.16
2026032806,-0.0001
2026032806,-0.0001
2026032806,-0.0001
2026032807,30.27
2026032807,51.01
2026032807,79.11
2026032807,83.69
2026032808,107.64
2026032808,113.55
2026032808,142.72
2026032808,88.39
2026032809,88.72
2026032809,78.51
2026032809,23.05
2026032809,1.42
2026032810,0.77
2026032810,64.53
2026032810,38.66
2026032810,60.32
2026032811,95.58
2026032811,127.73
2026032811,142.23
2026032811,101.08
2026032812,59.95
2026032812,69.46
2026032812,133.84
2026032812,110.8
2026032813,99.91
2026032813,80.89
2026032813,85.23
2026032813,73.38
2026032814,46.77
2026032814,47.18
2026032814,57.91
2026032814,57.02
2026032815,51.41
2026032815,28.74
2026032815,31.51
2026032815,28.45
2026032816,51.57
2026032816,20.83
2026032816,20.53
2026032816,17.64
2026032817,8.0
2026032817,0.0
2026032817,-0.0001
2026032817,-0.0001
2026032818,-0.0001
2026032818,-0.0001
2026032818,-0.0001
2026032818,-0.0001
2026032819,-0.0001
2026032819,-0.0001
2026032819,-0.0001
2026032819,-0.0001
2026032820,-0.0001
2026032820,-0.0001
2026032820,-0.0001
2026032820,-0.0001
2026032821,-0.0001
2026032821,-0.0001
2026032821,-0.0001
2026032821,-0.0001
2026032822,-0.0001
2026032822,-0.0001
2026032822,-0.0001
2026032822,-0.0001
2026032823,-0.0001
2026032823,-0.0001
2026032823,-0.0001
2026032823,-0.0001
2026032900,0.0
2026032900,-0.0001
2026032900,-0.0001
2026032900,-0.0001
2026032901,-0.0001
2026032901,-0.0001
2026032901,-0.0001
2026032901,-0.0001
2026032902,-0.0001
2026032902,-0.0001
2026032902,-0.0001
2026032902,-0.0001
2026032903,-0.0001
2026032903,-0.0001
2026032903,-0.0001
2026032903,-0.0001
2026032904,-0.0001
2026032904,-0.0001
2026032904,-0.0001
2026032904,-0.0001
2026032905,-0.0001
2026032905,-0.0001
2026032905,-0.0001
2026032905,-0.0001
2026032906,0.58
2026032906,11.42
2026032906,28.4
2026032906,-0.0001
2026032907,46.54
2026032907,65.3
2026032907,74.82
2026032907,40.46
2026032908,15.33
2026032908,37.06
2026032908,24.24
2026032908,53.72
2026032909,39.4
2026032909,23.83
2026032909,96.06
2026032909,89.89
2026032910,174.0
2026032910,144.43
2026032910,118.94
2026032910,32.06
2026032911,51.16
2026032911,80.03
2026032911,40.97
2026032911,1.78
2026032912,0.0
2026032912,-0.0001
2026032912,-0.0001
2026032912,-0.0001
2026032913,-0.0001
2026032913,-0.0001
2026032913,-0.0001
2026032913,-0.0001
2026032914,30.87
2026032914,-0.0001
2026032914,-0.0001
2026032914,-0.0001
2026032915,31.21
2026032915,18.84
2026032915,12.07
2026032915,5.83
2026032916,4.13
2026032916,3.03
2026032916,0.0
2026032916,-0.0001
2026032917,-0.0001
2026032917,-0.0001
2026032917,-0.0001
2026032917,-0.0001
2026032918,-0.0001
2026032918,-0.0001
2026032918,-0.0001
2026032918,-0.0001
2026032919,-0.0001
2026032919,-0.0001
2026032919,-0.0001
2026032919,-0.0001
2026032920,-0.0001
2026032920,-0.0001
2026032920,-0.0001
2026032920,-0.0001
2026032921,-0.0001
2026032921,-0.0001
2026032921,-0.0001
2026032921,-0.0001
2026032922,-0.0001
2026032922,-0.0001
2026032922,-0.0001
2026032922,-0.0001
2026032923,-0.0001
2026032923,-0.0001
2026032923,-0.0001
2026032923,-0.0001
2026033000,0.0
2026033000,-0.0001
2026033000,-0.0001
2026033000,-0.0001
2026033001,-0.0001
2026033001,-0.0001
2026033001,-0.0001
2026033001,-0.0001
2026033002,-0.0001
2026033002,-0.0001
2026033002,-0.0001
2026033002,-0.0001
2026033003,-0.0001
2026033003,-0.0001
2026033003,-0.0001
2026033003,-0.0001
2026033004,-0.0001
2026033004,-0.0001
2026033004,-0.0001
2026033004,-0.0001
2026033005,-0.0001
2026033005,-0.0001
2026033005,-0.0001
2026033005,-0.0001
2026033006,3.56
2026033006,-0.0001
2026033006,-0.0001
2026033006,-0.0001
2026033007,13.44
2026033007,62.76
2026033007,54.75
2026033007,28.25
2026033008,23.55
2026033008,92.53
2026033008,71.07
2026033008,78.15
2026033009,104.15
2026033009,47.02
2026033009,118.63
2026033009,50.07
2026033010,30.56
2026033010,17.95
2026033010,0.0
2026033010,-0.0001
2026033011,27.49
2026033011,53.43
2026033011,5.82
2026033011,3.39
2026033012,24.53
2026033012,25.61
2026033012,23.7
2026033012,22.26
2026033013,19.94
2026033013,16.64
2026033013,13.19
2026033013,9.28
2026033014,72.55
2026033014,88.92
2026033014,83.12
2026033014,88.03
2026033015,58.68
2026033015,11.27
2026033015,16.1
2026033015,24.16
2026033016,19.92
2026033016,4.77
2026033016,0.0
2026033016,-0.0001
2026033017,-0.0001
2026033017,-0.0001
2026033017,-0.0001
2026033017,-0.0001
2026033018,-0.0001
2026033018,-0.0001
2026033018,-0.0001
2026033018,-0.0001
2026033019,-0.0001
2026033019,-0.0001
2026033019,-0.0001
2026033019,-0.0001
2026033020,-0.0001
2026033020,-0.0001
2026033020,-0.0001
2026033020,-0.0001
2026033021,-0.0001
2026033021,-0.0001
2026033021,-0.0001
2026033021,-0.0001
2026033022,-0.0001
2026033022,-0.0001
2026033022,-0.0001
2026033022,-0.0001
2026033023,-0.0001
2026033023,-0.0001
2026033023,-0.0001
2026033023,-0.0001
2026033100,0.0
2026033100,-0.0001
2026033100,-0.0001
2026033100,-0.0001
2026033101,-0.0001
2026033101,-0.0001
2026033101,-0.0001
2026033101,-0.0001
2026033102,-0.0001
2026033102,-0.0001
2026033102,-0.0001
2026033102,-0.0001
2026033103,-0.0001
2026033103,-0.0001
2026033103,-0.0001
2026033103,-0.0001
2026033104,-0.0001
2026033104,-0.0001
2026033104,-0.0001
2026033104,-0.0001
2026033105,-0.0001
2026033105,-0.0001
2026033105,-0.0001
2026033105,-0.0001
2026033106,0.42
2026033106,6.2
2026033106,5.66
2026033106,5.34
2026033107,6.43
2026033107,3.22
2026033107,25.81
2026033107,29.97
2026033108,14.37
2026033108,19.42
2026033108,1.95
2026033108,0.0
2026033109,21.25
2026033109,55.64
2026033109,-0.0001
2026033109,-0.0001
2026033110,34.41
2026033110,58.86
2026033110,66.6
2026033110,74.4
2026033111,90.08
2026033111,164.29
2026033111,190.39
2026033111,154.54
2026033112,77.06
2026033112,72.43
2026033112,47.12
2026033112,58.23
2026033113,111.99
2026033113,129.77
2026033113,169.44
2026033113,182.76
2026033114,175.84
2026033114,150.07
2026033114,137.35
2026033114,122.98
2026033115,108.37
2026033115,92.01
2026033115,74.37
2026033115,56.57
2026033116,47.87
2026033116,38.87
2026033116,22.99
2026033116,8.82
2026033117,0.06
2026033117,0.0
2026033117,-0.0001
2026033117,-0.0001
2026033118,-0.0001
2026033118,-0.0001
2026033118,-0.0001
2026033118,-0.0001
2026033119,-0.0001
2026033119,-0.0001
2026033119,-0.0001
2026033119,-0.0001
2026033120,-0.0001
2026033120,-0.0001
2026033120,-0.0001
2026033120,-0.0001
2026033121,-0.0001
2026033121,-0.0001
2026033121,-0.0001
2026033121,-0.0001
2026033122,-0.0001
2026033122,-0.0001
2026033122,-0.0001
2026033122,-0.0001
2026033123,-0.0001
2026033123,-0.0001
2026033123,-0.0001
2026033123,-0.0001
2026040100,0.0
2026040100,-0.0001
2026040100,-0.0001
2026040100,-0.0001
2026040101,-0.0001
2026040101,-0.0001
2026040101,-0.0001
2026040101,-0.0001
2026040102,-0.0001
2026040102,-0.0001
2026040102,-0.0001
2026040102,-0.0001
2026040103,-0.0001
2026040103,-0.0001
2026040103,-0.0001
2026040103,-0.0001
2026040104,-0.0001
2026040104,-0.0001
2026040104,-0.0001
2026040104,-0.0001
2026040105,0.2
2026040105,5.11
2026040105,-0.0001
2026040105,-0.0001
2026040106,9.68
2026040106,14.91
2026040106,14.09
2026040106,17.48
2026040107,12.44
2026040107,14.72
2026040107,16.26
2026040107,18.78
2026040108,24.43
2026040108,35.61
2026040108,55.06
2026040108,100.96
2026040109,128.28
2026040109,178.91
2026040109,190.57
2026040109,192.13
2026040110,199.41
2026040110,204.9
2026040110,204.39
2026040110,197.06
2026040111,187.39
2026040111,205.06
2026040111,210.38
2026040111,234.85
2026040112,236.0
2026040112,221.56
2026040112,174.32
2026040112,175.13
2026040113,166.23
2026040113,138.5
2026040113,135.44
2026040113,201.54
2026040114,190.67
2026040114,174.33
2026040114,152.46
2026040114,141.88
2026040115,129.92
2026040115,113.3
2026040115,99.24
2026040115,87.79
2026040116,69.59
2026040116,52.36
2026040116,36.02
2026040116,21.97
2026040117,11.57
2026040117,6.01
2026040117,3.06
2026040117,0.0
2026040118,-0.0001
2026040118,-0.0001
2026040118,-0.0001
2026040118,-0.0001
2026040119,-0.0001
2026040119,-0.0001
2026040119,-0.0001
2026040119,-0.0001
2026040120,-0.0001
2026040120,-0.0001
2026040120,-0.0001
2026040120,-0.0001
2026040121,-0.0001
2026040121,-0.0001
2026040121,-0.0001
2026040121,-0.0001
2026040122,-0.0001
2026040122,-0.0001
2026040122,-0.0001
2026040122,-0.0001
2026040123,-0.0001
2026040123,-0.0001
2026040123,-0.0001
2026040123,-0.0001
2026040200,0.0
2026040200,-0.0001
2026040200,-0.0001
2026040200,-0.0001
2026040201,-0.0001
2026040201,-0.0001
2026040201,-0.0001
2026040201,-0.0001
2026040202,-0.0001
2026040202,-0.0001
2026040202,-0.0001
2026040202,-0.0001
2026040203,-0.0001
2026040203,-0.0001
2026040203,-0.0001
2026040203,-0.0001
2026040204,-0.0001
2026040204,-0.0001
2026040204,-0.0001
2026040204,-0.0001
2026040205,-0.0001
2026040205,-0.0001
2026040205,-0.0001
2026040205,-0.0001
2026040206,2.24
2026040206,4.99
2026040206,-0.0001
2026040206,-0.0001
2026040207,7.31
2026040207,7.93
2026040207,8.19
2026040207,13.62
2026040208,11.82
2026040208,12.65
2026040208,10.12
2026040208,13.2
2026040209,1.71
2026040209,0.14
2026040209,4.24
2026040209,18.11
2026040210,19.0
2026040210,4.46
2026040210,2.07
2026040210,4.47
2026040211,0.63
2026040211,0.0
2026040211,-0.0001
2026040211,-0.0001
2026040212,-0.0001
2026040212,-0.0001
2026040212,-0.0001
2026040212,-0.0001
2026040213,-0.0001
2026040213,-0.0001
2026040213,-0.0001
2026040213,-0.0001
2026040214,3.34
2026040214,9.68
2026040214,47.91
2026040214,-0.0001
2026040215,30.33
2026040215,24.65
2026040215,28.65
2026040215,39.03
2026040216,31.17
2026040216,50.82
2026040216,34.47
2026040216,20.37
2026040217,10.57
2026040217,3.27
2026040217,0.0
2026040217,-0.0001
2026040218,-0.0001
2026040218,-0.0001
2026040218,-0.0001
2026040218,-0.0001
2026040219,-0.0001
2026040219,-0.0001
2026040219,-0.0001
2026040219,-0.0001
2026040220,-0.0001
2026040220,-0.0001
2026040220,-0.0001
2026040220,-0.0001
2026040221,-0.0001
2026040221,-0.0001
2026040221,-0.0001
2026040221,-0.0001
2026040222,-0.0001
2026040222,-0.0001
2026040222,-0.0001
2026040222,-0.0001
2026040223,-0.0001
2026040223,-0.0001
2026040223,-0.0001
2026040223,-0.0001
2026040300,0.0
2026040300,-0.0001
2026040300,-0.0001
2026040300,-0.0001
2026040301,-0.0001
2026040301,-0.0001
2026040301,-0.0001
2026040301,-0.0001
2026040302,-0.0001
2026040302,-0.0001
2026040302,-0.0001
2026040302,-0.0001
2026040303,-0.0001
2026040303,-0.0001
2026040303,-0.0001
2026040303,-0.0001
2026040304,-0.0001
2026040304,-0.0001
2026040304,-0.0001
2026040304,-0.0001
2026040305,4.59
2026040305,8.42
2026040305,-0.0001
2026040305,-0.0001
2026040306,17.0
2026040306,29.14
2026040306,32.01
2026040306,25.26
2026040307,33.51
2026040307,48.6
2026040307,54.45
2026040307,58.57
2026040308,75.18
2026040308,86.13
2026040308,96.03
2026040308,72.49
2026040309,172.16
2026040309,120.5
2026040309,103.92
2026040309,81.9
2026040310,80.53
2026040310,144.95
2026040310,200.69
2026040310,195.08
2026040311,191.98
2026040311,148.06
2026040311,131.67
2026040311,139.77
2026040312,96.87
2026040312,100.22
2026040312,112.73
2026040312,115.31
2026040313,132.39
2026040313,146.19
2026040313,154.23
2026040313,76.47
2026040314,73.53
2026040314,86.73
2026040314,58.63
2026040314,67.02
2026040315,51.19
2026040315,38.21
2026040315,27.8
2026040315,17.27
2026040316,13.68
2026040316,6.27
2026040316,0.68
2026040316,0.01
2026040317,0.72
2026040317,0.0
2026040317,-0.0001
2026040317,-0.0001
2026040318,-0.0001
2026040318,-0.0001
2026040318,-0.0001
2026040318,-0.0001
2026040319,-0.0001
2026040319,-0.0001
2026040319,-0.0001
2026040319,-0.0001
2026040320,-0.0001
2026040320,-0.0001
2026040320,-0.0001
2026040320,-0.0001
2026040321,-0.0001
2026040321,-0.0001
2026040321,-0.0001
2026040321,-0.0001
2026040322,-0.0001
2026040322,-0.0001
2026040322,-0.0001
2026040322,-0.0001
2026040323,-0.0001
2026040323,-0.0001
2026040323,-0.0001
2026040323,-0.0001
2026040400,0.0
2026040400,-0.0001
2026040400,-0.0001
2026040400,-0.0001
2026040401,-0.0001
2026040401,-0.0001
2026040401,-0.0001
2026040401,-0.0001
2026040402,-0.0001
2026040402,-0.0001
2026040402,-0.0001
2026040402,-0.0001
2026040403,-0.0001
2026040403,-0.0001
2026040403,-0.0001
2026040403,-0.0001
2026040404,-0.0001
2026040404,-0.0001
2026040404,-0.0001
2026040404,-0.0001
2026040405,-0.0001
2026040405,-0.0001
2026040405,-0.0001
2026040405,-0.0001
2026040406,0.69
2026040406,1.9
2026040406,0.95
2026040406,16.32
2026040407,14.18
2026040407,29.56
2026040407,40.69
2026040407,49.45
2026040408,64.77
2026040408,82.7
2026040408,20.59
2026040408,0.0
2026040409,-0.0001
2026040409,-0.0001
2026040409,-0.0001
2026040409,-0.0001
2026040410,0.01
2026040410,0.0
2026040410,-0.0001
2026040410,-0.0001
2026040411,-0.0001
2026040411,-0.0001
2026040411,-0.0001
2026040411,-0.0001
2026040412,-0.0001
2026040412,-0.0001
2026040412,-0.0001
2026040412,-0.0001
2026040413,-0.0001
2026040413,-0.0001
2026040413,-0.0001
2026040413,-0.0001
2026040414,109.45
2026040414,92.33
2026040414,61.74
2026040414,-0.0001
2026040415,77.96
2026040415,42.97
2026040415,47.52
2026040415,17.81
2026040416,14.9
2026040416,15.57
2026040416,6.72
2026040416,0.0
2026040417,-0.0001
2026040417,-0.0001
2026040417,-0.0001
2026040417,-0.0001
2026040418,-0.0001
2026040418,-0.0001
2026040418,-0.0001
2026040418,-0.0001
2026040419,-0.0001
2026040419,-0.0001
2026040419,-0.0001
2026040419,-0.0001
2026040420,-0.0001
2026040420,-0.0001
2026040420,-0.0001
2026040420,-0.0001
2026040421,-0.0001
2026040421,-0.0001
2026040421,-0.0001
2026040421,-0.0001
2026040422,-0.0001
2026040422,-0.0001
2026040422,-0.0001
2026040422,-0.0001
2026040423,-0.0001
2026040423,-0.0001
2026040423,-0.0001
2026040423,-0.0001
2026040500,0.0
2026040500,-0.0001
2026040500,-0.0001
2026040500,-0.0001
2026040501,-0.0001
2026040501,-0.0001
2026040501,-0.0001
2026040501,-0.0001
2026040502,-0.0001
2026040502,-0.0001
2026040502,-0.0001
2026040502,-0.0001
2026040503,-0.0001
2026040503,-0.0001
2026040503,-0.0001
2026040503,-0.0001
2026040504,-0.0001
2026040504,-0.0001
2026040504,-0.0001
2026040504,-0.0001
2026040505,-0.0001
2026040505,-0.0001
2026040505,-0.0001
2026040505,-0.0001
2026040506,-0.0001
2026040506,-0.0001
2026040506,-0.0001
2026040506,-0.0001
2026040507,-0.0001
2026040507,-0.0001
2026040507,-0.0001
2026040507,-0.0001
2026040508,-0.0001
2026040508,-0.0001
2026040508,-0.0001
2026040508,-0.0001
2026040509,-0.0001
2026040509,-0.0001
2026040509,-0.0001
2026040509,-0.0001
2026040510,-0.0001
2026040510,-0.0001
2026040510,-0.0001
2026040510,-0.0001
2026040511,-0.0001
2026040511,-0.0001
2026040511,-0.0001
2026040511,-0.0001
2026040512,-0.0001
2026040512,-0.0001
2026040512,-0.0001
2026040512,-0.0001
2026040513,-0.0001
2026040513,-0.0001
2026040513,-0.0001
2026040513,-0.0001
2026040514,-0.0001
2026040514,-0.0001
2026040514,-0.0001
2026040514,-0.0001
2026040515,-0.0001
2026040515,-0.0001
2026040515,-0.0001
2026040515,-0.0001
2026040516,16.38
2026040516,-0.0001
2026040516,-0.0001
2026040516,-0.0001
2026040517,9.2
2026040517,1.41
2026040517,0.0
2026040517,-0.0001
2026040518,-0.0001
2026040518,-0.0001
2026040518,-0.0001
2026040518,-0.0001
2026040519,-0.0001
2026040519,-0.0001
2026040519,-0.0001
2026040519,-0.0001
2026040520,-0.0001
2026040520,-0.0001
2026040520,-0.0001
2026040520,-0.0001
2026040521,-0.0001
2026040521,-0.0001
2026040521,-0.0001
2026040521,-0.0001
2026040522,-0.0001
2026040522,-0.0001
2026040522,-0.0001
2026040522,-0.0001
2026040523,-0.0001
2026040523,-0.0001
2026040523,-0.0001
2026040523,-0.0001
2026040600,0.0
2026040600,-0.0001
2026040600,-0.0001
2026040600,-0.0001
2026040601,-0.0001
2026040601,-0.0001
2026040601,-0.0001
2026040601,-0.0001
2026040602,-0.0001
2026040602,-0.0001
2026040602,-0.0001
2026040602,-0.0001
2026040603,-0.0001
2026040603,-0.0001
2026040603,-0.0001
2026040603,-0.0001
2026040604,-0.0001
2026040604,-0.0001
2026040604,-0.0001
2026040604,-0.0001
2026040605,0.09
2026040605,0.03
2026040605,0.0
2026040605,-0.0001
2026040606,9.68
2026040606,8.07
2026040606,0.0
2026040606,-0.0001
2026040607,-0.0001
2026040607,-0.0001
2026040607,-0.0001
2026040607,-0.0001
2026040608,-0.0001
2026040608,-0.0001
2026040608,-0.0001
2026040608,-0.0001
2026040609,-0.0001
2026040609,-0.0001
2026040609,-0.0001
2026040609,-0.0001
2026040610,-0.0001
2026040610,-0.0001
2026040610,-0.0001
2026040610,-0.0001
2026040611,-0.0001
2026040611,-0.0001
2026040611,-0.0001
2026040611,-0.0001
2026040612,-0.0001
2026040612,-0.0001
2026040612,-0.0001
2026040612,-0.0001
2026040613,14.7
2026040613,15.39
2026040613,15.53
2026040613,15.5
2026040614,1.51
2026040614,0.0
2026040614,-0.0001
2026040614,-0.0001
2026040615,-0.0001
2026040615,-0.0001
2026040615,-0.0001
2026040615,-0.0001
2026040616,46.08
2026040616,38.41
2026040616,24.61
2026040616,-0.0001
2026040617,12.58
2026040617,5.59
2026040617,0.54
2026040617,0.0
2026040618,-0.0001
2026040618,-0.0001
2026040618,-0.0001
2026040618,-0.0001
2026040619,-0.0001
2026040619,-0.0001
2026040619,-0.0001
2026040619,-0.0001
2026040620,-0.0001
2026040620,-0.0001
2026040620,-0.0001
2026040620,-0.0001
2026040621,-0.0001
2026040621,-0.0001
2026040621,-0.0001
2026040621,-0.0001
2026040622,-0.0001
2026040622,-0.0001
2026040622,-0.0001
2026040622,-0.0001
2026040623,-0.0001
2026040623,-0.0001
2026040623,-0.0001
2026040623,-0.0001
2026040700,0.0
2026040700,-0.0001
2026040700,-0.0001
2026040700,-0.0001
2026040701,-0.0001
2026040701,-0.0001
2026040701,-0.0001
2026040701,-0.0001
2026040702,-0.0001
2026040702,-0.0001
2026040702,-0.0001
2026040702,-0.0001
2026040703,-0.0001
2026040703,-0.0001
2026040703,-0.0001
2026040703,-0.0001
2026040704,-0.0001
2026040704,-0.0001
2026040704,-0.0001
2026040704,-0.0001
2026040705,0.02
2026040705,4.33
2026040705,10.72
2026040705,20.98
2026040706,34.68
2026040706,50.98
2026040706,68.46
2026040706,86.5
2026040707,104.44
2026040707,122.1
2026040707,138.01
2026040707,153.22
2026040708,168.08
2026040708,180.98
2026040708,192.37
2026040708,203.36
2026040709,213.54
2026040709,221.93
2026040709,49.33
2026040709,81.79
2026040710,234.5
2026040710,233.53
2026040710,233.24
2026040710,233.14
2026040711,232.98
2026040711,233.0
2026040711,232.94
2026040711,232.92
2026040712,232.84
2026040712,232.96
2026040712,179.57
2026040712,231.35
2026040713,226.49
2026040713,218.33
2026040713,209.45
2026040713,200.36
2026040714,189.85
2026040714,177.27
2026040714,165.33
2026040714,152.36
2026040715,138.11
2026040715,122.22
2026040715,105.36
2026040715,89.22
2026040716,71.2
2026040716,54.52
2026040716,38.32
2026040716,23.83
2026040717,12.04
2026040717,4.04
2026040717,0.0
2026040717,-0.0001
2026040718,-0.0001
2026040718,-0.0001
2026040718,-0.0001
2026040718,-0.0001
2026040719,-0.0001
2026040719,-0.0001
2026040719,-0.0001
2026040719,-0.0001
2026040720,-0.0001
2026040720,-0.0001
2026040720,-0.0001
2026040720,-0.0001
2026040721,-0.0001
2026040721,-0.0001
2026040721,-0.0001
2026040721,-0.0001
2026040722,-0.0001
2026040722,-0.0001
2026040722,-0.0001
2026040722,-0.0001
2026040723,-0.0001
2026040723,-0.0001
2026040723,-0.0001
2026040723,-0.0001
2026040800,0.0
2026040800,-0.0001
2026040800,-0.0001
2026040800,-0.0001
2026040801,-0.0001
2026040801,-0.0001
2026040801,-0.0001
2026040801,-0.0001
2026040802,-0.0001
2026040802,-0.0001
2026040802,-0.0001
2026040802,-0.0001
2026040803,-0.0001
2026040803,-0.0001
2026040803,-0.0001
2026040803,-0.0001
2026040804,-0.0001
2026040804,-0.0001
2026040804,-0.0001
2026040804,-0.0001
2026040805,1.04
2026040805,7.83
2026040805,18.53
2026040805,31.54
2026040806,40.91
2026040806,55.07
2026040806,72.72
2026040806,91.65
2026040807,108.32
2026040807,126.09
2026040807,142.98
2026040807,157.54
2026040808,171.61
2026040808,185.35
2026040808,191.23
2026040808,202.72
2026040809,214.91
2026040809,224.39
2026040809,225.25
2026040809,209.15
2026040810,224.23
2026040810,228.45
2026040810,232.67
2026040810,233.65
2026040811,232.95
2026040811,232.76
2026040811,232.92
2026040811,232.59
2026040812,233.04
2026040812,227.22
2026040812,225.53
2026040812,233.07
2026040813,202.59
2026040813,176.01
2026040813,185.52
2026040813,199.37
2026040814,195.17
2026040814,149.31
2026040814,139.83
2026040814,138.74
2026040815,89.45
2026040815,75.74
2026040815,91.06
2026040815,63.76
2026040816,51.6
2026040816,56.06
2026040816,51.76
2026040816,31.6
2026040817,18.14
2026040817,8.0
2026040817,1.89
2026040817,0.0
2026040818,-0.0001
2026040818,-0.0001
2026040818,-0.0001
2026040818,-0.0001
2026040819,-0.0001
2026040819,-0.0001
2026040819,-0.0001
2026040819,-0.0001
2026040820,-0.0001
2026040820,-0.0001
2026040820,-0.0001
2026040820,-0.0001
2026040821,-0.0001
2026040821,-0.0001
2026040821,-0.0001
2026040821,-0.0001
2026040822,-0.0001
2026040822,-0.0001
2026040822,-0.0001
2026040822,-0.0001
2026040823,-0.0001
2026040823,-0.0001
2026040823,-0.0001
2026040823,-0.0001
2026040900,0.0
2026040900,-0.0001
2026040900,-0.0001
2026040900,-0.0001
2026040901,-0.0001
2026040901,-0.0001
2026040901,-0.0001
2026040901,-0.0001
2026040902,-0.0001
2026040902,-0.0001
2026040902,-0.0001
2026040902,-0.0001
2026040903,-0.0001
2026040903,-0.0001
2026040903,-0.0001
2026040903,-0.0001
2026040904,-0.0001
2026040904,-0.0001
2026040904,-0.0001
2026040904,-0.0001
2026040905,11.1
2026040905,13.82
2026040905,-0.0001
2026040905,-0.0001
2026040906,15.69
2026040906,21.74
2026040906,29.11
2026040906,61.97
2026040907,98.8
2026040907,125.4
2026040907,133.17
2026040907,134.69
2026040908,144.06
2026040908,155.8
2026040908,115.89
2026040908,161.14
2026040909,196.46
2026040909,222.52
2026040909,233.0
2026040909,234.72
2026040910,234.67
2026040910,234.7
2026040910,234.53
2026040910,234.56
2026040911,234.48
2026040911,234.52
2026040911,234.49
2026040911,182.9
2026040912,0.0
2026040912,-0.0001
2026040912,-0.0001
2026040912,-0.0001
2026040913,191.89
2026040913,228.97
2026040913,221.5
2026040913,213.69
2026040914,195.68
2026040914,173.42
2026040914,147.11
2026040914,154.96
2026040915,143.6
2026040915,112.7
2026040915,79.73
2026040915,68.05
2026040916,76.45
2026040916,54.01
2026040916,31.21
2026040916,25.38
2026040917,13.36
2026040917,7.91
2026040917,5.12
2026040917,1.71
2026040918,0.0
2026040918,-0.0001
2026040918,-0.0001
2026040918,-0.0001
2026040919,-0.0001
2026040919,-0.0001
2026040919,-0.0001
2026040919,-0.0001
2026040920,-0.0001
2026040920,-0.0001
2026040920,-0.0001
2026040920,-0.0001
2026040921,-0.0001
2026040921,-0.0001
2026040921,-0.0001
2026040921,-0.0001
2026040922,-0.0001
2026040922,-0.0001
2026040922,-0.0001
2026040922,-0.0001
2026040923,-0.0001
2026040923,-0.0001
2026040923,-0.0001
2026040923,-0.0001
2026041000,0.0
2026041000,-0.0001
2026041000,-0.0001
2026041000,-0.0001
2026041001,-0.0001
2026041001,-0.0001
2026041001,-0.0001
2026041001,-0.0001
2026041002,-0.0001
2026041002,-0.0001
2026041002,-0.0001
2026041002,-0.0001
2026041003,-0.0001
2026041003,-0.0001
2026041003,-0.0001
2026041003,-0.0001
2026041004,-0.0001
2026041004,-0.0001
2026041004,-0.0001
2026041004,-0.0001
2026041005,0.32
2026041005,-0.0001
2026041005,-0.0001
2026041005,-0.0001
2026041006,4.37
2026041006,6.86
2026041006,10.06
2026041006,8.29
2026041007,6.52
2026041007,7.61
2026041007,29.81
2026041007,31.61
2026041008,51.97
2026041008,64.34
2026041008,104.08
2026041008,100.8
2026041009,139.27
2026041009,118.82
2026041009,175.72
2026041009,119.94
2026041010,124.16
2026041010,80.49
2026041010,66.45
2026041010,101.17
2026041011,173.99
2026041011,129.83
2026041011,125.68
2026041011,159.43
2026041012,206.47
2026041012,95.55
2026041012,74.67
2026041012,108.86
2026041013,94.01
2026041013,110.31
2026041013,51.15
2026041013,38.78
2026041014,43.22
2026041014,36.01
2026041014,43.14
2026041014,52.55
2026041015,144.88
2026041015,91.22
2026041015,55.48
2026041015,32.06
2026041016,31.78
2026041016,45.31
2026041016,21.37
2026041016,15.23
2026041017,15.97
2026041017,10.65
2026041017,5.79
2026041017,2.01
2026041018,0.0
2026041018,-0.0001
2026041018,-0.0001
2026041018,-0.0001
2026041019,-0.0001
2026041019,-0.0001
2026041019,-0.0001
2026041019,-0.0001
2026041020,-0.0001
2026041020,-0.0001
2026041020,-0.0001
2026041020,-0.0001
2026041021,-0.0001
2026041021,-0.0001
2026041021,-0.0001
2026041021,-0.0001
2026041022,-0.0001
2026041022,-0.0001
2026041022,-0.0001
2026041022,-0.0001
2026041023,-0.0001
2026041023,-0.0001
2026041023,-0.0001
2026041023,-0.0001
2026041100,0.0
2026041100,-0.0001
2026041100,-0.0001
2026041100,-0.0001
2026041101,-0.0001
2026041101,-0.0001
2026041101,-0.0001
2026041101,-0.0001
2026041102,-0.0001
2026041102,-0.0001
2026041102,-0.0001
2026041102,-0.0001
2026041103,-0.0001
2026041103,-0.0001
2026041103,-0.0001
2026041103,-0.0001
2026041104,2.18
2026041104,-0.0001
2026041104,-0.0001
2026041104,-0.0001
2026041105,5.97
2026041105,12.34
2026041105,22.21
2026041105,31.23
2026041106,38.6
2026041106,54.49
2026041106,72.91
2026041106,91.34
2026041107,106.6
2026041107,115.37
2026041107,116.69
2026041107,125.69
2026041108,145.23
2026041108,157.3
2026041108,161.63
2026041108,167.53
2026041109,178.64
2026041109,99.02
2026041109,10.12
2026041109,0.44
2026041110,0.22
2026041110,0.0
2026041110,-0.0001
2026041110,-0.0001
2026041111,1.33
2026041111,1.4
2026041111,1.18
2026041111,1.25
2026041112,1.19
2026041112,1.73
2026041112,1.51
2026041112,1.68
2026041113,1.6
2026041113,1.42
2026041113,1.57
2026041113,1.71
2026041114,1.59
2026041114,1.68
2026041114,1.58
2026041114,1.78
2026041115,1.74
2026041115,1.6
2026041115,18.52
2026041115,16.24
2026041116,8.58
2026041116,9.43
2026041116,6.43
2026041116,0.0
2026041117,-0.0001
2026041117,-0.0001
2026041117,-0.0001
2026041117,-0.0001
2026041118,-0.0001
2026041118,-0.0001
2026041118,-0.0001
2026041118,-0.0001
2026041119,-0.0001
2026041119,-0.0001
2026041119,-0.0001
2026041119,-0.0001
2026041120,-0.0001
2026041120,-0.0001
2026041120,-0.0001
2026041120,-0.0001
2026041121,-0.0001
2026041121,-0.0001
2026041121,-0.0001
2026041121,-0.0001
2026041122,-0.0001
2026041122,-0.0001
2026041122,-0.0001
2026041122,-0.0001
2026041123,-0.0001
2026041123,-0.0001
2026041123,-0.0001
2026041123,-0.0001
2026041200,0.0
2026041200,-0.0001
2026041200,-0.0001
2026041200,-0.0001
2026041201,-0.0001
2026041201,-0.0001
2026041201,-0.0001
2026041201,-0.0001
2026041202,-0.0001
2026041202,-0.0001
2026041202,-0.0001
2026041202,-0.0001
2026041203,-0.0001
2026041203,-0.0001
2026041203,-0.0001
2026041203,-0.0001
2026041204,-0.0001
2026041204,-0.0001
2026041204,-0.0001
2026041204,-0.0001
2026041205,-0.0001
2026041205,-0.0001
2026041205,-0.0001
2026041205,-0.0001
2026041206,0.56
2026041206,14.6
2026041206,28.5
2026041206,33.39
2026041207,74.72
2026041207,98.7
2026041207,102.02
2026041207,111.32
2026041208,136.3
2026041208,111.59
2026041208,136.3
2026041208,136.92
2026041209,160.27
2026041209,160.83
2026041209,172.02
2026041209,149.59
2026041210,109.44
2026041210,172.9
2026041210,170.39
2026041210,152.1
2026041211,133.68
2026041211,145.32
2026041211,175.2
2026041211,186.79
2026041212,178.31
2026041212,194.13
2026041212,193.93
2026041212,192.47
2026041213,200.27
2026041213,194.28
2026041213,190.5
2026041213,178.75
2026041214,167.83
2026041214,147.23
2026041214,142.78
2026041214,123.84
2026041215,135.7
2026041215,120.26
2026041215,99.45
2026041215,77.53
2026041216,53.03
2026041216,41.57
2026041216,34.22
2026041216,25.68
2026041217,20.76
2026041217,13.96
2026041217,7.15
2026041217,1.09
2026041218,0.0
2026041218,-0.0001
2026041218,-0.0001
2026041218,-0.0001
2026041219,-0.0001
2026041219,-0.0001
2026041219,-0.0001
2026041219,-0.0001
2026041220,-0.0001
2026041220,-0.0001
2026041220,-0.0001
2026041220,-0.0001
2026041221,-0.0001
2026041221,-0.0001
2026041221,-0.0001
2026041221,-0.0001
2026041222,-0.0001
2026041222,-0.0001
2026041222,-0.0001
2026041222,-0.0001
2026041223,-0.0001
2026041223,-0.0001
2026041223,-0.0001
2026041223,-0.0001
2026041300,0.0
2026041300,-0.0001
2026041300,-0.0001
2026041300,-0.0001
2026041301,-0.0001
2026041301,-0.0001
2026041301,-0.0001
2026041301,-0.0001
2026041302,-0.0001
2026041302,-0.0001
2026041302,-0.0001
2026041302,-0.0001
2026041303,-0.0001
2026041303,-0.0001
2026041303,-0.0001
2026041303,-0.0001
2026041304,-0.0001
2026041304,-0.0001
2026041304,-0.0001
2026041304,-0.0001
2026041305,1.48
2026041305,6.73
2026041305,11.96
2026041305,18.42
2026041306,24.18
2026041306,28.72
2026041306,33.34
2026041306,34.61
2026041307,30.15
2026041307,10.48
2026041307,12.36
2026041307,24.19
2026041308,32.4
2026041308,40.48
2026041308,56.28
2026041308,55.14
2026041309,54.21
2026041309,54.22
2026041309,39.22
2026041309,24.05
2026041310,22.51
2026041310,15.98
2026041310,24.15
2026041310,38.43
2026041311,17.77
2026041311,5.33
2026041311,13.63
2026041311,7.86
2026041312,4.38
2026041312,1.56
2026041312,6.51
2026041312,3.1
2026041313,0.0
2026041313,1.13
2026041313,12.42
2026041313,-0.0001
2026041314,2.07
2026041314,0.0
2026041314,-0.0001
2026041314,-0.0001
2026041315,-0.0001
2026041315,-0.0001
2026041315,-0.0001
2026041315,-0.0001
2026041316,-0.0001
2026041316,-0.0001
2026041316,-0.0001
2026041316,-0.0001
2026041317,-0.0001
2026041317,-0.0001
2026041317,-0.0001
2026041317,-0.0001
2026041318,-0.0001
2026041318,-0.0001
2026041318,-0.0001
2026041318,-0.0001
2026041319,-0.0001
2026041319,-0.0001
2026041319,-0.0001
2026041319,-0.0001
2026041320,-0.0001
2026041320,-0.0001
2026041320,-0.0001
2026041320,-0.0001
2026041321,-0.0001
2026041321,-0.0001
2026041321,-0.0001
2026041321,-0.0001
2026041322,-0.0001
2026041322,-0.0001
2026041322,-0.0001
2026041322,-0.0001
2026041323,-0.0001
2026041323,-0.0001
2026041323,-0.0001
2026041323,-0.0001
2026041400,0.0
2026041400,-0.0001
2026041400,-0.0001
2026041400,-0.0001
2026041401,-0.0001
2026041401,-0.0001
2026041401,-0.0001
2026041401,-0.0001
2026041402,-0.0001
2026041402,-0.0001
2026041402,-0.0001
2026041402,-0.0001
2026041403,-0.0001
2026041403,-0.0001
2026041403,-0.0001
2026041403,-0.0001
2026041404,-0.0001
2026041404,-0.0001
2026041404,-0.0001
2026041404,-0.0001
2026041405,-0.0001
2026041405,-0.0001
2026041405,-0.0001
2026041405,-0.0001
2026041406,-0.0001
2026041406,-0.0001
2026041406,-0.0001
2026041406,-0.0001
2026041407,-0.0001
2026041407,-0.0001
2026041407,-0.0001
2026041407,-0.0001
2026041408,2.47
2026041408,-0.0001
2026041408,-0.0001
2026041408,-0.0001
2026041409,24.32
2026041409,74.9
2026041409,135.01
2026041409,148.68
2026041410,100.23
2026041410,91.37
2026041410,81.94
2026041410,136.87
2026041411,162.09
2026041411,159.27
2026041411,133.11
2026041411,86.52
2026041412,143.79
2026041412,136.12
2026041412,149.63
2026041412,95.33
2026041413,170.93
2026041413,141.67
2026041413,131.56
2026041413,96.66
2026041414,50.38
2026041414,53.21
2026041414,105.86
2026041414,126.71
2026041415,94.53
2026041415,0.0
2026041415,40.7
2026041415,61.26
2026041416,73.31
2026041416,61.9
2026041416,45.03
2026041416,29.97
2026041417,18.36
2026041417,9.62
2026041417,4.56
2026041417,0.23
2026041418,0.0
2026041418,-0.0001
2026041418,-0.0001
2026041418,-0.0001
2026041419,-0.0001
2026041419,-0.0001
2026041419,-0.0001
2026041419,-0.0001
2026041420,-0.0001
2026041420,-0.0001
2026041420,-0.0001
2026041420,-0.0001
2026041421,-0.0001
2026041421,-0.0001
2026041421,-0.0001
2026041421,-0.0001
2026041422,-0.0001
2026041422,-0.0001
2026041422,-0.0001
2026041422,-0.0001
2026041423,-0.0001
2026041423,-0.0001
2026041423,-0.0001
2026041423,-0.0001
2026041500,0.0
2026041500,-0.0001
2026041500,-0.0001
2026041500,-0.0001
2026041501,-0.0001
2026041501,-0.0001
2026041501,-0.0001
2026041501,-0.0001
2026041502,-0.0001
2026041502,-0.0001
2026041502,-0.0001
2026041502,-0.0001
2026041503,-0.0001
2026041503,-0.0001
2026041503,-0.0001
2026041503,-0.0001
2026041504,-0.0001
2026041504,-0.0001
2026041504,-0.0001
2026041504,-0.0001
2026041505,3.87
2026041505,8.49
2026041505,14.18
2026041505,15.79
2026041506,20.87
2026041506,25.97
2026041506,32.25
2026041506,40.61
2026041507,61.18
2026041507,46.73
2026041507,25.34
2026041507,25.09
2026041508,35.16
2026041508,34.68
2026041508,24.08
2026041508,17.1
2026041509,13.12
2026041509,20.54
2026041509,25.93
2026041509,44.54
2026041510,37.77
2026041510,19.86
2026041510,38.26
2026041510,37.13
2026041511,21.65
2026041511,50.76
2026041511,55.03
2026041511,59.35
2026041512,81.0
2026041512,71.76
2026041512,57.88
2026041512,96.47
2026041513,92.29
2026041513,146.83
2026041513,138.16
2026041513,103.94
2026041514,153.93
2026041514,105.7
2026041514,56.84
2026041514,16.9
2026041515,8.44
2026041515,10.44
2026041515,1.79
2026041515,0.52
2026041516,14.93
2026041516,14.29
2026041516,13.75
2026041516,9.66
2026041517,5.5
2026041517,1.2
2026041517,0.0
2026041517,-0.0001
2026041518,-0.0001
2026041518,-0.0001
2026041518,-0.0001
2026041518,-0.0001
2026041519,-0.0001
2026041519,-0.0001
2026041519,-0.0001
2026041519,-0.0001
2026041520,-0.0001
2026041520,-0.0001
2026041520,-0.0001
2026041520,-0.0001
2026041521,-0.0001
2026041521,-0.0001
2026041521,-0.0001
2026041521,-0.0001
2026041522,-0.0001
2026041522,-0.0001
2026041522,-0.0001
2026041522,-0.0001
2026041523,-0.0001
2026041523,-0.0001
2026041523,-0.0001
2026041523,-0.0001
2026041600,0.0
2026041600,-0.0001
2026041600,-0.0001
2026041600,-0.0001
2026041601,-0.0001
2026041601,-0.0001
2026041601,-0.0001
2026041601,-0.0001
2026041602,-0.0001
2026041602,-0.0001
2026041602,-0.0001
2026041602,-0.0001
2026041603,-0.0001
2026041603,-0.0001
2026041603,-0.0001
2026041603,-0.0001
2026041604,-0.0001
2026041604,-0.0001
2026041604,-0.0001
2026041604,-0.0001
2026041605,1.62
2026041605,9.37
2026041605,-0.0001
2026041605,-0.0001
2026041606,9.1
2026041606,13.9
2026041606,38.78
2026041606,48.11
2026041607,45.97
2026041607,104.03
2026041607,78.57
2026041607,95.98
2026041608,130.32
2026041608,93.97
2026041608,39.94
2026041608,67.96
2026041609,61.22
2026041609,152.02
2026041609,159.3
2026041609,81.89
2026041610,115.74
2026041610,120.41
2026041610,150.83
2026041610,135.66
2026041611,137.39
2026041611,172.09
2026041611,153.36
2026041611,151.84
2026041612,118.83
2026041612,168.18
2026041612,127.62
2026041612,76.88
2026041613,122.46
2026041613,75.99
2026041613,150.36
2026041613,146.7
2026041614,112.05
2026041614,122.55
2026041614,152.25
2026041614,115.98
2026041615,98.88
2026041615,92.84
2026041615,86.28
2026041615,81.4
2026041616,79.06
2026041616,57.99
2026041616,41.88
2026041616,34.98
2026041617,19.79
2026041617,10.76
2026041617,5.9
2026041617,2.73
2026041618,0.0
2026041618,-0.0001
2026041618,-0.0001
2026041618,-0.0001
2026041619,-0.0001
2026041619,-0.0001
2026041619,-0.0001
2026041619,-0.0001
2026041620,-0.0001
2026041620,-0.0001
2026041620,-0.0001
2026041620,-0.0001
2026041621,-0.0001
2026041621,-0.0001
2026041621,-0.0001
2026041621,-0.0001
2026041622,-0.0001
2026041622,-0.0001
2026041622,-0.0001
2026041622,-0.0001
2026041623,-0.0001
2026041623,-0.0001
2026041623,-0.0001
2026041623,-0.0001
2026041700,0.0
2026041700,-0.0001
2026041700,-0.0001
2026041700,-0.0001
2026041701,-0.0001
2026041701,-0.0001
2026041701,-0.0001
2026041701,-0.0001
2026041702,-0.0001
2026041702,-0.0001
2026041702,-0.0001
2026041702,-0.0001
2026041703,-0.0001
2026041703,-0.0001
2026041703,-0.0001
2026041703,-0.0001
2026041704,-0.0001
2026041704,-0.0001
2026041704,-0.0001
2026041704,-0.0001
2026041705,0.03
2026041705,4.43
2026041705,8.73
2026041705,14.22
2026041706,18.45
2026041706,22.24
2026041706,33.1
2026041706,33.6
2026041707,31.48
2026041707,32.71
2026041707,32.93
2026041707,31.1
2026041708,45.03
2026041708,70.15
2026041708,91.47
2026041708,134.95
2026041709,144.7
2026041709,128.76
2026041709,129.62
2026041709,106.65
2026041710,105.03
2026041710,134.73
2026041710,141.18
2026041710,139.86
2026041711,160.24
2026041711,192.02
2026041711,188.65
2026041711,190.52
2026041712,175.75
2026041712,108.11
2026041712,78.73
2026041712,48.02
2026041713,78.39
2026041713,125.89
2026041713,40.03
2026041713,105.93
2026041714,42.06
2026041714,40.74
2026041714,61.28
2026041714,19.56
2026041715,21.52
2026041715,6.48
2026041715,0.68
2026041715,23.05
2026041716,46.94
2026041716,36.93
2026041716,27.0
2026041716,23.27
2026041717,17.43
2026041717,15.16
2026041717,11.51
2026041717,7.08
2026041718,3.31
2026041718,0.0
2026041718,-0.0001
2026041718,-0.0001
2026041719,-0.0001
2026041719,-0.0001
2026041719,-0.0001
2026041719,-0.0001
2026041720,-0.0001
2026041720,-0.0001
2026041720,-0.0001
2026041720,-0.0001
2026041721,-0.0001
2026041721,-0.0001
2026041721,-0.0001
2026041721,-0.0001
2026041722,-0.0001
2026041722,-0.0001
2026041722,-0.0001
2026041722,-0.0001
2026041723,-0.0001
2026041723,-0.0001
2026041723,-0.0001
2026041723,-0.0001
2026041800,0.0
2026041800,-0.0001
2026041800,-0.0001
2026041800,-0.0001
2026041801,-0.0001
2026041801,-0.0001
2026041801,-0.0001
2026041801,-0.0001
2026041802,-0.0001
2026041802,-0.0001
2026041802,-0.0001
2026041802,-0.0001
2026041803,-0.0001
2026041803,-0.0001
2026041803,-0.0001
2026041803,-0.0001
2026041804,2.42
2026041804,7.3
2026041804,-0.0001
2026041804,-0.0001
2026041805,13.64
2026041805,18.7
2026041805,19.94
2026041805,16.33
2026041806,22.18
2026041806,32.2
2026041806,51.42
2026041806,79.3
2026041807,79.04
2026041807,82.53
2026041807,78.98
2026041807,81.25
2026041808,84.96
2026041808,84.13
2026041808,85.81
2026041808,76.24
2026041809,77.49
2026041809,68.48
2026041809,86.9
2026041809,135.04
2026041810,133.7
2026041810,114.72
2026041810,101.87
2026041810,77.44
2026041811,70.66
2026041811,77.29
2026041811,87.95
2026041811,61.27
2026041812,41.33
2026041812,30.19
2026041812,23.58
2026041812,29.88
2026041813,38.86
2026041813,30.03
2026041813,27.84
2026041813,25.27
2026041814,20.62
2026041814,37.21
2026041814,62.3
2026041814,67.71
2026041815,73.12
2026041815,83.58
2026041815,121.56
2026041815,105.36
2026041816,55.93
2026041816,41.21
2026041816,33.9
2026041816,23.8
2026041817,11.75
2026041817,14.41
2026041817,10.19
2026041817,7.1
2026041818,1.56
2026041818,0.0
2026041818,-0.0001
2026041818,-0.0001
2026041819,-0.0001
2026041819,-0.0001
2026041819,-0.0001
2026041819,-0.0001
2026041820,-0.0001
2026041820,-0.0001
2026041820,-0.0001
2026041820,-0.0001
2026041821,-0.0001
2026041821,-0.0001
2026041821,-0.0001
2026041821,-0.0001
2026041822,-0.0001
2026041822,-0.0001
2026041822,-0.0001
2026041822,-0.0001
2026041823,-0.0001
2026041823,-0.0001
2026041823,-0.0001
2026041823,-0.0001
2026041900,0.0
2026041900,-0.0001
2026041900,-0.0001
2026041900,-0.0001
2026041901,-0.0001
2026041901,-0.0001
2026041901,-0.0001
2026041901,-0.0001
2026041902,-0.0001
2026041902,-0.0001
2026041902,-0.0001
2026041902,-0.0001
2026041903,-0.0001
2026041903,-0.0001
2026041903,-0.0001
2026041903,-0.0001
2026041904,0.02
2026041904,3.45
2026041904,-0.0001
2026041904,-0.0001
2026041905,5.98
2026041905,3.48
2026041905,10.85
2026041905,21.67
2026041906,17.7
2026041906,17.22
2026041906,21.02
2026041906,21.7
2026041907,41.86
2026041907,77.4
2026041907,80.67
2026041907,78.76
2026041908,98.92
2026041908,82.71
2026041908,101.01
2026041908,124.56
2026041909,74.97
2026041909,72.57
2026041909,74.26
2026041909,75.05
2026041910,102.59
2026041910,45.51
2026041910,11.8
2026041910,20.54
2026041911,40.41
2026041911,69.17
2026041911,88.24
2026041911,55.8
2026041912,23.38
2026041912,19.41
2026041912,23.14
2026041912,22.38
2026041913,30.13
2026041913,28.0
2026041913,25.14
2026041913,21.92
2026041914,73.74
2026041914,47.73
2026041914,41.31
2026041914,41.48
2026041915,45.94
2026041915,36.28
2026041915,35.04
2026041915,42.62
2026041916,38.3
2026041916,36.02
2026041916,32.78
2026041916,29.84
2026041917,19.75
2026041917,9.88
2026041917,16.28
2026041917,10.64
2026041918,7.1
2026041918,4.7
2026041918,0.17
2026041918,0.0
2026041919,-0.0001
2026041919,-0.0001
2026041919,-0.0001
2026041919,-0.0001
2026041920,-0.0001
2026041920,-0.0001
2026041920,-0.0001
2026041920,-0.0001
2026041921,-0.0001
2026041921,-0.0001
2026041921,-0.0001
2026041921,-0.0001
2026041922,-0.0001
2026041922,-0.0001
2026041922,-0.0001
2026041922,-0.0001
2026041923,-0.0001
2026041923,-0.0001
2026041923,-0.0001
2026041923,-0.0001
2026042000,0.0
2026042000,-0.0001
2026042000,-0.0001
2026042000,-0.0001
2026042001,-0.0001
2026042001,-0.0001
2026042001,-0.0001
2026042001,-0.0001
2026042002,-0.0001
2026042002,-0.0001
2026042002,-0.0001
2026042002,-0.0001
2026042003,-0.0001
2026042003,-0.0001
2026042003,-0.0001
2026042003,-0.0001
2026042004,-0.0001
2026042004,-0.0001
2026042004,-0.0001
2026042004,-0.0001
2026042005,0.05
2026042005,4.23
2026042005,9.15
2026042005,-0.0001
2026042006,2.98
2026042006,2.75
2026042006,6.34
2026042006,3.67
2026042007,2.92
2026042007,15.28
2026042007,22.13
2026042007,24.64
2026042008,31.33
2026042008,42.48
2026042008,43.74
2026042008,53.17
2026042009,79.9
2026042009,159.11
2026042009,162.34
2026042009,205.56
2026042010,197.94
2026042010,209.16
2026042010,209.14
2026042010,209.11
2026042011,174.13
2026042011,168.73
2026042011,137.27
2026042011,106.28
2026042012,139.69
2026042012,197.33
2026042012,208.24
2026042012,207.97
2026042013,205.11
2026042013,205.41
2026042013,202.27
2026042013,188.62
2026042014,174.95
2026042014,164.09
2026042014,157.24
2026042014,142.39
2026042015,126.86
2026042015,109.78
2026042015,94.54
2026042015,77.98
2026042016,60.34
2026042016,43.4
2026042016,25.88
2026042016,10.29
2026042017,0.13
2026042017,0.0
2026042017,-0.0001
2026042017,-0.0001
2026042018,-0.0001
2026042018,-0.0001
2026042018,-0.0001
2026042018,-0.0001
2026042019,-0.0001
2026042019,-0.0001
2026042019,-0.0001
2026042019,-0.0001
2026042020,-0.0001
2026042020,-0.0001
2026042020,-0.0001
2026042020,-0.0001
2026042021,-0.0001
2026042021,-0.0001
2026042021,-0.0001
2026042021,-0.0001
2026042022,-0.0001
2026042022,-0.0001
2026042022,-0.0001
2026042022,-0.0001
2026042023,-0.0001
2026042023,-0.0001
2026042023,-0.0001
2026042023,-0.0001
2026042100,0.0
2026042100,-0.0001
2026042100,-0.0001
2026042100,-0.0001
2026042101,-0.0001
2026042101,-0.0001
2026042101,-0.0001
2026042101,-0.0001
2026042102,-0.0001
2026042102,-0.0001
2026042102,-0.0001
2026042102,-0.0001
2026042103,-0.0001
2026042103,-0.0001
2026042103,-0.0001
2026042103,-0.0001
2026042104,-0.0001
2026042104,-0.0001
2026042104,-0.0001
2026042104,-0.0001
2026042105,3.45
2026042105,11.82
2026042105,-0.0001
2026042105,-0.0001
2026042106,27.98
2026042106,45.87
2026042106,64.25
2026042106,81.68
2026042107,97.96
2026042107,112.21
2026042107,128.8
2026042107,144.17
2026042108,157.75
2026042108,170.05
2026042108,181.95
2026042108,191.58
2026042109,200.82
2026042109,205.63
2026042109,-0.0001
2026042109,-0.0001
2026042110,205.67
2026042110,205.63
2026042110,205.6
2026042110,205.55
2026042111,205.57
2026042111,205.59
2026042111,205.61
2026042111,205.54
2026042112,205.55
2026042112,205.57
2026042112,205.56
2026042112,205.59
2026042113,205.49
2026042113,205.41
2026042113,199.23
2026042113,189.15
2026042114,178.28
2026042114,166.68
2026042114,154.05
2026042114,140.44
2026042115,126.15
2026042115,110.84
2026042115,94.73
2026042115,78.09
2026042116,60.62
2026042116,43.08
2026042116,25.96
2026042116,9.89
2026042117,0.0
2026042117,-0.0001
2026042117,-0.0001
2026042117,-0.0001
2026042118,-0.0001
2026042118,-0.0001
2026042118,-0.0001
2026042118,-0.0001
2026042119,-0.0001
2026042119,-0.0001
2026042119,-0.0001
2026042119,-0.0001
2026042120,-0.0001
2026042120,-0.0001
2026042120,-0.0001
2026042120,-0.0001
2026042121,-0.0001
2026042121,-0.0001
2026042121,-0.0001
2026042121,-0.0001
2026042122,-0.0001
2026042122,-0.0001
2026042122,-0.0001
2026042122,-0.0001
2026042123,-0.0001
2026042123,-0.0001
2026042123,-0.0001
2026042123,-0.0001
2026042200,0.0
2026042200,-0.0001
2026042200,-0.0001
2026042200,-0.0001
2026042201,-0.0001
2026042201,-0.0001
2026042201,-0.0001
2026042201,-0.0001
2026042202,-0.0001
2026042202,-0.0001
2026042202,-0.0001
2026042202,-0.0001
2026042203,-0.0001
2026042203,-0.0001
2026042203,-0.0001
2026042203,-0.0001
2026042204,-0.0001
2026042204,-0.0001
2026042204,-0.0001
2026042204,-0.0001
2026042205,0.39
2026042205,4.93
2026042205,16.4
2026042205,-0.0001
2026042206,33.6
2026042206,51.99
2026042206,70.21
2026042206,87.76
2026042207,104.11
2026042207,121.15
2026042207,146.04
2026042207,154.33
2026042208,170.33
2026042208,201.82
2026042208,213.19
2026042208,147.57
2026042209,24.71
2026042209,24.52
2026042209,24.7
2026042209,24.84
2026042210,24.79
2026042210,24.68
2026042210,24.7
2026042210,24.77
2026042211,24.67
2026042211,24.65
2026042211,24.68
2026042211,-0.0001
2026042212,24.62
2026042212,24.6
2026042212,-0.0001
2026042212,-0.0001
2026042213,24.61
2026042213,24.51
2026042213,24.43
2026042213,24.51
2026042214,0.59
2026042214,0.0
2026042214,146.7
2026042214,-0.0001
2026042215,157.95
2026042215,142.55
2026042215,126.61
2026042215,109.27
2026042216,91.62
2026042216,73.94
2026042216,56.56
2026042216,40.33
2026042217,25.99
2026042217,15.13
2026042217,8.54
2026042217,5.38
2026042218,1.3
2026042218,0.0
2026042218,-0.0001
2026042218,-0.0001
2026042219,-0.0001
2026042219,-0.0001
2026042219,-0.0001
2026042219,-0.0001
2026042220,-0.0001
2026042220,-0.0001
2026042220,-0.0001
2026042220,-0.0001
2026042221,-0.0001
2026042221,-0.0001
2026042221,-0.0001
2026042221,-0.0001
2026042222,-0.0001
2026042222,-0.0001
2026042222,-0.0001
2026042222,-0.0001
2026042223,-0.0001
2026042223,-0.0001
2026042223,-0.0001
2026042223,-0.0001
2026042300,0.0
2026042300,-0.0001
2026042300,-0.0001
2026042300,-0.0001
2026042301,-0.0001
2026042301,-0.0001
2026042301,-0.0001
2026042301,-0.0001
2026042302,-0.0001
2026042302,-0.0001
2026042302,-0.0001
2026042302,-0.0001
2026042303,-0.0001
2026042303,-0.0001
2026042303,-0.0001
2026042303,-0.0001
2026042304,0.32
2026042304,-0.0001
2026042304,-0.0001
2026042304,-0.0001
2026042305,5.32
2026042305,9.98
2026042305,14.64
2026042305,21.49
2026042306,31.7
2026042306,48.17
2026042306,54.88
2026042306,76.66
2026042307,96.81
2026042307,110.99
2026042307,115.02
2026042307,148.92
2026042308,167.68
2026042308,179.88
2026042308,198.44
2026042308,215.94
2026042309,218.65
2026042309,225.05
2026042309,223.99
2026042309,203.71
2026042310,94.66
2026042310,73.46
2026042310,98.48
2026042310,98.04
2026042311,48.0
2026042311,3.51
2026042311,0.0
2026042311,-0.0001
2026042312,8.13
2026042312,87.4
2026042312,57.66
2026042312,4.17
2026042313,0.0
2026042313,-0.0001
2026042313,-0.0001
2026042313,-0.0001
2026042314,-0.0001
2026042314,-0.0001
2026042314,-0.0001
2026042314,-0.0001
2026042315,83.84
2026042315,80.43
2026042315,-0.0001
2026042315,-0.0001
2026042316,63.07
2026042316,45.53
2026042316,30.07
2026042316,13.98
2026042317,1.95
2026042317,0.0
2026042317,-0.0001
2026042317,-0.0001
2026042318,-0.0001
2026042318,-0.0001
2026042318,-0.0001
2026042318,-0.0001
2026042319,-0.0001
2026042319,-0.0001
2026042319,-0.0001
2026042319,-0.0001
2026042320,-0.0001
2026042320,-0.0001
2026042320,-0.0001
2026042320,-0.0001
2026042321,-0.0001
2026042321,-0.0001
2026042321,-0.0001
2026042321,-0.0001
2026042322,-0.0001
2026042322,-0.0001
2026042322,-0.0001
2026042322,-0.0001
2026042323,-0.0001
2026042323,-0.0001
2026042323,-0.0001
2026042323,-0.0001
2026042400,0.0
2026042400,-0.0001
2026042400,-0.0001
2026042400,-0.0001
2026042401,-0.0001
2026042401,-0.0001
2026042401,-0.0001
2026042401,-0.0001
2026042402,-0.0001
2026042402,-0.0001
2026042402,-0.0001
2026042402,-0.0001
2026042403,-0.0001
2026042403,-0.0001
2026042403,-0.0001
2026042403,-0.0001
2026042404,-0.0001
2026042404,-0.0001
2026042404,-0.0001
2026042404,-0.0001
2026042405,5.48
2026042405,15.2
2026042405,26.22
2026042405,-0.0001
2026042406,38.16
2026042406,40.8
2026042406,56.51
2026042406,63.96
2026042407,73.33
2026042407,102.2
2026042407,132.17
2026042407,154.11
2026042408,167.92
2026042408,179.89
2026042408,190.42
2026042408,200.11
2026042409,209.16
2026042409,211.47
2026042409,214.08
2026042409,220.32
2026042410,216.33
2026042410,209.06
2026042410,209.01
2026042410,208.92
2026042411,74.25
2026042411,0.0
2026042411,-0.0001
2026042411,-0.0001
2026042412,-0.0001
2026042412,-0.0001
2026042412,-0.0001
2026042412,-0.0001
2026042413,-0.0001
2026042413,-0.0001
2026042413,-0.0001
2026042413,-0.0001
2026042414,-0.0001
2026042414,-0.0001
2026042414,-0.0001
2026042414,-0.0001
2026042415,99.91
2026042415,98.2
2026042415,78.93
2026042415,-0.0001
2026042416,62.21
2026042416,42.5
2026042416,28.24
2026042416,13.08
2026042417,1.76
2026042417,0.0
2026042417,-0.0001
2026042417,-0.0001
2026042418,-0.0001
2026042418,-0.0001
2026042418,-0.0001
2026042418,-0.0001
2026042419,-0.0001
2026042419,-0.0001
2026042419,-0.0001
2026042419,-0.0001
2026042420,-0.0001
2026042420,-0.0001
2026042420,-0.0001
2026042420,-0.0001
2026042421,-0.0001
2026042421,-0.0001
2026042421,-0.0001
2026042421,-0.0001
2026042422,-0.0001
2026042422,-0.0001
2026042422,-0.0001
2026042422,-0.0001
2026042423,-0.0001
2026042423,-0.0001
2026042423,-0.0001
2026042423,-0.0001
2026042500,0.0
2026042500,-0.0001
2026042500,-0.0001
2026042500,-0.0001
2026042501,-0.0001
2026042501,-0.0001
2026042501,-0.0001
2026042501,-0.0001
2026042502,-0.0001
2026042502,-0.0001
2026042502,-0.0001
2026042502,-0.0001
2026042503,-0.0001
2026042503,-0.0001
2026042503,-0.0001
2026042503,-0.0001
2026042504,-0.0001
2026042504,-0.0001
2026042504,-0.0001
2026042504,-0.0001
2026042505,0.04
2026042505,14.77
2026042505,-0.0001
2026042505,-0.0001
2026042506,12.43
2026042506,12.83
2026042506,9.06
2026042506,1.15
2026042507,0.0
2026042507,-0.0001
2026042507,-0.0001
2026042507,-0.0001
2026042508,-0.0001
2026042508,-0.0001
2026042508,-0.0001
2026042508,-0.0001
2026042509,-0.0001
2026042509,-0.0001
2026042509,-0.0001
2026042509,-0.0001
2026042510,-0.0001
2026042510,-0.0001
2026042510,-0.0001
2026042510,-0.0001
2026042511,-0.0001
2026042511,-0.0001
2026042511,-0.0001
2026042511,-0.0001
2026042512,-0.0001
2026042512,-0.0001
2026042512,-0.0001
2026042512,-0.0001
2026042513,-0.0001
2026042513,-0.0001
2026042513,-0.0001
2026042513,-0.0001
2026042514,-0.0001
2026042514,-0.0001
2026042514,-0.0001
2026042514,-0.0001
2026042515,-0.0001
2026042515,-0.0001
2026042515,-0.0001
2026042515,-0.0001
2026042516,-0.0001
2026042516,-0.0001
2026042516,-0.0001
2026042516,-0.0001
2026042517,-0.0001
2026042517,-0.0001
2026042517,-0.0001
2026042517,-0.0001
2026042518,-0.0001
2026042518,-0.0001
2026042518,-0.0001
2026042518,-0.0001
2026042519,-0.0001
2026042519,-0.0001
2026042519,-0.0001
2026042519,-0.0001
2026042520,-0.0001
2026042520,-0.0001
2026042520,-0.0001
2026042520,-0.0001
2026042521,-0.0001
2026042521,-0.0001
2026042521,-0.0001
2026042521,-0.0001
2026042522,-0.0001
2026042522,-0.0001
2026042522,-0.0001
2026042522,-0.0001
2026042523,-0.0001
2026042523,-0.0001
2026042523,-0.0001
2026042523,-0.0001
2026042600,0.0
2026042600,-0.0001
2026042600,-0.0001
2026042600,-0.0001
2026042601,-0.0001
2026042601,-0.0001
2026042601,-0.0001
2026042601,-0.0001
2026042602,-0.0001
2026042602,-0.0001
2026042602,-0.0001
2026042602,-0.0001
2026042603,-0.0001
2026042603,-0.0001
2026042603,-0.0001
2026042603,-0.0001
2026042604,-0.0001
2026042604,-0.0001
2026042604,-0.0001
2026042604,-0.0001
2026042605,0.38
2026042605,6.24
2026042605,21.53
2026042605,-0.0001
2026042606,38.49
2026042606,56.36
2026042606,74.92
2026042606,92.33
2026042607,108.87
2026042607,123.95
2026042607,137.86
2026042607,150.24
2026042608,75.47
2026042608,1.73
2026042608,0.0
2026042608,-0.0001
2026042609,-0.0001
2026042609,-0.0001
2026042609,-0.0001
2026042609,-0.0001
2026042610,88.74
2026042610,96.86
2026042610,96.89
2026042610,96.87
2026042611,76.53
2026042611,60.81
2026042611,75.24
2026042611,76.83
2026042612,52.57
2026042612,51.79
2026042612,51.83
2026042612,51.77
2026042613,51.78
2026042613,51.8
2026042613,50.97
2026042613,31.52
2026042614,0.0
2026042614,108.58
2026042614,133.92
2026042614,-0.0001
2026042615,54.11
2026042615,18.04
2026042615,19.03
2026042615,78.31
2026042616,67.11
2026042616,49.98
2026042616,44.82
2026042616,27.07
2026042617,13.97
2026042617,2.65
2026042617,0.0
2026042617,-0.0001
2026042618,-0.0001
2026042618,-0.0001
2026042618,-0.0001
2026042618,-0.0001
2026042619,-0.0001
2026042619,-0.0001
2026042619,-0.0001
2026042619,-0.0001
2026042620,-0.0001
2026042620,-0.0001
2026042620,-0.0001
2026042620,-0.0001
2026042621,-0.0001
2026042621,-0.0001
2026042621,-0.0001
2026042621,-0.0001
2026042622,-0.0001
2026042622,-0.0001
2026042622,-0.0001
2026042622,-0.0001
2026042623,-0.0001
2026042623,-0.0001
2026042623,-0.0001
2026042623,-0.0001
2026042700,0.0
2026042700,-0.0001
2026042700,-0.0001
2026042700,-0.0001
2026042701,-0.0001
2026042701,-0.0001
2026042701,-0.0001
2026042701,-0.0001
2026042702,-0.0001
2026042702,-0.0001
2026042702,-0.0001
2026042702,-0.0001
2026042703,-0.0001
2026042703,-0.0001
2026042703,-0.0001
2026042703,-0.0001
2026042704,-0.0001
2026042704,-0.0001
2026042704,-0.0001
2026042704,-0.0001
2026042705,0.85
2026042705,13.52
2026042705,-0.0001
2026042705,-0.0001
2026042706,22.81
2026042706,26.45
2026042706,34.6
2026042706,53.36
2026042707,64.81
2026042707,112.9
2026042707,125.67
2026042707,145.89
2026042708,159.68
2026042708,175.75
2026042708,181.86
2026042708,194.74
2026042709,202.47
2026042709,198.38
2026042709,136.19
2026042709,174.17
2026042710,208.62
2026042710,194.97
2026042710,200.16
2026042710,200.43
2026042711,111.18
2026042711,95.95
2026042711,94.65
2026042711,92.59
2026042712,39.03
2026042712,15.91
2026042712,11.59
2026042712,7.35
2026042713,164.82
2026042713,208.21
2026042713,189.75
2026042713,110.21
2026042714,56.71
2026042714,51.19
2026042714,45.84
2026042714,44.95
2026042715,70.75
2026042715,120.25
2026042715,101.46
2026042715,82.95
2026042716,65.28
2026042716,47.44
2026042716,30.18
2026042716,12.2
2026042717,0.73
2026042717,0.0
2026042717,-0.0001
2026042717,-0.0001
2026042718,-0.0001
2026042718,-0.0001
2026042718,-0.0001
2026042718,-0.0001
2026042719,-0.0001
2026042719,-0.0001
2026042719,-0.0001
2026042719,-0.0001
2026042720,-0.0001
2026042720,-0.0001
2026042720,-0.0001
2026042720,-0.0001
2026042721,-0.0001
2026042721,-0.0001
2026042721,-0.0001
2026042721,-0.0001
2026042722,-0.0001
2026042722,-0.0001
2026042722,-0.0001
2026042722,-0.0001
2026042723,-0.0001
2026042723,-0.0001
2026042723,-0.0001
2026042723,-0.0001
2026042800,0.0
2026042800,-0.0001
2026042800,-0.0001
2026042800,-0.0001
2026042801,-0.0001
2026042801,-0.0001
2026042801,-0.0001
2026042801,-0.0001
2026042802,-0.0001
2026042802,-0.0001
2026042802,-0.0001
2026042802,-0.0001
2026042803,-0.0001
2026042803,-0.0001
2026042803,-0.0001
2026042803,-0.0001
2026042804,-0.0001
2026042804,-0.0001
2026042804,-0.0001
2026042804,-0.0001
2026042805,3.12
2026042805,19.31
2026042805,29.68
2026042805,-0.0001
2026042806,47.33
2026042806,68.17
2026042806,99.96
2026042806,111.24
2026042807,132.6
2026042807,151.23
2026042807,166.69
2026042807,172.66
2026042808,186.21
2026042808,194.48
2026042808,215.68
2026042808,201.29
2026042809,59.45
2026042809,205.59
2026042809,217.35
2026042809,117.92
2026042810,213.35
2026042810,220.14
2026042810,125.92
2026042810,35.03
2026042811,34.96
2026042811,32.45
2026042811,41.74
2026042811,103.26
2026042812,41.49
2026042812,27.45
2026042812,26.28
2026042812,25.96
2026042813,39.39
2026042813,35.69
2026042813,29.67
2026042813,25.48
2026042814,44.06
2026042814,47.19
2026042814,86.42
2026042814,41.65
2026042815,75.52
2026042815,68.57
2026042815,60.47
2026042815,52.13
2026042816,43.85
2026042816,35.19
2026042816,26.39
2026042816,17.86
2026042817,11.29
2026042817,6.96
2026042817,1.27
2026042817,0.0
2026042818,-0.0001
2026042818,-0.0001
2026042818,-0.0001
2026042818,-0.0001
2026042819,-0.0001
2026042819,-0.0001
2026042819,-0.0001
2026042819,-0.0001
2026042820,-0.0001
2026042820,-0.0001
2026042820,-0.0001
2026042820,-0.0001
2026042821,-0.0001
2026042821,-0.0001
2026042821,-0.0001
2026042821,-0.0001
2026042822,-0.0001
2026042822,-0.0001
2026042822,-0.0001
2026042822,-0.0001
2026042823,-0.0001
2026042823,-0.0001
2026042823,-0.0001
2026042823,-0.0001
2026042900,0.0
2026042900,-0.0001
2026042900,-0.0001
2026042900,-0.0001
2026042901,-0.0001
2026042901,-0.0001
2026042901,-0.0001
2026042901,-0.0001
2026042902,-0.0001
2026042902,-0.0001
2026042902,-0.0001
2026042902,-0.0001
2026042903,-0.0001
2026042903,-0.0001
2026042903,-0.0001
2026042903,-0.0001
2026042904,-0.0001
2026042904,-0.0001
2026042904,-0.0001
2026042904,-0.0001
2026042905,3.74
2026042905,7.64
2026042905,11.18
2026042905,20.68
2026042906,29.73
2026042906,38.85
2026042906,47.0
2026042906,47.73
2026042907,50.13
2026042907,56.8
2026042907,63.22
2026042907,65.41
2026042908,65.07
2026042908,75.46
2026042908,80.54
2026042908,86.74
2026042909,93.79
2026042909,93.44
2026042909,96.41
2026042909,98.24
2026042910,99.33
2026042910,99.81
2026042910,100.12
2026042910,100.74
2026042911,101.07
2026042911,100.93
2026042911,100.58
2026042911,100.17
2026042912,99.7
2026042912,99.0
2026042912,97.97
2026042912,99.61
2026042913,108.09
2026042913,206.38
2026042913,134.04
2026042913,82.16
2026042914,77.03
2026042914,71.42
2026042914,65.56
2026042914,66.06
2026042915,85.43
2026042915,91.31
2026042915,83.8
2026042915,75.71
2026042916,66.87
2026042916,53.01
2026042916,36.43
2026042916,20.66
2026042917,6.62
2026042917,0.0
2026042917,-0.0001
2026042917,-0.0001
2026042918,-0.0001
2026042918,-0.0001
2026042918,-0.0001
2026042918,-0.0001
2026042919,-0.0001
2026042919,-0.0001
2026042919,-0.0001
2026042919,-0.0001
2026042920,-0.0001
2026042920,-0.0001
2026042920,-0.0001
2026042920,-0.0001
2026042921,-0.0001
2026042921,-0.0001
2026042921,-0.0001
2026042921,-0.0001
2026042922,-0.0001
2026042922,-0.0001
2026042922,-0.0001
2026042922,-0.0001
2026042923,-0.0001
2026042923,-0.0001
2026042923,-0.0001
2026042923,-0.0001
2026043000,0.0
2026043000,-0.0001
2026043000,-0.0001
2026043000,-0.0001
2026043001,-0.0001
2026043001,-0.0001
2026043001,-0.0001
2026043001,-0.0001
2026043002,-0.0001
2026043002,-0.0001
2026043002,-0.0001
2026043002,-0.0001
2026043003,-0.0001
2026043003,-0.0001
2026043003,-0.0001
2026043003,-0.0001
2026043004,-0.0001
2026043004,-0.0001
2026043004,-0.0001
2026043004,-0.0001
2026043005,5.22
2026043005,17.59
2026043005,32.37
2026043005,-0.0001
2026043006,48.87
2026043006,64.99
2026043006,72.75
2026043006,81.46
2026043007,89.02
2026043007,96.69
2026043007,99.99
2026043007,109.51
2026043008,112.87
2026043008,107.52
2026043008,107.11
2026043008,120.2
2026043009,121.72
2026043009,125.76
2026043009,128.54
2026043009,130.04
2026043010,43.8
2026043010,42.42
2026043010,132.1
2026043010,134.48
2026043011,131.22
2026043011,125.47
2026043011,123.11
2026043011,124.49
2026043012,123.09
2026043012,50.91
2026043012,33.92
2026043012,117.32
2026043013,117.82
2026043013,123.7
2026043013,125.01
2026043013,110.09
2026043014,115.03
2026043014,106.59
2026043014,101.44
2026043014,95.11
2026043015,74.22
2026043015,78.9
2026043015,67.52
2026043015,74.29
2026043016,73.02
2026043016,61.0
2026043016,42.75
2026043016,27.21
2026043017,13.3
2026043017,2.11
2026043017,0.0
2026043017,-0.0001
2026043018,-0.0001
2026043018,-0.0001
2026043018,-0.0001
2026043018,-0.0001
2026043019,-0.0001
2026043019,-0.0001
2026043019,-0.0001
2026043019,-0.0001
2026043020,-0.0001
2026043020,-0.0001
2026043020,-0.0001
2026043020,-0.0001
2026043021,-0.0001
2026043021,-0.0001
2026043021,-0.0001
2026043021,-0.0001
2026043022,-0.0001
2026043022,-0.0001
2026043022,-0.0001
2026043022,-0.0001
2026043023,-0.0001
2026043023,-0.0001
2026043023,-0.0001
2026043023,-0.0001
2026050100,0.0
2026050100,-0.0001
2026050100,-0.0001
2026050100,-0.0001
2026050101,-0.0001
2026050101,-0.0001
2026050101,-0.0001
2026050101,-0.0001
2026050102,-0.0001
2026050102,-0.0001
2026050102,-0.0001
2026050102,-0.0001
2026050103,-0.0001
2026050103,-0.0001
2026050103,-0.0001
2026050103,-0.0001
2026050104,-0.0001
2026050104,-0.0001
2026050104,-0.0001
2026050104,-0.0001
2026050105,2.83
2026050105,15.14
2026050105,26.89
2026050105,-0.0001
2026050106,37.56
2026050106,53.13
2026050106,63.46
2026050106,71.52
2026050107,78.94
2026050107,86.19
2026050107,93.09
2026050107,99.49
2026050108,35.66
2026050108,0.0
2026050108,-0.0001
2026050108,-0.0001
2026050109,5.78
2026050109,6.15
2026050109,6.25
2026050109,6.21
2026050110,6.12
2026050110,6.15
2026050110,9.61
2026050110,-0.0001
2026050111,8.89
2026050111,6.73
2026050111,1.26
2026050111,1.77
2026050112,0.35
2026050112,0.0
2026050112,-0.0001
2026050112,-0.0001
2026050113,-0.0001
2026050113,-0.0001
2026050113,-0.0001
2026050113,-0.0001
2026050114,2.8
2026050114,0.13
2026050114,0.0
2026050114,-0.0001
2026050115,52.87
2026050115,-0.0001
2026050115,-0.0001
2026050115,-0.0001
2026050116,77.76
2026050116,72.25
2026050116,56.34
2026050116,41.31
2026050117,27.74
2026050117,16.58
2026050117,9.13
2026050117,4.87
2026050118,0.82
2026050118,0.0
2026050118,-0.0001
2026050118,-0.0001
2026050119,-0.0001
2026050119,-0.0001
2026050119,-0.0001
2026050119,-0.0001
2026050120,-0.0001
2026050120,-0.0001
2026050120,-0.0001
2026050120,-0.0001
2026050121,-0.0001
2026050121,-0.0001
2026050121,-0.0001
2026050121,-0.0001
2026050122,-0.0001
2026050122,-0.0001
2026050122,-0.0001
2026050122,-0.0001
2026050123,-0.0001
2026050123,-0.0001
2026050123,-0.0001
2026050123,-0.0001
2026050200,0.0
2026050200,-0.0001
2026050200,-0.0001
2026050200,-0.0001
2026050201,-0.0001
2026050201,-0.0001
2026050201,-0.0001
2026050201,-0.0001
2026050202,-0.0001
2026050202,-0.0001
2026050202,-0.0001
2026050202,-0.0001
2026050203,-0.0001
2026050203,-0.0001
2026050203,-0.0001
2026050203,-0.0001
2026050204,2.83
2026050204,6.46
2026050204,-0.0001
2026050204,-0.0001
2026050205,12.39
2026050205,21.49
2026050205,34.13
2026050205,46.4
2026050206,58.56
2026050206,65.2
2026050206,69.52
2026050206,64.6
2026050207,69.32
2026050207,19.13
2026050207,0.0
2026050207,-0.0001
2026050208,4.25
2026050208,5.76
2026050208,8.48
2026050208,10.99
2026050209,12.03
2026050209,20.77
2026050209,21.03
2026050209,13.7
2026050210,10.95
2026050210,8.25
2026050210,5.64
2026050210,4.4
2026050211,0.0
2026050211,-0.0001
2026050211,-0.0001
2026050211,-0.0001
2026050212,-0.0001
2026050212,-0.0001
2026050212,-0.0001
2026050212,-0.0001
2026050213,-0.0001
2026050213,-0.0001
2026050213,-0.0001
2026050213,-0.0001
2026050214,-0.0001
2026050214,-0.0001
2026050214,-0.0001
2026050214,-0.0001
2026050215,39.24
2026050215,31.23
2026050215,0.13
2026050215,-0.0001
2026050216,24.71
2026050216,8.9
2026050216,11.29
2026050216,21.41
2026050217,21.85
2026050217,20.73
2026050217,13.67
2026050217,14.2
2026050218,16.52
2026050218,9.87
2026050218,2.04
2026050218,0.0
2026050219,-0.0001
2026050219,-0.0001
2026050219,-0.0001
2026050219,-0.0001
2026050220,-0.0001
2026050220,-0.0001
2026050220,-0.0001
2026050220,-0.0001
2026050221,-0.0001
2026050221,-0.0001
2026050221,-0.0001
2026050221,-0.0001
2026050222,-0.0001
2026050222,-0.0001
2026050222,-0.0001
2026050222,-0.0001
2026050223,-0.0001
2026050223,-0.0001
2026050223,-0.0001
2026050223,-0.0001
2026050300,0.0
2026050300,-0.0001
2026050300,-0.0001
2026050300,-0.0001
2026050301,-0.0001
2026050301,-0.0001
2026050301,-0.0001
2026050301,-0.0001
2026050302,-0.0001
2026050302,-0.0001
2026050302,-0.0001
2026050302,-0.0001
2026050303,-0.0001
2026050303,-0.0001
2026050303,-0.0001
2026050303,-0.0001
2026050304,-0.0001
2026050304,-0.0001
2026050304,-0.0001
2026050304,-0.0001
2026050305,3.24
2026050305,-0.0001
2026050305,-0.0001
2026050305,-0.0001
2026050306,3.7
2026050306,0.0
2026050306,0.32
2026050306,-0.0001
2026050307,0.0
2026050307,2.6
2026050307,-0.0001
2026050307,-0.0001
2026050308,0.0
2026050308,4.91
2026050308,25.51
2026050308,42.55
2026050309,73.12
2026050309,79.37
2026050309,99.71
2026050309,90.92
2026050310,92.7
2026050310,101.83
2026050310,64.83
2026050310,5.23
2026050311,9.48
2026050311,33.42
2026050311,62.47
2026050311,86.2
2026050312,94.61
2026050312,35.54
2026050312,36.18
2026050312,41.57
2026050313,55.83
2026050313,55.24
2026050313,31.25
2026050313,21.92
2026050314,21.03
2026050314,41.76
2026050314,52.52
2026050314,47.89
2026050315,38.19
2026050315,12.83
2026050315,0.0
2026050315,-0.0001
2026050316,13.71
2026050316,12.81
2026050316,10.39
2026050316,5.34
2026050317,0.24
2026050317,0.0
2026050317,-0.0001
2026050317,-0.0001
2026050318,-0.0001
2026050318,-0.0001
2026050318,-0.0001
2026050318,-0.0001
2026050319,-0.0001
2026050319,-0.0001
2026050319,-0.0001
2026050319,-0.0001
2026050320,-0.0001
2026050320,-0.0001
2026050320,-0.0001
2026050320,-0.0001
2026050321,-0.0001
2026050321,-0.0001
2026050321,-0.0001
2026050321,-0.0001
2026050322,-0.0001
2026050322,-0.0001
2026050322,-0.0001
2026050322,-0.0001
2026050323,-0.0001
2026050323,-0.0001
2026050323,-0.0001
2026050323,-0.0001
2026050400,0.0
2026050400,-0.0001
2026050400,-0.0001
2026050400,-0.0001
2026050401,-0.0001
2026050401,-0.0001
2026050401,-0.0001
2026050401,-0.0001
2026050402,-0.0001
2026050402,-0.0001
2026050402,-0.0001
2026050402,-0.0001
2026050403,-0.0001
2026050403,-0.0001
2026050403,-0.0001
2026050403,-0.0001
2026050404,2.6
2026050404,1.94
2026050404,7.7
2026050404,-0.0001
2026050405,12.61
2026050405,23.02
2026050405,36.33
2026050405,51.32
2026050406,68.64
2026050406,83.66
2026050406,89.95
2026050406,98.7
2026050407,98.27
2026050407,71.25
2026050407,69.94
2026050407,56.59
2026050408,62.57
2026050408,82.15
2026050408,97.68
2026050408,111.85
2026050409,127.28
2026050409,129.04
2026050409,131.48
2026050409,127.16
2026050410,125.44
2026050410,135.25
2026050410,135.75
2026050410,136.19
2026050411,136.5
2026050411,136.65
2026050411,137.74
2026050411,145.19
2026050412,144.43
2026050412,144.86
2026050412,148.92
2026050412,146.84
2026050413,102.6
2026050413,100.14
2026050413,124.92
2026050413,110.45
2026050414,104.23
2026050414,97.87
2026050414,90.66
2026050414,83.43
2026050415,75.11
2026050415,66.07
2026050415,61.51
2026050415,64.65
2026050416,68.57
2026050416,57.43
2026050416,44.92
2026050416,33.25
2026050417,22.58
2026050417,13.79
2026050417,7.53
2026050417,4.03
2026050418,0.63
2026050418,0.0
2026050418,-0.0001
2026050418,-0.0001
2026050419,-0.0001
2026050419,-0.0001
2026050419,-0.0001
2026050419,-0.0001
2026050420,-0.0001
2026050420,-0.0001
2026050420,-0.0001
2026050420,-0.0001
2026050421,-0.0001
2026050421,-0.0001
2026050421,-0.0001
2026050421,-0.0001
2026050422,-0.0001
2026050422,-0.0001
2026050422,-0.0001
2026050422,-0.0001
2026050423,-0.0001
2026050423,-0.0001
2026050423,-0.0001
2026050423,-0.0001
2026050500,0.0
2026050500,-0.0001
2026050500,-0.0001
2026050500,-0.0001
2026050501,-0.0001
2026050501,-0.0001
2026050501,-0.0001
2026050501,-0.0001
2026050502,-0.0001
2026050502,-0.0001
2026050502,-0.0001
2026050502,-0.0001
2026050503,-0.0001
2026050503,-0.0001
2026050503,-0.0001
2026050503,-0.0001
2026050504,0.82
2026050504,5.01
2026050504,-0.0001
2026050504,-0.0001
2026050505,10.14
2026050505,17.61
2026050505,27.18
2026050505,38.67
2026050506,50.99
2026050506,63.78
2026050506,74.89
2026050506,84.27
2026050507,82.79
2026050507,80.46
2026050507,76.03
2026050507,72.6
2026050508,58.82
2026050508,59.27
2026050508,68.85
2026050508,61.69
2026050509,85.73
2026050509,99.93
2026050509,99.92
2026050509,73.23
2026050510,62.44
2026050510,42.03
2026050510,54.22
2026050510,68.51
2026050511,117.78
2026050511,122.49
2026050511,100.1
2026050511,94.4
2026050512,102.52
2026050512,120.33
2026050512,67.02
2026050512,89.2
2026050513,94.07
2026050513,98.3
2026050513,31.37
2026050513,17.09
2026050514,104.31
2026050514,45.67
2026050514,9.55
2026050514,38.63
2026050515,53.98
2026050515,8.35
2026050515,0.0
2026050515,13.18
2026050516,41.22
2026050516,17.9
2026050516,11.85
2026050516,12.28
2026050517,12.82
2026050517,9.43
2026050517,6.6
2026050517,4.29
2026050518,1.32
2026050518,0.0
2026050518,-0.0001
2026050518,-0.0001
2026050519,-0.0001
2026050519,-0.0001
2026050519,-0.0001
2026050519,-0.0001
2026050520,-0.0001
2026050520,-0.0001
2026050520,-0.0001
2026050520,-0.0001
2026050521,-0.0001
2026050521,-0.0001
2026050521,-0.0001
2026050521,-0.0001
2026050522,-0.0001
2026050522,-0.0001
2026050522,-0.0001
2026050522,-0.0001
2026050523,-0.0001
2026050523,-0.0001
2026050523,-0.0001
2026050523,-0.0001
2026050600,0.0
2026050600,-0.0001
2026050600,-0.0001
2026050600,-0.0001
2026050601,-0.0001
2026050601,-0.0001
2026050601,-0.0001
2026050601,-0.0001
2026050602,-0.0001
2026050602,-0.0001
2026050602,-0.0001
2026050602,-0.0001
2026050603,-0.0001
2026050603,-0.0001
2026050603,-0.0001
2026050603,-0.0001
2026050604,-0.0001
2026050604,-0.0001
2026050604,-0.0001
2026050604,-0.0001
2026050605,3.54
2026050605,12.0
2026050605,23.58
2026050605,30.57
2026050606,38.5
2026050606,42.62
2026050606,63.25
2026050606,78.21
2026050607,90.11
2026050607,101.84
2026050607,123.98
2026050607,141.03
2026050608,146.08
2026050608,138.97
2026050608,152.44
2026050608,150.37
2026050609,153.97
2026050609,152.43
2026050609,144.54
2026050609,139.2
2026050610,136.45
2026050610,127.96
2026050610,150.83
2026050610,148.83
2026050611,143.6
2026050611,138.21
2026050611,152.9
2026050611,163.17
2026050612,154.57
2026050612,144.66
2026050612,148.6
2026050612,134.03
2026050613,152.56
2026050613,156.19
2026050613,138.81
2026050613,125.96
2026050614,129.72
2026050614,129.92
2026050614,101.4
2026050614,130.15
2026050615,113.2
2026050615,81.43
2026050615,79.99
2026050615,90.56
2026050616,73.35
2026050616,57.9
2026050616,43.55
2026050616,19.16
2026050617,15.14
2026050617,11.84
2026050617,13.24
2026050617,9.46
2026050618,3.16
2026050618,0.0
2026050618,-0.0001
2026050618,-0.0001
2026050619,-0.0001
2026050619,-0.0001
2026050619,-0.0001
2026050619,-0.0001
2026050620,-0.0001
2026050620,-0.0001
2026050620,-0.0001
2026050620,-0.0001
2026050621,-0.0001
2026050621,-0.0001
2026050621,-0.0001
2026050621,-0.0001
2026050622,-0.0001
2026050622,-0.0001
2026050622,-0.0001
2026050622,-0.0001
2026050623,-0.0001
2026050623,-0.0001
2026050623,-0.0001
2026050623,-0.0001
2026050700,0.0
2026050700,-0.0001
2026050700,-0.0001
2026050700,-0.0001
2026050701,-0.0001
2026050701,-0.0001
2026050701,-0.0001
2026050701,-0.0001
2026050702,-0.0001
2026050702,-0.0001
2026050702,-0.0001
2026050702,-0.0001
2026050703,-0.0001
2026050703,-0.0001
2026050703,-0.0001
2026050703,-0.0001
2026050704,0.31
2026050704,5.69
2026050704,9.25
2026050704,12.66
2026050705,19.87
2026050705,30.05
2026050705,41.33
2026050705,56.53
2026050706,73.16
2026050706,87.79
2026050706,97.21
2026050706,105.62
2026050707,113.47
2026050707,120.97
2026050707,127.36
2026050707,130.54
2026050708,124.49
2026050708,124.05
2026050708,119.05
2026050708,116.22
2026050709,120.36
2026050709,123.87
2026050709,125.66
2026050709,127.83
2026050710,129.15
2026050710,130.1
2026050710,130.51
2026050710,131.11
2026050711,131.35
2026050711,131.18
2026050711,131.47
2026050711,131.2
2026050712,130.72
2026050712,129.74
2026050712,122.54
2026050712,127.81
2026050713,126.63
2026050713,124.92
2026050713,119.43
2026050713,114.9
2026050714,108.51
2026050714,105.33
2026050714,99.97
2026050714,94.51
2026050715,121.64
2026050715,117.52
2026050715,109.71
2026050715,101.45
2026050716,92.78
2026050716,80.91
2026050716,64.4
2026050716,46.29
2026050717,32.95
2026050717,20.62
2026050717,11.8
2026050717,6.3
2026050718,3.78
2026050718,0.24
2026050718,0.0
2026050718,-0.0001
2026050719,-0.0001
2026050719,-0.0001
2026050719,-0.0001
2026050719,-0.0001
2026050720,-0.0001
2026050720,-0.0001
2026050720,-0.0001
2026050720,-0.0001
2026050721,-0.0001
2026050721,-0.0001
2026050721,-0.0001
2026050721,-0.0001
2026050722,-0.0001
2026050722,-0.0001
2026050722,-0.0001
2026050722,-0.0001
2026050723,-0.0001
2026050723,-0.0001
2026050723,-0.0001
2026050723,-0.0001
2026050800,0.0
2026050800,-0.0001
2026050800,-0.0001
2026050800,-0.0001
2026050801,-0.0001
2026050801,-0.0001
2026050801,-0.0001
2026050801,-0.0001
2026050802,-0.0001
2026050802,-0.0001
2026050802,-0.0001
2026050802,-0.0001
2026050803,-0.0001
2026050803,-0.0001
2026050803,-0.0001
2026050803,-0.0001
2026050804,-0.0001
2026050804,-0.0001
2026050804,-0.0001
2026050804,-0.0001
2026050805,1.06
2026050805,3.08
2026050805,16.4
2026050805,-0.0001
2026050806,33.01
2026050806,46.86
2026050806,55.98
2026050806,64.14
2026050807,72.08
2026050807,79.71
2026050807,86.84
2026050807,93.64
2026050808,103.87
2026050808,120.35
2026050808,123.44
2026050808,119.05
2026050809,122.96
2026050809,120.92
2026050809,121.53
2026050809,111.58
2026050810,94.97
2026050810,73.0
2026050810,61.75
2026050810,106.83
2026050811,93.14
2026050811,98.28
2026050811,62.59
2026050811,74.89
2026050812,113.39
2026050812,130.59
2026050812,129.4
2026050812,128.02
2026050813,126.32
2026050813,123.94
2026050813,119.94
2026050813,115.07
2026050814,109.95
2026050814,104.21
2026050814,98.03
2026050814,91.9
2026050815,85.06
2026050815,77.76
2026050815,70.27
2026050815,62.08
2026050816,53.57
2026050816,42.67
2026050816,26.7
2026050816,10.62
2026050817,7.65
2026050817,0.13
2026050817,0.0
2026050817,-0.0001
2026050818,-0.0001
2026050818,-0.0001
2026050818,-0.0001
2026050818,-0.0001
2026050819,-0.0001
2026050819,-0.0001
2026050819,-0.0001
2026050819,-0.0001
2026050820,-0.0001
2026050820,-0.0001
2026050820,-0.0001
2026050820,-0.0001
2026050821,-0.0001
2026050821,-0.0001
2026050821,-0.0001
2026050821,-0.0001
2026050822,-0.0001
2026050822,-0.0001
2026050822,-0.0001
2026050822,-0.0001
2026050823,-0.0001
2026050823,-0.0001
2026050823,-0.0001
2026050823,-0.0001
2026050900,0.0
2026050900,-0.0001
2026050900,-0.0001
2026050900,-0.0001
2026050901,-0.0001
2026050901,-0.0001
2026050901,-0.0001
2026050901,-0.0001
2026050902,-0.0001
2026050902,-0.0001
2026050902,-0.0001
2026050902,-0.0001
2026050903,-0.0001
2026050903,-0.0001
2026050903,-0.0001
2026050903,-0.0001
2026050904,-0.0001
2026050904,-0.0001
2026050904,-0.0001
2026050904,-0.0001
2026050905,3.1
2026050905,17.03
2026050905,33.55
2026050905,-0.0001
2026050906,51.04
2026050906,64.39
2026050906,72.74
2026050906,81.33
2026050907,84.99
2026050907,82.66
2026050907,87.65
2026050907,96.81
2026050908,103.46
2026050908,108.36
2026050908,110.67
2026050908,115.09
2026050909,119.58
2026050909,125.08
2026050909,127.64
2026050909,128.77
2026050910,129.76
2026050910,131.13
2026050910,130.65
2026050910,132.21
2026050911,131.15
2026050911,132.35
2026050911,131.06
2026050911,131.14
2026050912,123.12
2026050912,130.68
2026050912,129.15
2026050912,126.63
2026050913,126.68
2026050913,123.31
2026050913,114.44
2026050913,115.54
2026050914,48.64
2026050914,94.77
2026050914,98.37
2026050914,104.44
2026050915,110.77
2026050915,101.25
2026050915,93.45
2026050915,85.48
2026050916,77.02
2026050916,66.24
2026050916,50.84
2026050916,34.87
2026050917,19.63
2026050917,6.67
2026050917,0.0
2026050917,-0.0001
2026050918,-0.0001
2026050918,-0.0001
2026050918,-0.0001
2026050918,-0.0001
2026050919,-0.0001
2026050919,-0.0001
2026050919,-0.0001
2026050919,-0.0001
2026050920,-0.0001
2026050920,-0.0001
2026050920,-0.0001
2026050920,-0.0001
2026050921,-0.0001
2026050921,-0.0001
2026050921,-0.0001
2026050921,-0.0001
2026050922,-0.0001
2026050922,-0.0001
2026050922,-0.0001
2026050922,-0.0001
2026050923,-0.0001
2026050923,-0.0001
2026050923,-0.0001
2026050923,-0.0001
2026051000,0.0
2026051000,-0.0001
2026051000,-0.0001
2026051000,-0.0001
2026051001,-0.0001
2026051001,-0.0001
2026051001,-0.0001
2026051001,-0.0001
2026051002,-0.0001
2026051002,-0.0001
2026051002,-0.0001
2026051002,-0.0001
2026051003,-0.0001
2026051003,-0.0001
2026051003,-0.0001
2026051003,-0.0001
2026051004,-0.0001
2026051004,-0.0001
2026051004,-0.0001
2026051004,-0.0001
2026051005,10.85
2026051005,-0.0001
2026051005,-0.0001
2026051005,-0.0001
2026051006,11.64
2026051006,1.95
2026051006,27.07
2026051006,16.79
2026051007,39.81
2026051007,18.31
2026051007,40.35
2026051007,60.36
2026051008,75.45
2026051008,95.88
2026051008,98.7
2026051008,113.11
2026051009,119.68
2026051009,97.2
2026051009,120.59
2026051009,98.45
2026051010,70.11
2026051010,54.39
2026051010,123.36
2026051010,111.09
2026051011,86.6
2026051011,113.29
2026051011,92.39
2026051011,97.59
2026051012,115.69
2026051012,80.35
2026051012,105.48
2026051012,73.78
2026051013,90.68
2026051013,65.22
2026051013,73.84
2026051013,80.69
2026051014,81.01
2026051014,76.04
2026051014,84.45
2026051014,72.1
2026051015,47.86
2026051015,47.42
2026051015,61.51
2026051015,60.16
2026051016,55.26
2026051016,43.54
2026051016,30.76
2026051016,37.48
2026051017,20.88
2026051017,8.51
2026051017,0.12
2026051017,0.0
2026051018,-0.0001
2026051018,-0.0001
2026051018,-0.0001
2026051018,-0.0001
2026051019,-0.0001
2026051019,-0.0001
2026051019,-0.0001
2026051019,-0.0001
2026051020,-0.0001
2026051020,-0.0001
2026051020,-0.0001
2026051020,-0.0001
2026051021,-0.0001
2026051021,-0.0001
2026051021,-0.0001
2026051021,-0.0001
2026051022,-0.0001
2026051022,-0.0001
2026051022,-0.0001
2026051022,-0.0001
2026051023,-0.0001
2026051023,-0.0001
2026051023,-0.0001
2026051023,-0.0001
2026051100,0.0
2026051100,-0.0001
2026051100,-0.0001
2026051100,-0.0001
2026051101,-0.0001
2026051101,-0.0001
2026051101,-0.0001
2026051101,-0.0001
2026051102,-0.0001
2026051102,-0.0001
2026051102,-0.0001
2026051102,-0.0001
2026051103,-0.0001
2026051103,-0.0001
2026051103,-0.0001
2026051103,-0.0001
2026051104,0.2
2026051104,-0.0001
2026051104,-0.0001
2026051104,-0.0001
2026051105,9.61
2026051105,10.13
2026051105,11.68
2026051105,16.08
2026051106,21.08
2026051106,26.22
2026051106,45.11
2026051106,58.74
2026051107,75.46
2026051107,90.97
2026051107,104.47
2026051107,113.44
2026051108,123.86
2026051108,119.63
2026051108,95.14
2026051108,127.15
2026051109,143.08
2026051109,142.79
2026051109,200.96
2026051109,144.26
2026051110,126.5
2026051110,125.72
2026051110,97.35
2026051110,101.71
2026051111,135.04
2026051111,147.49
2026051111,127.93
2026051111,109.7
2026051112,134.84
2026051112,104.69
2026051112,130.7
2026051112,155.12
2026051113,149.16
2026051113,151.93
2026051113,120.48
2026051113,123.05
2026051114,113.07
2026051114,85.17
2026051114,60.06
2026051114,52.22
2026051115,44.26
2026051115,42.83
2026051115,60.42
2026051115,84.38
2026051116,63.21
2026051116,61.66
2026051116,44.53
2026051116,26.57
2026051117,18.93
2026051117,9.07
2026051117,4.25
2026051117,0.0
2026051118,-0.0001
2026051118,-0.0001
2026051118,-0.0001
2026051118,-0.0001
2026051119,-0.0001
2026051119,-0.0001
2026051119,-0.0001
2026051119,-0.0001
2026051120,-0.0001
2026051120,-0.0001
2026051120,-0.0001
2026051120,-0.0001
2026051121,-0.0001
2026051121,-0.0001
2026051121,-0.0001
2026051121,-0.0001
2026051122,-0.0001
2026051122,-0.0001
2026051122,-0.0001
2026051122,-0.0001
2026051123,-0.0001
2026051123,-0.0001
2026051123,-0.0001
2026051123,-0.0001
2026051200,0.0
2026051200,-0.0001
2026051200,-0.0001
2026051200,-0.0001
2026051201,-0.0001
2026051201,-0.0001
2026051201,-0.0001
2026051201,-0.0001
2026051202,-0.0001
2026051202,-0.0001
2026051202,-0.0001
2026051202,-0.0001
2026051203,-0.0001
2026051203,-0.0001
2026051203,-0.0001
2026051203,-0.0001
2026051204,0.43
2026051204,6.41
2026051204,14.15
2026051204,17.56
2026051205,24.13
2026051205,28.13
2026051205,33.73
2026051205,61.25
2026051206,85.47
2026051206,89.74
2026051206,70.79
2026051206,103.75
2026051207,111.7
2026051207,121.1
2026051207,129.36
2026051207,133.04
2026051208,141.37
2026051208,123.29
2026051208,93.64
2026051208,124.29
2026051209,110.47
2026051209,111.62
2026051209,98.52
2026051209,65.8
2026051210,61.1
2026051210,48.36
2026051210,81.86
2026051210,28.66
2026051211,36.11
2026051211,44.3
2026051211,66.01
2026051211,102.59
2026051212,52.95
2026051212,60.89
2026051212,56.92
2026051212,87.19
2026051213,101.02
2026051213,120.32
2026051213,137.69
2026051213,98.58
2026051214,148.59
2026051214,149.04
2026051214,132.02
2026051214,92.25
2026051215,117.57
2026051215,127.78
2026051215,81.58
2026051215,35.7
2026051216,34.11
2026051216,58.84
2026051216,23.23
2026051216,19.47
2026051217,21.85
2026051217,13.24
2026051217,8.47
2026051217,7.44
2026051218,7.35
2026051218,11.71
2026051218,9.45
2026051218,1.81
2026051219,0.0
2026051219,-0.0001
2026051219,-0.0001
2026051219,-0.0001
2026051220,-0.0001
2026051220,-0.0001
2026051220,-0.0001
2026051220,-0.0001
2026051221,-0.0001
2026051221,-0.0001
2026051221,-0.0001
2026051221,-0.0001
2026051222,-0.0001
2026051222,-0.0001
2026051222,-0.0001
2026051222,-0.0001
2026051223,-0.0001
2026051223,-0.0001
2026051223,-0.0001
2026051223,-0.0001
2026051300,0.0
2026051300,-0.0001
2026051300,-0.0001
2026051300,-0.0001
2026051301,-0.0001
2026051301,-0.0001
2026051301,-0.0001
2026051301,-0.0001
2026051302,-0.0001
2026051302,-0.0001
2026051302,-0.0001
2026051302,-0.0001
2026051303,-0.0001
2026051303,-0.0001
2026051303,-0.0001
2026051303,-0.0001
2026051304,-0.0001
2026051304,-0.0001
2026051304,-0.0001
2026051304,-0.0001
2026051305,1.63
2026051305,5.37
2026051305,-0.0001
2026051305,-0.0001
2026051306,2.48
2026051306,9.11
2026051306,28.23
2026051306,52.5
2026051307,41.61
2026051307,9.87
2026051307,17.91
2026051307,45.92
2026051308,44.12
2026051308,64.81
2026051308,133.71
2026051308,61.65
2026051309,37.39
2026051309,58.04
2026051309,83.99
2026051309,80.29
2026051310,77.18
2026051310,100.88
2026051310,100.07
2026051310,84.69
2026051311,85.52
2026051311,108.43
2026051311,133.97
2026051311,94.65
2026051312,113.77
2026051312,123.78
2026051312,106.14
2026051312,152.64
2026051313,130.44
2026051313,133.85
2026051313,128.75
2026051313,94.15
2026051314,88.48
2026051314,115.15
2026051314,93.19
2026051314,78.48
2026051315,91.32
2026051315,98.34
2026051315,98.92
2026051315,90.85
2026051316,65.44
2026051316,81.15
2026051316,65.22
2026051316,53.19
2026051317,39.86
2026051317,25.13
2026051317,15.86
2026051317,9.86
2026051318,4.89
2026051318,2.96
2026051318,0.0
2026051318,-0.0001
2026051319,-0.0001
2026051319,-0.0001
2026051319,-0.0001
2026051319,-0.0001
2026051320,-0.0001
2026051320,-0.0001
2026051320,-0.0001
2026051320,-0.0001
2026051321,-0.0001
2026051321,-0.0001
2026051321,-0.0001
2026051321,-0.0001
2026051322,-0.0001
2026051322,-0.0001
2026051322,-0.0001
2026051322,-0.0001
2026051323,-0.0001
2026051323,-0.0001
2026051323,-0.0001
2026051323,-0.0001
2026051400,0.0
2026051400,-0.0001
2026051400,-0.0001
2026051400,-0.0001
2026051401,-0.0001
2026051401,-0.0001
2026051401,-0.0001
2026051401,-0.0001
2026051402,-0.0001
2026051402,-0.0001
2026051402,-0.0001
2026051402,-0.0001
2026051403,-0.0001
2026051403,-0.0001
2026051403,-0.0001
2026051403,-0.0001
2026051404,-0.0001
2026051404,-0.0001
2026051404,-0.0001
2026051404,-0.0001
2026051405,3.89
2026051405,7.5
2026051405,16.28
2026051405,42.58
2026051406,60.76
2026051406,70.71
2026051406,74.28
2026051406,89.78
2026051407,95.34
2026051407,56.02
2026051407,106.76
2026051407,55.54
2026051408,77.98
2026051408,35.68
2026051408,102.74
2026051408,123.63
2026051409,88.42
2026051409,100.07
2026051409,77.22
2026051409,101.93
2026051410,67.88
2026051410,81.06
2026051410,96.91
2026051410,119.65
2026051411,75.18
2026051411,60.26
2026051411,60.23
2026051411,60.18
2026051412,16.31
2026051412,9.56
2026051412,8.71
2026051412,7.54
2026051413,53.07
2026051413,53.35
2026051413,49.14
2026051413,24.59
2026051414,4.33
2026051414,24.01
2026051414,62.38
2026051414,74.86
2026051415,54.89
2026051415,66.53
2026051415,23.99
2026051415,37.66
2026051416,79.01
2026051416,86.48
2026051416,66.43
2026051416,53.07
2026051417,35.1
2026051417,25.16
2026051417,18.36
2026051417,12.53
2026051418,4.09
2026051418,1.93
2026051418,0.26
2026051418,0.0
2026051419,-0.0001
2026051419,-0.0001
2026051419,-0.0001
2026051419,-0.0001
2026051420,-0.0001
2026051420,-0.0001
2026051420,-0.0001
2026051420,-0.0001
2026051421,-0.0001
2026051421,-0.0001
2026051421,-0.0001
2026051421,-0.0001
2026051422,-0.0001
2026051422,-0.0001
2026051422,-0.0001
2026051422,-0.0001
2026051423,-0.0001
2026051423,-0.0001
2026051423,-0.0001
2026051423,-0.0001
2026051500,0.0
2026051500,-0.0001
2026051500,-0.0001
2026051500,-0.0001
2026051501,-0.0001
2026051501,-0.0001
2026051501,-0.0001
2026051501,-0.0001
2026051502,-0.0001
2026051502,-0.0001
2026051502,-0.0001
2026051502,-0.0001
2026051503,-0.0001
2026051503,-0.0001
2026051503,-0.0001
2026051503,-0.0001
2026051504,4.33
2026051504,-0.0001
2026051504,-0.0001
2026051504,-0.0001
2026051505,28.09
2026051505,17.41
2026051505,39.49
2026051505,46.81
2026051506,35.01
2026051506,33.55
2026051506,72.41
2026051506,76.78
2026051507,86.93
2026051507,68.89
2026051507,56.26
2026051507,29.08
2026051508,0.0
2026051508,10.56
2026051508,63.29
2026051508,47.18
2026051509,122.38
2026051509,104.44
2026051509,44.51
2026051509,45.43
2026051510,81.48
2026051510,51.88
2026051510,55.48
2026051510,68.44
2026051511,93.81
2026051511,74.84
2026051511,50.25
2026051511,90.09
2026051512,80.28
2026051512,64.58
2026051512,48.71
2026051512,29.09
2026051513,39.99
2026051513,57.01
2026051513,92.75
2026051513,47.0
2026051514,50.12
2026051514,32.75
2026051514,29.33
2026051514,26.42
2026051515,32.5
2026051515,7.92
2026051515,48.07
2026051515,28.02
2026051516,31.34
2026051516,17.93
2026051516,17.83
2026051516,24.12
2026051517,18.61
2026051517,14.08
2026051517,10.18
2026051517,7.26
2026051518,2.72
2026051518,1.35
2026051518,0.0
2026051518,-0.0001
2026051519,-0.0001
2026051519,-0.0001
2026051519,-0.0001
2026051519,-0.0001
2026051520,-0.0001
2026051520,-0.0001
2026051520,-0.0001
2026051520,-0.0001
2026051521,-0.0001
2026051521,-0.0001
2026051521,-0.0001
2026051521,-0.0001
2026051522,-0.0001
2026051522,-0.0001
2026051522,-0.0001
2026051522,-0.0001
2026051523,-0.0001
2026051523,-0.0001
2026051523,-0.0001
2026051523,-0.0001
2026051600,0.0
2026051600,-0.0001
2026051600,-0.0001
2026051600,-0.0001
2026051601,-0.0001
2026051601,-0.0001
2026051601,-0.0001
2026051601,-0.0001
2026051602,-0.0001
2026051602,-0.0001
2026051602,-0.0001
2026051602,-0.0001
2026051603,-0.0001
2026051603,-0.0001
2026051603,-0.0001
2026051603,-0.0001
2026051604,-0.0001
2026051604,-0.0001
2026051604,-0.0001
2026051604,-0.0001
2026051605,4.13
2026051605,-0.0001
2026051605,-0.0001
2026051605,-0.0001
2026051606,7.5
2026051606,9.24
2026051606,0.0
2026051606,-0.0001
2026051607,4.85
2026051607,23.85
2026051607,27.98
2026051607,21.06
2026051608,30.63
2026051608,45.02
2026051608,29.5
2026051608,17.99
2026051609,53.87
2026051609,12.91
2026051609,27.04
2026051609,20.96
2026051610,30.77
2026051610,22.03
2026051610,17.03
2026051610,18.8
2026051611,40.26
2026051611,28.98
2026051611,21.4
2026051611,5.56
2026051612,8.78
2026051612,41.72
2026051612,44.04
2026051612,46.56
2026051613,39.65
2026051613,55.52
2026051613,73.59
2026051613,24.74
2026051614,62.19
2026051614,43.55
2026051614,40.31
2026051614,4.04
2026051615,15.46
2026051615,33.91
2026051615,21.61
2026051615,30.28
2026051616,31.08
2026051616,16.1
2026051616,0.43
2026051616,0.0
2026051617,-0.0001
2026051617,-0.0001
2026051617,-0.0001
2026051617,-0.0001
2026051618,-0.0001
2026051618,-0.0001
2026051618,-0.0001
2026051618,-0.0001
2026051619,-0.0001
2026051619,-0.0001
2026051619,-0.0001
2026051619,-0.0001
2026051620,-0.0001
2026051620,-0.0001
2026051620,-0.0001
2026051620,-0.0001
2026051621,-0.0001
2026051621,-0.0001
2026051621,-0.0001
2026051621,-0.0001
2026051622,-0.0001
2026051622,-0.0001
2026051622,-0.0001
2026051622,-0.0001
2026051623,-0.0001
2026051623,-0.0001
2026051623,-0.0001
2026051623,-0.0001
2026051700,0.0
2026051700,-0.0001
2026051700,-0.0001
2026051700,-0.0001
2026051701,-0.0001
2026051701,-0.0001
2026051701,-0.0001
2026051701,-0.0001
2026051702,-0.0001
2026051702,-0.0001
2026051702,-0.0001
2026051702,-0.0001
2026051703,-0.0001
2026051703,-0.0001
2026051703,-0.0001
2026051703,-0.0001
2026051704,3.36
2026051704,6.54
2026051704,9.12
2026051704,14.05
2026051705,23.08
2026051705,36.24
2026051705,50.15
2026051705,65.58
2026051706,80.8
2026051706,92.98
2026051706,103.4
2026051706,112.7
2026051707,112.45
2026051707,123.73
2026051707,131.58
2026051707,146.33
2026051708,35.44
2026051708,0.0
2026051708,-0.0001
2026051708,-0.0001
2026051709,15.45
2026051709,14.97
2026051709,13.98
2026051709,12.88
2026051710,11.72
2026051710,11.27
2026051710,10.5
2026051710,9.63
2026051711,98.35
2026051711,78.56
2026051711,58.44
2026051711,66.86
2026051712,22.97
2026051712,0.11
2026051712,0.0
2026051712,-0.0001
2026051713,55.0
2026051713,74.01
2026051713,71.56
2026051713,57.81
2026051714,44.74
2026051714,49.7
2026051714,47.62
2026051714,25.47
2026051715,20.18
2026051715,24.75
2026051715,35.39
2026051715,24.43
2026051716,29.17
2026051716,33.6
2026051716,27.75
2026051716,24.99
2026051717,20.55
2026051717,14.93
2026051717,8.64
2026051717,4.44
2026051718,0.0
2026051718,1.74
2026051718,4.79
2026051718,0.0
2026051719,-0.0001
2026051719,-0.0001
2026051719,-0.0001
2026051719,-0.0001
2026051720,-0.0001
2026051720,-0.0001
2026051720,-0.0001
2026051720,-0.0001
2026051721,-0.0001
2026051721,-0.0001
2026051721,-0.0001
2026051721,-0.0001
2026051722,-0.0001
2026051722,-0.0001
2026051722,-0.0001
2026051722,-0.0001
2026051723,-0.0001
2026051723,-0.0001
2026051723,-0.0001
2026051723,-0.0001
2026051800,0.0
2026051800,-0.0001
2026051800,-0.0001
2026051800,-0.0001
2026051801,-0.0001
2026051801,-0.0001
2026051801,-0.0001
2026051801,-0.0001
2026051802,-0.0001
2026051802,-0.0001
2026051802,-0.0001
2026051802,-0.0001
2026051803,-0.0001
2026051803,-0.0001
2026051803,-0.0001
2026051803,-0.0001
2026051804,1.7
2026051804,6.63
2026051804,11.34
2026051804,15.18
2026051805,20.72
2026051805,24.4
2026051805,26.74
2026051805,12.23
2026051806,13.8
2026051806,20.25
2026051806,20.46
2026051806,26.16
2026051807,16.91
2026051807,16.25
2026051807,32.44
2026051807,37.24
2026051808,90.08
2026051808,77.15
2026051808,54.69
2026051808,97.66
2026051809,74.08
2026051809,71.47
2026051809,63.63
2026051809,58.82
2026051810,50.12
2026051810,69.97
2026051810,60.2
2026051810,56.89
2026051811,57.78
2026051811,44.27
2026051811,69.54
2026051811,73.36
2026051812,39.11
2026051812,21.96
2026051812,58.63
2026051812,123.89
2026051813,131.44
2026051813,146.66
2026051813,156.38
2026051813,138.49
2026051814,35.46
2026051814,4.27
2026051814,15.69
2026051814,60.89
2026051815,23.83
2026051815,17.9
2026051815,27.37
2026051815,23.22
2026051816,21.15
2026051816,32.19
2026051816,37.32
2026051816,17.83
2026051817,5.51
2026051817,6.44
2026051817,1.04
2026051817,0.0
2026051818,1.3
2026051818,4.8
2026051818,2.11
2026051818,0.0
2026051819,-0.0001
2026051819,-0.0001
2026051819,-0.0001
2026051819,-0.0001
2026051820,-0.0001
2026051820,-0.0001
2026051820,-0.0001
2026051820,-0.0001
2026051821,-0.0001
2026051821,-0.0001
2026051821,-0.0001
2026051821,-0.0001
2026051822,-0.0001
2026051822,-0.0001
2026051822,-0.0001
2026051822,-0.0001
2026051823,-0.0001
2026051823,-0.0001
2026051823,-0.0001
2026051823,-0.0001
2026051900,0.0
2026051900,-0.0001
2026051900,-0.0001
2026051900,-0.0001
2026051901,-0.0001
2026051901,-0.0001
2026051901,-0.0001
2026051901,-0.0001
2026051902,-0.0001
2026051902,-0.0001
2026051902,-0.0001
2026051902,-0.0001
2026051903,-0.0001
2026051903,-0.0001
2026051903,-0.0001
2026051903,-0.0001
2026051904,0.22
2026051904,4.59
2026051904,8.15
2026051904,12.75
2026051905,20.13
2026051905,21.75
2026051905,32.14
2026051905,40.49
2026051906,42.12
2026051906,53.12
2026051906,55.62
2026051906,68.1
2026051907,81.06
2026051907,100.12
2026051907,113.38
2026051907,120.02
2026051908,115.18
2026051908,104.91
2026051908,123.22
2026051908,140.92
2026051909,133.38
2026051909,75.91
2026051909,90.7
2026051909,142.58
2026051910,103.68
2026051910,132.46
2026051910,140.3
2026051910,128.0
2026051911,98.05
2026051911,94.1
2026051911,59.85
2026051911,67.71
2026051912,55.79
2026051912,69.47
2026051912,82.45
2026051912,92.22
2026051913,85.92
2026051913,93.03
2026051913,89.49
2026051913,89.84
2026051914,83.21
2026051914,92.66
2026051914,87.1
2026051914,139.95
2026051915,110.08
2026051915,89.39
2026051915,77.29
2026051915,52.65
2026051916,94.92
2026051916,89.32
2026051916,84.49
2026051916,79.99
2026051917,48.84
2026051917,31.73
2026051917,21.94
2026051917,15.86
2026051918,13.17
2026051918,7.67
2026051918,4.93
2026051918,4.4
2026051919,1.26
2026051919,0.0
2026051919,-0.0001
2026051919,-0.0001
2026051920,-0.0001
2026051920,-0.0001
2026051920,-0.0001
2026051920,-0.0001
2026051921,-0.0001
2026051921,-0.0001
2026051921,-0.0001
2026051921,-0.0001
2026051922,-0.0001
2026051922,-0.0001
2026051922,-0.0001
2026051922,-0.0001
2026051923,-0.0001
2026051923,-0.0001
2026051923,-0.0001
2026051923,-0.0001
2026052000,0.0
2026052000,-0.0001
2026052000,-0.0001
2026052000,-0.0001
2026052001,-0.0001
2026052001,-0.0001
2026052001,-0.0001
2026052001,-0.0001
2026052002,-0.0001
2026052002,-0.0001
2026052002,-0.0001
2026052002,-0.0001
2026052003,3.54
2026052003,-0.0001
2026052003,-0.0001
2026052003,-0.0001
2026052004,4.69
2026052004,4.99
2026052004,6.93
2026052004,0.57
2026052005,5.75
2026052005,8.51
2026052005,10.77
2026052005,25.83
2026052006,20.63
2026052006,17.68
2026052006,17.77
2026052006,40.46
2026052007,43.03
2026052007,36.96
2026052007,35.91
2026052007,20.72
2026052008,16.8
2026052008,18.7
2026052008,41.25
2026052008,74.71
2026052009,55.74
2026052009,16.78
2026052009,27.38
2026052009,67.42
2026052010,61.53
2026052010,38.93
2026052010,19.38
2026052010,27.64
2026052011,41.26
2026052011,41.43
2026052011,29.52
2026052011,106.73
2026052012,68.23
2026052012,138.57
2026052012,159.64
2026052012,178.0
2026052013,137.36
2026052013,132.13
2026052013,118.63
2026052013,105.79
2026052014,119.25
2026052014,79.8
2026052014,30.85
2026052014,42.56
2026052015,55.58
2026052015,71.65
2026052015,84.61
2026052015,59.48
2026052016,55.78
2026052016,44.27
2026052016,44.61
2026052016,36.33
2026052017,33.26
2026052017,25.47
2026052017,12.79
2026052017,11.75
2026052018,8.91
2026052018,13.78
2026052018,8.5
2026052018,0.09
2026052019,0.0
2026052019,-0.0001
2026052019,-0.0001
2026052019,-0.0001
2026052020,-0.0001
2026052020,-0.0001
2026052020,-0.0001
2026052020,-0.0001
2026052021,-0.0001
2026052021,-0.0001
2026052021,-0.0001
2026052021,-0.0001
2026052022,-0.0001
2026052022,-0.0001
2026052022,-0.0001
2026052022,-0.0001
2026052023,-0.0001
2026052023,-0.0001
2026052023,-0.0001
2026052023,-0.0001
2026052100,0.0
2026052100,-0.0001
2026052100,-0.0001
2026052100,-0.0001
2026052101,-0.0001
2026052101,-0.0001
2026052101,-0.0001
2026052101,-0.0001
2026052102,-0.0001
2026052102,-0.0001
2026052102,-0.0001
2026052102,-0.0001
2026052103,0.3
2026052103,-0.0001
2026052103,-0.0001
2026052103,-0.0001
2026052104,4.98
2026052104,7.85
2026052104,14.17
2026052104,19.36
2026052105,24.32
2026052105,31.48
2026052105,36.43
2026052105,49.59
2026052106,53.81
2026052106,61.2
2026052106,74.77
2026052106,82.67
2026052107,59.82
2026052107,104.03
2026052107,121.31
2026052107,107.62
2026052108,129.49
2026052108,117.07
2026052108,-0.0001
2026052108,-0.0001
2026052109,-0.0001
2026052109,-0.0001
2026052109,-0.0001
2026052109,-0.0001
2026052110,-0.0001
2026052110,-0.0001
2026052110,-0.0001
2026052110,-0.0001
2026052111,-0.0001
2026052111,-0.0001
2026052111,-0.0001
2026052111,-0.0001
2026052112,-0.0001
2026052112,-0.0001
2026052112,-0.0001
2026052112,-0.0001
2026052113,-0.0001
2026052113,-0.0001
2026052113,-0.0001
2026052113,-0.0001
2026052114,-0.0001
2026052114,-0.0001
2026052114,-0.0001
2026052114,-0.0001
2026052115,-0.0001
2026052115,-0.0001
2026052115,-0.0001
2026052115,-0.0001
2026052116,-0.0001
2026052116,-0.0001
2026052116,-0.0001
2026052116,-0.0001
2026052117,-0.0001
2026052117,-0.0001
2026052117,-0.0001
2026052117,-0.0001
2026052118,-0.0001
2026052118,-0.0001
2026052118,-0.0001
2026052118,-0.0001
2026052119,-0.0001
2026052119,-0.0001
2026052119,-0.0001
2026052119,-0.0001
2026052120,-0.0001
2026052120,-0.0001
2026052120,-0.0001
2026052120,-0.0001
2026052121,-0.0001
2026052121,-0.0001
2026052121,-0.0001
2026052121,-0.0001
2026052122,-0.0001
2026052122,-0.0001
2026052122,-0.0001
2026052122,-0.0001
2026052123,-0.0001
2026052123,-0.0001
2026052123,-0.0001
2026052123,-0.0001
2026052200,0.0
2026052200,-0.0001
2026052200,-0.0001
2026052200,-0.0001
2026052201,-0.0001
2026052201,-0.0001
2026052201,-0.0001
2026052201,-0.0001
2026052202,-0.0001
2026052202,-0.0001
2026052202,-0.0001
2026052202,-0.0001
2026052203,-0.0001
2026052203,-0.0001
2026052203,-0.0001
2026052203,-0.0001
2026052204,0.19
2026052204,2.33
2026052204,-0.0001
2026052204,-0.0001
2026052205,0.0
2026052205,2.26
2026052205,11.44
2026052205,-0.0001
2026052206,25.44
2026052206,21.57
2026052206,14.97
2026052206,11.04
2026052207,19.35
2026052207,23.57
2026052207,40.15
2026052207,48.73
2026052208,53.5
2026052208,107.2
2026052208,106.69
2026052208,99.64
2026052209,77.88
2026052209,87.9
2026052209,120.6
2026052209,124.31
2026052210,148.48
2026052210,158.29
2026052210,174.77
2026052210,144.77
2026052211,181.04
2026052211,200.77
2026052211,205.43
2026052211,176.16
2026052212,142.16
2026052212,151.11
2026052212,154.09
2026052212,148.95
2026052213,132.71
2026052213,118.22
2026052213,73.9
2026052213,68.31
2026052214,86.0
2026052214,156.26
2026052214,165.07
2026052214,146.02
2026052215,153.81
2026052215,126.57
2026052215,120.54
2026052215,103.8
2026052216,87.21
2026052216,71.38
2026052216,56.18
2026052216,40.4
2026052217,26.05
2026052217,13.56
2026052217,3.32
2026052217,0.0
2026052218,-0.0001
2026052218,-0.0001
2026052218,-0.0001
2026052218,-0.0001
2026052219,-0.0001
2026052219,-0.0001
2026052219,-0.0001
2026052219,-0.0001
2026052220,-0.0001
2026052220,-0.0001
2026052220,-0.0001
2026052220,-0.0001
2026052221,-0.0001
2026052221,-0.0001
2026052221,-0.0001
2026052221,-0.0001
2026052222,-0.0001
2026052222,-0.0001
2026052222,-0.0001
2026052222,-0.0001
2026052223,-0.0001
2026052223,-0.0001
2026052223,-0.0001
2026052223,-0.0001
2026052300,0.0
2026052300,-0.0001
2026052300,-0.0001
2026052300,-0.0001
2026052301,-0.0001
2026052301,-0.0001
2026052301,-0.0001
2026052301,-0.0001
2026052302,-0.0001
2026052302,-0.0001
2026052302,-0.0001
2026052302,-0.0001
2026052303,-0.0001
2026052303,-0.0001
2026052303,-0.0001
2026052303,-0.0001
2026052304,-0.0001
2026052304,-0.0001
2026052304,-0.0001
2026052304,-0.0001
2026052305,6.95
2026052305,19.99
2026052305,30.38
2026052305,43.53
2026052306,55.45
2026052306,70.04
2026052306,91.9
2026052306,103.85
2026052307,117.63
2026052307,37.42
2026052307,0.0
2026052307,-0.0001
2026052308,-0.0001
2026052308,-0.0001
2026052308,-0.0001
2026052308,-0.0001
2026052309,-0.0001
2026052309,-0.0001
2026052309,-0.0001
2026052309,-0.0001
2026052310,-0.0001
2026052310,-0.0001
2026052310,-0.0001
2026052310,-0.0001
2026052311,-0.0001
2026052311,-0.0001
2026052311,-0.0001
2026052311,-0.0001
2026052312,-0.0001
2026052312,-0.0001
2026052312,-0.0001
2026052312,-0.0001
2026052313,-0.0001
2026052313,-0.0001
2026052313,-0.0001
2026052313,-0.0001
2026052314,-0.0001
2026052314,-0.0001
2026052314,-0.0001
2026052314,-0.0001
2026052315,93.7
2026052315,104.7
2026052315,86.23
2026052315,-0.0001
2026052316,39.35
2026052316,49.91
2026052316,42.78
2026052316,20.14
2026052317,0.89
2026052317,5.44
2026052317,0.6
2026052317,0.0
2026052318,-0.0001
2026052318,-0.0001
2026052318,-0.0001
2026052318,-0.0001
2026052319,-0.0001
2026052319,-0.0001
2026052319,-0.0001
2026052319,-0.0001
2026052320,-0.0001
2026052320,-0.0001
2026052320,-0.0001
2026052320,-0.0001
2026052321,-0.0001
2026052321,-0.0001
2026052321,-0.0001
2026052321,-0.0001
2026052322,-0.0001
2026052322,-0.0001
2026052322,-0.0001
2026052322,-0.0001
2026052323,-0.0001
2026052323,-0.0001
2026052323,-0.0001
2026052323,-0.0001
2026052400,0.0
2026052400,-0.0001
2026052400,-0.0001
2026052400,-0.0001
2026052401,-0.0001
2026052401,-0.0001
2026052401,-0.0001
2026052401,-0.0001
2026052402,-0.0001
2026052402,-0.0001
2026052402,-0.0001
2026052402,-0.0001
2026052403,-0.0001
2026052403,-0.0001
2026052403,-0.0001
2026052403,-0.0001
2026052404,-0.0001
2026052404,-0.0001
2026052404,-0.0001
2026052404,-0.0001
2026052405,6.41
2026052405,26.58
2026052405,38.11
2026052405,-0.0001
2026052406,56.34
2026052406,81.87
2026052406,17.33
2026052406,0.0
2026052407,-0.0001
2026052407,-0.0001
2026052407,-0.0001
2026052407,-0.0001
2026052408,-0.0001
2026052408,-0.0001
2026052408,-0.0001
2026052408,-0.0001
2026052409,-0.0001
2026052409,-0.0001
2026052409,-0.0001
2026052409,-0.0001
2026052410,-0.0001
2026052410,-0.0001
2026052410,-0.0001
2026052410,-0.0001
2026052411,-0.0001
2026052411,-0.0001
2026052411,-0.0001
2026052411,-0.0001
2026052412,-0.0001
2026052412,-0.0001
2026052412,-0.0001
2026052412,-0.0001
2026052413,-0.0001
2026052413,-0.0001
2026052413,-0.0001
2026052413,-0.0001
2026052414,-0.0001
2026052414,-0.0001
2026052414,-0.0001
2026052414,-0.0001
2026052415,81.27
2026052415,-0.0001
2026052415,-0.0001
2026052415,-0.0001
2026052416,77.25
2026052416,61.19
2026052416,45.74
2026052416,29.45
2026052417,15.82
2026052417,3.18
2026052417,0.0
2026052417,-0.0001
2026052418,-0.0001
2026052418,-0.0001
2026052418,-0.0001
2026052418,-0.0001
2026052419,-0.0001
2026052419,-0.0001
2026052419,-0.0001
2026052419,-0.0001
2026052420,-0.0001
2026052420,-0.0001
2026052420,-0.0001
2026052420,-0.0001
2026052421,-0.0001
2026052421,-0.0001
2026052421,-0.0001
2026052421,-0.0001
2026052422,-0.0001
2026052422,-0.0001
2026052422,-0.0001
2026052422,-0.0001
2026052423,-0.0001
2026052423,-0.0001
2026052423,-0.0001
2026052423,-0.0001
2026052500,0.0
2026052500,-0.0001
2026052500,-0.0001
2026052500,-0.0001
2026052501,-0.0001
2026052501,-0.0001
2026052501,-0.0001
2026052501,-0.0001
2026052502,-0.0001
2026052502,-0.0001
2026052502,-0.0001
2026052502,-0.0001
2026052503,-0.0001
2026052503,-0.0001
2026052503,-0.0001
2026052503,-0.0001
2026052504,-0.0001
2026052504,-0.0001
2026052504,-0.0001
2026052504,-0.0001
2026052505,0.41
2026052505,8.05
2026052505,21.91
2026052505,37.29
2026052506,52.74
2026052506,68.58
2026052506,83.15
2026052506,96.83
2026052507,109.15
2026052507,122.13
2026052507,59.38
2026052507,0.0
2026052508,-0.0001
2026052508,-0.0001
2026052508,-0.0001
2026052508,-0.0001
2026052509,-0.0001
2026052509,-0.0001
2026052509,-0.0001
2026052509,-0.0001
2026052510,-0.0001
2026052510,-0.0001
2026052510,-0.0001
2026052510,-0.0001
2026052511,-0.0001
2026052511,-0.0001
2026052511,-0.0001
2026052511,-0.0001
2026052512,-0.0001
2026052512,-0.0001
2026052512,-0.0001
2026052512,-0.0001
2026052513,-0.0001
2026052513,-0.0001
2026052513,-0.0001
2026052513,-0.0001
2026052514,-0.0001
2026052514,-0.0001
2026052514,-0.0001
2026052514,-0.0001
2026052515,90.01
2026052515,87.64
2026052515,-0.0001
2026052515,-0.0001
2026052516,73.0
2026052516,58.39
2026052516,43.91
2026052516,29.49
2026052517,15.86
2026052517,4.17
2026052517,0.0
2026052517,-0.0001
2026052518,-0.0001
2026052518,-0.0001
2026052518,-0.0001
2026052518,-0.0001
2026052519,-0.0001
2026052519,-0.0001
2026052519,-0.0001
2026052519,-0.0001
2026052520,-0.0001
2026052520,-0.0001
2026052520,-0.0001
2026052520,-0.0001
2026052521,-0.0001
2026052521,-0.0001
2026052521,-0.0001
2026052521,-0.0001
2026052522,-0.0001
2026052522,-0.0001
2026052522,-0.0001
2026052522,-0.0001
2026052523,-0.0001
2026052523,-0.0001
2026052523,-0.0001
2026052523,-0.0001
2026052600,0.0
2026052600,-0.0001
2026052600,-0.0001
2026052600,-0.0001
2026052601,-0.0001
2026052601,-0.0001
2026052601,-0.0001
2026052601,-0.0001
2026052602,-0.0001
2026052602,-0.0001
2026052602,-0.0001
2026052602,-0.0001
2026052603,-0.0001
2026052603,-0.0001
2026052603,-0.0001
2026052603,-0.0001
2026052604,-0.0001
2026052604,-0.0001
2026052604,-0.0001
2026052604,-0.0001
2026052605,0.94
2026052605,9.73
2026052605,20.55
2026052605,29.03
2026052606,42.03
2026052606,50.32
2026052606,60.42
2026052606,71.5
2026052607,77.79
2026052607,92.36
2026052607,114.14
2026052607,132.25
2026052608,143.73
2026052608,130.41
2026052608,4.42
2026052608,0.0
2026052609,35.39
2026052609,0.05
2026052609,-0.0001
2026052609,-0.0001
2026052610,7.53
2026052610,0.0
2026052610,-0.0001
2026052610,-0.0001
2026052611,-0.0001
2026052611,-0.0001
2026052611,-0.0001
2026052611,-0.0001
2026052612,28.61
2026052612,29.62
2026052612,29.77
2026052612,29.73
2026052613,13.18
2026052613,12.67
2026052613,12.64
2026052613,12.78
2026052614,13.25
2026052614,13.19
2026052614,153.83
2026052614,163.95
2026052615,151.48
2026052615,138.01
2026052615,125.88
2026052615,112.65
2026052616,98.0
2026052616,83.7
2026052616,69.25
2026052616,56.46
2026052617,43.44
2026052617,31.05
2026052617,20.72
2026052617,13.66
2026052618,9.53
2026052618,6.93
2026052618,4.39
2026052618,0.37
2026052619,0.0
2026052619,-0.0001
2026052619,-0.0001
2026052619,-0.0001
2026052620,-0.0001
2026052620,-0.0001
2026052620,-0.0001
2026052620,-0.0001
2026052621,-0.0001
2026052621,-0.0001
2026052621,-0.0001
2026052621,-0.0001
2026052622,-0.0001
2026052622,-0.0001
2026052622,-0.0001
2026052622,-0.0001
2026052623,-0.0001
2026052623,-0.0001
2026052623,-0.0001
2026052623,-0.0001
2026052700,0.0
2026052700,-0.0001
2026052700,-0.0001
2026052700,-0.0001
2026052701,-0.0001
2026052701,-0.0001
2026052701,-0.0001
2026052701,-0.0001
2026052702,-0.0001
2026052702,-0.0001
2026052702,-0.0001
2026052702,-0.0001
2026052703,2.22
2026052703,-0.0001
2026052703,-0.0001
2026052703,-0.0001
2026052704,5.53
2026052704,8.33
2026052704,11.78
2026052704,17.94
2026052705,27.81
2026052705,39.47
2026052705,54.02
2026052705,69.29
2026052706,82.28
2026052706,97.55
2026052706,117.56
2026052706,134.04
2026052707,100.06
2026052707,112.37
2026052707,124.64
2026052707,135.11
2026052708,197.92
2026052708,212.2
2026052708,146.37
2026052708,30.5
2026052709,3.02
2026052709,0.0
2026052709,-0.0001
2026052709,-0.0001
2026052710,-0.0001
2026052710,-0.0001
2026052710,-0.0001
2026052710,-0.0001
2026052711,-0.0001
2026052711,-0.0001
2026052711,-0.0001
2026052711,-0.0001
2026052712,-0.0001
2026052712,-0.0001
2026052712,-0.0001
2026052712,-0.0001
2026052713,-0.0001
2026052713,-0.0001
2026052713,-0.0001
2026052713,-0.0001
2026052714,-0.0001
2026052714,-0.0001
2026052714,-0.0001
2026052714,-0.0001
2026052715,130.81
2026052715,139.48
2026052715,127.37
2026052715,-0.0001
2026052716,112.63
2026052716,97.26
2026052716,80.2
2026052716,63.59
2026052717,47.68
2026052717,33.45
2026052717,22.16
2026052717,13.89
2026052718,9.25
2026052718,6.98
2026052718,4.55
2026052718,0.78
2026052719,0.0
2026052719,-0.0001
2026052719,-0.0001
2026052719,-0.0001
2026052720,-0.0001
2026052720,-0.0001
2026052720,-0.0001
2026052720,-0.0001
2026052721,-0.0001
2026052721,-0.0001
2026052721,-0.0001
2026052721,-0.0001
2026052722,-0.0001
2026052722,-0.0001
2026052722,-0.0001
2026052722,-0.0001
2026052723,-0.0001
2026052723,-0.0001
2026052723,-0.0001
2026052723,-0.0001
2026052800,0.0
2026052800,-0.0001
2026052800,-0.0001
2026052800,-0.0001
2026052801,-0.0001
2026052801,-0.0001
2026052801,-0.0001
2026052801,-0.0001
2026052802,-0.0001
2026052802,-0.0001
2026052802,-0.0001
2026052802,-0.0001
2026052803,2.3
2026052803,-0.0001
2026052803,-0.0001
2026052803,-0.0001
2026052804,5.35
2026052804,7.94
2026052804,11.1
2026052804,17.38
2026052805,26.64
2026052805,39.07
2026052805,54.19
2026052805,70.34
2026052806,85.12
2026052806,101.89
2026052806,118.85
2026052806,129.88
2026052807,143.01
2026052807,149.83
2026052807,156.44
2026052807,162.09
2026052808,168.01
2026052808,172.76
2026052808,177.59
2026052808,181.63
2026052809,125.07
2026052809,0.0
2026052809,-0.0001
2026052809,-0.0001
2026052810,-0.0001
2026052810,-0.0001
2026052810,-0.0001
2026052810,-0.0001
2026052811,-0.0001
2026052811,-0.0001
2026052811,-0.0001
2026052811,-0.0001
2026052812,-0.0001
2026052812,-0.0001
2026052812,-0.0001
2026052812,-0.0001
2026052813,152.46
2026052813,-0.0001
2026052813,-0.0001
2026052813,-0.0001
2026052814,174.82
2026052814,162.94
2026052814,164.81
2026052814,158.26
2026052815,144.29
2026052815,143.67
2026052815,138.18
2026052815,126.46
2026052816,104.48
2026052816,83.41
2026052816,72.19
2026052816,58.6
2026052817,48.75
2026052817,37.55
2026052817,26.3
2026052817,18.34
2026052818,13.78
2026052818,11.19
2026052818,8.52
2026052818,6.11
2026052819,4.47
2026052819,0.48
2026052819,0.0
2026052819,-0.0001
2026052820,-0.0001
2026052820,-0.0001
2026052820,-0.0001
2026052820,-0.0001
2026052821,-0.0001
2026052821,-0.0001
2026052821,-0.0001
2026052821,-0.0001
2026052822,-0.0001
2026052822,-0.0001
2026052822,-0.0001
2026052822,-0.0001
2026052823,-0.0001
2026052823,-0.0001
2026052823,-0.0001
2026052823,-0.0001
2026052900,0.0
2026052900,-0.0001
2026052900,-0.0001
2026052900,-0.0001
2026052901,-0.0001
2026052901,-0.0001
2026052901,-0.0001
2026052901,-0.0001
2026052902,-0.0001
2026052902,-0.0001
2026052902,-0.0001
2026052902,-0.0001
2026052903,2.97
2026052903,4.85
2026052903,6.71
2026052903,-0.0001
2026052904,9.54
2026052904,12.3
2026052904,15.3
2026052904,21.63
2026052905,30.95
2026052905,43.6
2026052905,55.96
2026052905,71.32
2026052906,83.47
2026052906,98.54
2026052906,116.1
2026052906,116.09
2026052907,106.74
2026052907,47.83
2026052907,63.59
2026052907,66.98
2026052908,64.55
2026052908,168.8
2026052908,125.17
2026052908,117.97
2026052909,14.51
2026052909,15.26
2026052909,50.04
2026052909,106.34
2026052910,118.75
2026052910,110.38
2026052910,105.04
2026052910,44.98
2026052911,93.6
2026052911,93.49
2026052911,11.36
2026052911,9.08
2026052912,100.1
2026052912,99.85
2026052912,63.03
2026052912,104.62
2026052913,116.62
2026052913,99.7
2026052913,108.44
2026052913,132.99
2026052914,169.28
2026052914,155.68
2026052914,130.05
2026052914,108.55
2026052915,129.18
2026052915,130.23
2026052915,131.07
2026052915,108.83
2026052916,101.81
2026052916,70.07
2026052916,62.56
2026052916,64.59
2026052917,37.86
2026052917,26.58
2026052917,29.78
2026052917,30.02
2026052918,22.36
2026052918,17.92
2026052918,14.03
2026052918,10.18
2026052919,5.81
2026052919,0.59
2026052919,0.0
2026052919,-0.0001
2026052920,-0.0001
2026052920,-0.0001
2026052920,-0.0001
2026052920,-0.0001
2026052921,-0.0001
2026052921,-0.0001
2026052921,-0.0001
2026052921,-0.0001
2026052922,-0.0001
2026052922,-0.0001
2026052922,-0.0001
2026052922,-0.0001
2026052923,-0.0001
2026052923,-0.0001
2026052923,-0.0001
2026052923,-0.0001
2026053000,0.0
2026053000,-0.0001
2026053000,-0.0001
2026053000,-0.0001
2026053001,-0.0001
2026053001,-0.0001
2026053001,-0.0001
2026053001,-0.0001
2026053002,-0.0001
2026053002,-0.0001
2026053002,-0.0001
2026053002,-0.0001
2026053003,1.84
2026053003,4.75
2026053003,-0.0001
2026053003,-0.0001
2026053004,7.5
2026053004,16.08
2026053004,20.86
2026053004,22.8
2026053005,28.05
2026053005,38.81
2026053005,48.95
2026053005,60.04
2026053006,84.28
2026053006,95.13
2026053006,111.83
2026053006,120.89
2026053007,133.84
2026053007,96.51
2026053007,84.93
2026053007,90.89
2026053008,93.28
2026053008,6.47
2026053008,0.0
2026053008,-0.0001
2026053009,-0.0001
2026053009,-0.0001
2026053009,-0.0001
2026053009,-0.0001
2026053010,-0.0001
2026053010,-0.0001
2026053010,-0.0001
2026053010,-0.0001
2026053011,-0.0001
2026053011,-0.0001
2026053011,-0.0001
2026053011,-0.0001
2026053012,-0.0001
2026053012,-0.0001
2026053012,-0.0001
2026053012,-0.0001
2026053013,-0.0001
2026053013,-0.0001
2026053013,-0.0001
2026053013,-0.0001
2026053014,55.31
2026053014,-0.0001
2026053014,-0.0001
2026053014,-0.0001
2026053015,67.91
2026053015,68.77
2026053015,68.92
2026053015,67.12
2026053016,62.12
2026053016,55.17
2026053016,50.15
2026053016,48.74
2026053017,41.18
2026053017,45.09
2026053017,28.14
2026053017,19.91
2026053018,14.2
2026053018,11.33
2026053018,8.95
2026053018,5.9
2026053019,4.45
2026053019,1.0
2026053019,0.0
2026053019,-0.0001
2026053020,-0.0001
2026053020,-0.0001
2026053020,-0.0001
2026053020,-0.0001
2026053021,-0.0001
2026053021,-0.0001
2026053021,-0.0001
2026053021,-0.0001
2026053022,-0.0001
2026053022,-0.0001
2026053022,-0.0001
2026053022,-0.0001
2026053023,-0.0001
2026053023,-0.0001
2026053023,-0.0001
2026053023,-0.0001
2026053100,0.0
2026053100,-0.0001
2026053100,-0.0001
2026053100,-0.0001
2026053101,-0.0001
2026053101,-0.0001
2026053101,-0.0001
2026053101,-0.0001
2026053102,-0.0001
2026053102,-0.0001
2026053102,-0.0001
2026053102,-0.0001
2026053103,-0.0001
2026053103,-0.0001
2026053103,-0.0001
2026053103,-0.0001
2026053104,3.42
2026053104,4.98
2026053104,9.87
2026053104,14.9
2026053105,14.12
2026053105,12.89
2026053105,15.56
2026053105,14.16
2026053106,16.97
2026053106,21.98
2026053106,28.35
2026053106,28.14
2026053107,33.0
2026053107,43.57
2026053107,57.26
2026053107,49.63
2026053108,50.16
2026053108,63.27
2026053108,70.62
2026053108,89.26
2026053109,107.27
2026053109,86.5
2026053109,87.94
2026053109,49.09
2026053110,69.34
2026053110,76.96
2026053110,123.77
2026053110,91.3
2026053111,64.63
2026053111,59.84
2026053111,48.91
2026053111,65.11
2026053112,62.01
2026053112,74.28
2026053112,76.27
2026053112,77.9
2026053113,68.27
2026053113,54.18
2026053113,57.92
2026053113,71.64
2026053114,60.92
2026053114,53.17
2026053114,54.14
2026053114,61.73
2026053115,101.34
2026053115,75.15
2026053115,71.07
2026053115,72.98
2026053116,66.19
2026053116,46.93
2026053116,53.8
2026053116,67.04
2026053117,47.22
2026053117,27.83
2026053117,23.12
2026053117,16.29
2026053118,14.59
2026053118,10.04
2026053118,6.61
2026053118,5.13
2026053119,3.32
2026053119,0.0
2026053119,-0.0001
2026053119,-0.0001
2026053120,-0.0001
2026053120,-0.0001
2026053120,-0.0001
2026053120,-0.0001
2026053121,-0.0001
2026053121,-0.0001
2026053121,-0.0001
2026053121,-0.0001
2026053122,-0.0001
2026053122,-0.0001
2026053122,-0.0001
2026053122,-0.0001
2026053123,-0.0001
2026053123,-0.0001
2026053123,-0.0001
2026053123,-0.0001
2026060100,0.0
2026060100,-0.0001
2026060100,-0.0001
2026060100,-0.0001
2026060101,-0.0001
2026060101,-0.0001
2026060101,-0.0001
2026060101,-0.0001
2026060102,-0.0001
2026060102,-0.0001
2026060102,-0.0001
2026060102,-0.0001
2026060103,0.4
2026060103,4.54
2026060103,6.19
2026060103,7.13
2026060104,12.06
2026060104,13.3
2026060104,17.49
2026060104,29.22
2026060105,39.3
2026060105,44.81
2026060105,44.58
2026060105,61.28
2026060106,37.41
2026060106,58.31
2026060106,66.72
2026060106,60.11
2026060107,64.32
2026060107,46.62
2026060107,49.09
2026060107,49.49
2026060108,40.97
2026060108,34.58
2026060108,85.87
2026060108,145.76
2026060109,143.25
2026060109,155.69
2026060109,119.92
2026060109,62.94
2026060110,124.17
2026060110,151.18
2026060110,122.4
2026060110,124.89
2026060111,151.89
2026060111,1.13
2026060111,104.64
2026060111,170.69
2026060112,132.92
2026060112,148.19
2026060112,154.91
2026060112,119.12
2026060113,102.14
2026060113,168.62
2026060113,163.69
2026060113,164.96
2026060114,175.26
2026060114,165.49
2026060114,158.99
2026060114,128.2
2026060115,133.58
2026060115,142.19
2026060115,128.9
2026060115,111.5
2026060116,90.94
2026060116,95.81
2026060116,78.37
2026060116,59.43
2026060117,42.35
2026060117,36.48
2026060117,33.56
2026060117,29.95
2026060118,23.67
2026060118,14.11
2026060118,8.27
2026060118,6.33
2026060119,4.34
2026060119,0.04
2026060119,0.0
2026060119,-0.0001
2026060120,-0.0001
2026060120,-0.0001
2026060120,-0.0001
2026060120,-0.0001
2026060121,-0.0001
2026060121,-0.0001
2026060121,-0.0001
2026060121,-0.0001
2026060122,-0.0001
2026060122,-0.0001
2026060122,-0.0001
2026060122,-0.0001
2026060123,-0.0001
2026060123,-0.0001
2026060123,-0.0001
2026060123,-0.0001
2026060200,0.0
2026060200,-0.0001
2026060200,-0.0001
2026060200,-0.0001
2026060201,-0.0001
2026060201,-0.0001
2026060201,-0.0001
2026060201,-0.0001
2026060202,-0.0001
2026060202,-0.0001
2026060202,-0.0001
2026060202,-0.0001
2026060203,1.94
2026060203,4.52
2026060203,-0.0001
2026060203,-0.0001
2026060204,6.51
2026060204,8.39
2026060204,7.89
2026060204,11.48
2026060205,19.24
2026060205,33.44
2026060205,48.24
2026060205,46.35
2026060206,50.82
2026060206,61.94
2026060206,59.81
2026060206,66.36
2026060207,106.68
2026060207,145.64
2026060207,148.37
2026060207,130.29
2026060208,99.47
2026060208,146.97
2026060208,177.49
2026060208,168.52
2026060209,164.41
2026060209,167.37
2026060209,163.04
2026060209,146.99
2026060210,134.23
2026060210,149.15
2026060210,160.4
2026060210,167.03
2026060211,164.39
2026060211,173.39
2026060211,139.94
2026060211,120.19
2026060212,134.1
2026060212,126.71
2026060212,97.87
2026060212,149.85
2026060213,138.43
2026060213,144.28
2026060213,132.86
2026060213,130.5
2026060214,110.72
2026060214,47.54
2026060214,15.54
2026060214,17.69
2026060215,57.79
2026060215,55.89
2026060215,62.87
2026060215,71.64
2026060216,75.1
2026060216,82.5
2026060216,60.49
2026060216,49.75
2026060217,54.4
2026060217,39.1
2026060217,23.24
2026060217,12.08
2026060218,5.78
2026060218,7.79
2026060218,4.62
2026060218,3.86
2026060219,3.51
2026060219,0.0
2026060219,-0.0001
2026060219,-0.0001
2026060220,-0.0001
2026060220,-0.0001
2026060220,-0.0001
2026060220,-0.0001
2026060221,-0.0001
2026060221,-0.0001
2026060221,-0.0001
2026060221,-0.0001
2026060222,-0.0001
2026060222,-0.0001
2026060222,-0.0001
2026060222,-0.0001
2026060223,-0.0001
2026060223,-0.0001
2026060223,-0.0001
2026060223,-0.0001
2026060300,0.0
2026060300,-0.0001
2026060300,-0.0001
2026060300,-0.0001
2026060301,-0.0001
2026060301,-0.0001
2026060301,-0.0001
2026060301,-0.0001
2026060302,-0.0001
2026060302,-0.0001
2026060302,-0.0001
2026060302,-0.0001
2026060303,3.16
2026060303,-0.0001
2026060303,-0.0001
2026060303,-0.0001
2026060304,0.54
2026060304,7.5
2026060304,7.85
2026060304,8.76
2026060305,7.66
2026060305,10.75
2026060305,17.12
2026060305,16.65
2026060306,18.46
2026060306,24.88
2026060306,36.37
2026060306,47.76
2026060307,47.89
2026060307,46.62
2026060307,29.28
2026060307,27.47
2026060308,63.46
2026060308,95.92
2026060308,42.65
2026060308,86.17
2026060309,134.79
2026060309,108.96
2026060309,137.04
2026060309,135.27
2026060310,93.87
2026060310,92.14
2026060310,147.35
2026060310,163.22
2026060311,164.01
2026060311,129.19
2026060311,157.67
2026060311,121.69
2026060312,86.2
2026060312,150.88
2026060312,128.49
2026060312,139.18
2026060313,155.45
2026060313,147.86
2026060313,116.72
2026060313,112.29
2026060314,111.19
2026060314,148.02
2026060314,133.25
2026060314,115.03
2026060315,125.87
2026060315,124.27
2026060315,95.77
2026060315,83.69
2026060316,58.27
2026060316,86.47
2026060316,69.51
2026060316,52.62
2026060317,38.94
2026060317,30.4
2026060317,27.53
2026060317,36.98
2026060318,21.4
2026060318,11.11
2026060318,9.34
2026060318,10.67
2026060319,5.48
2026060319,2.24
2026060319,0.0
2026060319,-0.0001
2026060320,-0.0001
2026060320,-0.0001
2026060320,-0.0001
2026060320,-0.0001
2026060321,-0.0001
2026060321,-0.0001
2026060321,-0.0001
2026060321,-0.0001
2026060322,-0.0001
2026060322,-0.0001
2026060322,-0.0001
2026060322,-0.0001
2026060323,-0.0001
2026060323,-0.0001
2026060323,-0.0001
2026060323,-0.0001
2026060400,0.0
2026060400,-0.0001
2026060400,-0.0001
2026060400,-0.0001
2026060401,-0.0001
2026060401,-0.0001
2026060401,-0.0001
2026060401,-0.0001
2026060402,-0.0001
2026060402,-0.0001
2026060402,-0.0001
2026060402,-0.0001
2026060403,1.71
2026060403,3.98
2026060403,4.38
2026060403,-0.0001
2026060404,10.87
2026060404,16.01
2026060404,20.44
2026060404,12.8
2026060405,16.67
2026060405,52.19
2026060405,70.96
2026060405,59.12
2026060406,31.46
2026060406,43.28
2026060406,85.91
2026060406,75.93
2026060407,4.94
2026060407,0.0
2026060407,-0.0001
2026060407,-0.0001
2026060408,4.66
2026060408,7.7
2026060408,9.96
2026060408,-0.0001
2026060409,0.13
2026060409,0.0
2026060409,-0.0001
2026060409,-0.0001
2026060410,-0.0001
2026060410,-0.0001
2026060410,-0.0001
2026060410,-0.0001
2026060411,3.4
2026060411,0.06
2026060411,0.0
2026060411,-0.0001
2026060412,-0.0001
2026060412,-0.0001
2026060412,-0.0001
2026060412,-0.0001
2026060413,104.64
2026060413,149.65
2026060413,114.63
2026060413,136.08
2026060414,56.46
2026060414,37.14
2026060414,32.26
2026060414,12.97
2026060415,4.29
2026060415,21.8
2026060415,39.91
2026060415,80.49
2026060416,46.64
2026060416,38.66
2026060416,27.95
2026060416,25.82
2026060417,26.14
2026060417,35.32
2026060417,31.93
2026060417,32.87
2026060418,21.51
2026060418,14.32
2026060418,8.88
2026060418,4.31
2026060419,3.92
2026060419,0.0
2026060419,-0.0001
2026060419,-0.0001
2026060420,-0.0001
2026060420,-0.0001
2026060420,-0.0001
2026060420,-0.0001
2026060421,-0.0001
2026060421,-0.0001
2026060421,-0.0001
2026060421,-0.0001
2026060422,-0.0001
2026060422,-0.0001
2026060422,-0.0001
2026060422,-0.0001
2026060423,-0.0001
2026060423,-0.0001
2026060423,-0.0001
2026060423,-0.0001
2026060500,0.0
2026060500,-0.0001
2026060500,-0.0001
2026060500,-0.0001
2026060501,-0.0001
2026060501,-0.0001
2026060501,-0.0001
2026060501,-0.0001
2026060502,-0.0001
2026060502,-0.0001
2026060502,-0.0001
2026060502,-0.0001
2026060503,4.3
2026060503,8.01
2026060503,11.13
2026060503,-0.0001
2026060504,13.25
2026060504,13.88
2026060504,20.06
2026060504,27.27
2026060505,40.6
2026060505,45.15
2026060505,40.71
2026060505,39.6
2026060506,15.06
2026060506,64.28
2026060506,81.63
2026060506,70.6
2026060507,103.42
2026060507,72.13
2026060507,130.0
2026060507,99.66
2026060508,101.18
2026060508,159.6
2026060508,94.19
2026060508,91.51
2026060509,87.09
2026060509,73.57
2026060509,46.26
2026060509,80.28
2026060510,178.07
2026060510,127.66
2026060510,167.94
2026060510,191.13
2026060511,148.0
2026060511,104.79
2026060511,157.17
2026060511,120.63
2026060512,149.19
2026060512,177.9
2026060512,145.62
2026060512,157.95
2026060513,140.35
2026060513,160.37
2026060513,159.76
2026060513,136.62
2026060514,104.41
2026060514,147.77
2026060514,111.84
2026060514,133.0
2026060515,80.86
2026060515,92.39
2026060515,127.48
2026060515,108.31
2026060516,91.71
2026060516,101.8
2026060516,102.82
2026060516,77.39
2026060517,58.21
2026060517,33.44
2026060517,33.45
2026060517,25.13
2026060518,17.48
2026060518,14.83
2026060518,16.56
2026060518,13.47
2026060519,9.73
2026060519,5.23
2026060519,0.38
2026060519,0.0
2026060520,-0.0001
2026060520,-0.0001
2026060520,-0.0001
2026060520,-0.0001
2026060521,-0.0001
2026060521,-0.0001
2026060521,-0.0001
2026060521,-0.0001
2026060522,-0.0001
2026060522,-0.0001
2026060522,-0.0001
2026060522,-0.0001
2026060523,-0.0001
2026060523,-0.0001
2026060523,-0.0001
2026060523,-0.0001
2026060600,0.0
2026060600,-0.0001
2026060600,-0.0001
2026060600,-0.0001
2026060601,-0.0001
2026060601,-0.0001
2026060601,-0.0001
2026060601,-0.0001
2026060602,-0.0001
2026060602,-0.0001
2026060602,-0.0001
2026060602,-0.0001
2026060603,0.27
2026060603,3.88
2026060603,5.54
2026060603,7.65
2026060604,10.15
2026060604,12.61
2026060604,15.92
2026060604,22.38
2026060605,31.6
2026060605,43.58
2026060605,57.03
2026060605,72.46
2026060606,90.64
2026060606,97.22
2026060606,80.12
2026060606,96.87
2026060607,106.27
2026060607,123.41
2026060607,130.93
2026060607,73.55
2026060608,61.81
2026060608,66.31
2026060608,81.2
2026060608,121.78
2026060609,63.36
2026060609,35.39
2026060609,31.65
2026060609,30.08
2026060610,164.98
2026060610,189.72
2026060610,183.5
2026060610,161.46
2026060611,87.52
2026060611,38.58
2026060611,80.23
2026060611,83.57
2026060612,63.41
2026060612,62.09
2026060612,59.37
2026060612,49.25
2026060613,78.24
2026060613,99.55
2026060613,13.05
2026060613,6.29
2026060614,70.03
2026060614,47.55
2026060614,28.7
2026060614,25.24
2026060615,53.41
2026060615,33.4
2026060615,34.5
2026060615,90.55
2026060616,35.19
2026060616,27.25
2026060616,30.39
2026060616,25.41
2026060617,26.78
2026060617,23.51
2026060617,19.21
2026060617,21.19
2026060618,16.96
2026060618,12.64
2026060618,8.96
2026060618,5.06
2026060619,4.16
2026060619,0.15
2026060619,0.0
2026060619,-0.0001
2026060620,-0.0001
2026060620,-0.0001
2026060620,-0.0001
2026060620,-0.0001
2026060621,-0.0001
2026060621,-0.0001
2026060621,-0.0001
2026060621,-0.0001
2026060622,-0.0001
2026060622,-0.0001
2026060622,-0.0001
2026060622,-0.0001
2026060623,-0.0001
2026060623,-0.0001
2026060623,-0.0001
2026060623,-0.0001
2026060700,0.0
2026060700,-0.0001
2026060700,-0.0001
2026060700,-0.0001
2026060701,-0.0001
2026060701,-0.0001
2026060701,-0.0001
2026060701,-0.0001
2026060702,-0.0001
2026060702,-0.0001
2026060702,-0.0001
2026060702,-0.0001
2026060703,2.83
2026060703,8.28
2026060703,-0.0001
2026060703,-0.0001
2026060704,12.67
2026060704,2.17
2026060704,18.33
2026060704,7.15
2026060705,0.31
2026060705,0.0
2026060705,-0.0001
2026060705,-0.0001
2026060706,-0.0001
2026060706,-0.0001
2026060706,-0.0001
2026060706,-0.0001
2026060707,-0.0001
2026060707,-0.0001
2026060707,-0.0001
2026060707,-0.0001
2026060708,-0.0001
2026060708,-0.0001
2026060708,-0.0001
2026060708,-0.0001
2026060709,-0.0001
2026060709,-0.0001
2026060709,-0.0001
2026060709,-0.0001
2026060710,-0.0001
2026060710,-0.0001
2026060710,-0.0001
2026060710,-0.0001
2026060711,-0.0001
2026060711,-0.0001
2026060711,-0.0001
2026060711,-0.0001
2026060712,-0.0001
2026060712,-0.0001
2026060712,-0.0001
2026060712,-0.0001
2026060713,-0.0001
2026060713,-0.0001
2026060713,-0.0001
2026060713,-0.0001
2026060714,-0.0001
2026060714,-0.0001
2026060714,-0.0001
2026060714,-0.0001
2026060715,-0.0001
2026060715,-0.0001
2026060715,-0.0001
2026060715,-0.0001
2026060716,19.25
2026060716,22.58
2026060716,17.87
2026060716,-0.0001
2026060717,7.61
2026060717,5.64
2026060717,4.53
2026060717,9.2
2026060718,9.41
2026060718,4.26
2026060718,5.76
2026060718,0.39
2026060719,2.16
2026060719,4.13
2026060719,0.08
2026060719,0.0
2026060720,-0.0001
2026060720,-0.0001
2026060720,-0.0001
2026060720,-0.0001
2026060721,-0.0001
2026060721,-0.0001
2026060721,-0.0001
2026060721,-0.0001
2026060722,-0.0001
2026060722,-0.0001
2026060722,-0.0001
2026060722,-0.0001
2026060723,-0.0001
2026060723,-0.0001
2026060723,-0.0001
2026060723,-0.0001
2026060800,0.0
2026060800,-0.0001
2026060800,-0.0001
2026060800,-0.0001
2026060801,-0.0001
2026060801,-0.0001
2026060801,-0.0001
2026060801,-0.0001
2026060802,-0.0001
2026060802,-0.0001
2026060802,-0.0001
2026060802,-0.0001
2026060803,2.09
2026060803,8.31
2026060803,14.99
2026060803,23.36
2026060804,20.57
2026060804,17.49
2026060804,25.02
2026060804,35.39
2026060805,36.9
2026060805,42.07
2026060805,54.71
2026060805,48.63
2026060806,58.87
2026060806,55.81
2026060806,66.88
2026060806,70.11
2026060807,86.31
2026060807,68.34
2026060807,92.17
2026060807,74.71
2026060808,83.08
2026060808,86.86
2026060808,123.82
2026060808,103.51
2026060809,89.3
2026060809,87.04
2026060809,100.85
2026060809,152.95
2026060810,109.99
2026060810,114.95
2026060810,51.94
2026060810,73.07
2026060811,91.52
2026060811,38.9
2026060811,48.42
2026060811,46.54
2026060812,43.64
2026060812,61.0
2026060812,101.2
2026060812,104.48
2026060813,99.75
2026060813,76.28
2026060813,79.08
2026060813,53.81
2026060814,38.16
2026060814,48.12
2026060814,34.12
2026060814,41.48
2026060815,52.44
2026060815,60.43
2026060815,53.05
2026060815,45.57
2026060816,40.4
2026060816,48.58
2026060816,44.07
2026060816,32.83
2026060817,41.75
2026060817,35.14
2026060817,28.58
2026060817,13.45
2026060818,12.55
2026060818,3.26
2026060818,3.29
2026060818,6.62
2026060819,1.9
2026060819,0.0
2026060819,-0.0001
2026060819,-0.0001
2026060820,-0.0001
2026060820,-0.0001
2026060820,-0.0001
2026060820,-0.0001
2026060821,-0.0001
2026060821,-0.0001
2026060821,-0.0001
2026060821,-0.0001
2026060822,-0.0001
2026060822,-0.0001
2026060822,-0.0001
2026060822,-0.0001
2026060823,-0.0001
2026060823,-0.0001
2026060823,-0.0001
2026060823,-0.0001
2026060900,0.0
2026060900,-0.0001
2026060900,-0.0001
2026060900,-0.0001
2026060901,-0.0001
2026060901,-0.0001
2026060901,-0.0001
2026060901,-0.0001
2026060902,-0.0001
2026060902,-0.0001
2026060902,-0.0001
2026060902,-0.0001
2026060903,1.82
2026060903,1.99
2026060903,1.45
2026060903,-0.0001
2026060904,4.04
2026060904,10.21
2026060904,21.03
2026060904,28.83
2026060905,34.12
2026060905,27.05
2026060905,22.64
2026060905,30.29
2026060906,52.25
2026060906,43.29
2026060906,40.97
2026060906,40.39
2026060907,80.45
2026060907,117.29
2026060907,51.86
2026060907,101.72
2026060908,89.81
2026060908,118.74
2026060908,103.81
2026060908,122.95
2026060909,147.29
2026060909,121.34
2026060909,152.17
2026060909,106.58
2026060910,16.85
2026060910,12.47
2026060910,96.49
2026060910,16.63
2026060911,0.27
2026060911,0.0
2026060911,-0.0001
2026060911,-0.0001
2026060912,71.52
2026060912,5.45
2026060912,0.0
2026060912,-0.0001
2026060913,0.06
2026060913,0.0
2026060913,-0.0001
2026060913,-0.0001
2026060914,48.47
2026060914,18.36
2026060914,42.74
2026060914,39.94
2026060915,119.63
2026060915,119.3
2026060915,36.21
2026060915,134.1
2026060916,77.91
2026060916,59.76
2026060916,91.01
2026060916,62.88
2026060917,49.77
2026060917,44.25
2026060917,20.0
2026060917,-0.0001
2026060918,22.87
2026060918,16.64
2026060918,12.73
2026060918,5.35
2026060919,4.63
2026060919,3.47
2026060919,0.0
2026060919,-0.0001
2026060920,-0.0001
2026060920,-0.0001
2026060920,-0.0001
2026060920,-0.0001
2026060921,-0.0001
2026060921,-0.0001
2026060921,-0.0001
2026060921,-0.0001
2026060922,-0.0001
2026060922,-0.0001
2026060922,-0.0001
2026060922,-0.0001
2026060923,-0.0001
2026060923,-0.0001
2026060923,-0.0001
2026060923,-0.0001
2026061000,0.0
2026061000,-0.0001
2026061000,-0.0001
2026061000,-0.0001
2026061001,-0.0001
2026061001,-0.0001
2026061001,-0.0001
2026061001,-0.0001
2026061002,-0.0001
2026061002,-0.0001
2026061002,-0.0001
2026061002,-0.0001
2026061003,1.48
2026061003,3.97
2026061003,7.02
2026061003,-0.0001
2026061004,10.8
2026061004,12.39
2026061004,18.6
2026061004,21.19
2026061005,33.96
2026061005,41.09
2026061005,58.92
2026061005,74.84
2026061006,86.88
2026061006,83.69
2026061006,57.83
2026061006,64.88
2026061007,67.3
2026061007,23.03
2026061007,39.39
2026061007,167.07
2026061008,153.04
2026061008,94.42
2026061008,80.82
2026061008,57.04
2026061009,51.3
2026061009,81.9
2026061009,14.66
2026061009,32.57
2026061010,71.87
2026061010,34.09
2026061010,72.63
2026061010,76.95
2026061011,5.0
2026061011,0.0
2026061011,3.18
2026061011,-0.0001
2026061012,125.04
2026061012,159.49
2026061012,201.46
2026061012,191.11
2026061013,159.7
2026061013,91.0
2026061013,91.75
2026061013,105.98
2026061014,165.43
2026061014,142.13
2026061014,140.07
2026061014,126.73
2026061015,67.35
2026061015,86.17
2026061015,85.32
2026061015,131.9
2026061016,116.75
2026061016,40.6
2026061016,77.48
2026061016,73.14
2026061017,65.66
2026061017,58.81
2026061017,41.12
2026061017,36.21
2026061018,26.55
2026061018,18.29
2026061018,13.06
2026061018,7.38
2026061019,5.68
2026061019,4.79
2026061019,2.53
2026061019,0.54
2026061020,0.0
2026061020,-0.0001
2026061020,-0.0001
2026061020,-0.0001
2026061021,-0.0001
2026061021,-0.0001
2026061021,-0.0001
2026061021,-0.0001
2026061022,-0.0001
2026061022,-0.0001
2026061022,-0.0001
2026061022,-0.0001
2026061023,-0.0001
2026061023,-0.0001
2026061023,-0.0001
2026061023,-0.0001
2026061100,0.0
2026061100,-0.0001
2026061100,-0.0001
2026061100,-0.0001
2026061101,-0.0001
2026061101,-0.0001
2026061101,-0.0001
2026061101,-0.0001
2026061102,0.68
2026061102,-0.0001
2026061102,-0.0001
2026061102,-0.0001
2026061103,4.76
2026061103,6.19
2026061103,10.15
2026061103,22.71
2026061104,39.03
2026061104,38.96
2026061104,21.6
2026061104,17.68
2026061105,44.69
2026061105,63.04
2026061105,44.48
2026061105,49.07
2026061106,46.22
2026061106,90.78
2026061106,127.48
2026061106,147.08
2026061107,75.93
2026061107,32.99
2026061107,31.74
2026061107,82.58
2026061108,180.68
2026061108,143.76
2026061108,45.81
2026061108,47.59
2026061109,81.11
2026061109,94.87
2026061109,85.87
2026061109,123.97
2026061110,173.24
2026061110,188.17
2026061110,180.01
2026061110,194.38
2026061111,190.94
2026061111,198.85
2026061111,180.74
2026061111,187.76
2026061112,176.09
2026061112,174.04
2026061112,151.34
2026061112,97.88
2026061113,115.72
2026061113,132.91
2026061113,168.2
2026061113,157.91
2026061114,167.59
2026061114,147.0
2026061114,106.6
2026061114,130.35
2026061115,140.91
2026061115,146.1
2026061115,145.08
2026061115,87.82
2026061116,92.39
2026061116,73.13
2026061116,33.71
2026061116,26.15
2026061117,53.95
2026061117,51.73
2026061117,36.06
2026061117,24.02
2026061118,16.95
2026061118,-0.0001
2026061118,-0.0001
2026061118,-0.0001
2026061119,-0.0001
2026061119,-0.0001
2026061119,-0.0001
2026061119,-0.0001
2026061120,-0.0001
2026061120,-0.0001
2026061120,-0.0001
2026061120,-0.0001
2026061121,-0.0001
2026061121,-0.0001
2026061121,-0.0001
2026061121,-0.0001
2026061122,-0.0001
2026061122,-0.0001
2026061122,-0.0001
2026061122,-0.0001
2026061123,-0.0001
2026061123,-0.0001
2026061123,-0.0001
2026061123,-0.0001
2026061200,-0.0001
2026061200,-0.0001
2026061200,-0.0001
2026061200,-0.0001
2026061201,-0.0001
2026061201,-0.0001
2026061201,-0.0001
2026061201,-0.0001
2026061202,-0.0001
2026061202,-0.0001
2026061202,-0.0001
2026061202,-0.0001
2026061203,-0.0001
2026061203,-0.0001
2026061203,-0.0001
2026061203,-0.0001
2026061204,-0.0001
2026061204,-0.0001
2026061204,-0.0001
2026061204,-0.0001
2026061205,-0.0001
2026061205,-0.0001
2026061205,-0.0001
2026061205,-0.0001
2026061206,-0.0001
2026061206,-0.0001
2026061206,-0.0001
2026061206,-0.0001
2026061207,-0.0001
2026061207,-0.0001
2026061207,-0.0001
2026061207,-0.0001
2026061208,-0.0001
2026061208,-0.0001
2026061208,-0.0001
2026061208,-0.0001
2026061209,-0.0001
2026061209,-0.0001
2026061209,-0.0001
2026061209,-0.0001
2026061210,-0.0001
2026061210,-0.0001
2026061210,-0.0001
2026061210,-0.0001
2026061211,-0.0001
2026061211,-0.0001
2026061211,-0.0001
2026061211,-0.0001
2026061212,-0.0001
2026061212,-0.0001
2026061212,-0.0001
2026061212,-0.0001
2026061213,-0.0001
2026061213,-0.0001
2026061213,-0.0001
2026061213,-0.0001
2026061214,-0.0001
2026061214,-0.0001
2026061214,-0.0001
2026061214,-0.0001
2026061215,-0.0001
2026061215,-0.0001
2026061215,-0.0001
2026061215,-0.0001
2026061216,-0.0001
2026061216,-0.0001
2026061216,-0.0001
2026061216,-0.0001
2026061217,-0.0001
2026061217,-0.0001
2026061217,-0.0001
2026061217,-0.0001
2026061218,-0.0001
2026061218,-0.0001
2026061218,-0.0001
2026061218,-0.0001
2026061219,-0.0001
2026061219,-0.0001
2026061219,-0.0001
2026061219,-0.0001
2026061220,-0.0001
2026061220,-0.0001
2026061220,-0.0001
2026061220,-0.0001
2026061221,-0.0001
2026061221,-0.0001
2026061221,-0.0001
2026061221,-0.0001
2026061222,-0.0001
2026061222,-0.0001
2026061222,-0.0001
2026061222,-0.0001
2026061223,-0.0001
2026061223,-0.0001
2026061223,-0.0001
2026061223,-0.0001
