Timestamp,Quantity_MW
2025010100,0.0
2025010100,0.0
2025010100,0.0
2025010100,0.0
2025010101,0.21
2025010101,0.21
2025010101,0.21
2025010101,0.21
2025010102,3.65
2025010102,3.65
2025010102,3.65
2025010102,3.65
2025010103,4.76
2025010103,4.76
2025010103,4.76
2025010103,4.76
2025010104,4.49
2025010104,4.49
2025010104,4.49
2025010104,4.49
2025010105,3.7
2025010105,3.7
2025010105,3.7
2025010105,3.7
2025010106,3.97
2025010106,3.97
2025010106,3.97
2025010106,3.97
2025010107,2.25
2025010107,2.25
2025010107,2.25
2025010107,2.25
2025010108,0.0
2025010108,0.0
2025010108,0.0
2025010108,0.0
2025010200,0.0
2025010200,0.0
2025010200,0.0
2025010200,0.0
2025010201,0.15
2025010201,0.15
2025010201,0.15
2025010201,0.15
2025010202,6.55
2025010202,6.55
2025010202,6.55
2025010202,6.55
2025010203,22.64
2025010203,22.64
2025010203,22.64
2025010203,22.64
2025010204,36.96
2025010204,36.96
2025010204,36.96
2025010204,36.96
2025010205,31.43
2025010205,31.43
2025010205,31.43
2025010205,31.43
2025010206,19.35
2025010206,19.35
2025010206,19.35
2025010206,19.35
2025010207,9.54
2025010207,9.54
2025010207,9.54
2025010207,9.54
2025010208,4.02
2025010208,4.02
2025010208,4.02
2025010208,4.02
2025010209,0.0
2025010209,0.0
2025010209,0.0
2025010209,0.0
2025010300,0.0
2025010300,0.0
2025010300,0.0
2025010300,0.0
2025010301,3.51
2025010301,3.51
2025010301,3.51
2025010301,3.51
2025010302,6.91
2025010302,6.91
2025010302,6.91
2025010302,6.91
2025010303,16.92
2025010303,16.92
2025010303,16.92
2025010303,16.92
2025010304,22.35
2025010304,22.35
2025010304,22.35
2025010304,22.35
2025010305,30.17
2025010305,30.17
2025010305,30.17
2025010305,30.17
2025010306,12.5
2025010306,12.5
2025010306,12.5
2025010306,12.5
2025010307,3.76
2025010307,3.76
2025010307,3.76
2025010307,3.76
2025010308,0.0
2025010308,0.0
2025010308,0.0
2025010308,0.0
2025010400,0.0
2025010400,0.0
2025010400,0.0
2025010400,0.0
2025010401,1.72
2025010401,1.72
2025010401,1.72
2025010401,1.72
2025010402,4.21
2025010402,4.21
2025010402,4.21
2025010402,4.21
2025010403,4.46
2025010403,4.46
2025010403,4.46
2025010403,4.46
2025010404,4.08
2025010404,4.08
2025010404,4.08
2025010404,4.08
2025010405,4.69
2025010405,4.69
2025010405,4.69
2025010405,4.69
2025010406,2.77
2025010406,2.77
2025010406,2.77
2025010406,2.77
2025010407,0.18
2025010407,0.18
2025010407,0.18
2025010407,0.18
2025010408,0.0
2025010408,0.0
2025010408,0.0
2025010408,0.0
2025010500,0.0
2025010500,0.0
2025010500,0.0
2025010500,0.0
2025010501,0.07
2025010501,0.07
2025010501,0.07
2025010501,0.07
2025010502,2.26
2025010502,2.26
2025010502,2.26
2025010502,2.26
2025010503,2.98
2025010503,2.98
2025010503,2.98
2025010503,2.98
2025010504,3.72
2025010504,3.72
2025010504,3.72
2025010504,3.72
2025010505,4.03
2025010505,4.03
2025010505,4.03
2025010505,4.03
2025010506,3.84
2025010506,3.84
2025010506,3.84
2025010506,3.84
2025010507,1.51
2025010507,1.51
2025010507,1.51
2025010507,1.51
2025010508,0.0
2025010508,0.0
2025010508,0.0
2025010508,0.0
2025010600,0.0
2025010600,0.0
2025010600,0.0
2025010600,0.0
2025010601,0.08
2025010601,0.08
2025010601,0.08
2025010601,0.08
2025010602,3.6
2025010602,3.6
2025010602,3.6
2025010602,3.6
2025010603,5.31
2025010603,5.31
2025010603,5.31
2025010603,5.31
2025010604,5.98
2025010604,5.98
2025010604,5.98
2025010604,5.98
2025010605,4.26
2025010605,4.26
2025010605,4.26
2025010605,4.26
2025010606,3.93
2025010606,3.93
2025010606,3.93
2025010606,3.93
2025010607,1.81
2025010607,1.81
2025010607,1.81
2025010607,1.81
2025010608,0.0
2025010608,0.0
2025010608,0.0
2025010608,0.0
2025010700,0.0
2025010700,0.0
2025010700,0.0
2025010700,0.0
2025010701,0.95
2025010701,0.95
2025010701,0.95
2025010701,0.95
2025010702,6.33
2025010702,6.33
2025010702,6.33
2025010702,6.33
2025010703,13.08
2025010703,13.08
2025010703,13.08
2025010703,13.08
2025010704,24.45
2025010704,24.45
2025010704,24.45
2025010704,24.45
2025010705,28.38
2025010705,28.38
2025010705,28.38
2025010705,28.38
2025010706,11.71
2025010706,11.71
2025010706,11.71
2025010706,11.71
2025010707,5.49
2025010707,5.49
2025010707,5.49
2025010707,5.49
2025010708,0.38
2025010708,0.38
2025010708,0.38
2025010708,0.38
2025010709,0.0
2025010709,0.0
2025010709,0.0
2025010709,0.0
2025010800,0.0
2025010800,0.0
2025010800,0.0
2025010800,0.0
2025010801,3.18
2025010801,3.18
2025010801,3.18
2025010801,3.18
2025010802,7.15
2025010802,7.15
2025010802,7.15
2025010802,7.15
2025010803,19.4
2025010803,19.4
2025010803,19.4
2025010803,19.4
2025010804,15.5
2025010804,15.5
2025010804,15.5
2025010804,15.5
2025010805,15.9
2025010805,15.9
2025010805,15.9
2025010805,15.9
2025010806,7.31
2025010806,7.31
2025010806,7.31
2025010806,7.31
2025010807,5.16
2025010807,5.16
2025010807,5.16
2025010807,5.16
2025010808,0.01
2025010808,0.01
2025010808,0.01
2025010808,0.01
2025010809,0.0
2025010809,0.0
2025010809,0.0
2025010809,0.0
2025010900,0.0
2025010900,0.0
2025010900,0.0
2025010900,0.0
2025010901,0.03
2025010901,0.03
2025010901,0.03
2025010901,0.03
2025010902,6.03
2025010902,6.03
2025010902,6.03
2025010902,6.03
2025010903,14.42
2025010903,14.42
2025010903,14.42
2025010903,14.42
2025010904,30.25
2025010904,30.25
2025010904,30.25
2025010904,30.25
2025010905,36.34
2025010905,36.34
2025010905,36.34
2025010905,36.34
2025010906,35.72
2025010906,35.72
2025010906,35.72
2025010906,35.72
2025010907,22.93
2025010907,22.93
2025010907,22.93
2025010907,22.93
2025010908,5.38
2025010908,5.38
2025010908,5.38
2025010908,5.38
2025010909,0.35
2025010909,0.35
2025010909,0.35
2025010909,0.35
2025010910,0.0
2025010910,0.0
2025010910,0.0
2025010910,0.0
2025011000,0.0
2025011000,0.0
2025011000,0.0
2025011000,0.0
2025011001,0.25
2025011001,0.25
2025011001,0.25
2025011001,0.25
2025011002,6.2
2025011002,6.2
2025011002,6.2
2025011002,6.2
2025011003,9.37
2025011003,9.37
2025011003,9.37
2025011003,9.37
2025011004,16.87
2025011004,16.87
2025011004,16.87
2025011004,16.87
2025011005,21.0
2025011005,21.0
2025011005,21.0
2025011005,21.0
2025011006,40.27
2025011006,40.27
2025011006,40.27
2025011006,40.27
2025011007,20.59
2025011007,20.59
2025011007,20.59
2025011007,20.59
2025011008,9.0
2025011008,9.0
2025011008,9.0
2025011008,9.0
2025011009,0.71
2025011009,0.71
2025011009,0.71
2025011009,0.71
2025011010,0.0
2025011010,0.0
2025011010,0.0
2025011010,0.0
2025011100,0.0
2025011100,0.0
2025011100,0.0
2025011100,0.0
2025011101,0.03
2025011101,0.03
2025011101,0.03
2025011101,0.03
2025011102,6.16
2025011102,6.16
2025011102,6.16
2025011102,6.16
2025011103,26.4
2025011103,26.4
2025011103,26.4
2025011103,26.4
2025011104,39.94
2025011104,39.94
2025011104,39.94
2025011104,39.94
2025011105,44.61
2025011105,44.61
2025011105,44.61
2025011105,44.61
2025011106,42.47
2025011106,42.47
2025011106,42.47
2025011106,42.47
2025011107,29.06
2025011107,29.06
2025011107,29.06
2025011107,29.06
2025011108,9.5
2025011108,9.5
2025011108,9.5
2025011108,9.5
2025011109,0.94
2025011109,0.94
2025011109,0.94
2025011109,0.94
2025011110,0.0
2025011110,0.0
2025011110,0.0
2025011110,0.0
2025011200,0.0
2025011200,0.0
2025011200,0.0
2025011200,0.0
2025011201,0.63
2025011201,0.63
2025011201,0.63
2025011201,0.63
2025011202,7.82
2025011202,7.82
2025011202,7.82
2025011202,7.82
2025011203,26.54
2025011203,26.54
2025011203,26.54
2025011203,26.54
2025011204,41.53
2025011204,41.53
2025011204,41.53
2025011204,41.53
2025011205,48.58
2025011205,48.58
2025011205,48.58
2025011205,48.58
2025011206,43.19
2025011206,43.19
2025011206,43.19
2025011206,43.19
2025011207,30.07
2025011207,30.07
2025011207,30.07
2025011207,30.07
2025011208,10.37
2025011208,10.37
2025011208,10.37
2025011208,10.37
2025011209,1.27
2025011209,1.27
2025011209,1.27
2025011209,1.27
2025011210,0.0
2025011210,0.0
2025011210,0.0
2025011210,0.0
2025011300,0.0
2025011300,0.0
2025011300,0.0
2025011300,0.0
2025011301,1.18
2025011301,1.18
2025011301,1.18
2025011301,1.18
2025011302,4.09
2025011302,4.09
2025011302,4.09
2025011302,4.09
2025011303,5.5
2025011303,5.5
2025011303,5.5
2025011303,5.5
2025011304,6.15
2025011304,6.15
2025011304,6.15
2025011304,6.15
2025011305,8.97
2025011305,8.97
2025011305,8.97
2025011305,8.97
2025011306,6.66
2025011306,6.66
2025011306,6.66
2025011306,6.66
2025011307,5.44
2025011307,5.44
2025011307,5.44
2025011307,5.44
2025011308,4.93
2025011308,4.93
2025011308,4.93
2025011308,4.93
2025011309,0.0
2025011309,0.0
2025011309,0.0
2025011309,0.0
2025011400,0.0
2025011400,0.0
2025011400,0.0
2025011400,0.0
2025011401,0.75
2025011401,0.75
2025011401,0.75
2025011401,0.75
2025011402,4.53
2025011402,4.53
2025011402,4.53
2025011402,4.53
2025011403,5.83
2025011403,5.83
2025011403,5.83
2025011403,5.83
2025011404,8.9
2025011404,8.9
2025011404,8.9
2025011404,8.9
2025011405,16.92
2025011405,16.92
2025011405,16.92
2025011405,16.92
2025011406,16.18
2025011406,16.18
2025011406,16.18
2025011406,16.18
2025011407,7.13
2025011407,7.13
2025011407,7.13
2025011407,7.13
2025011408,1.41
2025011408,1.41
2025011408,1.41
2025011408,1.41
2025011409,0.0
2025011409,0.0
2025011409,0.0
2025011409,0.0
2025011500,0.0
2025011500,0.0
2025011500,0.0
2025011500,0.0
2025011501,1.57
2025011501,1.57
2025011501,1.57
2025011501,1.57
2025011502,9.83
2025011502,9.83
2025011502,9.83
2025011502,9.83
2025011503,26.2
2025011503,26.2
2025011503,26.2
2025011503,26.2
2025011504,31.93
2025011504,31.93
2025011504,31.93
2025011504,31.93
2025011505,28.49
2025011505,28.49
2025011505,28.49
2025011505,28.49
2025011506,15.22
2025011506,15.22
2025011506,15.22
2025011506,15.22
2025011507,16.14
2025011507,16.14
2025011507,16.14
2025011507,16.14
2025011508,7.51
2025011508,7.51
2025011508,7.51
2025011508,7.51
2025011509,0.82
2025011509,0.82
2025011509,0.82
2025011509,0.82
2025011510,0.0
2025011510,0.0
2025011510,0.0
2025011510,0.0
2025011600,0.0
2025011600,0.0
2025011600,0.0
2025011600,0.0
2025011601,1.77
2025011601,1.77
2025011601,1.77
2025011601,1.77
2025011602,5.63
2025011602,5.63
2025011602,5.63
2025011602,5.63
2025011603,7.67
2025011603,7.67
2025011603,7.67
2025011603,7.67
2025011604,11.66
2025011604,11.66
2025011604,11.66
2025011604,11.66
2025011605,10.14
2025011605,10.14
2025011605,10.14
2025011605,10.14
2025011606,8.52
2025011606,8.52
2025011606,8.52
2025011606,8.52
2025011607,4.83
2025011607,4.83
2025011607,4.83
2025011607,4.83
2025011608,0.91
2025011608,0.91
2025011608,0.91
2025011608,0.91
2025011609,0.0
2025011609,0.0
2025011609,0.0
2025011609,0.0
2025011700,0.0
2025011700,0.0
2025011700,0.0
2025011700,0.0
2025011701,2.0
2025011701,2.0
2025011701,2.0
2025011701,2.0
2025011702,4.76
2025011702,4.76
2025011702,4.76
2025011702,4.76
2025011703,5.72
2025011703,5.72
2025011703,5.72
2025011703,5.72
2025011704,6.49
2025011704,6.49
2025011704,6.49
2025011704,6.49
2025011705,5.8
2025011705,5.8
2025011705,5.8
2025011705,5.8
2025011706,5.57
2025011706,5.57
2025011706,5.57
2025011706,5.57
2025011707,1.55
2025011707,1.55
2025011707,1.55
2025011707,1.55
2025011708,0.0
2025011708,0.0
2025011708,0.0
2025011708,0.0
2025011800,0.0
2025011800,0.0
2025011800,0.0
2025011800,0.0
2025011801,1.59
2025011801,1.59
2025011801,1.59
2025011801,1.59
2025011802,4.8
2025011802,4.8
2025011802,4.8
2025011802,4.8
2025011803,6.64
2025011803,6.64
2025011803,6.64
2025011803,6.64
2025011804,6.27
2025011804,6.27
2025011804,6.27
2025011804,6.27
2025011805,5.43
2025011805,5.43
2025011805,5.43
2025011805,5.43
2025011806,4.76
2025011806,4.76
2025011806,4.76
2025011806,4.76
2025011807,3.6
2025011807,3.6
2025011807,3.6
2025011807,3.6
2025011808,0.11
2025011808,0.11
2025011808,0.11
2025011808,0.11
2025011809,0.0
2025011809,0.0
2025011809,0.0
2025011809,0.0
2025011900,0.0
2025011900,0.0
2025011900,0.0
2025011900,0.0
2025011901,0.27
2025011901,0.27
2025011901,0.27
2025011901,0.27
2025011902,5.12
2025011902,5.12
2025011902,5.12
2025011902,5.12
2025011903,12.12
2025011903,12.12
2025011903,12.12
2025011903,12.12
2025011904,25.75
2025011904,25.75
2025011904,25.75
2025011904,25.75
2025011905,58.35
2025011905,58.35
2025011905,58.35
2025011905,58.35
2025011906,56.48
2025011906,56.48
2025011906,56.48
2025011906,56.48
2025011907,36.65
2025011907,36.65
2025011907,36.65
2025011907,36.65
2025011908,15.19
2025011908,15.19
2025011908,15.19
2025011908,15.19
2025011909,2.22
2025011909,2.22
2025011909,2.22
2025011909,2.22
2025011910,0.0
2025011910,0.0
2025011910,0.0
2025011910,0.0
2025012000,0.0
2025012000,0.0
2025012000,0.0
2025012000,0.0
2025012001,0.63
2025012001,0.63
2025012001,0.63
2025012001,0.63
2025012002,4.52
2025012002,4.52
2025012002,4.52
2025012002,4.52
2025012003,7.77
2025012003,7.77
2025012003,7.77
2025012003,7.77
2025012004,9.88
2025012004,9.88
2025012004,9.88
2025012004,9.88
2025012005,12.08
2025012005,12.08
2025012005,12.08
2025012005,12.08
2025012006,8.94
2025012006,8.94
2025012006,8.94
2025012006,8.94
2025012007,6.12
2025012007,6.12
2025012007,6.12
2025012007,6.12
2025012008,3.53
2025012008,3.53
2025012008,3.53
2025012008,3.53
2025012009,0.0
2025012009,0.0
2025012009,0.0
2025012009,0.0
2025012100,0.0
2025012100,0.0
2025012100,0.0
2025012100,0.0
2025012101,0.52
2025012101,0.52
2025012101,0.52
2025012101,0.52
2025012102,6.31
2025012102,6.31
2025012102,6.31
2025012102,6.31
2025012103,10.42
2025012103,10.42
2025012103,10.42
2025012103,10.42
2025012104,8.45
2025012104,8.45
2025012104,8.45
2025012104,8.45
2025012105,4.7
2025012105,4.7
2025012105,4.7
2025012105,4.7
2025012106,4.29
2025012106,4.29
2025012106,4.29
2025012106,4.29
2025012107,5.09
2025012107,5.09
2025012107,5.09
2025012107,5.09
2025012108,4.26
2025012108,4.26
2025012108,4.26
2025012108,4.26
2025012109,1.59
2025012109,1.59
2025012109,1.59
2025012109,1.59
2025012110,0.0
2025012110,0.0
2025012110,0.0
2025012110,0.0
2025012200,0.0
2025012200,0.0
2025012200,0.0
2025012200,0.0
2025012201,0.01
2025012201,0.01
2025012201,0.01
2025012201,0.01
2025012202,3.58
2025012202,3.58
2025012202,3.58
2025012202,3.58
2025012203,7.28
2025012203,7.28
2025012203,7.28
2025012203,7.28
2025012204,10.98
2025012204,10.98
2025012204,10.98
2025012204,10.98
2025012205,13.11
2025012205,13.11
2025012205,13.11
2025012205,13.11
2025012206,11.77
2025012206,11.77
2025012206,11.77
2025012206,11.77
2025012207,7.11
2025012207,7.11
2025012207,7.11
2025012207,7.11
2025012208,3.93
2025012208,3.93
2025012208,3.93
2025012208,3.93
2025012209,0.0
2025012209,0.0
2025012209,0.0
2025012209,0.0
2025012300,0.0
2025012300,0.0
2025012300,0.0
2025012300,0.0
2025012301,1.1
2025012301,1.1
2025012301,1.1
2025012301,1.1
2025012302,4.34
2025012302,4.34
2025012302,4.34
2025012302,4.34
2025012303,4.72
2025012303,4.72
2025012303,4.72
2025012303,4.72
2025012304,10.03
2025012304,10.03
2025012304,10.03
2025012304,10.03
2025012305,16.0
2025012305,16.0
2025012305,16.0
2025012305,16.0
2025012306,14.47
2025012306,14.47
2025012306,14.47
2025012306,14.47
2025012307,5.56
2025012307,5.56
2025012307,5.56
2025012307,5.56
2025012308,2.06
2025012308,2.06
2025012308,2.06
2025012308,2.06
2025012309,0.0
2025012309,0.0
2025012309,0.0
2025012309,0.0
2025012400,0.0
2025012400,0.0
2025012400,0.0
2025012400,0.0
2025012401,0.23
2025012401,0.23
2025012401,0.23
2025012401,0.23
2025012402,5.01
2025012402,5.01
2025012402,5.01
2025012402,5.01
2025012403,7.09
2025012403,7.09
2025012403,7.09
2025012403,7.09
2025012404,8.5
2025012404,8.5
2025012404,8.5
2025012404,8.5
2025012405,6.65
2025012405,6.65
2025012405,6.65
2025012405,6.65
2025012406,5.43
2025012406,5.43
2025012406,5.43
2025012406,5.43
2025012407,4.42
2025012407,4.42
2025012407,4.42
2025012407,4.42
2025012408,2.37
2025012408,2.37
2025012408,2.37
2025012408,2.37
2025012409,0.0
2025012409,0.0
2025012409,0.0
2025012409,0.0
2025012500,0.0
2025012500,0.0
2025012500,0.0
2025012500,0.0
2025012501,0.02
2025012501,0.02
2025012501,0.02
2025012501,0.02
2025012502,5.39
2025012502,5.39
2025012502,5.39
2025012502,5.39
2025012503,6.97
2025012503,6.97
2025012503,6.97
2025012503,6.97
2025012504,11.24
2025012504,11.24
2025012504,11.24
2025012504,11.24
2025012505,7.24
2025012505,7.24
2025012505,7.24
2025012505,7.24
2025012506,12.66
2025012506,12.66
2025012506,12.66
2025012506,12.66
2025012507,23.6
2025012507,23.6
2025012507,23.6
2025012507,23.6
2025012508,12.53
2025012508,12.53
2025012508,12.53
2025012508,12.53
2025012509,2.47
2025012509,2.47
2025012509,2.47
2025012509,2.47
2025012510,0.0
2025012510,0.0
2025012510,0.0
2025012510,0.0
2025012600,0.0
2025012600,0.0
2025012600,0.0
2025012600,0.0
2025012601,0.3
2025012601,0.3
2025012601,0.3
2025012601,0.3
2025012602,6.46
2025012602,6.46
2025012602,6.46
2025012602,6.46
2025012603,15.09
2025012603,15.09
2025012603,15.09
2025012603,15.09
2025012604,25.78
2025012604,25.78
2025012604,25.78
2025012604,25.78
2025012605,31.26
2025012605,31.26
2025012605,31.26
2025012605,31.26
2025012606,20.99
2025012606,20.99
2025012606,20.99
2025012606,20.99
2025012607,36.01
2025012607,36.01
2025012607,36.01
2025012607,36.01
2025012608,19.67
2025012608,19.67
2025012608,19.67
2025012608,19.67
2025012609,3.68
2025012609,3.68
2025012609,3.68
2025012609,3.68
2025012610,0.0
2025012610,0.0
2025012610,0.0
2025012610,0.0
2025012700,0.0
2025012700,0.0
2025012700,0.0
2025012700,0.0
2025012701,1.75
2025012701,1.75
2025012701,1.75
2025012701,1.75
2025012702,4.86
2025012702,4.86
2025012702,4.86
2025012702,4.86
2025012703,7.27
2025012703,7.27
2025012703,7.27
2025012703,7.27
2025012704,7.8
2025012704,7.8
2025012704,7.8
2025012704,7.8
2025012705,23.65
2025012705,23.65
2025012705,23.65
2025012705,23.65
2025012706,35.5
2025012706,35.5
2025012706,35.5
2025012706,35.5
2025012707,18.3
2025012707,18.3
2025012707,18.3
2025012707,18.3
2025012708,3.78
2025012708,3.78
2025012708,3.78
2025012708,3.78
2025012709,0.0
2025012709,0.0
2025012709,0.0
2025012709,0.0
2025012800,0.0
2025012800,0.0
2025012800,0.0
2025012800,0.0
2025012801,1.15
2025012801,1.15
2025012801,1.15
2025012801,1.15
2025012802,12.64
2025012802,12.64
2025012802,12.64
2025012802,12.64
2025012803,28.94
2025012803,28.94
2025012803,28.94
2025012803,28.94
2025012804,48.34
2025012804,48.34
2025012804,48.34
2025012804,48.34
2025012805,40.6
2025012805,40.6
2025012805,40.6
2025012805,40.6
2025012806,40.06
2025012806,40.06
2025012806,40.06
2025012806,40.06
2025012807,20.11
2025012807,20.11
2025012807,20.11
2025012807,20.11
2025012808,8.69
2025012808,8.69
2025012808,8.69
2025012808,8.69
2025012809,1.56
2025012809,1.56
2025012809,1.56
2025012809,1.56
2025012810,0.0
2025012810,0.0
2025012810,0.0
2025012810,0.0
2025012900,0.0
2025012900,0.0
2025012900,0.0
2025012900,0.0
2025012901,1.07
2025012901,1.07
2025012901,1.07
2025012901,1.07
2025012902,5.04
2025012902,5.04
2025012902,5.04
2025012902,5.04
2025012903,11.2
2025012903,11.2
2025012903,11.2
2025012903,11.2
2025012904,12.35
2025012904,12.35
2025012904,12.35
2025012904,12.35
2025012905,11.11
2025012905,11.11
2025012905,11.11
2025012905,11.11
2025012906,11.01
2025012906,11.01
2025012906,11.01
2025012906,11.01
2025012907,7.35
2025012907,7.35
2025012907,7.35
2025012907,7.35
2025012908,3.87
2025012908,3.87
2025012908,3.87
2025012908,3.87
2025012909,0.27
2025012909,0.27
2025012909,0.27
2025012909,0.27
2025012910,0.0
2025012910,0.0
2025012910,0.0
2025012910,0.0
2025013000,0.0
2025013000,0.0
2025013000,0.0
2025013000,0.0
2025013001,1.58
2025013001,1.58
2025013001,1.58
2025013001,1.58
2025013002,9.32
2025013002,9.32
2025013002,9.32
2025013002,9.32
2025013003,11.38
2025013003,11.38
2025013003,11.38
2025013003,11.38
2025013004,26.08
2025013004,26.08
2025013004,26.08
2025013004,26.08
2025013005,29.17
2025013005,29.17
2025013005,29.17
2025013005,29.17
2025013006,26.46
2025013006,26.46
2025013006,26.46
2025013006,26.46
2025013007,21.68
2025013007,21.68
2025013007,21.68
2025013007,21.68
2025013008,16.5
2025013008,16.5
2025013008,16.5
2025013008,16.5
2025013009,4.37
2025013009,4.37
2025013009,4.37
2025013009,4.37
2025013010,0.0
2025013010,0.0
2025013010,0.0
2025013010,0.0
2025013100,0.0
2025013100,0.0
2025013100,0.0
2025013100,0.0
2025013101,3.07
2025013101,3.07
2025013101,3.07
2025013101,3.07
2025013102,11.88
2025013102,11.88
2025013102,11.88
2025013102,11.88
2025013103,24.85
2025013103,24.85
2025013103,24.85
2025013103,24.85
2025013104,24.73
2025013104,24.73
2025013104,24.73
2025013104,24.73
2025013105,21.46
2025013105,21.46
2025013105,21.46
2025013105,21.46
2025013106,31.41
2025013106,31.41
2025013106,31.41
2025013106,31.41
2025013107,21.3
2025013107,21.3
2025013107,21.3
2025013107,21.3
2025013108,10.51
2025013108,10.51
2025013108,10.51
2025013108,10.51
2025013109,3.99
2025013109,3.99
2025013109,3.99
2025013109,3.99
2025013110,0.0
2025013110,0.0
2025013110,0.0
2025013110,0.0
2025020100,0.0
2025020100,0.0
2025020100,0.0
2025020100,0.0
2025020101,1.21
2025020101,1.21
2025020101,1.21
2025020101,1.21
2025020102,8.65
2025020102,8.65
2025020102,8.65
2025020102,8.65
2025020103,47.4
2025020103,47.4
2025020103,47.4
2025020103,47.4
2025020104,62.89
2025020104,62.89
2025020104,62.89
2025020104,62.89
2025020105,73.15
2025020105,73.15
2025020105,73.15
2025020105,73.15
2025020106,38.94
2025020106,38.94
2025020106,38.94
2025020106,38.94
2025020107,25.23
2025020107,25.23
2025020107,25.23
2025020107,25.23
2025020108,37.37
2025020108,37.37
2025020108,37.37
2025020108,37.37
2025020109,6.95
2025020109,6.95
2025020109,6.95
2025020109,6.95
2025020110,0.02
2025020110,0.02
2025020110,0.02
2025020110,0.02
2025020111,0.0
2025020111,0.0
2025020111,0.0
2025020111,0.0
2025020200,0.0
2025020200,0.0
2025020200,0.0
2025020200,0.0
2025020201,1.65
2025020201,1.65
2025020201,1.65
2025020201,1.65
2025020202,5.68
2025020202,5.68
2025020202,5.68
2025020202,5.68
2025020203,24.09
2025020203,24.09
2025020203,24.09
2025020203,24.09
2025020204,43.05
2025020204,43.05
2025020204,43.05
2025020204,43.05
2025020205,34.92
2025020205,34.92
2025020205,34.92
2025020205,34.92
2025020206,25.58
2025020206,25.58
2025020206,25.58
2025020206,25.58
2025020207,15.15
2025020207,15.15
2025020207,15.15
2025020207,15.15
2025020208,6.64
2025020208,6.64
2025020208,6.64
2025020208,6.64
2025020209,3.54
2025020209,3.54
2025020209,3.54
2025020209,3.54
2025020210,0.0
2025020210,0.0
2025020210,0.0
2025020210,0.0
2025020300,0.0
2025020300,0.0
2025020300,0.0
2025020300,0.0
2025020301,1.66
2025020301,1.66
2025020301,1.66
2025020301,1.66
2025020302,9.91
2025020302,9.91
2025020302,9.91
2025020302,9.91
2025020303,23.54
2025020303,23.54
2025020303,23.54
2025020303,23.54
2025020304,23.74
2025020304,23.74
2025020304,23.74
2025020304,23.74
2025020305,21.74
2025020305,21.74
2025020305,21.74
2025020305,21.74
2025020306,14.64
2025020306,14.64
2025020306,14.64
2025020306,14.64
2025020307,8.01
2025020307,8.01
2025020307,8.01
2025020307,8.01
2025020308,5.91
2025020308,5.91
2025020308,5.91
2025020308,5.91
2025020309,3.03
2025020309,3.03
2025020309,3.03
2025020309,3.03
2025020310,0.0
2025020310,0.0
2025020310,0.0
2025020310,0.0
2025020400,0.0
2025020400,0.0
2025020400,0.0
2025020400,0.0
2025020401,2.05
2025020401,2.05
2025020401,2.05
2025020401,2.05
2025020402,8.5
2025020402,8.5
2025020402,8.5
2025020402,8.5
2025020403,11.35
2025020403,11.35
2025020403,11.35
2025020403,11.35
2025020404,14.88
2025020404,14.88
2025020404,14.88
2025020404,14.88
2025020405,16.03
2025020405,16.03
2025020405,16.03
2025020405,16.03
2025020406,11.19
2025020406,11.19
2025020406,11.19
2025020406,11.19
2025020407,6.25
2025020407,6.25
2025020407,6.25
2025020407,6.25
2025020408,2.54
2025020408,2.54
2025020408,2.54
2025020408,2.54
2025020409,0.0
2025020409,0.0
2025020409,0.0
2025020409,0.0
2025020500,0.0
2025020500,0.0
2025020500,0.0
2025020500,0.0
2025020501,4.13
2025020501,4.13
2025020501,4.13
2025020501,4.13
2025020502,23.04
2025020502,23.04
2025020502,23.04
2025020502,23.04
2025020503,47.47
2025020503,47.47
2025020503,47.47
2025020503,47.47
2025020504,54.21
2025020504,54.21
2025020504,54.21
2025020504,54.21
2025020505,59.73
2025020505,59.73
2025020505,59.73
2025020505,59.73
2025020506,70.06
2025020506,70.06
2025020506,70.06
2025020506,70.06
2025020507,55.75
2025020507,55.75
2025020507,55.75
2025020507,55.75
2025020508,17.36
2025020508,17.36
2025020508,17.36
2025020508,17.36
2025020509,9.09
2025020509,9.09
2025020509,9.09
2025020509,9.09
2025020510,0.18
2025020510,0.18
2025020510,0.18
2025020510,0.18
2025020511,0.0
2025020511,0.0
2025020511,0.0
2025020511,0.0
2025020600,0.0
2025020600,0.0
2025020600,0.0
2025020600,0.0
2025020601,4.62
2025020601,4.62
2025020601,4.62
2025020601,4.62
2025020602,26.42
2025020602,26.42
2025020602,26.42
2025020602,26.42
2025020603,54.0
2025020603,54.0
2025020603,54.0
2025020603,54.0
2025020604,72.74
2025020604,72.74
2025020604,72.74
2025020604,72.74
2025020605,45.65
2025020605,45.65
2025020605,45.65
2025020605,45.65
2025020606,79.21
2025020606,79.21
2025020606,79.21
2025020606,79.21
2025020607,61.94
2025020607,61.94
2025020607,61.94
2025020607,61.94
2025020608,37.87
2025020608,37.87
2025020608,37.87
2025020608,37.87
2025020609,10.66
2025020609,10.66
2025020609,10.66
2025020609,10.66
2025020610,0.66
2025020610,0.66
2025020610,0.66
2025020610,0.66
2025020611,0.0
2025020611,0.0
2025020611,0.0
2025020611,0.0
2025020700,0.0
2025020700,0.0
2025020700,0.0
2025020700,0.0
2025020701,4.87
2025020701,4.87
2025020701,4.87
2025020701,4.87
2025020702,26.84
2025020702,26.84
2025020702,26.84
2025020702,26.84
2025020703,47.31
2025020703,47.31
2025020703,47.31
2025020703,47.31
2025020704,21.2
2025020704,21.2
2025020704,21.2
2025020704,21.2
2025020705,17.11
2025020705,17.11
2025020705,17.11
2025020705,17.11
2025020706,20.72
2025020706,20.72
2025020706,20.72
2025020706,20.72
2025020707,17.7
2025020707,17.7
2025020707,17.7
2025020707,17.7
2025020708,7.35
2025020708,7.35
2025020708,7.35
2025020708,7.35
2025020709,5.33
2025020709,5.33
2025020709,5.33
2025020709,5.33
2025020710,0.0
2025020710,0.0
2025020710,0.0
2025020710,0.0
2025020800,0.0
2025020800,0.0
2025020800,0.0
2025020800,0.0
2025020801,2.18
2025020801,2.18
2025020801,2.18
2025020801,2.18
2025020802,6.22
2025020802,6.22
2025020802,6.22
2025020802,6.22
2025020803,8.26
2025020803,8.26
2025020803,8.26
2025020803,8.26
2025020804,13.72
2025020804,13.72
2025020804,13.72
2025020804,13.72
2025020805,16.66
2025020805,16.66
2025020805,16.66
2025020805,16.66
2025020806,13.09
2025020806,13.09
2025020806,13.09
2025020806,13.09
2025020807,7.48
2025020807,7.48
2025020807,7.48
2025020807,7.48
2025020808,5.46
2025020808,5.46
2025020808,5.46
2025020808,5.46
2025020809,4.16
2025020809,4.16
2025020809,4.16
2025020809,4.16
2025020810,0.0
2025020810,0.0
2025020810,0.0
2025020810,0.0
2025020900,0.0
2025020900,0.0
2025020900,0.0
2025020900,0.0
2025020901,0.43
2025020901,0.43
2025020901,0.43
2025020901,0.43
2025020902,4.12
2025020902,4.12
2025020902,4.12
2025020902,4.12
2025020903,6.34
2025020903,6.34
2025020903,6.34
2025020903,6.34
2025020904,7.97
2025020904,7.97
2025020904,7.97
2025020904,7.97
2025020905,11.05
2025020905,11.05
2025020905,11.05
2025020905,11.05
2025020906,12.42
2025020906,12.42
2025020906,12.42
2025020906,12.42
2025020907,10.54
2025020907,10.54
2025020907,10.54
2025020907,10.54
2025020908,6.15
2025020908,6.15
2025020908,6.15
2025020908,6.15
2025020909,3.37
2025020909,3.37
2025020909,3.37
2025020909,3.37
2025020910,0.0
2025020910,0.0
2025020910,0.0
2025020910,0.0
2025021000,0.0
2025021000,0.0
2025021000,0.0
2025021000,0.0
2025021001,1.8
2025021001,1.8
2025021001,1.8
2025021001,1.8
2025021002,4.56
2025021002,4.56
2025021002,4.56
2025021002,4.56
2025021003,5.91
2025021003,5.91
2025021003,5.91
2025021003,5.91
2025021004,6.87
2025021004,6.87
2025021004,6.87
2025021004,6.87
2025021005,7.3
2025021005,7.3
2025021005,7.3
2025021005,7.3
2025021006,7.42
2025021006,7.42
2025021006,7.42
2025021006,7.42
2025021007,6.65
2025021007,6.65
2025021007,6.65
2025021007,6.65
2025021008,5.21
2025021008,5.21
2025021008,5.21
2025021008,5.21
2025021009,3.1
2025021009,3.1
2025021009,3.1
2025021009,3.1
2025021010,0.0
2025021010,0.0
2025021010,0.0
2025021010,0.0
2025021100,0.0
2025021100,0.0
2025021100,0.0
2025021100,0.0
2025021101,4.39
2025021101,4.39
2025021101,4.39
2025021101,4.39
2025021102,14.36
2025021102,14.36
2025021102,14.36
2025021102,14.36
2025021103,50.3
2025021103,50.3
2025021103,50.3
2025021103,50.3
2025021104,55.82
2025021104,55.82
2025021104,55.82
2025021104,55.82
2025021105,87.28
2025021105,87.28
2025021105,87.28
2025021105,87.28
2025021106,93.1
2025021106,93.1
2025021106,93.1
2025021106,93.1
2025021107,73.35
2025021107,73.35
2025021107,73.35
2025021107,73.35
2025021108,44.22
2025021108,44.22
2025021108,44.22
2025021108,44.22
2025021109,14.64
2025021109,14.64
2025021109,14.64
2025021109,14.64
2025021110,1.0
2025021110,1.0
2025021110,1.0
2025021110,1.0
2025021111,0.0
2025021111,0.0
2025021111,0.0
2025021111,0.0
2025021200,0.0
2025021200,0.0
2025021200,0.0
2025021200,0.0
2025021201,3.68
2025021201,3.68
2025021201,3.68
2025021201,3.68
2025021202,10.79
2025021202,10.79
2025021202,10.79
2025021202,10.79
2025021203,16.59
2025021203,16.59
2025021203,16.59
2025021203,16.59
2025021204,18.79
2025021204,18.79
2025021204,18.79
2025021204,18.79
2025021205,21.56
2025021205,21.56
2025021205,21.56
2025021205,21.56
2025021206,20.55
2025021206,20.55
2025021206,20.55
2025021206,20.55
2025021207,16.05
2025021207,16.05
2025021207,16.05
2025021207,16.05
2025021208,8.61
2025021208,8.61
2025021208,8.61
2025021208,8.61
2025021209,4.76
2025021209,4.76
2025021209,4.76
2025021209,4.76
2025021210,0.18
2025021210,0.18
2025021210,0.18
2025021210,0.18
2025021211,0.0
2025021211,0.0
2025021211,0.0
2025021211,0.0
2025021300,0.0
2025021300,0.0
2025021300,0.0
2025021300,0.0
2025021301,2.28
2025021301,2.28
2025021301,2.28
2025021301,2.28
2025021302,5.81
2025021302,5.81
2025021302,5.81
2025021302,5.81
2025021303,8.86
2025021303,8.86
2025021303,8.86
2025021303,8.86
2025021304,12.45
2025021304,12.45
2025021304,12.45
2025021304,12.45
2025021305,22.85
2025021305,22.85
2025021305,22.85
2025021305,22.85
2025021306,37.5
2025021306,37.5
2025021306,37.5
2025021306,37.5
2025021307,32.56
2025021307,32.56
2025021307,32.56
2025021307,32.56
2025021308,20.16
2025021308,20.16
2025021308,20.16
2025021308,20.16
2025021309,6.05
2025021309,6.05
2025021309,6.05
2025021309,6.05
2025021310,0.0
2025021310,0.0
2025021310,0.0
2025021310,0.0
2025021400,0.0
2025021400,0.0
2025021400,0.0
2025021400,0.0
2025021401,3.57
2025021401,3.57
2025021401,3.57
2025021401,3.57
2025021402,8.43
2025021402,8.43
2025021402,8.43
2025021402,8.43
2025021403,60.68
2025021403,60.68
2025021403,60.68
2025021403,60.68
2025021404,39.83
2025021404,39.83
2025021404,39.83
2025021404,39.83
2025021405,70.23
2025021405,70.23
2025021405,70.23
2025021405,70.23
2025021406,49.28
2025021406,49.28
2025021406,49.28
2025021406,49.28
2025021407,61.09
2025021407,61.09
2025021407,61.09
2025021407,61.09
2025021408,44.81
2025021408,44.81
2025021408,44.81
2025021408,44.81
2025021409,13.55
2025021409,13.55
2025021409,13.55
2025021409,13.55
2025021410,1.78
2025021410,1.78
2025021410,1.78
2025021410,1.78
2025021411,0.0
2025021411,0.0
2025021411,0.0
2025021411,0.0
2025021500,0.0
2025021500,0.0
2025021500,0.0
2025021500,0.0
2025021501,0.58
2025021501,0.58
2025021501,0.58
2025021501,0.58
2025021502,8.5
2025021502,8.5
2025021502,8.5
2025021502,8.5
2025021503,32.6
2025021503,32.6
2025021503,32.6
2025021503,32.6
2025021504,35.94
2025021504,35.94
2025021504,35.94
2025021504,35.94
2025021505,44.5
2025021505,44.5
2025021505,44.5
2025021505,44.5
2025021506,35.3
2025021506,35.3
2025021506,35.3
2025021506,35.3
2025021507,11.77
2025021507,11.77
2025021507,11.77
2025021507,11.77
2025021508,12.09
2025021508,12.09
2025021508,12.09
2025021508,12.09
2025021509,9.6
2025021509,9.6
2025021509,9.6
2025021509,9.6
2025021510,5.2
2025021510,5.2
2025021510,5.2
2025021510,5.2
2025021511,0.38
2025021511,0.38
2025021511,0.38
2025021511,0.38
2025021512,0.0
2025021512,0.0
2025021512,0.0
2025021512,0.0
2025021600,0.0
2025021600,0.0
2025021600,0.0
2025021600,0.0
2025021601,0.8
2025021601,0.8
2025021601,0.8
2025021601,0.8
2025021602,13.14
2025021602,13.14
2025021602,13.14
2025021602,13.14
2025021603,44.97
2025021603,44.97
2025021603,44.97
2025021603,44.97
2025021604,79.71
2025021604,79.71
2025021604,79.71
2025021604,79.71
2025021605,100.36
2025021605,100.36
2025021605,100.36
2025021605,100.36
2025021606,107.96
2025021606,107.96
2025021606,107.96
2025021606,107.96
2025021607,103.3
2025021607,103.3
2025021607,103.3
2025021607,103.3
2025021608,87.27
2025021608,87.27
2025021608,87.27
2025021608,87.27
2025021609,55.51
2025021609,55.51
2025021609,55.51
2025021609,55.51
2025021610,21.94
2025021610,21.94
2025021610,21.94
2025021610,21.94
2025021611,2.52
2025021611,2.52
2025021611,2.52
2025021611,2.52
2025021612,0.0
2025021612,0.0
2025021612,0.0
2025021612,0.0
2025021700,0.0
2025021700,0.0
2025021700,0.0
2025021700,0.0
2025021701,1.04
2025021701,1.04
2025021701,1.04
2025021701,1.04
2025021702,13.77
2025021702,13.77
2025021702,13.77
2025021702,13.77
2025021703,45.9
2025021703,45.9
2025021703,45.9
2025021703,45.9
2025021704,80.58
2025021704,80.58
2025021704,80.58
2025021704,80.58
2025021705,99.99
2025021705,99.99
2025021705,99.99
2025021705,99.99
2025021706,100.03
2025021706,100.03
2025021706,100.03
2025021706,100.03
2025021707,93.86
2025021707,93.86
2025021707,93.86
2025021707,93.86
2025021708,53.91
2025021708,53.91
2025021708,53.91
2025021708,53.91
2025021709,29.16
2025021709,29.16
2025021709,29.16
2025021709,29.16
2025021710,11.42
2025021710,11.42
2025021710,11.42
2025021710,11.42
2025021711,2.48
2025021711,2.48
2025021711,2.48
2025021711,2.48
2025021712,0.0
2025021712,0.0
2025021712,0.0
2025021712,0.0
2025021800,0.0
2025021800,0.0
2025021800,0.0
2025021800,0.0
2025021801,1.04
2025021801,1.04
2025021801,1.04
2025021801,1.04
2025021802,14.42
2025021802,14.42
2025021802,14.42
2025021802,14.42
2025021803,45.92
2025021803,45.92
2025021803,45.92
2025021803,45.92
2025021804,80.03
2025021804,80.03
2025021804,80.03
2025021804,80.03
2025021805,86.24
2025021805,86.24
2025021805,86.24
2025021805,86.24
2025021806,90.37
2025021806,90.37
2025021806,90.37
2025021806,90.37
2025021807,81.9
2025021807,81.9
2025021807,81.9
2025021807,81.9
2025021808,68.01
2025021808,68.01
2025021808,68.01
2025021808,68.01
2025021809,55.31
2025021809,55.31
2025021809,55.31
2025021809,55.31
2025021810,23.82
2025021810,23.82
2025021810,23.82
2025021810,23.82
2025021811,2.87
2025021811,2.87
2025021811,2.87
2025021811,2.87
2025021812,0.0
2025021812,0.0
2025021812,0.0
2025021812,0.0
2025021900,0.0
2025021900,0.0
2025021900,0.0
2025021900,0.0
2025021901,1.21
2025021901,1.21
2025021901,1.21
2025021901,1.21
2025021902,14.69
2025021902,14.69
2025021902,14.69
2025021902,14.69
2025021903,45.28
2025021903,45.28
2025021903,45.28
2025021903,45.28
2025021904,83.61
2025021904,83.61
2025021904,83.61
2025021904,83.61
2025021905,102.03
2025021905,102.03
2025021905,102.03
2025021905,102.03
2025021906,109.14
2025021906,109.14
2025021906,109.14
2025021906,109.14
2025021907,105.38
2025021907,105.38
2025021907,105.38
2025021907,105.38
2025021908,89.98
2025021908,89.98
2025021908,89.98
2025021908,89.98
2025021909,61.87
2025021909,61.87
2025021909,61.87
2025021909,61.87
2025021910,25.19
2025021910,25.19
2025021910,25.19
2025021910,25.19
2025021911,2.77
2025021911,2.77
2025021911,2.77
2025021911,2.77
2025021912,0.0
2025021912,0.0
2025021912,0.0
2025021912,0.0
2025022000,0.0
2025022000,0.0
2025022000,0.0
2025022000,0.0
2025022001,1.32
2025022001,1.32
2025022001,1.32
2025022001,1.32
2025022002,16.32
2025022002,16.32
2025022002,16.32
2025022002,16.32
2025022003,19.3
2025022003,19.3
2025022003,19.3
2025022003,19.3
2025022004,63.33
2025022004,63.33
2025022004,63.33
2025022004,63.33
2025022005,77.75
2025022005,77.75
2025022005,77.75
2025022005,77.75
2025022006,76.39
2025022006,76.39
2025022006,76.39
2025022006,76.39
2025022007,35.3
2025022007,35.3
2025022007,35.3
2025022007,35.3
2025022008,29.76
2025022008,29.76
2025022008,29.76
2025022008,29.76
2025022009,17.29
2025022009,17.29
2025022009,17.29
2025022009,17.29
2025022010,12.12
2025022010,12.12
2025022010,12.12
2025022010,12.12
2025022011,1.61
2025022011,1.61
2025022011,1.61
2025022011,1.61
2025022012,0.0
2025022012,0.0
2025022012,0.0
2025022012,0.0
2025022100,0.0
2025022100,0.0
2025022100,0.0
2025022100,0.0
2025022101,0.12
2025022101,0.12
2025022101,0.12
2025022101,0.12
2025022102,4.45
2025022102,4.45
2025022102,4.45
2025022102,4.45
2025022103,7.7
2025022103,7.7
2025022103,7.7
2025022103,7.7
2025022104,10.85
2025022104,10.85
2025022104,10.85
2025022104,10.85
2025022105,9.38
2025022105,9.38
2025022105,9.38
2025022105,9.38
2025022106,10.79
2025022106,10.79
2025022106,10.79
2025022106,10.79
2025022107,15.07
2025022107,15.07
2025022107,15.07
2025022107,15.07
2025022108,10.25
2025022108,10.25
2025022108,10.25
2025022108,10.25
2025022109,8.33
2025022109,8.33
2025022109,8.33
2025022109,8.33
2025022110,4.83
2025022110,4.83
2025022110,4.83
2025022110,4.83
2025022111,0.75
2025022111,0.75
2025022111,0.75
2025022111,0.75
2025022112,0.0
2025022112,0.0
2025022112,0.0
2025022112,0.0
2025022200,0.0
2025022200,0.0
2025022200,0.0
2025022200,0.0
2025022201,0.38
2025022201,0.38
2025022201,0.38
2025022201,0.38
2025022202,5.35
2025022202,5.35
2025022202,5.35
2025022202,5.35
2025022203,10.57
2025022203,10.57
2025022203,10.57
2025022203,10.57
2025022204,29.18
2025022204,29.18
2025022204,29.18
2025022204,29.18
2025022205,28.14
2025022205,28.14
2025022205,28.14
2025022205,28.14
2025022206,24.2
2025022206,24.2
2025022206,24.2
2025022206,24.2
2025022207,13.29
2025022207,13.29
2025022207,13.29
2025022207,13.29
2025022208,9.0
2025022208,9.0
2025022208,9.0
2025022208,9.0
2025022209,5.18
2025022209,5.18
2025022209,5.18
2025022209,5.18
2025022210,2.69
2025022210,2.69
2025022210,2.69
2025022210,2.69
2025022211,0.0
2025022211,0.0
2025022211,0.0
2025022211,0.0
2025022300,0.0
2025022300,0.0
2025022300,0.0
2025022300,0.0
2025022301,1.17
2025022301,1.17
2025022301,1.17
2025022301,1.17
2025022302,7.25
2025022302,7.25
2025022302,7.25
2025022302,7.25
2025022303,22.62
2025022303,22.62
2025022303,22.62
2025022303,22.62
2025022304,51.66
2025022304,51.66
2025022304,51.66
2025022304,51.66
2025022305,99.77
2025022305,99.77
2025022305,99.77
2025022305,99.77
2025022306,107.06
2025022306,107.06
2025022306,107.06
2025022306,107.06
2025022307,98.24
2025022307,98.24
2025022307,98.24
2025022307,98.24
2025022308,88.4
2025022308,88.4
2025022308,88.4
2025022308,88.4
2025022309,56.85
2025022309,56.85
2025022309,56.85
2025022309,56.85
2025022310,8.61
2025022310,8.61
2025022310,8.61
2025022310,8.61
2025022311,2.07
2025022311,2.07
2025022311,2.07
2025022311,2.07
2025022312,0.0
2025022312,0.0
2025022312,0.0
2025022312,0.0
2025022400,0.0
2025022400,0.0
2025022400,0.0
2025022400,0.0
2025022401,3.53
2025022401,3.53
2025022401,3.53
2025022401,3.53
2025022402,6.22
2025022402,6.22
2025022402,6.22
2025022402,6.22
2025022403,9.83
2025022403,9.83
2025022403,9.83
2025022403,9.83
2025022404,10.16
2025022404,10.16
2025022404,10.16
2025022404,10.16
2025022405,10.22
2025022405,10.22
2025022405,10.22
2025022405,10.22
2025022406,8.62
2025022406,8.62
2025022406,8.62
2025022406,8.62
2025022407,7.84
2025022407,7.84
2025022407,7.84
2025022407,7.84
2025022408,5.38
2025022408,5.38
2025022408,5.38
2025022408,5.38
2025022409,4.14
2025022409,4.14
2025022409,4.14
2025022409,4.14
2025022410,0.24
2025022410,0.24
2025022410,0.24
2025022410,0.24
2025022411,0.0
2025022411,0.0
2025022411,0.0
2025022411,0.0
2025022500,0.0
2025022500,0.0
2025022500,0.0
2025022500,0.0
2025022501,1.01
2025022501,1.01
2025022501,1.01
2025022501,1.01
2025022502,6.07
2025022502,6.07
2025022502,6.07
2025022502,6.07
2025022503,13.12
2025022503,13.12
2025022503,13.12
2025022503,13.12
2025022504,32.45
2025022504,32.45
2025022504,32.45
2025022504,32.45
2025022505,27.6
2025022505,27.6
2025022505,27.6
2025022505,27.6
2025022506,42.69
2025022506,42.69
2025022506,42.69
2025022506,42.69
2025022507,20.33
2025022507,20.33
2025022507,20.33
2025022507,20.33
2025022508,12.95
2025022508,12.95
2025022508,12.95
2025022508,12.95
2025022509,6.59
2025022509,6.59
2025022509,6.59
2025022509,6.59
2025022510,5.26
2025022510,5.26
2025022510,5.26
2025022510,5.26
2025022511,3.75
2025022511,3.75
2025022511,3.75
2025022511,3.75
2025022512,0.0
2025022512,0.0
2025022512,0.0
2025022512,0.0
2025022600,0.0
2025022600,0.0
2025022600,0.0
2025022600,0.0
2025022601,1.0
2025022601,1.0
2025022601,1.0
2025022601,1.0
2025022602,5.26
2025022602,5.26
2025022602,5.26
2025022602,5.26
2025022603,11.06
2025022603,11.06
2025022603,11.06
2025022603,11.06
2025022604,25.32
2025022604,25.32
2025022604,25.32
2025022604,25.32
2025022605,28.98
2025022605,28.98
2025022605,28.98
2025022605,28.98
2025022606,40.67
2025022606,40.67
2025022606,40.67
2025022606,40.67
2025022607,56.27
2025022607,56.27
2025022607,56.27
2025022607,56.27
2025022608,45.07
2025022608,45.07
2025022608,45.07
2025022608,45.07
2025022609,16.52
2025022609,16.52
2025022609,16.52
2025022609,16.52
2025022610,6.68
2025022610,6.68
2025022610,6.68
2025022610,6.68
2025022611,2.68
2025022611,2.68
2025022611,2.68
2025022611,2.68
2025022612,0.0
2025022612,0.0
2025022612,0.0
2025022612,0.0
2025022700,0.0
2025022700,0.0
2025022700,0.0
2025022700,0.0
2025022701,0.92
2025022701,0.92
2025022701,0.92
2025022701,0.92
2025022702,8.34
2025022702,8.34
2025022702,8.34
2025022702,8.34
2025022703,18.28
2025022703,18.28
2025022703,18.28
2025022703,18.28
2025022704,20.31
2025022704,20.31
2025022704,20.31
2025022704,20.31
2025022705,24.67
2025022705,24.67
2025022705,24.67
2025022705,24.67
2025022706,39.12
2025022706,39.12
2025022706,39.12
2025022706,39.12
2025022707,41.33
2025022707,41.33
2025022707,41.33
2025022707,41.33
2025022708,50.74
2025022708,50.74
2025022708,50.74
2025022708,50.74
2025022709,50.61
2025022709,50.61
2025022709,50.61
2025022709,50.61
2025022710,34.15
2025022710,34.15
2025022710,34.15
2025022710,34.15
2025022711,4.11
2025022711,4.11
2025022711,4.11
2025022711,4.11
2025022712,0.0
2025022712,0.0
2025022712,0.0
2025022712,0.0
2025022800,0.0
2025022800,0.0
2025022800,0.0
2025022800,0.0
2025022801,2.03
2025022801,2.03
2025022801,2.03
2025022801,2.03
2025022802,6.58
2025022802,6.58
2025022802,6.58
2025022802,6.58
2025022803,15.06
2025022803,15.06
2025022803,15.06
2025022803,15.06
2025022804,30.51
2025022804,30.51
2025022804,30.51
2025022804,30.51
2025022805,101.53
2025022805,101.53
2025022805,101.53
2025022805,101.53
2025022806,126.52
2025022806,126.52
2025022806,126.52
2025022806,126.52
2025022807,122.9
2025022807,122.9
2025022807,122.9
2025022807,122.9
2025022808,102.3
2025022808,102.3
2025022808,102.3
2025022808,102.3
2025022809,72.89
2025022809,72.89
2025022809,72.89
2025022809,72.89
2025022810,38.27
2025022810,38.27
2025022810,38.27
2025022810,38.27
2025022811,8.03
2025022811,8.03
2025022811,8.03
2025022811,8.03
2025022812,0.01
2025022812,0.01
2025022812,0.01
2025022812,0.01
2025022813,0.0
2025022813,0.0
2025022813,0.0
2025022813,0.0
2025030100,0.0
2025030100,0.0
2025030100,0.0
2025030100,0.0
2025030101,2.95
2025030101,2.95
2025030101,2.95
2025030101,2.95
2025030102,8.5
2025030102,8.5
2025030102,8.5
2025030102,8.5
2025030103,28.23
2025030103,28.23
2025030103,28.23
2025030103,28.23
2025030104,27.0
2025030104,27.0
2025030104,27.0
2025030104,27.0
2025030105,44.58
2025030105,44.58
2025030105,44.58
2025030105,44.58
2025030106,79.09
2025030106,79.09
2025030106,79.09
2025030106,79.09
2025030107,69.79
2025030107,69.79
2025030107,69.79
2025030107,69.79
2025030108,69.71
2025030108,69.71
2025030108,69.71
2025030108,69.71
2025030109,23.3
2025030109,23.3
2025030109,23.3
2025030109,23.3
2025030110,12.29
2025030110,12.29
2025030110,12.29
2025030110,12.29
2025030111,4.15
2025030111,4.15
2025030111,4.15
2025030111,4.15
2025030112,0.0
2025030112,0.0
2025030112,0.0
2025030112,0.0
2025030200,0.0
2025030200,0.0
2025030200,0.0
2025030200,0.0
2025030201,4.23
2025030201,4.23
2025030201,4.23
2025030201,4.23
2025030202,18.43
2025030202,18.43
2025030202,18.43
2025030202,18.43
2025030203,24.99
2025030203,24.99
2025030203,24.99
2025030203,24.99
2025030204,41.92
2025030204,41.92
2025030204,41.92
2025030204,41.92
2025030205,108.31
2025030205,108.31
2025030205,108.31
2025030205,108.31
2025030206,102.5
2025030206,102.5
2025030206,102.5
2025030206,102.5
2025030207,66.25
2025030207,66.25
2025030207,66.25
2025030207,66.25
2025030208,36.09
2025030208,36.09
2025030208,36.09
2025030208,36.09
2025030209,40.17
2025030209,40.17
2025030209,40.17
2025030209,40.17
2025030210,37.93
2025030210,37.93
2025030210,37.93
2025030210,37.93
2025030211,10.35
2025030211,10.35
2025030211,10.35
2025030211,10.35
2025030212,0.84
2025030212,0.84
2025030212,0.84
2025030212,0.84
2025030213,0.0
2025030213,0.0
2025030213,0.0
2025030213,0.0
2025030300,0.0
2025030300,0.0
2025030300,0.0
2025030300,0.0
2025030301,4.46
2025030301,4.46
2025030301,4.46
2025030301,4.46
2025030302,19.55
2025030302,19.55
2025030302,19.55
2025030302,19.55
2025030303,16.9
2025030303,16.9
2025030303,16.9
2025030303,16.9
2025030304,39.97
2025030304,39.97
2025030304,39.97
2025030304,39.97
2025030305,75.17
2025030305,75.17
2025030305,75.17
2025030305,75.17
2025030306,65.33
2025030306,65.33
2025030306,65.33
2025030306,65.33
2025030307,63.62
2025030307,63.62
2025030307,63.62
2025030307,63.62
2025030308,83.03
2025030308,83.03
2025030308,83.03
2025030308,83.03
2025030309,33.34
2025030309,33.34
2025030309,33.34
2025030309,33.34
2025030310,25.07
2025030310,25.07
2025030310,25.07
2025030310,25.07
2025030311,5.55
2025030311,5.55
2025030311,5.55
2025030311,5.55
2025030312,0.0
2025030312,0.0
2025030312,0.0
2025030312,0.0
2025030400,0.0
2025030400,0.0
2025030400,0.0
2025030400,0.0
2025030401,2.05
2025030401,2.05
2025030401,2.05
2025030401,2.05
2025030402,6.95
2025030402,6.95
2025030402,6.95
2025030402,6.95
2025030403,7.88
2025030403,7.88
2025030403,7.88
2025030403,7.88
2025030404,12.88
2025030404,12.88
2025030404,12.88
2025030404,12.88
2025030405,26.82
2025030405,26.82
2025030405,26.82
2025030405,26.82
2025030406,41.79
2025030406,41.79
2025030406,41.79
2025030406,41.79
2025030407,77.55
2025030407,77.55
2025030407,77.55
2025030407,77.55
2025030408,35.66
2025030408,35.66
2025030408,35.66
2025030408,35.66
2025030409,17.45
2025030409,17.45
2025030409,17.45
2025030409,17.45
2025030410,12.44
2025030410,12.44
2025030410,12.44
2025030410,12.44
2025030411,6.83
2025030411,6.83
2025030411,6.83
2025030411,6.83
2025030412,0.43
2025030412,0.43
2025030412,0.43
2025030412,0.43
2025030413,0.0
2025030413,0.0
2025030413,0.0
2025030413,0.0
2025030500,0.0
2025030500,0.0
2025030500,0.0
2025030500,0.0
2025030501,2.44
2025030501,2.44
2025030501,2.44
2025030501,2.44
2025030502,6.63
2025030502,6.63
2025030502,6.63
2025030502,6.63
2025030503,20.88
2025030503,20.88
2025030503,20.88
2025030503,20.88
2025030504,47.06
2025030504,47.06
2025030504,47.06
2025030504,47.06
2025030505,61.26
2025030505,61.26
2025030505,61.26
2025030505,61.26
2025030506,30.9
2025030506,30.9
2025030506,30.9
2025030506,30.9
2025030507,23.97
2025030507,23.97
2025030507,23.97
2025030507,23.97
2025030508,27.56
2025030508,27.56
2025030508,27.56
2025030508,27.56
2025030509,27.5
2025030509,27.5
2025030509,27.5
2025030509,27.5
2025030510,17.02
2025030510,17.02
2025030510,17.02
2025030510,17.02
2025030511,5.36
2025030511,5.36
2025030511,5.36
2025030511,5.36
2025030512,0.0
2025030512,0.0
2025030512,0.0
2025030512,0.0
2025030600,0.0
2025030600,0.0
2025030600,0.0
2025030600,0.0
2025030601,6.53
2025030601,6.53
2025030601,6.53
2025030601,6.53
2025030602,33.56
2025030602,33.56
2025030602,33.56
2025030602,33.56
2025030603,73.21
2025030603,73.21
2025030603,73.21
2025030603,73.21
2025030604,110.14
2025030604,110.14
2025030604,110.14
2025030604,110.14
2025030605,130.74
2025030605,130.74
2025030605,130.74
2025030605,130.74
2025030606,110.05
2025030606,110.05
2025030606,110.05
2025030606,110.05
2025030607,131.98
2025030607,131.98
2025030607,131.98
2025030607,131.98
2025030608,111.97
2025030608,111.97
2025030608,111.97
2025030608,111.97
2025030609,78.84
2025030609,78.84
2025030609,78.84
2025030609,78.84
2025030610,38.56
2025030610,38.56
2025030610,38.56
2025030610,38.56
2025030611,9.79
2025030611,9.79
2025030611,9.79
2025030611,9.79
2025030612,0.55
2025030612,0.55
2025030612,0.55
2025030612,0.55
2025030613,0.0
2025030613,0.0
2025030613,0.0
2025030613,0.0
2025030700,0.0
2025030700,0.0
2025030700,0.0
2025030700,0.0
2025030701,0.45
2025030701,0.45
2025030701,0.45
2025030701,0.45
2025030702,6.15
2025030702,6.15
2025030702,6.15
2025030702,6.15
2025030703,30.77
2025030703,30.77
2025030703,30.77
2025030703,30.77
2025030704,52.73
2025030704,52.73
2025030704,52.73
2025030704,52.73
2025030705,65.22
2025030705,65.22
2025030705,65.22
2025030705,65.22
2025030706,98.05
2025030706,98.05
2025030706,98.05
2025030706,98.05
2025030707,97.19
2025030707,97.19
2025030707,97.19
2025030707,97.19
2025030708,63.11
2025030708,63.11
2025030708,63.11
2025030708,63.11
2025030709,59.83
2025030709,59.83
2025030709,59.83
2025030709,59.83
2025030710,40.8
2025030710,40.8
2025030710,40.8
2025030710,40.8
2025030711,6.9
2025030711,6.9
2025030711,6.9
2025030711,6.9
2025030712,7.73
2025030712,7.73
2025030712,7.73
2025030712,7.73
2025030713,0.18
2025030713,0.18
2025030713,0.18
2025030713,0.18
2025030714,0.0
2025030714,0.0
2025030714,0.0
2025030714,0.0
2025030800,0.0
2025030800,0.0
2025030800,0.0
2025030800,0.0
2025030801,4.15
2025030801,4.15
2025030801,4.15
2025030801,4.15
2025030802,15.49
2025030802,15.49
2025030802,15.49
2025030802,15.49
2025030803,43.82
2025030803,43.82
2025030803,43.82
2025030803,43.82
2025030804,77.97
2025030804,77.97
2025030804,77.97
2025030804,77.97
2025030805,104.74
2025030805,104.74
2025030805,104.74
2025030805,104.74
2025030806,107.41
2025030806,107.41
2025030806,107.41
2025030806,107.41
2025030807,108.91
2025030807,108.91
2025030807,108.91
2025030807,108.91
2025030808,89.5
2025030808,89.5
2025030808,89.5
2025030808,89.5
2025030809,66.66
2025030809,66.66
2025030809,66.66
2025030809,66.66
2025030810,47.03
2025030810,47.03
2025030810,47.03
2025030810,47.03
2025030811,11.86
2025030811,11.86
2025030811,11.86
2025030811,11.86
2025030812,0.81
2025030812,0.81
2025030812,0.81
2025030812,0.81
2025030813,0.0
2025030813,0.0
2025030813,0.0
2025030813,0.0
2025030900,0.0
2025030900,0.0
2025030900,0.0
2025030900,0.0
2025030901,0.29
2025030901,0.29
2025030901,0.29
2025030901,0.29
2025030902,6.14
2025030902,6.14
2025030902,6.14
2025030902,6.14
2025030903,29.15
2025030903,29.15
2025030903,29.15
2025030903,29.15
2025030904,66.46
2025030904,66.46
2025030904,66.46
2025030904,66.46
2025030905,103.93
2025030905,103.93
2025030905,103.93
2025030905,103.93
2025030906,97.32
2025030906,97.32
2025030906,97.32
2025030906,97.32
2025030907,55.06
2025030907,55.06
2025030907,55.06
2025030907,55.06
2025030908,32.38
2025030908,32.38
2025030908,32.38
2025030908,32.38
2025030909,89.34
2025030909,89.34
2025030909,89.34
2025030909,89.34
2025030910,52.55
2025030910,52.55
2025030910,52.55
2025030910,52.55
2025030911,44.83
2025030911,44.83
2025030911,44.83
2025030911,44.83
2025030912,11.62
2025030912,11.62
2025030912,11.62
2025030912,11.62
2025030913,1.04
2025030913,1.04
2025030913,1.04
2025030913,1.04
2025030914,0.0
2025030914,0.0
2025030914,0.0
2025030914,0.0
2025031000,0.0
2025031000,0.0
2025031000,0.0
2025031000,0.0
2025031001,0.17
2025031001,0.17
2025031001,0.17
2025031001,0.17
2025031002,7.37
2025031002,7.37
2025031002,7.37
2025031002,7.37
2025031003,0.87
2025031003,0.87
2025031003,0.87
2025031003,0.87
2025031004,0.0
2025031004,0.0
2025031004,0.0
2025031004,0.0
2025031005,3.62
2025031005,3.62
2025031005,3.62
2025031005,3.62
2025031006,0.51
2025031006,0.51
2025031006,0.51
2025031006,0.51
2025031007,0.0
2025031007,0.0
2025031007,0.0
2025031007,0.0
2025031100,0.0
2025031100,0.0
2025031100,0.0
2025031100,0.0
2025031101,2.21
2025031101,2.21
2025031101,2.21
2025031101,2.21
2025031102,4.06
2025031102,4.06
2025031102,4.06
2025031102,4.06
2025031103,5.91
2025031103,5.91
2025031103,5.91
2025031103,5.91
2025031104,11.98
2025031104,11.98
2025031104,11.98
2025031104,11.98
2025031105,21.54
2025031105,21.54
2025031105,21.54
2025031105,21.54
2025031106,15.45
2025031106,15.45
2025031106,15.45
2025031106,15.45
2025031107,12.88
2025031107,12.88
2025031107,12.88
2025031107,12.88
2025031108,9.22
2025031108,9.22
2025031108,9.22
2025031108,9.22
2025031109,6.07
2025031109,6.07
2025031109,6.07
2025031109,6.07
2025031110,5.69
2025031110,5.69
2025031110,5.69
2025031110,5.69
2025031111,0.75
2025031111,0.75
2025031111,0.75
2025031111,0.75
2025031112,0.0
2025031112,0.0
2025031112,0.0
2025031112,0.0
2025031200,0.0
2025031200,0.0
2025031200,0.0
2025031200,0.0
2025031201,0.13
2025031201,0.13
2025031201,0.13
2025031201,0.13
2025031202,5.06
2025031202,5.06
2025031202,5.06
2025031202,5.06
2025031203,9.22
2025031203,9.22
2025031203,9.22
2025031203,9.22
2025031204,14.32
2025031204,14.32
2025031204,14.32
2025031204,14.32
2025031205,16.86
2025031205,16.86
2025031205,16.86
2025031205,16.86
2025031206,12.84
2025031206,12.84
2025031206,12.84
2025031206,12.84
2025031207,21.67
2025031207,21.67
2025031207,21.67
2025031207,21.67
2025031208,29.13
2025031208,29.13
2025031208,29.13
2025031208,29.13
2025031209,52.74
2025031209,52.74
2025031209,52.74
2025031209,52.74
2025031210,67.8
2025031210,67.8
2025031210,67.8
2025031210,67.8
2025031211,14.8
2025031211,14.8
2025031211,14.8
2025031211,14.8
2025031212,12.73
2025031212,12.73
2025031212,12.73
2025031212,12.73
2025031213,1.08
2025031213,1.08
2025031213,1.08
2025031213,1.08
2025031214,0.0
2025031214,0.0
2025031214,0.0
2025031214,0.0
2025031300,0.0
2025031300,0.0
2025031300,0.0
2025031300,0.0
2025031301,4.67
2025031301,4.67
2025031301,4.67
2025031301,4.67
2025031302,6.37
2025031302,6.37
2025031302,6.37
2025031302,6.37
2025031303,15.83
2025031303,15.83
2025031303,15.83
2025031303,15.83
2025031304,29.26
2025031304,29.26
2025031304,29.26
2025031304,29.26
2025031305,35.29
2025031305,35.29
2025031305,35.29
2025031305,35.29
2025031306,27.58
2025031306,27.58
2025031306,27.58
2025031306,27.58
2025031307,15.42
2025031307,15.42
2025031307,15.42
2025031307,15.42
2025031308,20.95
2025031308,20.95
2025031308,20.95
2025031308,20.95
2025031309,13.9
2025031309,13.9
2025031309,13.9
2025031309,13.9
2025031310,7.18
2025031310,7.18
2025031310,7.18
2025031310,7.18
2025031311,3.79
2025031311,3.79
2025031311,3.79
2025031311,3.79
2025031312,0.0
2025031312,0.0
2025031312,0.0
2025031312,0.0
2025031400,0.0
2025031400,0.0
2025031400,0.0
2025031400,0.0
2025031401,1.21
2025031401,1.21
2025031401,1.21
2025031401,1.21
2025031402,16.54
2025031402,16.54
2025031402,16.54
2025031402,16.54
2025031403,48.55
2025031403,48.55
2025031403,48.55
2025031403,48.55
2025031404,77.44
2025031404,77.44
2025031404,77.44
2025031404,77.44
2025031405,125.21
2025031405,125.21
2025031405,125.21
2025031405,125.21
2025031406,133.32
2025031406,133.32
2025031406,133.32
2025031406,133.32
2025031407,150.21
2025031407,150.21
2025031407,150.21
2025031407,150.21
2025031408,130.32
2025031408,130.32
2025031408,130.32
2025031408,130.32
2025031409,122.03
2025031409,122.03
2025031409,122.03
2025031409,122.03
2025031410,77.9
2025031410,77.9
2025031410,77.9
2025031410,77.9
2025031411,41.84
2025031411,41.84
2025031411,41.84
2025031411,41.84
2025031412,17.69
2025031412,17.69
2025031412,17.69
2025031412,17.69
2025031413,1.92
2025031413,1.92
2025031413,1.92
2025031413,1.92
2025031414,0.0
2025031414,0.0
2025031414,0.0
2025031414,0.0
2025031500,0.0
2025031500,0.0
2025031500,0.0
2025031500,0.0
2025031501,1.32
2025031501,1.32
2025031501,1.32
2025031501,1.32
2025031502,18.89
2025031502,18.89
2025031502,18.89
2025031502,18.89
2025031503,59.92
2025031503,59.92
2025031503,59.92
2025031503,59.92
2025031504,82.21
2025031504,82.21
2025031504,82.21
2025031504,82.21
2025031505,71.89
2025031505,71.89
2025031505,71.89
2025031505,71.89
2025031506,72.41
2025031506,72.41
2025031506,72.41
2025031506,72.41
2025031507,94.96
2025031507,94.96
2025031507,94.96
2025031507,94.96
2025031508,95.54
2025031508,95.54
2025031508,95.54
2025031508,95.54
2025031509,52.12
2025031509,52.12
2025031509,52.12
2025031509,52.12
2025031510,76.74
2025031510,76.74
2025031510,76.74
2025031510,76.74
2025031511,51.35
2025031511,51.35
2025031511,51.35
2025031511,51.35
2025031512,18.63
2025031512,18.63
2025031512,18.63
2025031512,18.63
2025031513,2.26
2025031513,2.26
2025031513,2.26
2025031513,2.26
2025031514,0.0
2025031514,0.0
2025031514,0.0
2025031514,0.0
2025031600,0.0
2025031600,0.0
2025031600,0.0
2025031600,0.0
2025031601,0.56
2025031601,0.56
2025031601,0.56
2025031601,0.56
2025031602,6.56
2025031602,6.56
2025031602,6.56
2025031602,6.56
2025031603,31.62
2025031603,31.62
2025031603,31.62
2025031603,31.62
2025031604,73.03
2025031604,73.03
2025031604,73.03
2025031604,73.03
2025031605,91.27
2025031605,91.27
2025031605,91.27
2025031605,91.27
2025031606,107.74
2025031606,107.74
2025031606,107.74
2025031606,107.74
2025031607,154.54
2025031607,154.54
2025031607,154.54
2025031607,154.54
2025031608,145.7
2025031608,145.7
2025031608,145.7
2025031608,145.7
2025031609,133.82
2025031609,133.82
2025031609,133.82
2025031609,133.82
2025031610,104.25
2025031610,104.25
2025031610,104.25
2025031610,104.25
2025031611,61.57
2025031611,61.57
2025031611,61.57
2025031611,61.57
2025031612,23.25
2025031612,23.25
2025031612,23.25
2025031612,23.25
2025031613,2.5
2025031613,2.5
2025031613,2.5
2025031613,2.5
2025031614,0.0
2025031614,0.0
2025031614,0.0
2025031614,0.0
2025031700,0.0
2025031700,0.0
2025031700,0.0
2025031700,0.0
2025031701,1.98
2025031701,1.98
2025031701,1.98
2025031701,1.98
2025031702,20.81
2025031702,20.81
2025031702,20.81
2025031702,20.81
2025031703,61.29
2025031703,61.29
2025031703,61.29
2025031703,61.29
2025031704,101.88
2025031704,101.88
2025031704,101.88
2025031704,101.88
2025031705,130.7
2025031705,130.7
2025031705,130.7
2025031705,130.7
2025031706,144.05
2025031706,144.05
2025031706,144.05
2025031706,144.05
2025031707,152.51
2025031707,152.51
2025031707,152.51
2025031707,152.51
2025031708,148.2
2025031708,148.2
2025031708,148.2
2025031708,148.2
2025031709,133.15
2025031709,133.15
2025031709,133.15
2025031709,133.15
2025031710,104.12
2025031710,104.12
2025031710,104.12
2025031710,104.12
2025031711,65.66
2025031711,65.66
2025031711,65.66
2025031711,65.66
2025031712,25.04
2025031712,25.04
2025031712,25.04
2025031712,25.04
2025031713,3.0
2025031713,3.0
2025031713,3.0
2025031713,3.0
2025031714,0.0
2025031714,0.0
2025031714,0.0
2025031714,0.0
2025031800,0.0
2025031800,0.0
2025031800,0.0
2025031800,0.0
2025031801,0.19
2025031801,0.19
2025031801,0.19
2025031801,0.19
2025031802,6.06
2025031802,6.06
2025031802,6.06
2025031802,6.06
2025031803,15.71
2025031803,15.71
2025031803,15.71
2025031803,15.71
2025031804,38.08
2025031804,38.08
2025031804,38.08
2025031804,38.08
2025031805,43.62
2025031805,43.62
2025031805,43.62
2025031805,43.62
2025031806,36.89
2025031806,36.89
2025031806,36.89
2025031806,36.89
2025031807,8.18
2025031807,8.18
2025031807,8.18
2025031807,8.18
2025031808,75.19
2025031808,75.19
2025031808,75.19
2025031808,75.19
2025031809,106.79
2025031809,106.79
2025031809,106.79
2025031809,106.79
2025031810,33.2
2025031810,33.2
2025031810,33.2
2025031810,33.2
2025031811,17.93
2025031811,17.93
2025031811,17.93
2025031811,17.93
2025031812,7.57
2025031812,7.57
2025031812,7.57
2025031812,7.57
2025031813,1.9
2025031813,1.9
2025031813,1.9
2025031813,1.9
2025031814,0.0
2025031814,0.0
2025031814,0.0
2025031814,0.0
2025031900,0.0
2025031900,0.0
2025031900,0.0
2025031900,0.0
2025031901,0.99
2025031901,0.99
2025031901,0.99
2025031901,0.99
2025031902,14.48
2025031902,14.48
2025031902,14.48
2025031902,14.48
2025031903,59.41
2025031903,59.41
2025031903,59.41
2025031903,59.41
2025031904,101.77
2025031904,101.77
2025031904,101.77
2025031904,101.77
2025031905,132.12
2025031905,132.12
2025031905,132.12
2025031905,132.12
2025031906,150.69
2025031906,150.69
2025031906,150.69
2025031906,150.69
2025031907,156.43
2025031907,156.43
2025031907,156.43
2025031907,156.43
2025031908,152.3
2025031908,152.3
2025031908,152.3
2025031908,152.3
2025031909,134.83
2025031909,134.83
2025031909,134.83
2025031909,134.83
2025031910,105.8
2025031910,105.8
2025031910,105.8
2025031910,105.8
2025031911,66.96
2025031911,66.96
2025031911,66.96
2025031911,66.96
2025031912,24.96
2025031912,24.96
2025031912,24.96
2025031912,24.96
2025031913,3.09
2025031913,3.09
2025031913,3.09
2025031913,3.09
2025031914,0.0
2025031914,0.0
2025031914,0.0
2025031914,0.0
2025032000,0.0
2025032000,0.0
2025032000,0.0
2025032000,0.0
2025032001,2.38
2025032001,2.38
2025032001,2.38
2025032001,2.38
2025032002,9.76
2025032002,9.76
2025032002,9.76
2025032002,9.76
2025032003,61.13
2025032003,61.13
2025032003,61.13
2025032003,61.13
2025032004,97.87
2025032004,97.87
2025032004,97.87
2025032004,97.87
2025032005,126.39
2025032005,126.39
2025032005,126.39
2025032005,126.39
2025032006,144.03
2025032006,144.03
2025032006,144.03
2025032006,144.03
2025032007,150.68
2025032007,150.68
2025032007,150.68
2025032007,150.68
2025032008,146.85
2025032008,146.85
2025032008,146.85
2025032008,146.85
2025032009,130.1
2025032009,130.1
2025032009,130.1
2025032009,130.1
2025032010,100.92
2025032010,100.92
2025032010,100.92
2025032010,100.92
2025032011,63.41
2025032011,63.41
2025032011,63.41
2025032011,63.41
2025032012,22.66
2025032012,22.66
2025032012,22.66
2025032012,22.66
2025032013,3.44
2025032013,3.44
2025032013,3.44
2025032013,3.44
2025032014,0.0
2025032014,0.0
2025032014,0.0
2025032014,0.0
2025032100,0.0
2025032100,0.0
2025032100,0.0
2025032100,0.0
2025032101,2.57
2025032101,2.57
2025032101,2.57
2025032101,2.57
2025032102,20.79
2025032102,20.79
2025032102,20.79
2025032102,20.79
2025032103,59.23
2025032103,59.23
2025032103,59.23
2025032103,59.23
2025032104,99.56
2025032104,99.56
2025032104,99.56
2025032104,99.56
2025032105,129.86
2025032105,129.86
2025032105,129.86
2025032105,129.86
2025032106,147.13
2025032106,147.13
2025032106,147.13
2025032106,147.13
2025032107,38.56
2025032107,38.56
2025032107,38.56
2025032107,38.56
2025032108,146.29
2025032108,146.29
2025032108,146.29
2025032108,146.29
2025032109,69.06
2025032109,69.06
2025032109,69.06
2025032109,69.06
2025032110,55.64
2025032110,55.64
2025032110,55.64
2025032110,55.64
2025032111,62.58
2025032111,62.58
2025032111,62.58
2025032111,62.58
2025032112,24.53
2025032112,24.53
2025032112,24.53
2025032112,24.53
2025032113,3.38
2025032113,3.38
2025032113,3.38
2025032113,3.38
2025032114,0.0
2025032114,0.0
2025032114,0.0
2025032114,0.0
2025032200,0.0
2025032200,0.0
2025032200,0.0
2025032200,0.0
2025032201,2.7
2025032201,2.7
2025032201,2.7
2025032201,2.7
2025032202,20.92
2025032202,20.92
2025032202,20.92
2025032202,20.92
2025032203,60.82
2025032203,60.82
2025032203,60.82
2025032203,60.82
2025032204,100.59
2025032204,100.59
2025032204,100.59
2025032204,100.59
2025032205,131.56
2025032205,131.56
2025032205,131.56
2025032205,131.56
2025032206,5.71
2025032206,5.71
2025032206,5.71
2025032206,5.71
2025032207,0.02
2025032207,0.02
2025032207,0.02
2025032207,0.02
2025032208,0.01
2025032208,0.01
2025032208,0.01
2025032208,0.01
2025032209,2.0
2025032209,2.0
2025032209,2.0
2025032209,2.0
2025032210,104.29
2025032210,104.29
2025032210,104.29
2025032210,104.29
2025032211,64.95
2025032211,64.95
2025032211,64.95
2025032211,64.95
2025032212,25.73
2025032212,25.73
2025032212,25.73
2025032212,25.73
2025032213,3.89
2025032213,3.89
2025032213,3.89
2025032213,3.89
2025032214,0.0
2025032214,0.0
2025032214,0.0
2025032214,0.0
2025032300,0.0
2025032300,0.0
2025032300,0.0
2025032300,0.0
2025032301,2.46
2025032301,2.46
2025032301,2.46
2025032301,2.46
2025032302,14.16
2025032302,14.16
2025032302,14.16
2025032302,14.16
2025032303,49.55
2025032303,49.55
2025032303,49.55
2025032303,49.55
2025032304,93.35
2025032304,93.35
2025032304,93.35
2025032304,93.35
2025032305,121.49
2025032305,121.49
2025032305,121.49
2025032305,121.49
2025032306,38.37
2025032306,38.37
2025032306,38.37
2025032306,38.37
2025032307,37.31
2025032307,37.31
2025032307,37.31
2025032307,37.31
2025032308,70.96
2025032308,70.96
2025032308,70.96
2025032308,70.96
2025032309,124.44
2025032309,124.44
2025032309,124.44
2025032309,124.44
2025032310,95.88
2025032310,95.88
2025032310,95.88
2025032310,95.88
2025032311,43.44
2025032311,43.44
2025032311,43.44
2025032311,43.44
2025032312,14.99
2025032312,14.99
2025032312,14.99
2025032312,14.99
2025032313,3.19
2025032313,3.19
2025032313,3.19
2025032313,3.19
2025032314,0.0
2025032314,0.0
2025032314,0.0
2025032314,0.0
2025032400,0.0
2025032400,0.0
2025032400,0.0
2025032400,0.0
2025032401,3.19
2025032401,3.19
2025032401,3.19
2025032401,3.19
2025032402,21.48
2025032402,21.48
2025032402,21.48
2025032402,21.48
2025032403,58.02
2025032403,58.02
2025032403,58.02
2025032403,58.02
2025032404,96.37
2025032404,96.37
2025032404,96.37
2025032404,96.37
2025032405,123.41
2025032405,123.41
2025032405,123.41
2025032405,123.41
2025032406,138.17
2025032406,138.17
2025032406,138.17
2025032406,138.17
2025032407,148.39
2025032407,148.39
2025032407,148.39
2025032407,148.39
2025032408,139.36
2025032408,139.36
2025032408,139.36
2025032408,139.36
2025032409,123.29
2025032409,123.29
2025032409,123.29
2025032409,123.29
2025032410,95.22
2025032410,95.22
2025032410,95.22
2025032410,95.22
2025032411,63.38
2025032411,63.38
2025032411,63.38
2025032411,63.38
2025032412,22.41
2025032412,22.41
2025032412,22.41
2025032412,22.41
2025032413,3.82
2025032413,3.82
2025032413,3.82
2025032413,3.82
2025032414,0.0
2025032414,0.0
2025032414,0.0
2025032414,0.0
2025032500,0.0
2025032500,0.0
2025032500,0.0
2025032500,0.0
2025032501,2.96
2025032501,2.96
2025032501,2.96
2025032501,2.96
2025032502,6.74
2025032502,6.74
2025032502,6.74
2025032502,6.74
2025032503,10.94
2025032503,10.94
2025032503,10.94
2025032503,10.94
2025032504,12.77
2025032504,12.77
2025032504,12.77
2025032504,12.77
2025032505,16.79
2025032505,16.79
2025032505,16.79
2025032505,16.79
2025032506,21.22
2025032506,21.22
2025032506,21.22
2025032506,21.22
2025032507,26.39
2025032507,26.39
2025032507,26.39
2025032507,26.39
2025032508,23.98
2025032508,23.98
2025032508,23.98
2025032508,23.98
2025032509,26.43
2025032509,26.43
2025032509,26.43
2025032509,26.43
2025032510,22.62
2025032510,22.62
2025032510,22.62
2025032510,22.62
2025032511,12.31
2025032511,12.31
2025032511,12.31
2025032511,12.31
2025032512,6.71
2025032512,6.71
2025032512,6.71
2025032512,6.71
2025032513,1.8
2025032513,1.8
2025032513,1.8
2025032513,1.8
2025032514,0.0
2025032514,0.0
2025032514,0.0
2025032514,0.0
2025032600,0.0
2025032600,0.0
2025032600,0.0
2025032600,0.0
2025032601,3.62
2025032601,3.62
2025032601,3.62
2025032601,3.62
2025032602,27.92
2025032602,27.92
2025032602,27.92
2025032602,27.92
2025032603,69.71
2025032603,69.71
2025032603,69.71
2025032603,69.71
2025032604,108.52
2025032604,108.52
2025032604,108.52
2025032604,108.52
2025032605,130.39
2025032605,130.39
2025032605,130.39
2025032605,130.39
2025032606,129.95
2025032606,129.95
2025032606,129.95
2025032606,129.95
2025032607,125.18
2025032607,125.18
2025032607,125.18
2025032607,125.18
2025032608,137.02
2025032608,137.02
2025032608,137.02
2025032608,137.02
2025032609,107.75
2025032609,107.75
2025032609,107.75
2025032609,107.75
2025032610,82.22
2025032610,82.22
2025032610,82.22
2025032610,82.22
2025032611,47.93
2025032611,47.93
2025032611,47.93
2025032611,47.93
2025032612,24.03
2025032612,24.03
2025032612,24.03
2025032612,24.03
2025032613,5.23
2025032613,5.23
2025032613,5.23
2025032613,5.23
2025032614,0.0
2025032614,0.0
2025032614,0.0
2025032614,0.0
2025032700,0.0
2025032700,0.0
2025032700,0.0
2025032700,0.0
2025032701,2.89
2025032701,2.89
2025032701,2.89
2025032701,2.89
2025032702,6.51
2025032702,6.51
2025032702,6.51
2025032702,6.51
2025032703,16.34
2025032703,16.34
2025032703,16.34
2025032703,16.34
2025032704,47.8
2025032704,47.8
2025032704,47.8
2025032704,47.8
2025032705,97.64
2025032705,97.64
2025032705,97.64
2025032705,97.64
2025032706,87.84
2025032706,87.84
2025032706,87.84
2025032706,87.84
2025032707,75.31
2025032707,75.31
2025032707,75.31
2025032707,75.31
2025032708,88.23
2025032708,88.23
2025032708,88.23
2025032708,88.23
2025032709,91.27
2025032709,91.27
2025032709,91.27
2025032709,91.27
2025032710,82.47
2025032710,82.47
2025032710,82.47
2025032710,82.47
2025032711,60.54
2025032711,60.54
2025032711,60.54
2025032711,60.54
2025032712,21.31
2025032712,21.31
2025032712,21.31
2025032712,21.31
2025032713,3.67
2025032713,3.67
2025032713,3.67
2025032713,3.67
2025032714,0.0
2025032714,0.0
2025032714,0.0
2025032714,0.0
2025032800,0.0
2025032800,0.0
2025032800,0.0
2025032800,0.0
2025032801,3.94
2025032801,3.94
2025032801,3.94
2025032801,3.94
2025032802,25.05
2025032802,25.05
2025032802,25.05
2025032802,25.05
2025032803,14.83
2025032803,14.83
2025032803,14.83
2025032803,14.83
2025032804,11.38
2025032804,11.38
2025032804,11.38
2025032804,11.38
2025032805,16.44
2025032805,16.44
2025032805,16.44
2025032805,16.44
2025032806,20.86
2025032806,20.86
2025032806,20.86
2025032806,20.86
2025032807,15.51
2025032807,15.51
2025032807,15.51
2025032807,15.51
2025032808,17.09
2025032808,17.09
2025032808,17.09
2025032808,17.09
2025032809,10.55
2025032809,10.55
2025032809,10.55
2025032809,10.55
2025032810,7.82
2025032810,7.82
2025032810,7.82
2025032810,7.82
2025032811,6.33
2025032811,6.33
2025032811,6.33
2025032811,6.33
2025032812,5.27
2025032812,5.27
2025032812,5.27
2025032812,5.27
2025032813,1.13
2025032813,1.13
2025032813,1.13
2025032813,1.13
2025032814,0.0
2025032814,0.0
2025032814,0.0
2025032814,0.0
2025032901,0.0
2025032901,0.0
2025032901,0.0
2025032901,0.0
2025032902,4.65
2025032902,4.65
2025032902,4.65
2025032902,4.65
2025032903,19.04
2025032903,19.04
2025032903,19.04
2025032903,19.04
2025032904,59.36
2025032904,59.36
2025032904,59.36
2025032904,59.36
2025032905,90.58
2025032905,90.58
2025032905,90.58
2025032905,90.58
2025032906,96.04
2025032906,96.04
2025032906,96.04
2025032906,96.04
2025032907,114.95
2025032907,114.95
2025032907,114.95
2025032907,114.95
2025032908,113.71
2025032908,113.71
2025032908,113.71
2025032908,113.71
2025032909,28.55
2025032909,28.55
2025032909,28.55
2025032909,28.55
2025032910,0.0
2025032910,0.0
2025032910,0.0
2025032910,0.0
2025032911,39.15
2025032911,39.15
2025032911,39.15
2025032911,39.15
2025032912,67.86
2025032912,67.86
2025032912,67.86
2025032912,67.86
2025032913,11.19
2025032913,11.19
2025032913,11.19
2025032913,11.19
2025032914,5.93
2025032914,5.93
2025032914,5.93
2025032914,5.93
2025032915,0.0
2025032915,0.0
2025032915,0.0
2025032915,0.0
2025033000,0.0
2025033000,0.0
2025033000,0.0
2025033000,0.0
2025033001,3.98
2025033001,3.98
2025033001,3.98
2025033001,3.98
2025033002,15.21
2025033002,15.21
2025033002,15.21
2025033002,15.21
2025033003,33.97
2025033003,33.97
2025033003,33.97
2025033003,33.97
2025033004,41.73
2025033004,41.73
2025033004,41.73
2025033004,41.73
2025033005,0.5
2025033005,0.5
2025033005,0.5
2025033005,0.5
2025033006,0.0
2025033006,0.0
2025033006,0.0
2025033006,0.0
2025033007,0.44
2025033007,0.44
2025033007,0.44
2025033007,0.44
2025033008,43.09
2025033008,43.09
2025033008,43.09
2025033008,43.09
2025033009,27.73
2025033009,27.73
2025033009,27.73
2025033009,27.73
2025033010,10.01
2025033010,10.01
2025033010,10.01
2025033010,10.01
2025033011,3.54
2025033011,3.54
2025033011,3.54
2025033011,3.54
2025033012,0.0
2025033012,0.0
2025033012,0.0
2025033012,0.0
2025033100,0.0
2025033100,0.0
2025033100,0.0
2025033100,0.0
2025033101,0.08
2025033101,0.08
2025033101,0.08
2025033101,0.08
2025033102,7.58
2025033102,7.58
2025033102,7.58
2025033102,7.58
2025033103,35.56
2025033103,35.56
2025033103,35.56
2025033103,35.56
2025033104,77.76
2025033104,77.76
2025033104,77.76
2025033104,77.76
2025033105,115.93
2025033105,115.93
2025033105,115.93
2025033105,115.93
2025033106,144.26
2025033106,144.26
2025033106,144.26
2025033106,144.26
2025033107,157.59
2025033107,157.59
2025033107,157.59
2025033107,157.59
2025033108,158.19
2025033108,158.19
2025033108,158.19
2025033108,158.19
2025033109,157.72
2025033109,157.72
2025033109,157.72
2025033109,157.72
2025033110,144.22
2025033110,144.22
2025033110,144.22
2025033110,144.22
2025033111,115.25
2025033111,115.25
2025033111,115.25
2025033111,115.25
2025033112,78.02
2025033112,78.02
2025033112,78.02
2025033112,78.02
2025033113,36.58
2025033113,36.58
2025033113,36.58
2025033113,36.58
2025033114,6.87
2025033114,6.87
2025033114,6.87
2025033114,6.87
2025033115,0.1
2025033115,0.1
2025033115,0.1
2025033115,0.1
2025033116,0.0
2025033116,0.0
2025033116,0.0
2025033116,0.0
2025040100,0.0
2025040100,0.0
2025040100,0.0
2025040100,0.0
2025040101,4.82
2025040101,4.82
2025040101,4.82
2025040101,4.82
2025040102,16.29
2025040102,16.29
2025040102,16.29
2025040102,16.29
2025040103,57.36
2025040103,57.36
2025040103,57.36
2025040103,57.36
2025040104,112.15
2025040104,112.15
2025040104,112.15
2025040104,112.15
2025040105,139.29
2025040105,139.29
2025040105,139.29
2025040105,139.29
2025040106,154.68
2025040106,154.68
2025040106,154.68
2025040106,154.68
2025040107,158.18
2025040107,158.18
2025040107,158.18
2025040107,158.18
2025040108,153.89
2025040108,153.89
2025040108,153.89
2025040108,153.89
2025040109,138.09
2025040109,138.09
2025040109,138.09
2025040109,138.09
2025040110,111.5
2025040110,111.5
2025040110,111.5
2025040110,111.5
2025040111,74.05
2025040111,74.05
2025040111,74.05
2025040111,74.05
2025040112,33.01
2025040112,33.01
2025040112,33.01
2025040112,33.01
2025040113,6.56
2025040113,6.56
2025040113,6.56
2025040113,6.56
2025040114,0.11
2025040114,0.11
2025040114,0.11
2025040114,0.11
2025040115,0.0
2025040115,0.0
2025040115,0.0
2025040115,0.0
2025040200,0.0
2025040200,0.0
2025040200,0.0
2025040200,0.0
2025040201,0.06
2025040201,0.06
2025040201,0.06
2025040201,0.06
2025040202,8.1
2025040202,8.1
2025040202,8.1
2025040202,8.1
2025040203,36.03
2025040203,36.03
2025040203,36.03
2025040203,36.03
2025040204,77.87
2025040204,77.87
2025040204,77.87
2025040204,77.87
2025040205,115.48
2025040205,115.48
2025040205,115.48
2025040205,115.48
2025040206,106.92
2025040206,106.92
2025040206,106.92
2025040206,106.92
2025040207,38.28
2025040207,38.28
2025040207,38.28
2025040207,38.28
2025040208,0.0
2025040208,0.0
2025040208,0.0
2025040208,0.0
2025040209,39.1
2025040209,39.1
2025040209,39.1
2025040209,39.1
2025040210,67.64
2025040210,67.64
2025040210,67.64
2025040210,67.64
2025040211,56.44
2025040211,56.44
2025040211,56.44
2025040211,56.44
2025040212,75.43
2025040212,75.43
2025040212,75.43
2025040212,75.43
2025040213,33.79
2025040213,33.79
2025040213,33.79
2025040213,33.79
2025040214,6.97
2025040214,6.97
2025040214,6.97
2025040214,6.97
2025040215,0.29
2025040215,0.29
2025040215,0.29
2025040215,0.29
2025040216,0.0
2025040216,0.0
2025040216,0.0
2025040216,0.0
2025040300,0.0
2025040300,0.0
2025040300,0.0
2025040300,0.0
2025040301,0.66
2025040301,0.66
2025040301,0.66
2025040301,0.66
2025040302,9.61
2025040302,9.61
2025040302,9.61
2025040302,9.61
2025040303,38.08
2025040303,38.08
2025040303,38.08
2025040303,38.08
2025040304,79.29
2025040304,79.29
2025040304,79.29
2025040304,79.29
2025040305,114.47
2025040305,114.47
2025040305,114.47
2025040305,114.47
2025040306,69.28
2025040306,69.28
2025040306,69.28
2025040306,69.28
2025040307,155.14
2025040307,155.14
2025040307,155.14
2025040307,155.14
2025040308,39.62
2025040308,39.62
2025040308,39.62
2025040308,39.62
2025040309,3.62
2025040309,3.62
2025040309,3.62
2025040309,3.62
2025040310,139.33
2025040310,139.33
2025040310,139.33
2025040310,139.33
2025040311,114.08
2025040311,114.08
2025040311,114.08
2025040311,114.08
2025040312,71.69
2025040312,71.69
2025040312,71.69
2025040312,71.69
2025040313,35.74
2025040313,35.74
2025040313,35.74
2025040313,35.74
2025040314,7.41
2025040314,7.41
2025040314,7.41
2025040314,7.41
2025040315,0.44
2025040315,0.44
2025040315,0.44
2025040315,0.44
2025040316,0.0
2025040316,0.0
2025040316,0.0
2025040316,0.0
2025040400,0.0
2025040400,0.0
2025040400,0.0
2025040400,0.0
2025040401,0.29
2025040401,0.29
2025040401,0.29
2025040401,0.29
2025040402,9.1
2025040402,9.1
2025040402,9.1
2025040402,9.1
2025040403,37.9
2025040403,37.9
2025040403,37.9
2025040403,37.9
2025040404,80.16
2025040404,80.16
2025040404,80.16
2025040404,80.16
2025040405,118.48
2025040405,118.48
2025040405,118.48
2025040405,118.48
2025040406,147.63
2025040406,147.63
2025040406,147.63
2025040406,147.63
2025040407,158.32
2025040407,158.32
2025040407,158.32
2025040407,158.32
2025040408,119.86
2025040408,119.86
2025040408,119.86
2025040408,119.86
2025040409,152.01
2025040409,152.01
2025040409,152.01
2025040409,152.01
2025040410,137.64
2025040410,137.64
2025040410,137.64
2025040410,137.64
2025040411,111.6
2025040411,111.6
2025040411,111.6
2025040411,111.6
2025040412,71.31
2025040412,71.31
2025040412,71.31
2025040412,71.31
2025040413,34.13
2025040413,34.13
2025040413,34.13
2025040413,34.13
2025040414,7.81
2025040414,7.81
2025040414,7.81
2025040414,7.81
2025040415,0.38
2025040415,0.38
2025040415,0.38
2025040415,0.38
2025040416,0.0
2025040416,0.0
2025040416,0.0
2025040416,0.0
2025040500,0.0
2025040500,0.0
2025040500,0.0
2025040500,0.0
2025040501,0.58
2025040501,0.58
2025040501,0.58
2025040501,0.58
2025040502,6.7
2025040502,6.7
2025040502,6.7
2025040502,6.7
2025040503,41.77
2025040503,41.77
2025040503,41.77
2025040503,41.77
2025040504,73.05
2025040504,73.05
2025040504,73.05
2025040504,73.05
2025040505,117.16
2025040505,117.16
2025040505,117.16
2025040505,117.16
2025040506,113.15
2025040506,113.15
2025040506,113.15
2025040506,113.15
2025040507,7.65
2025040507,7.65
2025040507,7.65
2025040507,7.65
2025040508,0.0
2025040508,0.0
2025040508,0.0
2025040508,0.0
2025040509,2.35
2025040509,2.35
2025040509,2.35
2025040509,2.35
2025040510,87.47
2025040510,87.47
2025040510,87.47
2025040510,87.47
2025040511,57.5
2025040511,57.5
2025040511,57.5
2025040511,57.5
2025040512,25.29
2025040512,25.29
2025040512,25.29
2025040512,25.29
2025040513,8.1
2025040513,8.1
2025040513,8.1
2025040513,8.1
2025040514,0.73
2025040514,0.73
2025040514,0.73
2025040514,0.73
2025040515,0.0
2025040515,0.0
2025040515,0.0
2025040515,0.0
2025040600,0.0
2025040600,0.0
2025040600,0.0
2025040600,0.0
2025040601,0.93
2025040601,0.93
2025040601,0.93
2025040601,0.93
2025040602,10.67
2025040602,10.67
2025040602,10.67
2025040602,10.67
2025040603,43.9
2025040603,43.9
2025040603,43.9
2025040603,43.9
2025040604,84.44
2025040604,84.44
2025040604,84.44
2025040604,84.44
2025040605,120.36
2025040605,120.36
2025040605,120.36
2025040605,120.36
2025040606,145.28
2025040606,145.28
2025040606,145.28
2025040606,145.28
2025040607,143.47
2025040607,143.47
2025040607,143.47
2025040607,143.47
2025040608,106.68
2025040608,106.68
2025040608,106.68
2025040608,106.68
2025040609,1.19
2025040609,1.19
2025040609,1.19
2025040609,1.19
2025040610,0.0
2025040610,0.0
2025040610,0.0
2025040610,0.0
2025040611,24.65
2025040611,24.65
2025040611,24.65
2025040611,24.65
2025040612,58.87
2025040612,58.87
2025040612,58.87
2025040612,58.87
2025040613,37.71
2025040613,37.71
2025040613,37.71
2025040613,37.71
2025040614,8.39
2025040614,8.39
2025040614,8.39
2025040614,8.39
2025040615,0.8
2025040615,0.8
2025040615,0.8
2025040615,0.8
2025040616,0.0
2025040616,0.0
2025040616,0.0
2025040616,0.0
2025040700,0.0
2025040700,0.0
2025040700,0.0
2025040700,0.0
2025040701,0.49
2025040701,0.49
2025040701,0.49
2025040701,0.49
2025040702,6.26
2025040702,6.26
2025040702,6.26
2025040702,6.26
2025040703,14.14
2025040703,14.14
2025040703,14.14
2025040703,14.14
2025040704,35.98
2025040704,35.98
2025040704,35.98
2025040704,35.98
2025040705,104.99
2025040705,104.99
2025040705,104.99
2025040705,104.99
2025040706,147.23
2025040706,147.23
2025040706,147.23
2025040706,147.23
2025040707,157.58
2025040707,157.58
2025040707,157.58
2025040707,157.58
2025040708,118.0
2025040708,118.0
2025040708,118.0
2025040708,118.0
2025040709,117.89
2025040709,117.89
2025040709,117.89
2025040709,117.89
2025040710,142.79
2025040710,142.79
2025040710,142.79
2025040710,142.79
2025040711,114.21
2025040711,114.21
2025040711,114.21
2025040711,114.21
2025040712,77.39
2025040712,77.39
2025040712,77.39
2025040712,77.39
2025040713,35.93
2025040713,35.93
2025040713,35.93
2025040713,35.93
2025040714,8.65
2025040714,8.65
2025040714,8.65
2025040714,8.65
2025040715,1.06
2025040715,1.06
2025040715,1.06
2025040715,1.06
2025040716,0.0
2025040716,0.0
2025040716,0.0
2025040716,0.0
2025040800,0.0
2025040900,0.0
2025040904,0.65
2025040905,5.9775
2025040906,20.27
2025040907,55.965
2025040908,89.59
2025040909,127.7225
2025040910,151.6975
2025040911,142.2525
2025040912,147.4075
2025040913,144.685
2025040914,114.745
2025040915,79.415
2025040916,37.155
2025040917,8.8375
2025040918,1.1275
2025040919,0.0
2025041000,0.0
2025041004,1.98
2025041004,4.24
2025041005,5.43
2025041005,7.61
2025041005,10.56
2025041005,13.72
2025041006,17.43
2025041006,20.32
2025041006,24.07
2025041006,27.81
2025041007,28.39
2025041007,29.03
2025041007,27.57
2025041007,27.16
2025041008,29.13
2025041008,27.13
2025041008,27.21
2025041008,28.9
2025041009,31.3
2025041009,29.97
2025041009,29.62
2025041009,29.57
2025041010,31.75
2025041010,31.22
2025041010,35.37
2025041010,52.74
2025041011,70.91
2025041011,105.27
2025041011,112.47
2025041011,104.35
2025041012,120.87
2025041012,115.67
2025041012,132.61
2025041012,151.52
2025041013,155.54
2025041013,153.67
2025041013,147.77
2025041013,141.47
2025041014,133.84
2025041014,126.3
2025041014,78.78
2025041014,46.23
2025041015,18.79
2025041015,12.45
2025041015,10.52
2025041015,8.04
2025041016,7.85
2025041016,6.14
2025041016,5.71
2025041016,5.1
2025041017,4.83
2025041017,4.37
2025041017,3.65
2025041017,1.16
2025041018,0.0
2025041100,0.0
2025041104,0.08
2025041105,2.3
2025041105,3.8
2025041105,5.68
2025041105,9.27
2025041106,10.49
2025041106,13.06
2025041106,13.68
2025041106,11.85
2025041107,12.8
2025041107,16.67
2025041107,16.18
2025041107,18.8
2025041108,20.03
2025041108,21.55
2025041108,24.34
2025041108,24.92
2025041109,30.71
2025041109,54.2
2025041109,70.58
2025041109,104.57
2025041110,90.1
2025041110,71.39
2025041110,78.51
2025041110,82.45
2025041111,84.33
2025041111,107.9
2025041111,103.78
2025041111,83.46
2025041112,0.22
2025041112,0.01
2025041112,6.33
2025041113,100.25
2025041113,77.81
2025041113,70.28
2025041113,56.43
2025041114,25.18
2025041114,22.05
2025041114,22.09
2025041114,18.01
2025041115,14.37
2025041115,17.32
2025041115,17.79
2025041115,14.92
2025041116,9.01
2025041116,7.01
2025041116,7.66
2025041116,4.62
2025041117,4.29
2025041117,4.38
2025041117,4.16
2025041117,1.64
2025041118,0.0
2025041200,0.0
2025041204,1.76
2025041205,2.75
2025041205,3.63
2025041205,4.35
2025041205,4.89
2025041206,5.69
2025041206,6.03
2025041206,7.29
2025041206,9.16
2025041207,10.83
2025041207,11.64
2025041207,12.73
2025041207,14.64
2025041208,17.21
2025041208,19.89
2025041208,21.05
2025041208,21.57
2025041209,22.49
2025041209,26.23
2025041209,31.85
2025041209,45.8
2025041210,3.01
2025041210,0.0
2025041213,10.68
2025041214,127.85
2025041214,115.97
2025041214,8.37
2025041214,104.31
2025041215,96.66
2025041215,86.97
2025041215,77.01
2025041215,66.68
2025041216,56.08
2025041216,45.34
2025041216,35.05
2025041216,25.92
2025041217,17.78
2025041217,11.33
2025041217,7.18
2025041217,4.67
2025041218,3.1
2025041218,1.0
2025041218,0.0
2025041300,0.0
2025041304,1.65
2025041304,3.95
2025041304,4.64
2025041305,5.8
2025041305,9.53
2025041305,14.47
2025041305,23.73
2025041306,32.9
2025041306,45.14
2025041306,58.26
2025041306,63.52
2025041307,66.98
2025041307,51.03
2025041307,60.22
2025041307,71.06
2025041308,59.18
2025041308,53.02
2025041308,63.72
2025041308,60.73
2025041309,60.49
2025041309,31.28
2025041309,48.55
2025041309,34.58
2025041310,40.96
2025041310,39.37
2025041310,24.97
2025041310,23.27
2025041311,24.23
2025041311,21.53
2025041311,18.95
2025041311,28.04
2025041312,1.28
2025041312,0.05
2025041312,0.02
2025041312,2.05
2025041313,15.94
2025041313,15.0
2025041313,19.0
2025041313,0.78
2025041314,44.54
2025041314,41.61
2025041314,50.96
2025041314,39.35
2025041315,34.77
2025041315,26.66
2025041315,19.21
2025041315,14.45
2025041316,15.22
2025041316,10.42
2025041316,7.59
2025041316,5.28
2025041317,4.72
2025041317,4.45
2025041317,4.18
2025041317,4.16
2025041318,2.91
2025041318,0.0
2025041400,0.0
2025041404,0.04
2025041404,3.21
2025041404,3.97
2025041405,4.29
2025041405,4.62
2025041405,4.9
2025041405,5.3
2025041406,5.02
2025041406,9.86
2025041406,15.88
2025041406,21.05
2025041407,13.91
2025041407,10.18
2025041407,10.14
2025041407,10.41
2025041408,10.28
2025041408,11.62
2025041408,18.3
2025041408,47.33
2025041409,39.75
2025041409,26.09
2025041409,44.16
2025041409,41.94
2025041410,45.51
2025041410,31.1
2025041410,28.07
2025041410,35.02
2025041411,55.06
2025041411,108.87
2025041411,134.62
2025041411,147.57
2025041412,115.17
2025041412,110.66
2025041412,102.14
2025041412,65.7
2025041413,92.46
2025041413,95.42
2025041413,95.08
2025041413,139.35
2025041414,142.98
2025041414,106.56
2025041414,62.07
2025041414,66.38
2025041415,59.47
2025041415,50.51
2025041415,34.5
2025041415,29.05
2025041416,19.5
2025041416,22.31
2025041416,31.47
2025041416,31.96
2025041417,21.55
2025041417,12.54
2025041417,7.63
2025041417,5.17
2025041418,4.06
2025041418,2.36
2025041418,0.0
2025041500,0.0
2025041504,0.02
2025041504,3.69
2025041504,4.82
2025041505,7.09
2025041505,7.32
2025041505,8.21
2025041505,18.23
2025041506,25.45
2025041506,30.16
2025041506,41.98
2025041506,53.42
2025041507,64.05
2025041507,72.32
2025041507,82.16
2025041507,85.98
2025041508,101.27
2025041508,112.62
2025041508,122.71
2025041508,129.54
2025041509,137.49
2025041509,135.9
2025041509,147.89
2025041509,91.96
2025041510,96.45
2025041510,100.89
2025041510,102.87
2025041510,120.54
2025041511,107.35
2025041511,95.42
2025041511,65.51
2025041511,6.53
2025041512,105.87
2025041512,135.62
2025041512,133.36
2025041512,141.02
2025041513,147.55
2025041513,142.84
2025041513,138.36
2025041513,126.55
2025041514,3.34
2025041514,0.08
2025041514,6.27
2025041514,95.62
2025041515,1.05
2025041515,0.01
2025041515,0.08
2025041515,5.98
2025041516,53.36
2025041516,40.06
2025041516,32.8
2025041516,22.79
2025041517,9.33
2025041517,8.54
2025041517,9.46
2025041517,7.07
2025041518,4.72
2025041518,2.28
2025041518,0.0
2025041600,0.0
2025041604,0.01
2025041604,1.63
2025041605,3.13
2025041605,4.14
2025041605,5.22
2025041605,5.75
2025041606,9.6
2025041606,19.16
2025041606,25.59
2025041606,38.16
2025041607,23.18
2025041607,17.04
2025041607,21.58
2025041607,19.21
2025041608,26.75
2025041608,67.43
2025041608,115.12
2025041608,107.28
2025041609,130.3
2025041609,153.04
2025041609,148.21
2025041609,151.61
2025041610,152.94
2025041610,136.63
2025041610,158.2
2025041610,158.29
2025041611,157.28
2025041611,155.98
2025041611,146.47
2025041611,143.36
2025041612,116.17
2025041612,157.12
2025041612,156.38
2025041612,154.32
2025041613,143.76
2025041613,119.28
2025041613,142.23
2025041613,126.64
2025041614,127.7
2025041614,117.9
2025041614,108.84
2025041614,100.53
2025041615,92.64
2025041615,79.51
2025041615,48.36
2025041615,30.85
2025041616,34.44
2025041616,30.31
2025041616,19.51
2025041616,9.63
2025041617,7.82
2025041617,8.13
2025041617,6.51
2025041617,4.84
2025041618,4.07
2025041618,1.79
2025041618,0.0
2025041700,0.0
2025041704,0.04
2025041704,3.26
2025041705,3.22
2025041705,1.36
2025041705,2.2
2025041705,7.58
2025041706,13.66
2025041706,8.03
2025041706,6.87
2025041706,12.67
2025041707,7.52
2025041707,5.71
2025041707,6.66
2025041707,6.04
2025041708,6.07
2025041708,7.3
2025041708,9.0
2025041708,12.72
2025041709,13.52
2025041709,9.14
2025041709,9.87
2025041709,7.4
2025041710,19.63
2025041710,45.73
2025041710,44.38
2025041710,23.26
2025041711,13.02
2025041711,14.77
2025041711,34.0
2025041711,7.39
2025041712,5.96
2025041712,4.54
2025041712,6.33
2025041712,8.51
2025041713,8.7
2025041713,9.28
2025041713,5.48
2025041713,4.59
2025041714,7.97
2025041714,15.06
2025041714,17.44
2025041714,10.07
2025041715,9.97
2025041715,12.02
2025041715,11.2
2025041715,7.16
2025041716,5.61
2025041716,5.34
2025041716,7.97
2025041716,9.6
2025041717,7.0
2025041717,5.03
2025041717,3.34
2025041717,0.01
2025041718,0.0
2025041800,0.0
2025041804,2.07
2025041804,3.75
2025041805,5.0
2025041805,5.62
2025041805,5.38
2025041805,7.54
2025041806,7.17
2025041806,7.69
2025041806,9.27
2025041806,10.81
2025041807,15.49
2025041807,23.2
2025041807,19.21
2025041807,17.82
2025041808,14.28
2025041808,18.88
2025041808,30.65
2025041808,36.77
2025041809,40.09
2025041809,53.22
2025041809,77.84
2025041809,110.27
2025041810,77.92
2025041810,75.77
2025041810,79.98
2025041810,70.02
2025041811,53.47
2025041811,47.6
2025041811,49.13
2025041811,61.37
2025041812,59.67
2025041812,44.99
2025041812,50.11
2025041812,58.25
2025041813,91.03
2025041813,106.75
2025041813,98.29
2025041813,82.36
2025041814,70.13
2025041814,103.48
2025041814,78.64
2025041814,71.79
2025041815,40.92
2025041815,40.5
2025041815,89.88
2025041815,95.1
2025041816,65.98
2025041816,54.72
2025041816,28.32
2025041816,20.13
2025041817,14.24
2025041817,11.13
2025041817,9.6
2025041817,7.63
2025041818,6.48
2025041818,5.85
2025041818,4.24
2025041818,0.64
2025041819,0.0
2025041900,0.0
2025041904,1.88
2025041904,4.02
2025041904,4.73
2025041905,5.64
2025041905,8.15
2025041905,11.86
2025041905,16.4
2025041906,18.75
2025041906,25.0
2025041906,27.77
2025041906,29.88
2025041907,36.44
2025041907,44.69
2025041907,48.76
2025041907,45.57
2025041908,40.87
2025041908,39.94
2025041908,40.57
2025041908,40.49
2025041909,39.73
2025041909,36.1
2025041909,35.41
2025041909,37.25
2025041910,38.51
2025041910,33.52
2025041910,32.55
2025041910,36.46
2025041911,44.45
2025041911,37.42
2025041911,28.72
2025041911,30.44
2025041912,24.58
2025041912,15.69
2025041912,14.87
2025041912,12.85
2025041913,14.41
2025041913,12.36
2025041913,12.48
2025041913,9.75
2025041914,10.42
2025041914,12.27
2025041914,12.57
2025041914,7.17
2025041915,6.94
2025041915,5.11
2025041915,5.46
2025041915,7.39
2025041916,6.34
2025041916,5.28
2025041916,4.64
2025041916,4.22
2025041917,4.28
2025041917,4.69
2025041917,4.45
2025041917,3.79
2025041918,2.44
2025041918,0.06
2025041918,0.0
2025042000,0.0
2025042004,0.73
2025042004,3.99
2025042005,4.0
2025042005,4.15
2025042005,4.39
2025042005,4.58
2025042006,4.73
2025042006,5.35
2025042006,7.99
2025042006,11.84
2025042007,11.49
2025042007,13.31
2025042007,12.12
2025042007,12.95
2025042008,16.94
2025042008,18.63
2025042008,20.99
2025042009,30.14
2025042009,30.77
2025042009,28.03
2025042009,27.71
2025042010,24.28
2025042010,17.57
2025042010,21.22
2025042010,29.22
2025042011,26.09
2025042011,19.23
2025042011,20.69
2025042011,27.56
2025042012,25.27
2025042012,45.36
2025042012,21.83
2025042012,21.9
2025042013,26.77
2025042013,21.94
2025042013,16.43
2025042013,16.47
2025042014,24.77
2025042014,14.96
2025042014,12.52
2025042014,10.91
2025042015,5.69
2025042015,5.33
2025042015,7.39
2025042015,7.17
2025042016,4.35
2025042016,4.4
2025042016,4.41
2025042016,5.27
2025042017,4.18
2025042017,2.84
2025042017,0.68
2025042017,0.0
2025042100,0.0
2025042104,0.2
2025042104,3.11
2025042104,4.28
2025042104,4.19
2025042105,4.59
2025042105,5.23
2025042105,6.21
2025042105,8.62
2025042106,9.63
2025042106,12.46
2025042106,16.19
2025042106,21.77
2025042107,22.34
2025042107,22.79
2025042107,23.06
2025042107,22.24
2025042108,32.04
2025042108,30.91
2025042108,28.49
2025042108,36.53
2025042109,30.92
2025042109,31.64
2025042109,34.71
2025042109,39.72
2025042110,39.03
2025042110,30.23
2025042110,35.81
2025042110,36.34
2025042111,29.03
2025042111,38.17
2025042111,39.19
2025042111,28.72
2025042112,29.36
2025042112,27.78
2025042112,25.87
2025042112,34.01
2025042113,27.5
2025042113,17.76
2025042113,10.76
2025042113,10.49
2025042114,12.4
2025042114,15.57
2025042114,19.13
2025042114,13.77
2025042115,10.23
2025042115,8.95
2025042115,9.92
2025042115,12.14
2025042116,11.71
2025042116,9.81
2025042116,9.21
2025042116,6.89
2025042117,5.99
2025042117,4.83
2025042117,4.11
2025042117,3.93
2025042118,3.56
2025042118,1.5
2025042118,0.0
2025042200,0.0
2025042204,0.66
2025042204,2.17
2025042204,3.0
2025042205,3.87
2025042205,6.61
2025042205,10.57
2025042205,10.65
2025042206,7.63
2025042206,6.7
2025042206,10.29
2025042206,16.4
2025042207,18.37
2025042207,17.86
2025042207,36.09
2025042207,31.08
2025042208,47.85
2025042208,44.34
2025042208,26.73
2025042208,45.56
2025042209,24.79
2025042209,31.26
2025042209,33.85
2025042209,21.35
2025042210,32.43
2025042210,42.92
2025042210,37.31
2025042210,18.15
2025042211,31.21
2025042211,74.74
2025042211,55.6
2025042211,37.86
2025042212,33.43
2025042212,28.63
2025042212,31.88
2025042212,29.04
2025042213,18.23
2025042213,34.8
2025042213,42.49
2025042213,88.51
2025042214,49.75
2025042214,31.43
2025042214,22.35
2025042214,24.62
2025042215,22.76
2025042215,14.07
2025042215,10.74
2025042215,8.1
2025042216,7.42
2025042216,7.37
2025042216,8.19
2025042216,5.68
2025042217,4.85
2025042217,6.2
2025042217,5.99
2025042217,4.07
2025042218,3.89
2025042218,3.36
2025042218,0.91
2025042218,0.0
2025042300,0.0
2025042304,0.02
2025042304,0.14
2025042304,1.51
2025042304,3.56
2025042305,3.89
2025042305,5.44
2025042305,7.14
2025042305,9.53
2025042306,5.99
2025042306,5.47
2025042306,6.97
2025042306,8.15
2025042307,9.6
2025042307,20.36
2025042307,24.14
2025042307,26.8
2025042308,36.39
2025042308,45.67
2025042308,41.85
2025042308,44.98
2025042309,43.48
2025042309,33.22
2025042309,31.09
2025042309,32.7
2025042310,40.69
2025042310,48.75
2025042310,58.05
2025042310,66.48
2025042311,51.62
2025042311,36.78
2025042311,26.29
2025042311,18.48
2025042312,16.78
2025042312,21.51
2025042312,32.8
2025042312,35.3
2025042313,41.44
2025042313,70.37
2025042313,71.25
2025042313,48.12
2025042314,41.73
2025042314,42.37
2025042314,27.18
2025042314,24.97
2025042315,32.17
2025042315,33.17
2025042315,41.37
2025042315,54.53
2025042316,46.88
2025042316,44.79
2025042316,50.47
2025042316,38.45
2025042317,25.42
2025042317,16.53
2025042317,11.61
2025042317,7.72
2025042318,5.4
2025042318,4.49
2025042318,3.83
2025042318,0.97
2025042319,0.0
2025042400,0.0
2025042404,0.77
2025042404,3.97
2025042404,4.11
2025042404,4.57
2025042405,5.3
2025042405,6.49
2025042405,7.77
2025042405,9.31
2025042406,11.76
2025042406,15.84
2025042406,22.76
2025042406,36.25
2025042407,49.39
2025042407,71.61
2025042407,96.88
2025042407,108.96
2025042408,122.53
2025042408,131.15
2025042408,139.15
2025042408,146.04
2025042409,152.31
2025042409,153.74
2025042409,138.83
2025042409,145.31
2025042410,132.15
2025042410,124.53
2025042410,123.21
2025042410,129.99
2025042411,115.33
2025042411,129.65
2025042411,134.94
2025042411,113.5
2025042412,116.49
2025042412,103.58
2025042412,123.11
2025042412,122.94
2025042413,120.4
2025042413,104.93
2025042413,130.19
2025042413,86.71
2025042414,72.54
2025042414,88.62
2025042414,100.35
2025042414,82.11
2025042415,85.85
2025042415,94.94
2025042415,87.33
2025042415,76.48
2025042416,65.93
2025042416,55.33
2025042416,44.83
2025042416,34.57
2025042417,25.05
2025042417,17.04
2025042417,10.97
2025042417,7.34
2025042418,5.61
2025042418,4.56
2025042418,3.92
2025042418,0.67
2025042419,0.0
2025042500,0.0
2025042503,0.07
2025042504,3.54
2025042504,4.61
2025042504,6.14
2025042504,9.04
2025042505,14.03
2025042505,18.13
2025042505,19.74
2025042505,23.59
2025042506,30.27
2025042506,37.44
2025042506,47.71
2025042506,62.65
2025042507,70.39
2025042507,80.03
2025042507,96.72
2025042507,105.88
2025042508,121.14
2025042508,134.44
2025042508,140.35
2025042508,148.46
2025042509,153.07
2025042509,157.12
2025042509,158.3
2025042509,158.31
2025042510,158.34
2025042510,158.35
2025042510,158.03
2025042511,158.34
2025042511,158.36
2025042511,158.13
2025042511,158.32
2025042512,158.31
2025042512,158.36
2025042512,158.35
2025042512,157.68
2025042513,156.24
2025042513,124.25
2025042513,141.64
2025042513,152.35
2025042514,144.56
2025042514,134.09
2025042514,122.9
2025042514,115.54
2025042515,104.68
2025042515,94.72
2025042515,86.64
2025042515,76.39
2025042516,65.88
2025042516,53.28
2025042516,40.75
2025042516,34.5
2025042517,25.41
2025042517,17.65
2025042517,11.88
2025042517,8.24
2025042518,7.26
2025042518,5.52
2025042518,3.93
2025042518,1.36
2025042519,0.0
2025042600,0.0
2025042603,0.55
2025042604,3.78
2025042604,4.93
2025042604,6.85
2025042604,8.59
2025042605,9.88
2025042605,11.02
2025042605,14.97
2025042605,17.34
2025042606,23.64
2025042606,31.17
2025042606,47.05
2025042606,66.04
2025042607,79.5
2025042607,89.97
2025042607,101.25
2025042607,114.35
2025042608,123.74
2025042608,130.9
2025042608,137.35
2025042608,143.62
2025042609,151.21
2025042609,156.07
2025042609,158.18
2025042609,158.36
2025042610,158.32
2025042610,158.37
2025042610,158.31
2025042610,158.35
2025042611,158.38
2025042611,158.34
2025042611,158.3
2025042611,158.36
2025042612,158.32
2025042612,158.31
2025042612,157.37
2025042612,157.4
2025042613,157.35
2025042613,157.3
2025042613,152.92
2025042613,139.66
2025042614,10.27
2025042614,125.96
2025042614,122.8
2025042614,114.62
2025042615,105.26
2025042615,95.12
2025042615,85.31
2025042615,75.4
2025042616,65.4
2025042616,55.08
2025042616,45.36
2025042616,34.95
2025042617,25.74
2025042617,18.37
2025042617,12.54
2025042617,8.72
2025042618,6.58
2025042618,5.18
2025042618,3.81
2025042618,1.01
2025042619,0.0
2025042700,0.0
2025042703,0.43
2025042704,0.0
2025042705,3.15
2025042705,16.67
2025042705,0.0
2025042705,2.84
2025042800,0.0
2025042803,1.17
2025042804,4.04
2025042804,5.57
2025042804,7.07
2025042804,9.08
2025042805,11.69
2025042805,11.27
2025042805,14.49
2025042805,26.81
2025042806,31.97
2025042806,53.64
2025042806,46.22
2025042806,38.27
2025042807,46.92
2025042807,59.35
2025042807,73.61
2025042807,75.92
2025042808,84.62
2025042808,126.28
2025042808,135.84
2025042808,138.41
2025042809,144.76
2025042809,152.94
2025042809,157.17
2025042809,151.17
2025042810,6.75
2025042810,0.09
2025042810,6.48
2025042810,138.2
2025042811,16.16
2025042811,0.0
2025042812,11.33
2025042813,155.11
2025042813,138.82
2025042813,142.84
2025042813,11.37
2025042814,131.68
2025042814,126.87
2025042814,117.52
2025042814,98.32
2025042815,105.2
2025042815,98.55
2025042815,84.59
2025042815,74.9
2025042816,62.78
2025042816,50.29
2025042816,40.72
2025042816,35.94
2025042817,26.29
2025042817,15.84
2025042817,12.63
2025042817,8.49
2025042818,6.86
2025042818,5.57
2025042818,4.3
2025042818,1.12
2025042819,0.0
2025042900,0.0
2025042903,1.66
2025042904,4.24
2025042904,5.87
2025042904,8.1
2025042904,10.78
2025042905,14.41
2025042905,22.53
2025042905,26.82
2025042905,33.54
2025042906,43.01
2025042906,50.84
2025042906,61.55
2025042906,72.27
2025042907,82.49
2025042907,93.98
2025042907,104.62
2025042907,111.81
2025042908,122.62
2025042908,129.11
2025042908,134.3
2025042908,144.39
2025042909,150.09
2025042909,150.59
2025042909,157.71
2025042909,158.29
2025042910,158.32
2025042910,158.27
2025042910,158.31
2025042910,158.25
2025042911,158.34
2025042911,158.38
2025042911,158.32
2025042911,158.3
2025042912,158.16
2025042912,158.31
2025042912,158.29
2025042912,158.07
2025042913,157.14
2025042913,152.43
2025042913,142.35
2025042913,134.27
2025042914,119.91
2025042914,123.62
2025042914,119.01
2025042914,109.35
2025042915,102.99
2025042915,92.24
2025042915,82.89
2025042915,74.67
2025042916,65.96
2025042916,51.94
2025042916,42.56
2025042916,28.14
2025042917,25.39
2025042917,18.16
2025042917,6.96
2025042917,5.93
2025042918,5.87
2025042918,5.22
2025042918,4.1
2025042918,3.95
2025042919,0.13
2025042919,0.0
2025043000,0.0
2025043003,0.34
2025043004,3.66
2025043004,4.28
2025043004,5.41
2025043004,7.12
2025043005,9.34
2025043005,13.06
2025043005,21.18
2025043005,23.49
2025043006,34.32
2025043006,49.45
2025043006,52.9
2025043006,37.92
2025043007,64.48
2025043007,79.39
2025043007,84.49
2025043007,106.16
2025043008,121.41
2025043008,119.27
2025043008,134.16
2025043008,133.89
2025043009,146.03
2025043009,142.19
2025043009,156.32
2025043009,157.35
2025043010,148.17
2025043010,157.17
2025043010,156.67
2025043010,158.32
2025043011,157.11
2025043011,155.97
2025043011,158.3
2025043011,158.29
2025043012,152.36
2025043012,7.22
2025043012,0.01
2025043012,6.45
2025043013,146.33
2025043013,151.31
2025043013,144.81
2025043013,138.93
2025043014,131.11
2025043014,121.5
2025043014,108.11
2025043014,101.1
2025043015,101.39
2025043015,81.48
2025043015,64.94
2025043015,58.42
2025043016,50.09
2025043016,44.9
2025043016,47.16
2025043016,36.55
2025043017,26.64
2025043017,20.66
2025043017,14.22
2025043017,9.56
2025043018,7.27
2025043018,5.65
2025043018,4.86
2025043018,3.8
2025043019,0.54
2025043019,0.0
2025050100,0.0
2025050103,1.4
2025050104,4.16
2025050104,5.13
2025050104,7.12
2025050104,4.99
2025050105,10.49
2025050105,18.92
2025050105,33.99
2025050105,35.45
2025050106,35.92
2025050106,50.9
2025050106,68.51
2025050106,67.39
2025050107,71.13
2025050107,88.38
2025050107,94.12
2025050107,111.99
2025050108,121.59
2025050108,114.4
2025050108,129.9
2025050108,143.49
2025050109,139.94
2025050109,152.65
2025050109,155.5
2025050109,157.8
2025050110,158.35
2025050110,158.28
2025050110,158.35
2025050110,158.32
2025050111,158.33
2025050111,158.41
2025050111,158.38
2025050111,158.33
2025050112,26.72
2025050112,0.0
2025050112,5.88
2025050113,150.85
2025050113,150.9
2025050113,7.6
2025050113,0.02
2025050114,0.09
2025050114,0.13
2025050114,0.05
2025050114,9.13
2025050115,105.54
2025050115,97.12
2025050115,87.77
2025050115,77.74
2025050116,67.8
2025050116,56.25
2025050116,41.16
2025050116,34.26
2025050117,21.67
2025050117,19.45
2025050117,13.8
2025050117,11.56
2025050118,14.27
2025050118,9.85
2025050118,6.2
2025050118,4.14
2025050119,0.45
2025050119,0.0
2025050200,0.0
2025050203,0.53
2025050204,0.01
2025050204,0.0
2025050204,1.79
2025050204,2.37
2025050205,5.3
2025050205,7.11
2025050205,4.58
2025050205,11.64
2025050206,33.38
2025050206,59.78
2025050206,68.73
2025050206,80.83
2025050207,90.35
2025050207,98.3
2025050207,105.25
2025050207,105.04
2025050208,126.07
2025050208,137.23
2025050208,144.74
2025050208,148.77
2025050209,132.13
2025050209,142.15
2025050209,112.71
2025050209,111.6
2025050210,121.31
2025050210,127.14
2025050210,131.72
2025050210,134.73
2025050211,136.15
2025050211,126.15
2025050211,143.26
2025050211,149.89
2025050212,137.54
2025050212,124.13
2025050212,128.27
2025050212,134.98
2025050213,115.96
2025050213,98.1
2025050213,110.9
2025050213,90.11
2025050214,103.74
2025050214,77.81
2025050214,67.63
2025050214,63.73
2025050215,48.73
2025050215,63.36
2025050215,82.34
2025050215,62.36
2025050216,43.17
2025050216,46.84
2025050216,24.11
2025050216,29.81
2025050217,19.57
2025050217,20.65
2025050217,11.9
2025050217,12.23
2025050218,9.06
2025050218,5.35
2025050218,4.67
2025050218,4.03
2025050219,0.15
2025050219,0.0
2025050300,0.0
2025050304,4.18
2025050304,5.69
2025050304,8.89
2025050304,11.48
2025050305,15.78
2025050305,21.03
2025050305,33.88
2025050305,37.2
2025050306,28.9
2025050306,25.08
2025050306,11.96
2025050306,11.58
2025050307,16.37
2025050307,19.96
2025050307,20.85
2025050307,9.69
2025050308,21.39
2025050308,16.39
2025050308,29.04
2025050308,38.14
2025050309,32.66
2025050309,40.98
2025050309,46.02
2025050309,38.99
2025050310,45.19
2025050310,62.03
2025050310,46.11
2025050310,39.89
2025050311,61.64
2025050311,42.49
2025050311,41.56
2025050311,39.49
2025050312,40.54
2025050312,28.58
2025050312,32.56
2025050312,37.77
2025050313,42.67
2025050313,81.08
2025050313,86.43
2025050313,57.75
2025050314,60.4
2025050314,26.21
2025050314,20.02
2025050314,31.7
2025050315,74.61
2025050315,82.68
2025050315,77.73
2025050315,67.7
2025050316,48.27
2025050316,69.16
2025050316,33.32
2025050316,29.99
2025050317,14.24
2025050317,6.24
2025050317,5.8
2025050317,4.69
2025050318,11.22
2025050318,13.32
2025050318,5.49
2025050318,4.05
2025050319,1.37
2025050319,0.0
2025050400,0.0
2025050403,1.76
2025050403,4.07
2025050404,5.07
2025050404,5.18
2025050404,5.64
2025050404,7.21
2025050405,20.98
2025050405,17.6
2025050405,18.99
2025050405,22.38
2025050406,33.71
2025050406,46.18
2025050406,47.74
2025050406,71.82
2025050407,51.28
2025050407,54.54
2025050407,42.07
2025050407,115.16
2025050408,118.48
2025050408,125.81
2025050408,136.12
2025050408,149.48
2025050409,153.12
2025050409,145.33
2025050409,127.45
2025050409,157.69
2025050410,158.37
2025050410,142.84
2025050410,151.52
2025050410,158.02
2025050411,156.75
2025050411,152.62
2025050411,139.33
2025050411,148.42
2025050412,132.81
2025050412,131.37
2025050412,147.99
2025050412,138.07
2025050413,102.62
2025050413,79.94
2025050413,95.18
2025050413,134.04
2025050414,124.32
2025050414,110.63
2025050414,102.95
2025050414,99.34
2025050415,92.96
2025050415,106.75
2025050415,96.59
2025050415,85.69
2025050416,74.91
2025050416,63.94
2025050416,52.46
2025050416,40.84
2025050417,31.89
2025050417,23.28
2025050417,15.94
2025050417,10.55
2025050418,7.51
2025050418,5.97
2025050418,4.76
2025050418,3.77
2025050419,1.79
2025050419,0.0
2025050500,0.0
2025050503,0.89
2025050503,3.4
2025050504,4.96
2025050504,6.25
2025050504,8.14
2025050504,12.39
2025050505,16.61
2025050505,23.33
2025050505,32.43
2025050505,42.6
2025050506,53.15
2025050506,63.53
2025050506,73.85
2025050506,84.08
2025050507,94.14
2025050507,103.61
2025050507,112.14
2025050507,121.66
2025050508,128.44
2025050508,138.38
2025050508,145.32
2025050508,151.71
2025050509,155.41
2025050509,158.34
2025050509,158.33
2025050510,158.34
2025050511,158.33
2025050511,158.34
2025050511,158.39
2025050511,158.43
2025050512,158.02
2025050512,151.13
2025050512,142.66
2025050512,119.14
2025050513,152.63
2025050513,156.18
2025050513,152.26
2025050513,120.36
2025050514,123.38
2025050514,124.23
2025050514,129.79
2025050514,119.75
2025050515,113.82
2025050515,100.11
2025050515,79.56
2025050515,80.57
2025050516,68.62
2025050516,62.3
2025050516,45.34
2025050516,36.35
2025050517,25.28
2025050517,18.0
2025050517,11.64
2025050517,5.91
2025050518,4.83
2025050518,4.42
2025050518,4.19
2025050518,0.99
2025050519,0.0
2025050519,2.34
2025050519,0.0
2025050600,0.0
2025050603,3.18
2025050603,4.45
2025050604,5.2
2025050604,6.37
2025050604,7.95
2025050604,11.15
2025050605,16.3
2025050605,23.52
2025050605,32.05
2025050605,41.81
2025050606,52.33
2025050606,63.03
2025050606,73.77
2025050606,85.14
2025050607,95.51
2025050607,103.58
2025050607,113.68
2025050607,119.66
2025050608,132.37
2025050608,139.67
2025050608,146.21
2025050608,150.68
2025050609,156.98
2025050609,158.37
2025050609,158.1
2025050609,158.37
2025050610,158.1
2025050610,158.33
2025050610,158.32
2025050610,158.35
2025050611,158.36
2025050611,158.37
2025050611,158.35
2025050611,158.28
2025050612,158.36
2025050612,158.34
2025050612,158.35
2025050612,156.73
2025050613,154.3
2025050613,158.22
2025050613,157.79
2025050613,144.76
2025050614,115.19
2025050614,109.3
2025050614,112.43
2025050614,108.21
2025050615,109.23
2025050615,97.01
2025050615,73.54
2025050615,71.85
2025050616,67.13
2025050616,62.48
2025050616,53.99
2025050616,43.05
2025050617,34.24
2025050617,24.21
2025050617,13.56
2025050617,11.32
2025050618,10.25
2025050618,8.46
2025050618,6.47
2025050618,4.76
2025050619,2.97
2025050619,0.0
2025050700,0.0
2025050703,0.22
2025050703,3.85
2025050703,4.52
2025050704,5.55
2025050704,7.03
2025050704,9.23
2025050704,12.48
2025050705,17.07
2025050705,24.15
2025050705,31.52
2025050705,41.42
2025050706,52.36
2025050706,62.31
2025050706,72.64
2025050706,82.9
2025050707,93.16
2025050707,102.42
2025050707,111.73
2025050707,120.33
2025050708,127.92
2025050708,135.43
2025050708,142.54
2025050708,148.37
2025050709,154.38
2025050709,157.82
2025050709,158.34
2025050709,158.36
2025050710,158.34
2025050710,158.32
2025050710,158.35
2025050710,158.36
2025050711,158.37
2025050711,158.36
2025050711,158.33
2025050712,158.34
2025050712,150.73
2025050712,151.02
2025050713,143.41
2025050713,151.93
2025050713,153.91
2025050713,150.31
2025050714,140.54
2025050714,132.62
2025050714,119.99
2025050714,120.53
2025050715,107.35
2025050715,93.03
2025050715,81.56
2025050715,77.8
2025050716,65.41
2025050716,48.92
2025050716,41.09
2025050716,42.07
2025050717,36.2
2025050717,24.66
2025050717,21.06
2025050717,14.06
2025050718,11.32
2025050718,8.62
2025050718,6.92
2025050718,5.44
2025050719,4.49
2025050719,2.23
2025050719,0.0
2025050800,0.0
2025050803,0.29
2025050803,3.67
2025050803,4.49
2025050804,5.04
2025050804,6.88
2025050804,9.05
2025050804,11.05
2025050805,16.02
2025050805,22.91
2025050805,36.04
2025050805,46.28
2025050806,53.93
2025050806,63.89
2025050806,74.15
2025050806,83.16
2025050807,91.36
2025050900,0.0
2025050903,0.15
2025050903,2.94
2025050904,4.11
2025050904,4.51
2025050904,4.66
2025050904,4.4
2025050905,5.44
2025050905,5.02
2025050905,6.35
2025050905,8.55
2025050906,8.9
2025050906,10.04
2025050906,10.62
2025050906,11.58
2025050907,12.73
2025050907,13.42
2025050907,18.42
2025050907,20.04
2025050908,20.68
2025050908,22.82
2025050908,34.09
2025050909,24.95
2025050909,26.12
2025050909,25.74
2025050909,25.32
2025050910,27.2
2025050910,31.94
2025050910,30.76
2025050910,29.52
2025050911,47.73
2025050911,52.26
2025050911,58.66
2025050911,31.83
2025050912,44.15
2025050912,56.16
2025050912,74.08
2025050912,55.9
2025050913,45.94
2025050913,53.54
2025050913,93.88
2025050913,106.74
2025050914,81.06
2025050914,61.56
2025050914,39.26
2025050914,43.31
2025050915,41.6
2025050915,45.19
2025050915,50.08
2025050915,41.07
2025050916,43.11
2025050916,36.35
2025050916,20.34
2025050916,24.76
2025050917,20.89
2025050917,13.32
2025050917,13.12
2025050917,12.87
2025050918,14.23
2025050918,12.79
2025050918,7.53
2025050918,5.09
2025050919,3.46
2025050919,0.72
2025050919,0.0
2025051000,0.0
2025051003,1.13
2025051003,3.95
2025051003,5.33
2025051004,6.99
2025051004,10.69
2025051004,13.51
2025051004,13.97
2025051005,19.41
2025051005,26.32
2025051005,31.74
2025051005,24.19
2025051006,29.48
2025051006,47.26
2025051006,66.09
2025051006,71.64
2025051007,93.61
2025051007,100.42
2025051007,111.91
2025051007,122.13
2025051008,129.8
2025051008,137.59
2025051008,143.25
2025051008,150.33
2025051009,155.46
2025051009,157.62
2025051009,154.3
2025051009,150.52
2025051010,145.05
2025051010,157.4
2025051010,158.35
2025051010,158.1
2025051011,158.34
2025051011,158.36
2025051011,158.38
2025051012,158.37
2025051012,158.35
2025051012,158.34
2025051012,158.31
2025051013,158.21
2025051013,155.92
2025051013,149.37
2025051014,142.7
2025051014,135.77
2025051014,128.62
2025051014,121.11
2025051015,112.03
2025051015,102.43
2025051015,93.61
2025051015,83.61
2025051016,73.49
2025051016,63.29
2025051016,53.1
2025051016,43.03
2025051017,33.54
2025051017,25.0
2025051017,17.42
2025051017,11.4
2025051018,8.04
2025051018,6.45
2025051018,5.36
2025051018,4.43
2025051019,3.82
2025051019,0.85
2025051100,0.0
2025051103,1.01
2025051103,3.73
2025051103,4.54
2025051104,6.0
2025051104,7.98
2025051104,11.56
2025051104,14.02
2025051105,16.93
2025051105,18.57
2025051105,21.27
2025051105,22.92
2025051106,25.68
2025051106,27.57
2025051106,28.16
2025051106,34.35
2025051107,38.71
2025051107,46.88
2025051107,58.91
2025051107,88.21
2025051108,110.58
2025051108,126.35
2025051108,139.42
2025051108,143.45
2025051109,133.58
2025051109,3.98
2025051109,6.59
2025051109,139.67
2025051110,133.85
2025051110,153.96
2025051110,140.35
2025051110,152.06
2025051111,97.06
2025051111,6.91
2025051111,128.45
2025051111,6.56
2025051112,0.0
2025051112,6.6
2025051112,145.22
2025051112,112.6
2025051113,135.32
2025051113,87.8
2025051113,88.02
2025051113,77.39
2025051114,0.05
2025051114,6.56
2025051114,58.23
2025051114,73.41
2025051115,59.72
2025051115,27.04
2025051115,14.53
2025051115,16.84
2025051116,17.78
2025051116,17.64
2025051116,18.77
2025051116,19.3
2025051117,18.15
2025051117,14.95
2025051117,15.95
2025051117,16.96
2025051118,12.49
2025051118,7.93
2025051118,5.47
2025051118,4.3
2025051119,3.86
2025051119,1.17
2025051119,0.0
2025051200,0.0
2025051203,1.31
2025051203,3.87
2025051203,4.43
2025051204,5.42
2025051204,6.58
2025051204,8.43
2025051204,12.42
2025051205,18.64
2025051205,26.43
2025051205,35.41
2025051205,45.48
2025051206,55.97
2025051206,66.44
2025051206,76.71
2025051206,86.82
2025051207,96.57
2025051207,105.6
2025051207,114.12
2025051207,122.43
2025051208,130.34
2025051208,137.66
2025051208,144.11
2025051208,149.91
2025051209,155.09
2025051209,158.03
2025051209,158.32
2025051209,158.34
2025051210,158.3
2025051210,158.34
2025051210,158.4
2025051210,158.31
2025051211,158.29
2025051211,158.34
2025051211,158.23
2025051211,158.35
2025051212,157.76
2025051212,158.34
2025051212,152.77
2025051212,157.38
2025051213,157.76
2025051213,151.92
2025051213,142.3
2025051213,151.94
2025051214,145.01
2025051214,137.39
2025051214,125.02
2025051214,119.09
2025051215,106.14
2025051215,72.74
2025051215,77.51
2025051215,69.64
2025051216,48.72
2025051216,49.17
2025051216,33.09
2025051216,25.98
2025051217,33.52
2025051217,25.67
2025051217,18.1
2025051217,12.41
2025051218,8.69
2025051218,6.91
2025051218,5.71
2025051218,4.66
2025051219,4.09
2025051219,1.97
2025051219,0.0
2025051300,0.0
2025051303,0.01
2025051303,2.11
2025051303,4.26
2025051303,4.99
2025051304,5.91
2025051304,6.98
2025051304,9.11
2025051304,13.05
2025051305,19.55
2025051305,27.21
2025051305,35.83
2025051305,45.36
2025051306,55.48
2025051306,65.76
2025051306,74.59
2025051306,83.44
2025051400,0.0
2025051403,1.64
2025051403,3.35
2025051403,4.0
2025051404,4.94
2025051404,7.73
2025051404,15.51
2025051404,20.01
2025051405,26.33
2025051405,29.66
2025051405,36.5
2025051405,45.73
2025051406,55.86
2025051406,66.31
2025051406,76.29
2025051406,86.07
2025051407,95.78
2025051407,104.98
2025051407,112.21
2025051407,120.05
2025051408,126.84
2025051408,133.84
2025051408,113.3
2025051408,123.8
2025051409,143.88
2025051409,13.02
2025051409,151.66
2025051409,155.25
2025051410,156.9
2025051410,157.91
2025051410,157.23
2025051410,155.87
2025051411,152.91
2025051411,152.32
2025051411,138.75
2025051411,142.98
2025051412,16.76
2025051412,0.0
2025051412,16.62
2025051413,119.02
2025051413,116.8
2025051413,124.78
2025051413,105.8
2025051414,98.69
2025051414,82.51
2025051414,73.19
2025051414,61.42
2025051415,61.14
2025051415,50.99
2025051415,49.13
2025051415,50.05
2025051416,48.13
2025051416,38.7
2025051416,33.55
2025051416,33.43
2025051417,27.64
2025051417,24.6
2025051417,20.24
2025051417,15.57
2025051418,12.22
2025051418,8.84
2025051418,6.84
2025051418,5.37
2025051419,4.28
2025051419,2.43
2025051419,0.0
2025051500,0.0
2025051503,0.17
2025051503,3.48
2025051503,4.37
2025051503,4.92
2025051504,5.98
2025051504,7.2
2025051504,9.47
2025051504,13.77
2025051505,20.12
2025051505,28.14
2025051505,37.35
2025051505,47.68
2025051506,58.23
2025051506,68.96
2025051506,79.52
2025051506,89.06
2025051507,100.29
2025051507,105.49
2025051507,113.95
2025051507,133.85
2025051508,120.54
2025051508,123.37
2025051508,145.6
2025051508,153.95
2025051509,143.35
2025051509,9.65
2025051509,144.67
2025051509,156.76
2025051510,150.99
2025051510,12.99
2025051510,149.03
2025051510,158.3
2025051511,26.97
2025051511,0.06
2025051511,0.09
2025051511,0.08
2025051512,0.04
2025051512,0.05
2025051512,0.0
2025051512,19.26
2025051513,157.74
2025051513,158.34
2025051513,158.31
2025051513,156.92
2025051514,149.82
2025051514,142.7
2025051514,135.44
2025051514,127.5
2025051515,118.37
2025051515,108.48
2025051515,98.27
2025051515,88.02
2025051516,77.91
2025051516,67.35
2025051516,56.75
2025051516,46.15
2025051517,36.11
2025051517,27.25
2025051517,19.65
2025051517,13.66
2025051518,9.67
2025051518,7.6
2025051518,6.22
2025051518,5.17
2025051519,4.42
2025051519,3.68
2025051519,0.28
2025051519,0.0
2025051600,0.0
2025051603,0.24
2025051603,1.98
2025051603,4.11
2025051603,5.6
2025051604,7.24
2025051604,8.51
2025051604,11.37
2025051604,15.14
2025051605,21.11
2025051605,28.75
2025051605,37.64
2025051605,47.77
2025051606,58.48
2025051606,68.91
2025051606,79.43
2025051606,89.51
2025051607,99.74
2025051607,109.48
2025051607,118.74
2025051607,125.59
2025051608,128.65
2025051608,144.13
2025051608,153.78
2025051608,135.06
2025051609,119.32
2025051609,9.92
2025051609,117.88
2025051609,110.87
2025051610,0.57
2025051610,6.54
2025051610,142.39
2025051610,5.89
2025051611,0.02
2025051611,0.03
2025051611,0.04
2025051611,0.01
2025051612,0.02
2025051612,0.0
2025051612,0.01
2025051612,6.39
2025051613,151.47
2025051613,152.25
2025051613,7.2
2025051613,6.56
2025051614,141.86
2025051614,134.12
2025051614,10.3
2025051614,121.59
2025051615,116.2
2025051615,107.05
2025051615,97.28
2025051615,87.46
2025051616,77.4
2025051616,67.62
2025051616,57.24
2025051616,46.84
2025051617,36.99
2025051617,28.06
2025051617,19.99
2025051617,13.64
2025051618,9.34
2025051618,7.16
2025051618,5.99
2025051618,4.92
2025051619,4.25
2025051619,3.79
2025051619,0.36
2025051619,0.0
2025051700,0.0
2025051703,0.37
2025051703,3.41
2025051703,4.44
2025051703,5.85
2025051704,6.52
2025051704,8.27
2025051704,10.96
2025051704,15.75
2025051705,21.44
2025051705,28.62
2025051705,36.71
2025051705,45.26
2025051706,55.39
2025051706,69.32
2025051706,75.87
2025051706,86.17
2025051707,96.35
2025051707,106.03
2025051707,115.56
2025051707,124.39
2025051708,133.08
2025051708,140.8
2025051708,147.84
2025051708,154.55
2025051709,151.61
2025051709,12.85
2025051709,150.64
2025051709,151.98
2025051710,6.93
2025051710,0.04
2025051710,0.0
2025051711,0.02
2025051711,0.01
2025051711,6.56
2025051712,6.6
2025051712,0.02
2025051712,0.03
2025051712,2.06
2025051713,0.05
2025051713,6.55
2025051713,144.78
2025051713,6.51
2025051714,6.45
2025051714,136.06
2025051714,127.25
2025051714,2.92
2025051715,6.38
2025051715,106.27
2025051715,109.25
2025051715,74.04
2025051716,77.72
2025051716,86.88
2025051716,71.19
2025051716,47.07
2025051717,37.0
2025051717,28.19
2025051717,20.33
2025051717,14.19
2025051718,9.91
2025051718,7.63
2025051718,6.32
2025051718,5.18
2025051719,4.41
2025051719,3.96
2025051719,0.61
2025051719,0.0
2025051800,0.0
2025051803,1.19
2025051803,3.94
2025051803,4.32
2025051803,4.76
2025051804,6.31
2025051804,7.62
2025051804,11.31
2025051804,18.21
2025051805,24.04
2025051805,22.49
2025051805,45.73
2025051805,59.01
2025051806,57.12
2025051806,49.22
2025051806,82.18
2025051806,97.01
2025051807,103.04
2025051807,109.08
2025051807,115.26
2025051807,115.65
2025051808,135.0
2025051808,143.07
2025051808,151.51
2025051808,139.33
2025051809,157.52
2025051809,138.66
2025051809,144.97
2025051809,114.43
2025051810,141.97
2025051810,152.55
2025051810,157.36
2025051810,156.11
2025051811,28.58
2025051811,0.0
2025051813,11.45
2025051814,144.76
2025051814,133.61
2025051814,127.05
2025051814,122.43
2025051815,115.04
2025051815,105.99
2025051815,92.99
2025051815,80.76
2025051816,79.68
2025051816,63.89
2025051816,33.97
2025051816,22.03
2025051817,18.05
2025051817,15.01
2025051817,15.13
2025051817,13.39
2025051818,12.67
2025051818,10.97
2025051818,9.31
2025051818,7.35
2025051819,4.94
2025051819,4.04
2025051819,1.06
2025051819,0.0
2025051900,0.0
2025051903,2.41
2025051903,4.12
2025051903,5.04
2025051903,6.09
2025051904,7.74
2025051904,10.18
2025051904,13.43
2025051904,17.81
2025051905,26.55
2025051905,36.2
2025051905,43.92
2025051905,47.82
2025051906,54.02
2025051906,68.5
2025051906,84.18
2025051906,93.75
2025051907,101.84
2025051907,112.45
2025051907,121.34
2025051907,130.14
2025051908,136.68
2025051908,143.27
2025051908,150.15
2025051908,155.96
2025051909,158.29
2025051909,158.32
2025051909,158.35
2025051909,158.31
2025051910,158.36
2025051910,158.35
2025051910,158.34
2025051910,158.3
2025051911,158.32
2025051912,158.35
2025051912,158.31
2025051912,158.33
2025051913,158.32
2025051913,158.34
2025051913,157.44
2025051913,152.96
2025051914,146.79
2025051914,139.04
2025051914,132.06
2025051914,123.88
2025051915,115.42
2025051915,106.56
2025051915,97.24
2025051915,88.04
2025051916,78.34
2025051916,68.46
2025051916,58.3
2025051916,48.2
2025051917,38.56
2025051917,29.46
2025051917,21.29
2025051917,14.67
2025051918,10.05
2025051918,7.58
2025051918,6.3
2025051918,5.13
2025051919,4.32
2025051919,3.87
2025051919,1.9
2025051919,0.0
2025052000,0.0
2025052003,1.78
2025052003,3.91
2025052003,4.43
2025052003,5.35
2025052004,6.5
2025052004,7.91
2025052004,10.83
2025052004,15.71
2025052005,22.34
2025052005,30.16
2025052005,38.33
2025052005,45.85
2025052006,56.58
2025052006,68.56
2025052006,78.0
2025052006,87.55
2025052007,96.96
2025052007,104.6
2025052007,114.88
2025052007,121.56
2025052008,126.62
2025052008,116.0
2025052008,103.38
2025052008,87.86
2025052009,92.27
2025052009,77.11
2025052009,77.79
2025052009,67.17
2025052010,74.18
2025052010,0.0
2025052010,6.61
2025052010,121.13
2025052011,127.21
2025052011,125.17
2025052011,130.31
2025052011,126.9
2025052012,135.75
2025052012,115.34
2025052012,98.73
2025052012,97.26
2025052013,79.46
2025052013,74.18
2025052013,69.42
2025052013,65.83
2025052014,59.47
2025052014,57.43
2025052014,52.51
2025052014,44.18
2025052015,43.13
2025052015,37.25
2025052015,31.73
2025052015,27.24
2025052016,19.52
2025052016,14.97
2025052016,13.33
2025052016,11.72
2025052017,7.48
2025052017,6.98
2025052017,6.21
2025052017,6.58
2025052018,6.41
2025052018,5.48
2025052018,4.43
2025052018,4.12
2025052019,2.95
2025052019,0.26
2025052019,0.0
2025052100,0.0
2025052103,0.44
2025052103,1.82
2025052103,2.9
2025052103,4.0
2025052104,4.62
2025052104,5.83
2025052104,6.42
2025052104,8.22
2025052105,10.11
2025052105,14.28
2025052105,18.05
2025052105,21.38
2025052106,22.73
2025052106,25.77
2025052106,24.41
2025052106,27.73
2025052107,35.81
2025052107,34.92
2025052107,66.24
2025052107,74.74
2025052108,50.78
2025052108,71.37
2025052108,72.54
2025052108,38.33
2025052109,100.27
2025052109,76.43
2025052109,97.45
2025052109,88.65
2025052110,83.49
2025052110,117.41
2025052110,128.19
2025052110,141.6
2025052111,104.62
2025052111,107.2
2025052111,93.68
2025052111,120.81
2025052112,113.95
2025052112,112.1
2025052112,118.56
2025052112,129.23
2025052113,152.2
2025052113,158.19
2025052113,157.15
2025052113,153.78
2025052114,140.72
2025052114,141.58
2025052114,132.62
2025052114,111.34
2025052115,59.18
2025052115,107.45
2025052115,94.8
2025052115,84.04
2025052116,0.25
2025052116,0.24
2025052116,0.16
2025052116,0.03
2025052117,0.0
2025052118,0.01
2025052118,0.0
2025052118,0.82
2025052119,4.57
2025052119,3.94
2025052119,2.73
2025052119,0.0
2025052200,0.0
2025052203,1.51
2025052203,2.72
2025052203,6.31
2025052203,10.01
2025052204,1.47
2025052204,11.63
2025052204,7.07
2025052204,8.4
2025052205,21.52
2025052205,22.71
2025052205,28.58
2025052205,28.48
2025052206,48.75
2025052206,51.1
2025052206,61.04
2025052206,60.71
2025052207,66.59
2025052207,27.21
2025052207,70.91
2025052207,77.47
2025052208,132.48
2025052208,123.05
2025052208,109.25
2025052208,70.04
2025052209,85.8
2025052209,132.27
2025052209,106.33
2025052209,102.68
2025052210,91.64
2025052210,119.03
2025052210,71.21
2025052210,108.77
2025052211,48.76
2025052211,62.58
2025052211,60.35
2025052211,50.61
2025052212,79.15
2025052212,45.55
2025052212,77.21
2025052212,66.37
2025052213,114.51
2025052213,82.84
2025052213,76.36
2025052213,76.21
2025052214,60.83
2025052214,60.02
2025052214,24.41
2025052214,17.85
2025052215,22.14
2025052215,40.3
2025052215,92.79
2025052215,77.07
2025052216,59.81
2025052216,67.51
2025052216,84.35
2025052216,70.29
2025052217,54.72
2025052217,33.29
2025052217,13.23
2025052217,13.12
2025052218,9.32
2025052218,9.11
2025052218,7.28
2025052218,5.8
2025052219,4.61
2025052219,4.09
2025052219,3.19
2025052219,0.06
2025052220,0.0
2025052300,0.0
2025052303,2.11
2025052303,4.09
2025052303,4.31
2025052303,4.79
2025052304,5.28
2025052304,5.81
2025052304,7.75
2025052304,11.0
2025052305,23.22
2025052305,33.14
2025052305,40.31
2025052305,41.35
2025052306,62.3
2025052306,58.3
2025052306,83.77
2025052306,90.7
2025052307,104.01
2025052307,96.22
2025052307,113.37
2025052307,109.39
2025052308,95.81
2025052308,122.77
2025052308,122.49
2025052308,79.51
2025052309,71.92
2025052309,94.83
2025052309,125.77
2025052309,138.81
2025052310,145.89
2025052310,150.66
2025052310,149.83
2025052310,95.78
2025052311,118.45
2025052311,4.75
2025052311,6.58
2025052311,87.86
2025052312,0.54
2025052312,6.39
2025052312,144.45
2025052312,136.86
2025052313,117.78
2025052313,98.54
2025052313,93.3
2025052313,115.68
2025052314,77.33
2025052314,74.0
2025052314,95.58
2025052314,74.67
2025052315,71.76
2025052315,67.04
2025052315,53.62
2025052315,46.08
2025052316,45.71
2025052316,34.74
2025052316,33.62
2025052316,26.34
2025052317,23.97
2025052317,23.67
2025052317,19.75
2025052317,18.98
2025052318,14.99
2025052318,7.84
2025052318,6.32
2025052318,5.76
2025052319,4.15
2025052319,3.38
2025052319,2.67
2025052319,1.3
2025052320,0.02
2025052320,0.0
2025052400,0.0
2025052403,0.33
2025052403,3.34
2025052403,4.26
2025052404,5.23
2025052404,5.31
2025052404,8.95
2025052404,16.62
2025052405,6.54
2025052405,13.58
2025052405,17.49
2025052405,37.68
2025052406,33.63
2025052406,28.39
2025052406,40.29
2025052406,54.74
2025052407,34.44
2025052407,45.98
2025052407,65.76
2025052407,32.38
2025052408,35.26
2025052408,81.7
2025052408,86.54
2025052408,99.07
2025052409,96.13
2025052409,92.34
2025052409,118.36
2025052409,112.89
2025052410,114.75
2025052410,141.76
2025052410,130.53
2025052410,8.86
2025052411,149.43
2025052411,132.28
2025052411,151.2
2025052411,151.64
2025052412,147.81
2025052412,10.96
2025052412,136.13
2025052412,149.5
2025052413,6.62
2025052413,0.01
2025052413,6.42
2025052413,137.31
2025052414,123.32
2025052414,82.94
2025052414,72.61
2025052414,56.52
2025052415,50.83
2025052415,52.6
2025052415,39.6
2025052415,30.31
2025052416,29.03
2025052416,30.97
2025052416,30.01
2025052416,22.81
2025052417,21.14
2025052417,13.55
2025052417,8.68
2025052417,8.78
2025052418,8.28
2025052418,5.62
2025052418,4.24
2025052418,3.95
2025052419,3.8
2025052419,2.12
2025052419,0.0
2025052500,0.0
2025052503,0.22
2025052503,3.83
2025052504,4.68
2025052504,4.49
2025052504,4.93
2025052504,5.05
2025052505,8.35
2025052505,5.97
2025052505,7.69
2025052505,8.01
2025052506,6.76
2025052506,5.18
2025052506,6.21
2025052506,7.23
2025052507,8.97
2025052507,11.69
2025052507,13.25
2025052507,14.69
2025052508,14.95
2025052508,23.77
2025052508,35.44
2025052508,15.4
2025052509,22.3
2025052509,25.9
2025052509,26.32
2025052509,0.07
2025052510,4.86
2025052510,39.91
2025052510,34.37
2025052510,25.88
2025052511,27.54
2025052511,2.63
2025052511,17.42
2025052511,2.84
2025052512,22.17
2025052512,26.76
2025052512,28.1
2025052512,33.03
2025052513,20.99
2025052513,18.13
2025052513,23.35
2025052513,37.13
2025052514,35.91
2025052514,70.09
2025052514,60.44
2025052514,34.82
2025052515,25.42
2025052515,35.77
2025052515,32.12
2025052515,18.72
2025052516,2.26
2025052516,15.1
2025052516,21.91
2025052516,19.24
2025052517,14.8
2025052517,18.14
2025052517,18.09
2025052517,12.73
2025052518,1.55
2025052518,6.0
2025052518,4.86
2025052518,4.98
2025052519,4.54
2025052519,4.31
2025052519,3.87
2025052519,0.36
2025052520,0.0
2025052600,0.0
2025052602,0.11
2025052603,1.92
2025052603,4.7
2025052603,5.31
2025052603,6.18
2025052604,7.49
2025052604,9.17
2025052604,12.2
2025052604,17.21
2025052605,23.97
2025052605,31.97
2025052605,41.29
2025052605,60.62
2025052606,42.55
2025052606,28.63
2025052606,38.36
2025052606,87.2
2025052607,75.44
2025052607,59.46
2025052607,55.68
2025052607,106.34
2025052608,81.92
2025052608,64.77
2025052608,81.82
2025052608,70.08
2025052609,79.62
2025052609,78.13
2025052609,77.69
2025052609,81.67
2025052610,100.73
2025052610,9.59
2025052610,130.58
2025052610,129.83
2025052611,118.55
2025052611,112.94
2025052611,127.71
2025052611,111.64
2025052612,2.98
2025052612,0.0
2025052613,6.62
2025052613,100.94
2025052613,102.66
2025052613,3.12
2025052614,6.56
2025052614,133.55
2025052614,103.17
2025052614,87.9
2025052615,6.57
2025052615,65.21
2025052615,61.8
2025052615,54.12
2025052616,32.4
2025052616,34.61
2025052616,35.85
2025052616,26.08
2025052617,17.06
2025052617,19.52
2025052617,16.47
2025052617,10.51
2025052618,12.65
2025052618,8.17
2025052618,5.74
2025052618,5.27
2025052619,4.54
2025052619,3.21
2025052619,0.96
2025052619,0.0
2025052700,0.0
2025052703,1.25
2025052703,1.67
2025052703,4.02
2025052704,4.44
2025052704,4.31
2025052704,4.92
2025052704,3.95
2025052705,5.04
2025052705,4.32
2025052705,6.51
2025052705,7.0
2025052706,8.25
2025052706,13.72
2025052706,12.8
2025052706,10.47
2025052707,19.31
2025052707,24.48
2025052707,25.4
2025052707,19.93
2025052708,7.08
2025052708,7.58
2025052708,15.45
2025052708,36.47
2025052709,41.52
2025052709,74.75
2025052709,74.32
2025052709,87.41
2025052710,93.73
2025052710,110.51
2025052710,97.29
2025052710,107.08
2025052711,82.4
2025052711,66.77
2025052711,94.98
2025052711,101.19
2025052712,93.88
2025052712,102.59
2025052712,91.78
2025052712,80.22
2025052713,72.12
2025052713,92.05
2025052713,91.17
2025052713,66.54
2025052714,83.73
2025052714,66.84
2025052714,80.87
2025052714,66.7
2025052715,70.95
2025052715,56.57
2025052715,49.97
2025052715,54.11
2025052716,56.72
2025052716,36.95
2025052716,30.7
2025052716,32.45
2025052717,28.22
2025052717,24.69
2025052717,17.19
2025052717,15.08
2025052718,13.41
2025052718,12.24
2025052718,10.04
2025052718,6.18
2025052719,5.41
2025052719,5.36
2025052719,4.14
2025052719,1.61
2025052720,0.0
2025052800,0.0
2025052802,0.03
2025052803,2.72
2025052803,4.91
2025052803,6.58
2025052803,8.3
2025052804,10.9
2025052804,15.96
2025052804,21.08
2025052804,19.74
2025052805,17.87
2025052805,22.02
2025052805,33.72
2025052805,54.84
2025052806,66.32
2025052806,81.61
2025052806,78.78
2025052806,86.54
2025052807,102.59
2025052807,104.62
2025052807,27.99
2025052807,25.01
2025052808,45.31
2025052808,65.74
2025052808,85.23
2025052808,90.25
2025052809,137.75
2025052809,122.25
2025052809,144.12
2025052809,149.05
2025052810,151.65
2025052810,154.79
2025052810,128.86
2025052810,130.31
2025052811,125.56
2025052811,134.86
2025052811,109.96
2025052811,106.71
2025052812,84.28
2025052812,96.05
2025052812,103.36
2025052812,115.79
2025052813,78.75
2025052813,88.02
2025052813,100.06
2025052813,126.55
2025052814,92.71
2025052814,95.64
2025052814,71.78
2025052814,67.78
2025052815,51.24
2025052815,60.4
2025052815,84.52
2025052815,87.46
2025052816,68.23
2025052816,46.11
2025052816,45.75
2025052816,41.53
2025052817,45.45
2025052817,34.36
2025052817,24.93
2025052817,18.59
2025052818,13.21
2025052818,8.98
2025052818,7.16
2025052818,6.04
2025052819,4.29
2025052819,3.79
2025052819,2.84
2025052819,0.75
2025052820,0.0
2025052900,0.0
2025052902,0.24
2025052903,1.69
2025052903,4.16
2025052903,5.7
2025052903,7.32
2025052904,7.63
2025052904,7.96
2025052904,12.85
2025052904,18.0
2025052905,25.16
2025052905,33.66
2025052905,43.35
2025052905,50.68
2025052906,61.32
2025052906,70.33
2025052906,75.8
2025052906,88.4
2025052907,99.28
2025052907,104.85
2025052907,116.42
2025052907,94.31
2025052908,119.19
2025052908,122.91
2025052908,145.61
2025052908,127.84
2025052909,142.98
2025052909,129.18
2025052909,140.35
2025052909,154.96
2025052910,151.32
2025052910,154.34
2025052910,155.03
2025052910,146.5
2025052911,4.04
2025052911,0.0
2025052912,0.01
2025052912,0.0
2025052913,5.79
2025052913,50.81
2025052913,6.39
2025052914,73.76
2025052914,0.04
2025052914,0.0
2025052914,4.85
2025052915,37.55
2025052915,27.06
2025052915,3.32
2025052915,16.78
2025052916,12.49
2025052916,12.79
2025052916,11.58
2025052916,9.81
2025052917,7.98
2025052917,6.58
2025052917,8.12
2025052917,4.39
2025052918,2.9
2025052918,2.02
2025052918,2.48
2025052918,1.72
2025052919,0.59
2025052919,0.07
2025052919,0.01
2025052919,0.0
2025053000,0.0
2025053002,0.04
2025053003,0.75
2025053003,3.04
2025053003,4.09
2025053003,6.29
2025053004,8.51
2025053004,8.36
2025053004,11.93
2025053004,17.34
2025053005,25.47
2025053005,31.91
2025053005,41.43
2025053005,51.1
2025053006,58.79
2025053006,69.45
2025053006,74.01
2025053006,63.08
2025053007,62.94
2025053007,106.69
2025053007,90.4
2025053007,88.11
2025053008,71.54
2025053008,43.12
2025053008,46.78
2025053008,29.29
2025053009,34.13
2025053009,26.92
2025053009,16.4
2025053009,24.7
2025053010,27.42
2025053010,30.26
2025053010,24.55
2025053010,27.85
2025053011,0.0
2025053011,5.38
2025053011,32.05
2025053011,6.46
2025053012,117.8
2025053012,84.26
2025053012,67.19
2025053012,6.45
2025053013,82.91
2025053013,102.78
2025053013,75.1
2025053013,72.98
2025053014,94.35
2025053014,80.96
2025053014,84.59
2025053014,45.62
2025053015,15.39
2025053015,15.36
2025053015,13.74
2025053015,13.48
2025053016,13.55
2025053016,12.8
2025053016,8.67
2025053016,6.81
2025053017,6.08
2025053017,4.76
2025053017,5.0
2025053017,6.3
2025053018,5.55
2025053018,5.41
2025053018,3.81
2025053018,0.72
2025053019,0.42
2025053019,0.64
2025053019,0.15
2025053019,0.0
2025053100,0.0
2025053102,1.22
2025053103,3.67
2025053103,5.04
2025053103,6.44
2025053103,8.72
2025053104,10.78
2025053104,13.01
2025053104,16.67
2025053104,20.62
2025053105,20.03
2025053105,30.47
2025053105,39.86
2025053105,41.5
2025053106,42.86
2025053106,37.96
2025053106,74.33
2025053106,66.82
2025053107,74.61
2025053107,66.45
2025053107,75.33
2025053107,68.71
2025053108,81.26
2025053108,80.97
2025053108,79.43
2025053108,92.66
2025053109,87.73
2025053109,113.12
2025053109,132.47
2025053109,123.98
2025053110,132.5
2025053110,132.96
2025053110,151.45
2025053110,156.56
2025053111,26.35
2025053111,0.0
2025053111,0.01
2025053111,0.02
2025053112,23.65
2025053113,153.21
2025053113,145.96
2025053113,141.41
2025053113,133.68
2025053114,126.9
2025053114,121.02
2025053114,121.91
2025053114,114.21
2025053115,104.8
2025053115,95.21
2025053115,84.35
2025053115,74.44
2025053116,63.11
2025053116,56.15
2025053116,49.79
2025053116,44.99
2025053117,35.81
2025053117,28.1
2025053117,23.61
2025053117,18.34
2025053118,14.78
2025053118,11.15
2025053118,8.56
2025053118,6.41
2025053119,4.69
2025053119,3.57
2025053119,2.74
2025053119,0.53
2025053120,0.0
2025060100,0.0
2025060102,0.03
2025060103,0.62
2025060103,2.69
2025060103,5.13
2025060103,8.85
2025060104,7.66
2025060104,7.39
2025060104,12.94
2025060104,18.85
2025060105,23.5
2025060105,29.58
2025060105,44.17
2025060105,45.67
2025060106,50.0
2025060106,63.08
2025060106,70.53
2025060106,80.26
2025060107,88.53
2025060107,43.1
2025060107,41.83
2025060107,44.93
2025060108,0.0
2025060108,5.63
2025060108,117.72
2025060108,7.92
2025060109,72.86
2025060109,24.25
2025060109,21.08
2025060109,42.9
2025060110,2.8
2025060110,0.0
2025060111,0.01
2025060111,0.0
2025060114,6.63
2025060115,69.24
2025060115,58.2
2025060115,43.65
2025060115,50.55
2025060116,51.85
2025060116,42.22
2025060116,43.77
2025060116,47.27
2025060117,40.32
2025060117,31.84
2025060117,20.32
2025060117,18.92
2025060118,10.83
2025060118,15.76
2025060118,12.27
2025060118,7.68
2025060119,4.63
2025060119,5.19
2025060119,4.58
2025060119,1.35
2025060120,0.02
2025060120,0.0
2025060200,0.0
2025060202,0.02
2025060203,0.48
2025060203,1.13
2025060203,3.19
2025060203,5.68
2025060204,5.89
2025060204,6.59
2025060204,13.36
2025060204,20.86
2025060205,27.58
2025060205,30.13
2025060205,34.73
2025060205,35.47
2025060206,56.83
2025060206,40.15
2025060206,41.02
2025060206,43.55
2025060207,44.59
2025060207,67.65
2025060207,64.69
2025060207,69.12
2025060208,95.94
2025060208,89.28
2025060208,100.78
2025060208,104.63
2025060209,89.52
2025060209,111.05
2025060209,101.89
2025060209,117.06
2025060210,92.8
2025060210,99.15
2025060210,120.06
2025060210,119.4
2025060211,111.77
2025060211,120.36
2025060211,131.01
2025060211,137.52
2025060212,113.17
2025060212,116.13
2025060212,112.31
2025060212,108.27
2025060213,98.61
2025060213,110.99
2025060213,99.15
2025060213,107.01
2025060214,82.48
2025060214,97.54
2025060214,116.41
2025060214,106.76
2025060215,116.17
2025060215,81.72
2025060215,55.48
2025060215,72.92
2025060216,62.87
2025060216,46.6
2025060216,54.72
2025060216,58.36
2025060217,41.91
2025060217,36.27
2025060217,26.4
2025060217,17.97
2025060218,14.31
2025060218,10.53
2025060218,7.87
2025060218,5.61
2025060219,3.62
2025060219,2.85
2025060219,1.86
2025060219,0.33
2025060220,0.0
2025060300,0.0
2025060302,0.49
2025060303,1.87
2025060303,3.3
2025060303,4.79
2025060303,6.92
2025060304,8.89
2025060304,11.07
2025060304,14.81
2025060304,20.24
2025060305,26.7
2025060305,33.75
2025060305,43.47
2025060305,53.39
2025060306,63.02
2025060306,72.14
2025060306,80.96
2025060306,90.22
2025060307,99.08
2025060307,110.68
2025060307,112.77
2025060307,100.62
2025060308,106.94
2025060308,112.17
2025060308,140.73
2025060308,107.01
2025060309,120.25
2025060309,76.79
2025060309,123.4
2025060309,120.44
2025060310,3.5
2025060310,0.05
2025060310,0.02
2025060311,0.04
2025060311,0.03
2025060311,0.02
2025060312,0.06
2025060312,6.53
2025060313,140.13
2025060313,11.9
2025060313,135.4
2025060313,139.17
2025060314,107.92
2025060314,118.61
2025060314,100.65
2025060314,98.45
2025060315,83.76
2025060315,73.55
2025060315,50.69
2025060315,45.39
2025060316,36.08
2025060316,29.53
2025060316,22.87
2025060316,23.0
2025060317,23.34
2025060317,14.25
2025060317,9.92
2025060317,12.04
2025060318,4.09
2025060318,4.34
2025060318,2.62
2025060318,1.7
2025060319,0.91
2025060319,0.42
2025060319,0.01
2025060319,0.0
2025060400,0.0
2025060403,0.1
2025060403,1.05
2025060403,0.91
2025060403,2.14
2025060404,3.87
2025060404,8.97
2025060404,10.23
2025060404,14.0
2025060405,12.01
2025060405,21.94
2025060405,30.22
2025060405,41.93
2025060406,50.03
2025060406,54.22
2025060406,52.32
2025060406,70.45
2025060407,64.48
2025060407,53.4
2025060407,79.45
2025060407,83.66
2025060408,88.46
2025060408,118.76
2025060408,113.09
2025060408,122.91
2025060409,140.11
2025060409,130.33
2025060409,120.21
2025060409,115.33
2025060410,124.98
2025060410,106.65
2025060410,125.89
2025060410,121.2
2025060411,128.29
2025060411,123.0
2025060411,139.93
2025060411,86.95
2025060412,96.43
2025060412,128.3
2025060412,107.18
2025060412,91.53
2025060413,61.85
2025060413,81.44
2025060413,53.04
2025060413,104.81
2025060414,101.85
2025060414,90.84
2025060414,71.26
2025060414,79.85
2025060415,63.74
2025060415,64.11
2025060415,68.86
2025060415,42.63
2025060416,32.07
2025060416,43.2
2025060416,44.17
2025060416,37.8
2025060417,30.32
2025060417,14.81
2025060417,21.42
2025060417,30.92
2025060418,22.48
2025060418,16.5
2025060418,14.3
2025060418,9.06
2025060419,5.76
2025060419,3.88
2025060419,2.27
2025060419,0.84
2025060420,0.04
2025060420,0.0
2025060500,0.0
2025060502,0.87
2025060503,2.39
2025060503,4.06
2025060503,6.19
2025060503,8.89
2025060504,13.87
2025060504,13.75
2025060504,15.33
2025060504,19.5
2025060505,19.89
2025060505,31.28
2025060505,44.02
2025060505,54.9
2025060506,54.32
2025060506,45.59
2025060506,44.6
2025060506,71.92
2025060507,80.5
2025060507,69.02
2025060507,61.99
2025060507,58.68
2025060508,45.01
2025060508,65.59
2025060508,49.4
2025060508,38.83
2025060509,34.62
2025060509,76.85
2025060509,84.0
2025060509,95.95
2025060510,117.95
2025060510,114.1
2025060510,85.95
2025060510,104.32
2025060511,96.96
2025060511,78.8
2025060511,62.27
2025060511,81.28
2025060512,70.72
2025060512,61.26
2025060512,72.6
2025060512,63.16
2025060513,57.22
2025060513,73.94
2025060513,63.53
2025060513,51.42
2025060514,56.86
2025060514,66.74
2025060514,57.99
2025060514,50.48
2025060515,51.45
2025060515,52.25
2025060515,31.78
2025060515,20.02
2025060516,23.39
2025060516,19.63
2025060516,25.71
2025060516,11.08
2025060517,15.75
2025060517,10.2
2025060517,19.07
2025060517,15.87
2025060518,10.06
2025060518,7.45
2025060518,7.11
2025060518,6.01
2025060519,4.88
2025060519,4.22
2025060519,2.41
2025060519,0.25
2025060520,0.0
2025060600,0.0
2025060602,0.05
2025060603,0.04
2025060603,0.0
2025060603,0.25
2025060603,1.98
2025060604,5.69
2025060604,5.71
2025060604,5.13
2025060604,3.72
2025060605,3.66
2025060605,3.58
2025060605,2.88
2025060605,2.15
2025060606,2.86
2025060606,3.09
2025060606,6.82
2025060606,6.47
2025060607,5.76
2025060607,9.18
2025060607,0.0
2025060607,5.4
2025060608,52.99
2025060608,73.92
2025060608,38.88
2025060608,2.21
2025060609,33.71
2025060609,57.72
2025060609,71.15
2025060609,0.38
2025060610,6.47
2025060610,100.79
2025060610,64.29
2025060610,6.5
2025060611,129.25
2025060611,127.47
2025060611,8.73
2025060611,120.95
2025060612,91.57
2025060612,83.18
2025060612,64.47
2025060612,0.12
2025060613,6.37
2025060613,87.98
2025060613,84.82
2025060613,5.51
2025060614,71.16
2025060614,97.89
2025060614,50.94
2025060614,71.15
2025060615,82.98
2025060615,48.75
2025060615,4.15
2025060615,37.98
2025060616,4.95
2025060616,27.6
2025060616,0.0
2025060617,0.35
2025060618,2.28
2025060618,1.04
2025060618,0.99
2025060618,2.26
2025060619,3.8
2025060619,1.47
2025060619,2.46
2025060619,0.76
2025060620,0.01
2025060620,0.0
2025060700,0.0
2025060702,0.19
2025060702,2.42
2025060703,3.98
2025060703,6.04
2025060703,8.53
2025060703,11.15
2025060704,12.93
2025060704,14.79
2025060704,18.44
2025060704,24.87
2025060705,27.14
2025060705,26.96
2025060705,35.89
2025060705,35.68
2025060706,42.82
2025060706,62.35
2025060706,74.86
2025060706,75.7
2025060707,92.18
2025060707,107.3
2025060707,70.6
2025060707,75.78
2025060708,97.19
2025060708,103.86
2025060708,105.34
2025060708,83.16
2025060709,86.94
2025060709,100.46
2025060709,128.78
2025060709,118.28
2025060710,136.24
2025060710,146.5
2025060710,134.96
2025060710,116.17
2025060711,94.21
2025060711,135.23
2025060711,128.29
2025060711,142.48
2025060712,132.56
2025060712,140.37
2025060712,128.46
2025060712,136.29
2025060713,143.12
2025060713,149.51
2025060713,142.22
2025060713,128.46
2025060714,77.78
2025060714,74.36
2025060714,92.3
2025060714,82.47
2025060715,60.93
2025060715,45.28
2025060715,35.79
2025060715,40.36
2025060716,35.87
2025060716,33.21
2025060716,25.69
2025060716,30.93
2025060717,32.77
2025060717,26.44
2025060717,24.02
2025060717,19.89
2025060718,16.69
2025060718,15.65
2025060718,14.38
2025060718,10.83
2025060719,8.57
2025060719,6.32
2025060719,3.37
2025060719,1.02
2025060720,0.06
2025060720,0.0
2025060800,0.0
2025060803,0.02
2025060803,0.88
2025060803,2.41
2025060803,1.96
2025060804,4.35
2025060804,8.32
2025060804,11.61
2025060804,15.36
2025060805,17.85
2025060805,19.91
2025060805,22.55
2025060805,37.35
2025060806,57.34
2025060806,67.03
2025060806,80.93
2025060806,87.34
2025060807,89.64
2025060807,80.63
2025060807,105.48
2025060807,100.46
2025060808,60.17
2025060808,48.11
2025060808,50.28
2025060808,129.79
2025060809,99.93
2025060809,121.62
2025060809,115.64
2025060809,130.31
2025060810,138.69
2025060810,131.33
2025060810,132.11
2025060810,139.73
2025060811,143.22
2025060811,123.48
2025060811,126.44
2025060811,138.44
2025060812,125.65
2025060812,135.44
2025060812,138.29
2025060812,130.28
2025060813,136.48
2025060813,140.61
2025060813,133.55
2025060813,121.34
2025060814,124.75
2025060814,119.84
2025060814,109.48
2025060814,126.41
2025060815,111.48
2025060815,88.0
2025060815,73.84
2025060815,63.13
2025060816,45.03
2025060816,46.78
2025060816,46.51
2025060816,46.22
2025060817,39.24
2025060817,33.3
2025060817,28.0
2025060817,22.68
2025060818,19.3
2025060818,15.35
2025060818,12.46
2025060818,9.85
2025060819,6.84
2025060819,4.42
2025060819,2.55
2025060819,1.01
2025060820,0.08
2025060820,0.0
2025060900,0.0
2025060902,0.19
2025060903,1.75
2025060903,4.27
2025060903,6.88
2025060903,9.35
2025060904,9.66
2025060904,14.18
2025060904,12.35
2025060904,20.36
2025060905,20.46
2025060905,23.45
2025060905,31.27
2025060905,31.04
2025060906,49.58
2025060906,51.4
2025060906,60.23
2025060906,71.36
2025060907,59.58
2025060907,81.01
2025060907,88.69
2025060907,112.36
2025060908,129.34
2025060908,102.9
2025060908,121.35
2025060908,122.79
2025060909,127.87
2025060909,124.07
2025060909,95.19
2025060909,2.07
2025060910,0.03
2025060910,0.05
2025060910,0.03
2025060911,0.04
2025060911,0.0
2025060911,0.02
2025060911,0.03
2025060912,0.06
2025060912,6.25
2025060912,143.08
2025060912,101.57
2025060913,83.31
2025060913,108.22
2025060913,58.02
2025060913,51.6
2025060914,35.51
2025060914,17.09
2025060914,93.19
2025060914,71.62
2025060915,73.71
2025060915,60.26
2025060915,36.03
2025060915,62.12
2025060916,71.66
2025060916,47.77
2025060916,25.44
2025060916,30.04
2025060917,29.79
2025060917,20.6
2025060917,20.93
2025060917,19.22
2025060918,19.72
2025060918,11.95
2025060918,9.46
2025060918,8.85
2025060919,6.41
2025060919,5.05
2025060919,3.79
2025060919,1.22
2025060920,0.04
2025060920,0.0
2025061000,0.0
2025061003,0.88
2025061003,0.92
2025061003,1.82
2025061004,2.41
2025061004,1.4
2025061004,1.83
2025061004,2.47
2025061005,3.36
2025061005,5.78
2025061005,6.84
2025061005,17.96
2025061006,26.72
2025061006,16.77
2025061006,19.21
2025061006,23.56
2025061007,24.14
2025061007,27.71
2025061007,36.09
2025061007,69.63
2025061100,0.0
2025061102,0.01
2025061102,0.67
2025061103,2.06
2025061103,3.85
2025061103,6.47
2025061103,9.01
2025061104,12.61
2025061104,16.68
2025061104,17.75
2025061104,28.53
2025061105,30.84
2025061105,41.05
2025061105,44.44
2025061105,53.96
2025061106,63.11
2025061106,73.09
2025061106,81.64
2025061106,91.9
2025061107,100.82
2025061107,103.59
2025061107,111.67
2025061107,121.16
2025061108,129.62
2025061108,136.02
2025061108,134.51
2025061108,150.83
2025061109,155.48
2025061109,152.08
2025061109,139.2
2025061109,139.76
2025061110,142.22
2025061110,11.84
2025061110,132.29
2025061110,11.84
2025061111,137.41
2025061111,6.61
2025061111,0.06
2025061111,0.05
2025061112,0.04
2025061112,0.02
2025061113,0.06
2025061113,0.05
2025061113,6.58
2025061113,148.24
2025061114,145.84
2025061114,141.1
2025061114,135.73
2025061114,124.01
2025061115,122.32
2025061115,103.5
2025061115,100.1
2025061115,94.01
2025061116,79.08
2025061116,74.07
2025061116,66.93
2025061116,56.14
2025061117,46.44
2025061117,38.24
2025061117,29.66
2025061117,21.83
2025061118,16.03
2025061118,11.6
2025061118,9.13
2025061118,7.51
2025061119,5.96
2025061119,4.3
2025061119,3.38
2025061119,1.29
2025061120,0.31
2025061120,0.0
2025061200,0.0
2025061202,0.22
2025061202,1.11
2025061203,3.76
2025061203,5.08
2025061203,5.97
2025061203,7.23
2025061204,8.41
2025061204,10.26
2025061204,13.79
2025061204,19.13
2025061205,25.89
2025061205,33.72
2025061205,42.88
2025061205,52.49
2025061206,62.27
2025061206,72.0
2025061206,81.46
2025061206,90.56
2025061207,99.8
2025061207,108.04
2025061207,116.08
2025061207,123.77
2025061208,130.68
2025061208,137.55
2025061208,143.74
2025061208,149.33
2025061209,154.95
2025061209,158.02
2025061209,158.35
2025061209,158.29
2025061210,151.77
2025061210,13.16
2025061210,151.6
2025061210,158.28
2025061211,158.29
2025061211,158.33
2025061211,158.32
2025061211,158.33
2025061212,155.98
2025061212,158.3
2025061212,158.33
2025061212,158.32
2025061213,158.31
2025061213,158.06
2025061213,155.31
2025061213,151.0
2025061214,146.08
2025061214,140.71
2025061214,134.23
2025061214,126.73
2025061215,118.53
2025061215,110.36
2025061215,101.57
2025061215,92.5
2025061216,83.43
2025061216,73.75
2025061216,63.93
2025061216,54.48
2025061217,45.28
2025061217,36.65
2025061217,28.3
2025061217,21.11
2025061218,15.13
2025061218,10.9
2025061218,8.58
2025061218,7.22
2025061219,5.78
2025061219,4.35
2025061219,3.69
2025061219,1.74
2025061220,0.5
2025061220,0.0
2025061300,0.0
2025061302,0.09
2025061302,0.9
2025061303,2.0
2025061303,3.25
2025061303,4.67
2025061303,6.41
2025061304,8.03
2025061304,10.24
2025061304,13.95
2025061304,19.53
2025061305,25.17
2025061305,32.67
2025061305,43.56
2025061305,53.12
2025061306,61.81
2025061306,72.94
2025061306,75.82
2025061306,84.18
2025061307,94.46
2025061307,106.25
2025061307,114.48
2025061307,121.94
2025061308,130.25
2025061308,138.06
2025061308,147.53
2025061308,145.51
2025061309,150.08
2025061309,158.31
2025061309,157.9
2025061309,158.07
2025061310,158.23
2025061310,147.98
2025061310,104.85
2025061310,114.23
2025061311,110.96
2025061311,132.15
2025061311,4.57
2025061311,6.43
2025061312,131.71
2025061312,129.35
2025061312,109.37
2025061312,130.3
2025061313,116.56
2025061313,106.4
2025061313,117.41
2025061313,150.36
2025061314,142.79
2025061314,136.13
2025061314,133.41
2025061314,125.4
2025061315,116.91
2025061315,109.2
2025061315,100.35
2025061315,91.73
2025061316,78.97
2025061316,71.81
2025061316,62.97
2025061316,53.82
2025061317,44.7
2025061317,36.7
2025061317,28.88
2025061317,21.89
2025061318,16.09
2025061318,11.89
2025061318,9.14
2025061318,7.22
2025061319,5.33
2025061319,3.66
2025061319,2.31
2025061319,1.12
2025061320,0.24
2025061320,0.0
2025061400,0.0
2025061402,0.13
2025061402,0.91
2025061403,2.04
2025061403,3.35
2025061403,4.94
2025061403,6.79
2025061404,8.69
2025061404,11.48
2025061404,16.07
2025061404,23.83
2025061405,33.13
2025061405,44.8
2025061405,53.02
2025061405,36.62
2025061406,45.07
2025061406,63.66
2025061406,70.18
2025061406,95.49
2025061407,73.42
2025061407,91.44
2025061407,117.14
2025061407,112.59
2025061408,105.82
2025061408,138.98
2025061408,145.94
2025061408,116.29
2025061409,0.0
2025061413,0.03
2025061413,0.01
2025061413,7.87
2025061414,113.84
2025061414,130.52
2025061414,114.65
2025061414,118.29
2025061415,103.27
2025061415,89.7
2025061415,81.45
2025061415,84.96
2025061416,76.34
2025061416,67.55
2025061416,59.06
2025061416,50.63
2025061417,42.79
2025061417,32.09
2025061417,21.48
2025061417,21.36
2025061418,21.02
2025061418,19.59
2025061418,14.77
2025061418,11.01
2025061419,8.79
2025061419,5.14
2025061419,2.28
2025061419,1.14
2025061420,0.09
2025061420,0.07
2025061420,0.0
2025061500,0.0
2025061503,0.32
2025061503,1.89
2025061503,3.6
2025061503,3.11
2025061504,4.24
2025061504,5.41
2025061504,9.76
2025061504,21.81
2025061505,15.12
2025061505,13.09
2025061505,30.28
2025061505,25.82
2025061506,10.16
2025061506,24.32
2025061506,36.05
2025061506,19.4
2025061507,49.0
2025061507,70.65
2025061507,46.93
2025061507,37.41
2025061508,54.09
2025061508,72.39
2025061508,111.03
2025061508,109.98
2025061509,134.06
2025061509,133.02
2025061509,136.42
2025061509,107.05
2025061510,117.33
2025061510,69.94
2025061510,55.65
2025061510,87.84
2025061511,6.78
2025061511,0.0
2025061511,6.3
2025061512,86.55
2025061512,118.64
2025061512,105.37
2025061512,89.94
2025061513,74.58
2025061513,70.78
2025061513,64.66
2025061513,73.57
2025061514,84.96
2025061514,94.09
2025061514,103.96
2025061514,143.24
2025061515,121.58
2025061515,97.47
2025061515,101.25
2025061515,65.09
2025061516,61.49
2025061516,58.59
2025061516,28.82
2025061516,56.44
2025061517,35.39
2025061517,36.32
2025061517,24.31
2025061517,21.22
2025061518,20.15
2025061518,15.6
2025061518,13.43
2025061518,8.06
2025061519,4.79
2025061519,4.0
2025061519,1.5
2025061519,0.25
2025061520,0.0
2025061600,0.0
2025061602,0.01
2025061602,0.23
2025061603,0.77
2025061603,1.94
2025061603,4.17
2025061603,6.95
2025061604,10.26
2025061604,13.59
2025061604,15.55
2025061604,20.82
2025061605,26.98
2025061605,27.87
2025061605,40.29
2025061605,40.6
2025061606,59.04
2025061606,67.84
2025061606,78.38
2025061606,87.33
2025061607,95.07
2025061607,80.66
2025061607,82.33
2025061607,78.44
2025061608,52.51
2025061608,69.66
2025061608,71.08
2025061608,89.21
2025061609,85.72
2025061609,76.46
2025061609,48.51
2025061609,36.65
2025061610,33.68
2025061610,48.14
2025061610,107.68
2025061610,82.55
2025061611,111.12
2025061611,119.69
2025061611,156.51
2025061611,156.06
2025061612,156.79
2025061612,156.3
2025061612,153.5
2025061612,138.83
2025061613,112.55
2025061613,111.07
2025061613,110.17
2025061613,105.08
2025061614,105.59
2025061614,93.63
2025061614,127.61
2025061614,108.67
2025061615,73.01
2025061615,50.96
2025061615,46.42
2025061615,55.88
2025061616,64.75
2025061616,81.08
2025061616,61.79
2025061616,42.46
2025061617,50.1
2025061617,36.83
2025061617,29.84
2025061617,21.2
2025061618,15.88
2025061618,14.59
2025061618,12.37
2025061618,9.2
2025061619,6.58
2025061619,3.97
2025061619,2.34
2025061619,0.82
2025061620,0.38
2025061620,0.0
2025061700,0.0
2025061702,0.59
2025061703,2.41
2025061703,4.07
2025061703,4.42
2025061703,5.79
2025061704,9.94
2025061704,10.7
2025061704,13.66
2025061704,11.79
2025061705,13.47
2025061705,17.03
2025061705,30.8
2025061705,56.78
2025061706,52.45
2025061706,70.53
2025061706,48.0
2025061706,61.65
2025061707,68.92
2025061707,77.51
2025061707,58.55
2025061707,74.23
2025061708,70.15
2025061708,106.97
2025061708,77.27
2025061708,85.03
2025061709,106.38
2025061709,94.03
2025061709,124.07
2025061709,112.86
2025061710,119.85
2025061710,128.67
2025061710,128.58
2025061710,98.85
2025061711,108.87
2025061711,96.9
2025061711,103.21
2025061711,78.55
2025061712,80.76
2025061712,121.19
2025061712,157.68
2025061712,151.21
2025061713,6.74
2025061713,6.49
2025061713,136.3
2025061713,122.19
2025061714,141.28
2025061714,132.74
2025061714,129.63
2025061714,123.59
2025061715,113.92
2025061715,105.53
2025061715,95.79
2025061715,86.7
2025061716,78.3
2025061716,70.08
2025061716,55.64
2025061716,39.34
2025061717,19.99
2025061717,17.27
2025061717,16.08
2025061717,12.92
2025061718,7.13
2025061718,2.34
2025061718,1.02
2025061718,0.31
2025061719,0.15
2025061719,0.04
2025061719,0.0
2025061800,0.0
2025061802,0.18
2025061802,0.5
2025061803,3.08
2025061803,4.22
2025061803,6.12
2025061803,10.13
2025061804,11.11
2025061804,12.52
2025061804,13.82
2025061804,18.12
2025061805,26.1
2025061805,28.94
2025061805,38.49
2025061805,47.03
2025061806,39.3
2025061806,41.77
2025061806,44.8
2025061806,53.42
2025061807,49.82
2025061807,45.18
2025061807,48.03
2025061807,43.2
2025061808,39.6
2025061808,34.82
2025061808,36.66
2025061808,65.17
2025061809,72.9
2025061809,85.24
2025061809,59.85
2025061809,77.04
2025061810,67.67
2025061810,82.45
2025061810,96.23
2025061810,136.62
2025061811,145.09
2025061811,155.74
2025061811,139.78
2025061811,83.03
2025061812,99.74
2025061812,101.28
2025061812,96.76
2025061812,98.19
2025061813,111.92
2025061813,118.74
2025061813,95.26
2025061813,82.46
2025061814,79.46
2025061814,101.99
2025061814,90.41
2025061814,105.4
2025061815,94.54
2025061815,92.17
2025061815,95.42
2025061815,97.1
2025061816,77.24
2025061816,65.18
2025061816,59.17
2025061816,57.43
2025061817,48.12
2025061817,38.7
2025061817,29.01
2025061817,22.77
2025061818,16.34
2025061818,11.52
2025061818,8.81
2025061818,6.93
2025061819,4.01
2025061819,1.83
2025061819,1.38
2025061819,0.86
2025061820,0.47
2025061820,0.0
2025061900,0.0
2025061902,0.28
2025061903,1.22
2025061903,4.03
2025061903,6.02
2025061903,6.69
2025061904,10.4
2025061904,14.33
2025061904,16.82
2025061904,16.78
2025061905,23.54
2025061905,19.9
2025061905,45.96
2025061905,34.28
2025061906,55.74
2025061906,66.69
2025061906,70.77
2025061906,80.74
2025061907,65.92
2025061907,72.43
2025061907,97.61
2025061907,111.19
2025061908,120.76
2025061908,121.17
2025061908,124.38
2025061908,123.26
2025061909,18.36
2025061909,0.04
2025061909,0.03
2025061909,0.02
2025061910,0.03
2025061910,0.04
2025061910,6.75
2025061911,123.17
2025061911,112.11
2025061911,115.48
2025061911,117.18
2025061912,110.27
2025061912,119.47
2025061912,131.24
2025061912,129.12
2025061913,18.76
2025061913,0.01
2025061913,0.0
2025061913,10.3
2025061914,95.93
2025061914,99.43
2025061914,120.36
2025061914,114.41
2025061915,96.3
2025061915,84.31
2025061915,91.54
2025061915,74.08
2025061916,80.06
2025061916,68.94
2025061916,56.42
2025061916,55.96
2025061917,45.15
2025061917,37.9
2025061917,30.71
2025061917,22.92
2025061918,17.92
2025061918,13.52
2025061918,10.43
2025061918,7.77
2025061919,7.23
2025061919,5.93
2025061919,3.26
2025061919,1.38
2025061920,0.24
2025061920,0.0
2025062000,0.0
2025062002,0.37
2025062003,1.52
2025062003,3.13
2025062003,4.99
2025062003,6.74
2025062004,8.62
2025062004,10.85
2025062004,15.06
2025062004,20.58
2025062005,27.51
2025062005,34.7
2025062005,44.98
2025062005,52.67
2025062006,57.98
2025062006,72.31
2025062006,81.99
2025062006,90.77
2025062007,99.9
2025062007,108.13
2025062007,119.38
2025062007,123.37
2025062008,131.32
2025062008,131.27
2025062008,139.48
2025062008,124.88
2025062009,109.11
2025062009,134.74
2025062009,136.73
2025062009,143.7
2025062010,147.2
2025062010,149.27
2025062010,153.88
2025062010,152.63
2025062011,149.87
2025062011,146.44
2025062011,143.01
2025062011,142.08
2025062012,158.25
2025062012,158.35
2025062012,158.33
2025062013,158.31
2025062013,158.25
2025062013,156.49
2025062013,151.63
2025062014,146.13
2025062014,141.52
2025062014,134.28
2025062014,127.07
2025062015,119.0
2025062015,111.05
2025062015,102.06
2025062015,92.45
2025062016,82.98
2025062016,73.6
2025062016,64.46
2025062016,54.27
2025062017,46.18
2025062017,38.01
2025062017,30.05
2025062017,23.07
2025062018,17.34
2025062018,12.78
2025062018,10.07
2025062018,8.99
2025062019,7.04
2025062019,4.56
2025062019,2.77
2025062019,1.38
2025062020,0.39
2025062020,0.0
2025062100,0.0
2025062102,0.17
2025062103,1.15
2025062103,3.18
2025062103,5.97
2025062103,9.63
2025062104,11.32
2025062104,15.8
2025062104,23.89
2025062104,21.55
2025062105,20.76
2025062105,36.68
2025062105,22.75
2025062105,22.81
2025062106,21.69
2025062106,42.05
2025062106,42.41
2025062106,59.74
2025062107,84.12
2025062107,98.7
2025062107,106.66
2025062107,115.16
2025062108,122.71
2025062108,129.58
2025062108,137.35
2025062108,143.18
2025062109,149.4
2025062109,154.77
2025062109,149.87
2025062109,155.85
2025062110,25.45
2025062110,0.0
2025062110,0.02
2025062111,0.04
2025062111,0.03
2025062111,0.02
2025062111,0.03
2025062112,0.02
2025062112,0.06
2025062112,0.07
2025062113,0.02
2025062113,0.0
2025062113,0.02
2025062113,1.12
2025062114,128.21
2025062114,137.45
2025062114,131.01
2025062114,124.81
2025062115,117.25
2025062115,108.94
2025062115,100.32
2025062115,91.5
2025062116,78.02
2025062116,64.9
2025062116,62.17
2025062116,52.41
2025062117,47.55
2025062117,37.58
2025062117,27.42
2025062117,23.23
2025062118,17.91
2025062118,11.54
2025062118,7.85
2025062118,5.48
2025062119,5.02
2025062119,4.37
2025062119,3.19
2025062119,1.18
2025062120,0.28
2025062120,0.0
2025062200,0.0
2025062202,0.73
2025062203,1.72
2025062203,3.82
2025062203,7.53
2025062203,8.05
2025062204,5.94
2025062204,6.7
2025062204,15.82
2025062204,32.52
2025062205,38.91
2025062205,26.53
2025062205,30.1
2025062205,50.05
2025062206,58.89
2025062206,68.24
2025062206,75.84
2025062206,79.73
2025062207,90.68
2025062207,110.96
2025062207,83.63
2025062207,112.64
2025062208,16.86
2025062208,0.03
2025062208,0.02
2025062208,0.0
2025062209,0.03
2025062209,0.02
2025062209,0.0
2025062210,0.03
2025062210,0.01
2025062210,0.03
2025062210,0.02
2025062211,0.0
2025062212,0.02
2025062212,0.01
2025062213,0.03
2025062213,0.0
2025062213,0.05
2025062213,0.0
2025062214,0.04
2025062214,0.02
2025062214,2.38
2025062215,82.44
2025062215,77.86
2025062215,81.33
2025062215,35.53
2025062216,51.23
2025062216,33.43
2025062216,20.7
2025062216,12.45
2025062217,14.12
2025062217,7.2
2025062217,13.33
2025062217,11.12
2025062218,20.5
2025062218,21.95
2025062218,13.15
2025062218,9.34
2025062219,10.25
2025062219,7.95
2025062219,3.62
2025062219,3.49
2025062220,1.29
2025062220,0.11
2025062220,0.0
2025062300,0.0
2025062302,0.08
2025062303,2.13
2025062303,3.47
2025062303,2.12
2025062303,5.01
2025062304,3.53
2025062304,7.1
2025062304,6.63
2025062304,5.35
2025062305,6.17
2025062305,9.56
2025062305,11.75
2025062305,18.3
2025062306,32.81
2025062306,39.28
2025062306,19.96
2025062306,51.79
2025062307,90.17
2025062307,85.83
2025062307,69.6
2025062307,10.03
2025062308,6.89
2025062308,16.56
2025062308,17.9
2025062308,18.61
2025062309,36.93
2025062309,51.45
2025062309,53.58
2025062309,106.83
2025062310,90.83
2025062310,57.71
2025062310,97.59
2025062310,128.14
2025062311,124.71
2025062311,101.93
2025062311,112.25
2025062311,8.59
2025062312,132.18
2025062312,132.21
2025062312,118.26
2025062312,7.28
2025062313,85.6
2025062313,104.64
2025062313,3.96
2025062313,6.01
2025062314,78.67
2025062314,91.65
2025062314,95.5
2025062314,87.18
2025062315,0.02
2025062315,6.49
2025062315,76.12
2025062315,6.53
2025062316,61.22
2025062316,66.64
2025062316,42.31
2025062316,40.1
2025062317,43.33
2025062317,24.44
2025062317,19.55
2025062317,9.72
2025062318,12.37
2025062318,10.01
2025062318,9.1
2025062318,9.09
2025062319,5.62
2025062319,2.69
2025062319,0.91
2025062319,0.17
2025062320,0.0
2025062400,0.0
2025062402,0.13
2025062403,0.84
2025062403,0.99
2025062403,3.44
2025062404,7.63
2025062404,5.75
2025062404,11.16
2025062404,13.2
2025062405,18.24
2025062405,24.75
2025062405,27.33
2025062405,30.95
2025062406,33.05
2025062406,32.22
2025062406,38.64
2025062406,51.9
2025062407,47.43
2025062407,47.35
2025062407,32.93
2025062407,39.88
2025062408,44.28
2025062408,54.38
2025062408,87.36
2025062408,72.14
2025062409,57.64
2025062409,71.49
2025062409,83.32
2025062409,56.31
2025062410,77.55
2025062410,84.07
2025062410,43.71
2025062410,44.36
2025062411,97.25
2025062411,137.0
2025062411,129.91
2025062411,144.82
2025062412,130.99
2025062412,129.4
2025062412,109.76
2025062412,72.18
2025062413,70.98
2025062413,61.85
2025062413,37.61
2025062413,22.86
2025062414,15.71
2025062414,28.51
2025062414,32.41
2025062414,21.52
2025062415,22.62
2025062415,15.77
2025062415,10.53
2025062415,10.8
2025062416,10.62
2025062416,15.1
2025062416,13.04
2025062416,11.98
2025062417,9.4
2025062417,9.93
2025062417,12.82
2025062417,10.52
2025062418,7.15
2025062418,6.72
2025062418,9.05
2025062418,4.17
2025062419,2.71
2025062419,0.67
2025062419,0.4
2025062419,0.07
2025062420,0.0
2025062500,0.0
2025062502,0.1
2025062503,0.8
2025062503,1.91
2025062503,4.88
2025062503,8.22
2025062504,7.11
2025062504,8.59
2025062504,18.45
2025062504,18.53
2025062505,25.25
2025062505,24.27
2025062505,26.3
2025062505,19.16
2025062506,10.3
2025062506,10.76
2025062506,51.92
2025062506,52.18
2025062507,82.25
2025062507,103.02
2025062507,111.81
2025062507,84.49
2025062508,73.77
2025062508,89.76
2025062508,121.16
2025062508,112.09
2025062509,108.58
2025062509,131.27
2025062509,104.09
2025062509,125.48
2025062510,121.71
2025062510,120.59
2025062510,104.14
2025062510,134.03
2025062511,138.42
2025062511,150.21
2025062511,152.61
2025062511,143.41
2025062512,151.95
2025062512,130.39
2025062512,136.74
2025062512,135.27
2025062513,135.29
2025062513,146.3
2025062513,155.71
2025062513,154.25
2025062514,151.83
2025062514,142.76
2025062514,137.67
2025062514,129.89
2025062515,119.5
2025062515,110.35
2025062515,102.72
2025062515,92.32
2025062516,87.06
2025062516,76.79
2025062516,66.5
2025062516,55.47
2025062517,47.15
2025062517,38.62
2025062517,36.56
2025062517,24.58
2025062518,17.33
2025062518,12.4
2025062518,9.43
2025062518,7.76
2025062519,6.18
2025062519,4.31
2025062519,2.86
2025062519,1.48
2025062520,0.58
2025062520,0.04
2025062520,0.0
2025062600,0.0
2025062602,0.08
2025062602,1.18
2025062603,3.16
2025062603,5.78
2025062603,8.96
2025062603,11.52
2025062604,15.46
2025062604,17.59
2025062604,21.71
2025062604,20.18
2025062605,22.45
2025062605,31.56
2025062605,35.63
2025062605,42.52
2025062606,55.86
2025062606,69.68
2025062606,75.37
2025062606,74.41
2025062607,84.63
2025062607,79.43
2025062607,86.27
2025062607,99.06
2025062608,66.7
2025062608,95.43
2025062608,117.92
2025062608,91.99
2025062609,124.87
2025062609,137.65
2025062609,117.04
2025062609,77.61
2025062610,50.38
2025062610,79.93
2025062610,89.45
2025062610,102.71
2025062611,107.05
2025062611,107.66
2025062611,119.26
2025062611,126.53
2025062612,89.71
2025062612,61.95
2025062612,44.17
2025062612,43.93
2025062613,36.44
2025062613,4.5
2025062613,32.44
2025062613,24.86
2025062614,25.87
2025062614,22.38
2025062614,18.38
2025062614,20.68
2025062615,20.55
2025062615,14.53
2025062615,16.51
2025062615,21.88
2025062616,20.13
2025062616,17.27
2025062616,14.56
2025062616,14.02
2025062617,8.81
2025062617,7.45
2025062617,6.81
2025062617,6.73
2025062618,5.95
2025062618,5.72
2025062618,3.09
2025062618,1.2
2025062619,1.52
2025062619,0.86
2025062619,0.35
2025062619,0.0
2025062700,0.0
2025062702,0.02
2025062703,0.58
2025062703,1.08
2025062703,2.02
2025062703,4.76
2025062704,14.06
2025062704,9.52
2025062704,14.35
2025062704,22.07
2025062705,25.8
2025062705,35.76
2025062705,34.41
2025062705,39.77
2025062706,50.57
2025062706,52.76
2025062706,73.43
2025062706,78.21
2025062707,96.59
2025062707,103.59
2025062707,123.57
2025062707,116.94
2025062708,131.28
2025062708,133.49
2025062708,134.96
2025062708,149.95
2025062709,147.18
2025062709,153.69
2025062709,158.32
2025062709,158.3
2025062710,133.11
2025062710,144.59
2025062710,151.4
2025062710,139.74
2025062711,24.95
2025062711,0.01
2025062711,0.0
2025062711,0.01
2025062712,0.0
2025062713,0.01
2025062713,0.0
2025062713,0.02
2025062714,0.03
2025062714,6.4
2025062715,101.47
2025062715,93.16
2025062715,91.92
2025062715,71.94
2025062716,59.24
2025062716,54.02
2025062716,49.39
2025062716,48.51
2025062717,43.39
2025062717,30.76
2025062717,20.62
2025062717,20.76
2025062718,17.44
2025062718,12.64
2025062718,10.36
2025062718,7.62
2025062719,4.73
2025062719,2.6
2025062719,2.12
2025062719,0.69
2025062720,0.07
2025062720,0.0
2025062800,0.0
2025062803,0.27
2025062803,0.98
2025062803,1.4
2025062803,2.0
2025062804,3.39
2025062804,4.1
2025062804,7.47
2025062804,4.43
2025062805,5.22
2025062805,12.79
2025062805,28.89
2025062805,34.33
2025062806,19.25
2025062806,21.75
2025062806,13.84
2025062806,13.53
2025062807,0.56
2025062807,2.27
2025062807,11.95
2025062807,0.03
2025062808,0.0
2025062809,0.01
2025062809,0.02
2025062809,0.01
2025062810,0.0
2025062810,0.01
2025062810,0.02
2025062810,0.0
2025062811,0.01
2025062811,0.0
2025062811,0.01
2025062812,0.0
2025062812,0.01
2025062813,0.0
2025062814,0.02
2025062814,0.0
2025062814,0.01
2025062814,0.02
2025062815,3.43
2025062815,12.19
2025062815,1.61
2025062815,8.14
2025062816,11.28
2025062816,8.62
2025062816,7.35
2025062816,9.63
2025062817,6.07
2025062817,6.54
2025062817,8.14
2025062817,6.68
2025062818,4.41
2025062818,7.71
2025062818,6.88
2025062818,8.69
2025062819,9.23
2025062819,5.51
2025062819,3.29
2025062819,2.27
2025062820,0.01
2025062820,0.0
2025062900,0.0
2025062902,0.02
2025062902,0.48
2025062903,1.52
2025062903,3.16
2025062903,4.56
2025062903,6.15
2025062904,8.07
2025062904,10.08
2025062904,13.32
2025062904,17.98
2025062905,24.19
2025062905,31.66
2025062905,40.12
2025062905,49.2
2025062906,58.9
2025062906,68.57
2025062906,77.97
2025062906,87.05
2025062907,9.47
2025062907,0.0
2025062908,0.02
2025062909,0.01
2025062909,0.02
2025062910,0.05
2025062910,0.01
2025062910,0.0
2025062911,0.01
2025062911,0.04
2025062911,0.03
2025062911,0.01
2025062912,0.03
2025062912,0.04
2025062912,0.01
2025062912,0.05
2025062913,0.01
2025062913,0.02
2025062913,0.03
2025062914,0.0
2025062914,0.02
2025062914,0.03
2025062914,0.02
2025062915,0.0
2025062915,0.02
2025062915,0.05
2025062915,5.02
2025062916,57.19
2025062916,51.42
2025062916,57.51
2025062916,39.86
2025062917,28.78
2025062917,36.1
2025062917,26.8
2025062917,23.16
2025062918,15.45
2025062918,13.37
2025062918,11.19
2025062918,9.06
2025062919,6.44
2025062919,3.65
2025062919,2.99
2025062919,1.89
2025062920,0.83
2025062920,0.09
2025062920,0.0
2025063000,0.0
2025063002,0.01
2025063002,0.45
2025063003,0.95
2025063003,1.48
2025063003,2.35
2025063003,5.59
2025063004,6.81
2025063004,7.86
2025063004,12.38
2025063004,17.54
2025063005,24.11
2025063005,31.84
2025063005,40.41
2025063005,49.33
2025063006,59.5
2025063006,69.58
2025063006,79.35
2025063006,88.95
2025063007,98.21
2025063007,106.87
2025063007,115.45
2025063007,123.56
2025063008,130.71
2025063008,137.94
2025063008,143.93
2025063008,149.74
2025063009,154.83
2025063009,157.93
2025063009,158.33
2025063009,158.31
2025063010,154.55
2025063010,150.67
2025063010,153.71
2025063011,156.12
2025063011,158.33
2025063011,158.32
2025063012,158.33
2025063012,158.31
2025063013,158.32
2025063013,158.15
2025063013,155.5
2025063013,150.48
2025063014,142.98
2025063014,138.92
2025063014,132.33
2025063014,125.56
2025063015,118.24
2025063015,110.39
2025063015,102.06
2025063015,93.11
2025063016,84.23
2025063016,75.05
2025063016,65.98
2025063016,56.66
2025063017,47.36
2025063017,38.45
2025063017,30.27
2025063017,22.84
2025063018,16.59
2025063018,11.9
2025063018,8.97
2025063018,7.52
2025063019,6.29
2025063019,4.81
2025063019,3.44
2025063019,2.47
2025063020,1.86
2025063020,0.14
2025063020,0.0
2025070100,0.0
2025070102,0.4
2025070103,2.21
2025070103,3.31
2025070103,4.28
2025070103,5.84
2025070104,7.1
2025070104,8.53
2025070104,11.65
2025070104,16.71
2025070105,23.73
2025070105,31.42
2025070105,38.21
2025070105,48.78
2025070106,57.82
2025070106,70.28
2025070106,75.83
2025070106,82.99
2025070107,83.39
2025070107,101.27
2025070107,113.56
2025070107,120.81
2025070108,127.18
2025070108,134.88
2025070108,141.02
2025070108,146.64
2025070109,151.7
2025070109,155.94
2025070109,157.98
2025070109,158.32
2025070110,158.31
2025070110,158.3
2025070110,158.31
2025070110,158.32
2025070111,158.33
2025070111,158.31
2025070111,158.32
2025070111,158.33
2025070112,158.32
2025070112,158.31
2025070112,158.32
2025070113,158.17
2025070113,156.17
2025070113,152.27
2025070113,147.09
2025070114,140.34
2025070114,135.64
2025070114,128.24
2025070114,93.22
2025070115,62.71
2025070115,105.37
2025070115,89.4
2025070115,79.04
2025070116,78.84
2025070116,70.89
2025070116,62.22
2025070116,53.92
2025070117,44.07
2025070117,36.37
2025070117,28.99
2025070117,22.52
2025070118,16.61
2025070118,9.65
2025070118,6.29
2025070118,6.86
2025070119,4.9
2025070119,2.61
2025070119,1.45
2025070119,0.54
2025070120,0.02
2025070120,0.0
2025070200,0.0
2025070202,0.05
2025070203,1.13
2025070203,1.33
2025070203,0.31
2025070203,3.18
2025070204,5.07
2025070204,9.44
2025070204,9.75
2025070204,9.08
2025070205,15.63
2025070205,37.13
2025070205,39.21
2025070205,50.68
2025070206,55.54
2025070206,52.97
2025070206,70.47
2025070206,81.12
2025070207,79.44
2025070207,59.23
2025070207,75.04
2025070207,100.46
2025070208,91.86
2025070208,81.4
2025070208,113.82
2025070208,120.23
2025070209,124.03
2025070209,90.69
2025070209,88.89
2025070209,105.73
2025070210,143.24
2025070210,137.09
2025070210,105.41
2025070210,130.85
2025070211,105.67
2025070211,94.74
2025070211,130.17
2025070211,103.43
2025070212,96.52
2025070212,101.66
2025070212,93.16
2025070212,108.24
2025070213,92.27
2025070213,99.1
2025070213,82.14
2025070213,76.9
2025070214,104.65
2025070214,45.7
2025070214,24.32
2025070214,16.54
2025070215,16.08
2025070215,9.24
2025070215,12.44
2025070215,7.53
2025070216,13.1
2025070216,11.26
2025070216,0.21
2025070216,0.01
2025070217,2.03
2025070217,13.02
2025070217,16.43
2025070217,17.06
2025070218,17.96
2025070218,13.91
2025070218,8.62
2025070218,2.58
2025070219,2.39
2025070219,3.29
2025070219,0.87
2025070219,0.0
2025070300,0.0
2025070302,0.51
2025070303,2.39
2025070303,4.63
2025070303,7.62
2025070303,9.82
2025070304,10.37
2025070304,12.52
2025070304,15.96
2025070304,16.26
2025070305,20.63
2025070305,2.94
2025070305,25.58
2025070305,0.0
2025070306,0.01
2025070306,0.0
2025070307,0.01
2025070307,0.0
2025070307,0.02
2025070308,0.01
2025070308,0.0
2025070308,0.02
2025070309,0.01
2025070309,0.0
2025070309,0.03
2025070310,0.02
2025070310,0.05
2025070310,0.04
2025070310,0.02
2025070311,0.03
2025070311,0.02
2025070311,0.03
2025070311,0.01
2025070312,0.0
2025070312,0.05
2025070312,0.02
2025070312,0.04
2025070313,0.01
2025070313,0.02
2025070313,0.04
2025070314,0.01
2025070314,0.08
2025070314,0.02
2025070315,0.0
2025070315,0.03
2025070315,0.04
2025070315,3.71
2025070316,74.71
2025070316,66.47
2025070316,57.08
2025070316,38.29
2025070317,45.29
2025070317,30.23
2025070317,28.76
2025070317,25.76
2025070318,18.49
2025070318,15.24
2025070318,10.75
2025070318,8.53
2025070319,6.28
2025070319,4.3
2025070319,2.76
2025070319,1.35
2025070320,0.34
2025070320,0.0
2025070400,0.0
2025070402,0.11
2025070403,0.73
2025070403,2.02
2025070403,3.82
2025070403,4.88
2025070404,5.36
2025070404,5.4
2025070404,6.23
2025070404,8.87
2025070405,25.71
2025070405,29.17
2025070405,45.84
2025070405,30.82
2025070406,63.23
2025070406,56.41
2025070406,32.81
2025070406,31.6
2025070407,25.19
2025070407,51.35
2025070407,72.7
2025070407,108.87
2025070408,85.17
2025070408,79.74
2025070408,73.94
2025070408,99.73
2025070409,67.87
2025070409,56.43
2025070409,62.71
2025070409,74.86
2025070410,12.88
2025070410,0.03
2025070410,0.02
2025070410,0.03
2025070411,0.04
2025070411,0.05
2025070412,0.04
2025070412,0.05
2025070412,0.04
2025070413,0.03
2025070413,0.04
2025070414,0.02
2025070414,0.0
2025070414,0.02
2025070414,0.57
2025070415,21.35
2025070415,12.15
2025070415,13.73
2025070415,21.34
2025070416,34.99
2025070416,30.67
2025070416,24.06
2025070416,22.19
2025070417,26.36
2025070417,25.91
2025070417,16.88
2025070417,15.46
2025070418,13.72
2025070418,8.87
2025070418,5.71
2025070418,4.73
2025070419,2.5
2025070419,2.15
2025070419,0.9
2025070419,0.12
2025070420,0.0
2025070500,0.0
2025070503,0.51
2025070503,1.35
2025070504,3.25
2025070504,4.01
2025070504,5.31
2025070504,6.86
2025070505,7.52
2025070505,7.28
2025070505,10.35
2025070505,10.18
2025070506,11.17
2025070506,14.93
2025070506,12.34
2025070506,12.1
2025070507,0.73
2025070507,0.02
2025070507,0.01
2025070508,0.0
2025070509,0.01
2025070509,0.03
2025070509,0.01
2025070510,0.02
2025070510,0.01
2025070510,0.02
2025070511,0.01
2025070511,0.0
2025070511,0.01
2025070512,0.0
2025070512,0.02
2025070512,0.01
2025070513,0.0
2025070513,0.02
2025070513,0.0
2025070514,0.03
2025070514,0.02
2025070515,4.41
2025070515,16.69
2025070515,3.95
2025070515,38.76
2025070516,22.65
2025070516,22.8
2025070516,31.73
2025070516,37.64
2025070517,36.72
2025070517,26.34
2025070517,13.01
2025070517,9.01
2025070518,9.37
2025070518,9.28
2025070518,4.95
2025070518,3.25
2025070519,2.53
2025070519,1.5
2025070519,0.4
2025070519,0.0
2025070600,0.0
2025070603,0.03
2025070603,1.73
2025070603,4.74
2025070603,5.05
2025070604,3.9
2025070604,5.19
2025070604,5.63
2025070604,15.73
2025070605,5.76
2025070605,6.36
2025070605,20.52
2025070605,17.89
2025070606,18.38
2025070606,27.6
2025070606,42.54
2025070606,38.84
2025070607,37.89
2025070607,42.74
2025070607,40.22
2025070607,66.71
2025070608,85.14
2025070608,84.67
2025070608,97.75
2025070608,83.51
2025070609,73.5
2025070609,67.41
2025070609,90.41
2025070609,61.97
2025070610,73.91
2025070610,80.88
2025070610,54.05
2025070610,34.97
2025070611,39.99
2025070611,117.18
2025070611,94.02
2025070611,109.69
2025070612,86.15
2025070612,82.27
2025070612,72.86
2025070612,101.58
2025070613,122.21
2025070613,89.27
2025070613,72.31
2025070613,31.96
2025070614,51.09
2025070614,95.37
2025070614,95.98
2025070614,94.97
2025070615,91.88
2025070615,83.34
2025070615,91.68
2025070615,63.12
2025070616,54.85
2025070616,42.91
2025070616,34.88
2025070616,31.64
2025070617,26.15
2025070700,0.0
2025070703,0.02
2025070703,1.13
2025070703,2.99
2025070703,2.96
2025070704,5.2
2025070704,8.21
2025070704,12.29
2025070704,13.5
2025070705,19.05
2025070705,27.69
2025070705,14.17
2025070705,18.35
2025070706,29.84
2025070706,28.34
2025070706,29.32
2025070706,72.77
2025070707,92.3
2025070707,40.8
2025070707,85.11
2025070707,79.82
2025070708,58.64
2025070708,126.68
2025070708,63.34
2025070708,123.67
2025070709,41.48
2025070709,88.66
2025070709,53.57
2025070709,56.35
2025070710,30.53
2025070710,49.86
2025070710,44.51
2025070710,53.33
2025070711,72.05
2025070711,114.18
2025070711,100.22
2025070711,99.12
2025070712,117.9
2025070712,83.66
2025070712,111.4
2025070712,120.48
2025070713,99.27
2025070713,105.76
2025070713,70.02
2025070713,67.56
2025070714,65.97
2025070714,56.86
2025070714,57.68
2025070714,18.57
2025070715,27.93
2025070715,20.84
2025070715,21.41
2025070715,20.91
2025070716,17.28
2025070716,25.12
2025070716,20.39
2025070716,17.98
2025070717,11.37
2025070717,11.15
2025070717,9.38
2025070717,5.98
2025070718,3.63
2025070718,3.01
2025070718,2.88
2025070718,2.82
2025070719,2.34
2025070719,2.77
2025070719,1.88
2025070719,0.0
2025070800,0.0
2025070802,0.35
2025070803,1.71
2025070803,3.62
2025070803,5.45
2025070803,7.56
2025070804,8.42
2025070804,9.79
2025070804,12.35
2025070804,10.38
2025070805,12.28
2025070805,12.41
2025070805,19.86
2025070805,47.29
2025070806,45.61
2025070806,32.36
2025070806,22.52
2025070806,41.07
2025070807,55.57
2025070807,60.6
2025070807,62.9
2025070807,100.33
2025070808,66.15
2025070808,47.66
2025070808,66.47
2025070808,54.08
2025070809,35.77
2025070809,100.43
2025070809,84.33
2025070809,82.56
2025070810,32.2
2025070810,99.39
2025070810,126.23
2025070810,74.66
2025070811,64.71
2025070811,78.05
2025070811,115.38
2025070811,103.67
2025070812,118.46
2025070812,99.26
2025070812,85.2
2025070812,64.23
2025070813,66.79
2025070813,111.14
2025070813,110.66
2025070813,68.06
2025070814,45.51
2025070814,49.72
2025070814,115.94
2025070814,121.89
2025070815,123.46
2025070815,115.35
2025070815,102.77
2025070815,97.51
2025070816,87.25
2025070816,76.85
2025070816,67.24
2025070816,53.86
2025070817,39.22
2025070817,15.97
2025070817,15.25
2025070817,31.72
2025070818,19.74
2025070818,14.47
2025070818,7.58
2025070818,6.75
2025070819,5.38
2025070819,4.4
2025070819,2.19
2025070819,1.08
2025070820,0.23
2025070820,0.0
2025070900,0.0
2025070903,0.03
2025070903,0.43
2025070903,0.91
2025070903,1.31
2025070904,2.86
2025070904,4.17
2025070904,5.89
2025070904,7.58
2025070905,10.53
2025070905,11.07
2025070905,12.98
2025070905,12.34
2025070906,8.02
2025070906,15.54
2025070906,18.84
2025070906,22.2
2025070907,22.43
2025070907,23.45
2025070907,27.34
2025070907,23.61
2025070908,27.05
2025070908,26.88
2025070908,38.76
2025070908,36.54
2025070909,36.02
2025070909,39.04
2025070909,35.01
2025070909,34.69
2025070910,42.16
2025070910,52.4
2025070910,53.14
2025070910,46.24
2025070911,45.85
2025070911,51.86
2025070911,54.03
2025070911,89.95
2025070912,102.56
2025070912,109.21
2025070912,123.92
2025070912,133.91
2025070913,120.65
2025070913,116.69
2025070913,136.66
2025070913,104.5
2025070914,96.91
2025070914,76.55
2025070914,78.24
2025070914,52.74
2025070915,41.95
2025070915,46.35
2025070915,63.59
2025070915,63.8
2025070916,52.98
2025070916,44.05
2025070916,34.14
2025070916,33.07
2025070917,31.54
2025070917,31.94
2025070917,25.16
2025070917,23.3
2025070918,17.14
2025070918,10.76
2025070918,4.78
2025070918,3.13
2025070919,1.68
2025070919,2.72
2025070919,4.49
2025070919,2.07
2025070920,0.22
2025070920,0.0
2025071000,0.0
2025071003,0.02
2025071003,1.01
2025071003,2.83
2025071003,3.27
2025071004,6.31
2025071004,10.34
2025071004,14.47
2025071004,22.28
2025071005,23.17
2025071005,24.42
2025071005,19.49
2025071005,23.58
2025071006,26.05
2025071006,28.99
2025071006,25.74
2025071006,13.88
2025071007,21.37
2025071007,30.13
2025071007,35.46
2025071007,46.95
2025071008,67.11
2025071008,81.48
2025071008,93.37
2025071008,101.25
2025071009,77.35
2025071009,58.85
2025071009,53.54
2025071009,50.12
2025071010,45.85
2025071010,45.84
2025071010,43.06
2025071010,47.31
2025071011,60.06
2025071011,51.38
2025071011,48.2
2025071011,64.68
2025071012,60.12
2025071012,74.17
2025071012,73.84
2025071012,74.54
2025071013,60.29
2025071013,43.65
2025071013,44.75
2025071013,47.06
2025071014,41.98
2025071014,44.07
2025071014,48.99
2025071014,35.34
2025071015,35.67
2025071015,33.96
2025071015,34.99
2025071015,35.71
2025071016,33.51
2025071016,26.84
2025071016,38.32
2025071016,33.6
2025071017,28.51
2025071017,23.5
2025071017,24.03
2025071017,13.84
2025071018,16.79
2025071018,15.61
2025071018,8.22
2025071018,6.32
2025071019,5.16
2025071019,4.56
2025071019,1.85
2025071019,0.9
2025071020,0.15
2025071020,0.0
2025071100,0.0
2025071103,0.12
2025071103,1.02
2025071103,1.84
2025071104,2.59
2025071104,3.27
2025071104,4.87
2025071104,6.54
2025071105,9.83
2025071105,10.26
2025071105,15.54
2025071105,14.68
2025071106,16.87
2025071106,20.28
2025071106,22.64
2025071106,26.37
2025071107,28.51
2025071107,33.39
2025071107,40.88
2025071107,43.32
2025071108,42.2
2025071108,50.43
2025071108,65.21
2025071108,91.42
2025071109,104.8
2025071109,127.35
2025071109,147.05
2025071109,157.69
2025071110,158.29
2025071110,158.34
2025071110,158.31
2025071110,158.32
2025071111,158.31
2025071111,158.32
2025071111,158.28
2025071111,158.31
2025071112,158.3
2025071112,158.28
2025071112,158.33
2025071112,158.3
2025071113,158.34
2025071113,157.88
2025071113,155.14
2025071113,149.4
2025071114,144.82
2025071114,140.11
2025071114,131.31
2025071114,118.28
2025071115,119.11
2025071115,110.32
2025071115,102.05
2025071115,95.62
2025071116,87.28
2025071116,77.32
2025071116,70.14
2025071116,59.44
2025071117,44.61
2025071117,35.77
2025071117,30.96
2025071117,23.5
2025071118,17.99
2025071118,14.14
2025071118,11.44
2025071118,9.46
2025071119,7.28
2025071119,5.43
2025071119,4.34
2025071119,2.97
2025071120,1.15
2025071120,0.01
2025071120,0.0
2025071200,0.0
2025071203,0.74
2025071203,2.2
2025071203,3.93
2025071203,5.11
2025071204,5.82
2025071204,7.25
2025071204,9.67
2025071204,14.22
2025071205,20.37
2025071205,27.14
2025071205,34.69
2025071205,44.2
2025071206,54.12
2025071206,62.93
2025071206,72.08
2025071206,74.96
2025071207,84.43
2025071207,88.07
2025071207,51.76
2025071207,74.27
2025071208,120.34
2025071208,129.61
2025071208,133.96
2025071208,137.01
2025071209,47.15
2025071209,37.65
2025071209,125.33
2025071209,24.98
2025071210,49.52
2025071210,28.84
2025071210,19.63
2025071210,22.97
2025071211,14.88
2025071211,18.62
2025071211,27.71
2025071211,22.89
2025071212,23.5
2025071212,26.78
2025071212,101.28
2025071212,134.52
2025071213,157.82
2025071213,150.53
2025071213,39.54
2025071213,35.58
2025071214,136.53
2025071214,131.2
2025071214,87.62
2025071214,55.42
2025071215,47.99
2025071215,59.21
2025071215,96.9
2025071215,59.14
2025071216,66.57
2025071216,69.68
2025071216,46.68
2025071216,53.99
2025071217,38.59
2025071217,31.62
2025071217,17.39
2025071217,13.58
2025071218,11.69
2025071218,8.81
2025071218,6.7
2025071218,6.54
2025071219,4.3
2025071219,2.68
2025071219,0.99
2025071219,0.14
2025071220,0.0
2025071300,0.0
2025071303,0.05
2025071303,1.06
2025071303,2.25
2025071303,3.65
2025071304,8.72
2025071304,7.64
2025071304,13.89
2025071304,24.3
2025071305,32.32
2025071305,29.25
2025071305,37.15
2025071305,58.09
2025071306,56.16
2025071306,55.12
2025071306,68.9
2025071306,58.27
2025071307,89.0
2025071307,86.26
2025071307,56.63
2025071307,49.41
2025071308,55.01
2025071308,49.5
2025071308,54.99
2025071308,56.43
2025071309,68.02
2025071309,0.02
2025071309,0.0
2025071310,0.02
2025071310,0.0
2025071311,0.02
2025071311,0.04
2025071311,0.02
2025071312,0.01
2025071312,0.0
2025071312,0.03
2025071313,0.02
2025071313,0.03
2025071313,0.0
2025071314,0.02
2025071314,2.96
2025071314,58.01
2025071315,42.57
2025071315,41.36
2025071315,56.52
2025071315,87.98
2025071316,49.46
2025071316,45.71
2025071316,60.22
2025071316,50.46
2025071317,39.7
2025071317,18.75
2025071317,10.62
2025071317,19.38
2025071318,14.49
2025071318,11.39
2025071318,14.78
2025071318,10.37
2025071319,7.13
2025071319,4.25
2025071319,1.51
2025071319,0.49
2025071320,0.0
2025071400,0.0
2025071402,0.02
2025071403,0.42
2025071403,1.58
2025071403,3.84
2025071403,7.13
2025071404,8.9
2025071404,14.05
2025071404,19.64
2025071404,25.19
2025071405,32.98
2025071405,43.38
2025071405,38.61
2025071405,49.28
2025071406,53.27
2025071406,70.91
2025071406,72.4
2025071406,69.69
2025071407,44.25
2025071407,51.34
2025071407,64.76
2025071407,89.25
2025071408,90.71
2025071408,77.71
2025071408,79.98
2025071408,126.07
2025071409,125.17
2025071409,150.23
2025071409,157.44
2025071409,154.95
2025071410,156.89
2025071410,145.28
2025071410,130.26
2025071410,143.29
2025071411,137.16
2025071411,136.72
2025071411,130.17
2025071411,148.99
2025071412,121.06
2025071412,40.63
2025071412,68.01
2025071412,120.39
2025071413,72.53
2025071413,59.15
2025071413,28.5
2025071413,14.23
2025071414,17.84
2025071414,31.38
2025071414,22.68
2025071414,17.03
2025071415,24.75
2025071415,28.5
2025071415,21.94
2025071415,12.57
2025071416,9.32
2025071416,8.38
2025071416,7.89
2025071416,12.29
2025071417,20.65
2025071417,23.77
2025071417,19.42
2025071417,15.34
2025071418,11.49
2025071418,8.5
2025071418,6.21
2025071418,4.99
2025071419,3.96
2025071419,2.76
2025071419,1.63
2025071419,0.74
2025071420,0.08
2025071420,0.0
2025071500,0.0
2025071503,0.25
2025071503,1.09
2025071503,3.24
2025071503,6.0
2025071504,12.86
2025071504,18.22
2025071504,19.62
2025071504,22.22
2025071505,25.42
2025071505,26.01
2025071505,23.53
2025071505,28.05
2025071506,39.35
2025071506,49.16
2025071506,46.01
2025071506,79.33
2025071507,78.25
2025071507,55.26
2025071507,51.95
2025071507,34.17
2025071508,35.6
2025071508,31.14
2025071508,29.09
2025071508,35.11
2025071509,33.19
2025071509,25.61
2025071509,29.51
2025071509,34.01
2025071510,30.94
2025071510,24.45
2025071510,25.98
2025071510,30.81
2025071511,30.23
2025071511,25.78
2025071511,27.11
2025071511,23.95
2025071512,29.89
2025071512,37.5
2025071512,39.89
2025071512,34.21
2025071513,30.07
2025071513,30.09
2025071513,33.46
2025071513,60.44
2025071514,46.09
2025071514,32.94
2025071514,37.55
2025071514,42.0
2025071515,36.76
2025071515,37.11
2025071515,37.39
2025071515,41.97
2025071516,44.36
2025071516,30.73
2025071516,22.29
2025071516,16.81
2025071517,8.17
2025071517,13.83
2025071517,11.31
2025071517,10.47
2025071518,8.47
2025071518,7.04
2025071518,4.88
2025071518,5.43
2025071519,4.62
2025071519,3.36
2025071519,1.58
2025071519,0.32
2025071520,0.0
2025071600,0.0
2025071603,0.01
2025071603,0.63
2025071603,1.69
2025071604,4.29
2025071604,4.4
2025071604,5.22
2025071604,7.64
2025071605,7.95
2025071605,7.25
2025071605,11.62
2025071605,16.75
2025071606,12.66
2025071606,14.71
2025071606,18.98
2025071606,19.98
2025071607,19.53
2025071607,26.18
2025071607,37.04
2025071607,38.72
2025071608,22.6
2025071608,17.64
2025071608,13.62
2025071608,25.0
2025071609,29.16
2025071609,26.11
2025071609,24.7
2025071609,22.38
2025071610,25.31
2025071610,29.47
2025071610,22.43
2025071610,48.14
2025071611,79.27
2025071611,98.46
2025071611,92.74
2025071611,126.1
2025071612,77.38
2025071612,46.57
2025071612,38.47
2025071612,48.06
2025071613,48.91
2025071613,55.72
2025071613,49.9
2025071613,55.6
2025071614,68.8
2025071614,55.86
2025071614,58.46
2025071614,82.64
2025071615,57.28
2025071615,44.68
2025071615,66.86
2025071615,44.07
2025071616,52.99
2025071616,38.74
2025071616,37.51
2025071616,29.98
2025071617,30.31
2025071617,30.29
2025071617,25.63
2025071617,23.52
2025071618,19.76
2025071618,10.29
2025071618,8.9
2025071618,6.53
2025071619,6.5
2025071619,4.6
2025071619,4.01
2025071619,1.91
2025071620,0.0
2025071700,0.0
2025071702,0.02
2025071703,1.26
2025071703,1.62
2025071703,3.06
2025071703,4.56
2025071704,6.15
2025071704,7.77
2025071704,10.09
2025071704,13.75
2025071705,18.68
2025071705,24.81
2025071705,31.73
2025071705,39.83
2025071706,48.32
2025071706,57.37
2025071706,66.45
2025071706,78.47
2025071707,69.59
2025071707,71.26
2025071707,60.01
2025071707,64.01
2025071708,57.95
2025071708,69.12
2025071708,94.79
2025071708,123.55
2025071709,149.15
2025071709,137.75
2025071709,151.03
2025071709,153.02
2025071710,157.11
2025071710,158.31
2025071710,158.3
2025071710,158.34
2025071711,153.07
2025071711,126.28
2025071711,136.35
2025071711,122.46
2025071712,139.29
2025071712,146.83
2025071712,155.8
2025071712,155.66
2025071713,131.55
2025071713,152.72
2025071713,141.3
2025071713,143.52
2025071714,146.06
2025071714,135.37
2025071714,127.02
2025071714,128.43
2025071715,93.02
2025071715,103.86
2025071715,97.84
2025071715,91.82
2025071716,81.39
2025071716,50.54
2025071716,55.27
2025071716,50.78
2025071717,33.34
2025071717,34.49
2025071717,30.09
2025071717,26.6
2025071718,16.53
2025071718,10.56
2025071718,7.99
2025071718,6.23
2025071719,4.77
2025071719,2.68
2025071719,1.33
2025071719,0.33
2025071720,0.0
2025071800,0.0
2025071803,0.08
2025071803,0.95
2025071803,2.3
2025071803,4.12
2025071804,6.01
2025071804,7.64
2025071804,9.77
2025071804,13.28
2025071805,18.22
2025071805,24.41
2025071805,31.49
2025071805,39.39
2025071806,48.06
2025071806,56.99
2025071806,65.59
2025071806,74.02
2025071807,82.56
2025071807,90.66
2025071807,98.43
2025071807,105.98
2025071808,113.13
2025071808,119.68
2025071808,125.87
2025071808,131.41
2025071809,136.9
2025071809,141.14
2025071809,142.76
2025071809,148.13
2025071810,116.99
2025071810,82.41
2025071810,108.17
2025071810,143.04
2025071811,102.42
2025071811,90.8
2025071811,108.23
2025071811,86.6
2025071812,69.67
2025071812,57.46
2025071812,121.12
2025071812,80.2
2025071813,83.31
2025071813,88.76
2025071813,57.26
2025071813,108.68
2025071814,152.55
2025071814,132.96
2025071814,146.54
2025071814,135.49
2025071815,127.5
2025071815,112.02
2025071815,107.35
2025071815,101.14
2025071816,53.83
2025071816,28.51
2025071816,33.56
2025071816,46.64
2025071817,55.56
2025071817,65.48
2025071817,53.16
2025071817,45.42
2025071818,36.66
2025071818,28.3
2025071818,23.66
2025071818,20.47
2025071819,16.76
2025071819,11.96
2025071819,7.17
2025071819,2.37
2025071820,0.04
2025071820,0.0
2025071900,0.0
2025071903,0.03
2025071903,0.48
2025071903,1.43
2025071904,2.85
2025071904,4.09
2025071904,4.95
2025071904,6.44
2025071905,9.24
2025071905,11.03
2025071905,12.95
2025071905,13.56
2025071906,17.27
2025071906,21.43
2025071906,23.68
2025071906,26.6
2025071907,35.11
2025071907,40.19
2025071907,51.21
2025071907,79.71
2025071908,108.9
2025071908,118.21
2025071908,125.46
2025071908,132.54
2025071909,73.92
2025071909,71.67
2025071909,74.27
2025071909,74.1
2025071910,60.43
2025071910,67.28
2025071910,44.83
2025071910,66.17
2025071911,60.24
2025071911,59.88
2025071911,71.19
2025071911,66.72
2025071912,79.01
2025071912,72.45
2025071912,67.68
2025071912,68.21
2025071913,78.9
2025071913,39.37
2025071913,30.54
2025071913,76.57
2025071914,118.15
2025071914,27.45
2025071914,69.63
2025071914,106.38
2025071915,107.88
2025071915,51.75
2025071915,83.55
2025071915,68.2
2025071916,65.61
2025071916,49.39
2025071916,61.39
2025071916,51.45
2025071917,41.93
2025071917,33.46
2025071917,25.74
2025071917,19.32
2025071918,12.92
2025071918,11.1
2025071918,8.28
2025071918,6.4
2025071919,4.48
2025071919,2.57
2025071919,1.14
2025071919,0.16
2025071920,0.0
2025072000,0.0
2025072003,0.11
2025072003,0.41
2025072003,0.88
2025072004,1.38
2025072004,1.95
2025072004,3.12
2025072004,4.65
2025072005,6.57
2025072005,7.9
2025072005,8.16
2025072005,9.4
2025072006,8.54
2025072006,8.58
2025072006,13.62
2025072006,19.05
2025072007,21.81
2025072007,20.29
2025072007,21.1
2025072007,23.92
2025072008,22.83
2025072008,20.0
2025072008,17.87
2025072008,21.75
2025072009,26.93
2025072009,20.86
2025072009,20.25
2025072009,31.39
2025072010,26.36
2025072010,32.37
2025072010,40.07
2025072010,40.09
2025072011,39.36
2025072011,39.43
2025072011,35.71
2025072012,36.48
2025072012,37.64
2025072012,35.13
2025072012,36.77
2025072013,39.54
2025072013,33.05
2025072013,33.26
2025072013,23.99
2025072014,22.36
2025072014,20.2
2025072014,17.83
2025072014,30.87
2025072015,29.24
2025072015,21.87
2025072015,18.69
2025072015,23.8
2025072016,7.51
2025072016,5.72
2025072016,5.52
2025072016,5.3
2025072017,4.76
2025072017,3.68
2025072017,2.14
2025072017,1.62
2025072018,1.11
2025072018,0.68
2025072018,0.71
2025072018,0.72
2025072019,0.43
2025072019,0.09
2025072019,0.0
2025072100,0.0
2025072104,0.04
2025072104,0.07
2025072104,0.01
2025072104,0.15
2025072105,0.43
2025072105,1.29
2025072105,1.06
2025072105,1.12
2025072106,1.22
2025072106,1.53
2025072106,1.97
2025072106,1.79
2025072107,3.13
2025072107,9.18
2025072107,18.62
2025072107,21.75
2025072108,25.87
2025072108,31.76
2025072108,23.05
2025072108,16.31
2025072109,13.94
2025072109,22.61
2025072109,17.23
2025072109,33.92
2025072110,49.99
2025072110,40.3
2025072110,21.43
2025072110,14.34
2025072111,9.4
2025072111,12.93
2025072111,49.74
2025072111,82.94
2025072112,87.45
2025072112,79.26
2025072112,62.75
2025072112,41.7
2025072113,42.92
2025072113,26.94
2025072113,25.2
2025072113,25.09
2025072114,28.49
2025072114,21.58
2025072114,14.88
2025072114,12.34
2025072115,13.9
2025072115,24.22
2025072115,25.3
2025072115,21.74
2025072116,19.71
2025072116,18.55
2025072116,15.73
2025072116,14.94
2025072117,14.4
2025072117,15.09
2025072117,13.07
2025072117,11.52
2025072118,11.3
2025072118,8.82
2025072118,7.29
2025072200,0.0
2025072203,0.47
2025072203,1.23
2025072204,2.41
2025072204,2.93
2025072204,3.32
2025072204,5.03
2025072205,5.85
2025072205,8.06
2025072205,12.17
2025072205,13.78
2025072206,11.4
2025072206,13.02
2025072206,13.34
2025072206,13.7
2025072207,14.19
2025072207,14.5
2025072207,19.54
2025072207,11.77
2025072208,7.95
2025072208,11.52
2025072208,14.14
2025072208,13.3
2025072209,12.95
2025072209,13.45
2025072209,17.23
2025072209,18.73
2025072210,13.33
2025072210,15.89
2025072210,21.15
2025072210,15.28
2025072211,10.62
2025072211,14.18
2025072211,22.21
2025072211,31.54
2025072212,26.54
2025072212,36.4
2025072212,42.7
2025072212,6.49
2025072213,129.23
2025072213,126.0
2025072213,80.53
2025072213,54.04
2025072214,37.98
2025072214,20.5
2025072214,13.35
2025072214,16.58
2025072215,34.57
2025072215,32.32
2025072215,25.72
2025072215,21.09
2025072216,16.72
2025072216,20.46
2025072216,20.43
2025072216,21.03
2025072217,18.29
2025072217,12.23
2025072217,8.17
2025072217,7.42
2025072218,7.39
2025072218,6.91
2025072218,5.35
2025072218,4.29
2025072219,3.45
2025072219,1.76
2025072219,0.06
2025072219,0.0
2025072300,0.0
2025072303,1.56
2025072303,3.93
2025072303,4.86
2025072304,6.36
2025072304,7.06
2025072304,8.93
2025072304,11.84
2025072305,15.83
2025072305,27.23
2025072305,37.79
2025072305,43.2
2025072306,38.06
2025072306,39.41
2025072306,60.71
2025072306,47.06
2025072307,58.43
2025072307,41.46
2025072307,32.4
2025072307,29.24
2025072308,42.54
2025072308,42.33
2025072308,48.49
2025072308,71.05
2025072309,100.15
2025072309,100.76
2025072309,108.67
2025072309,91.99
2025072310,69.72
2025072310,89.9
2025072310,62.19
2025072310,95.59
2025072311,121.71
2025072311,124.19
2025072311,143.19
2025072311,120.41
2025072312,120.14
2025072312,123.48
2025072312,129.84
2025072312,131.98
2025072313,133.0
2025072313,127.85
2025072313,120.61
2025072313,108.79
2025072314,70.39
2025072314,98.47
2025072314,118.45
2025072314,78.1
2025072315,24.13
2025072315,18.81
2025072315,63.38
2025072315,37.45
2025072316,58.41
2025072316,78.84
2025072316,51.76
2025072316,61.26
2025072317,41.93
2025072317,37.48
2025072317,26.33
2025072317,21.33
2025072318,9.27
2025072318,10.4
2025072318,10.07
2025072318,7.89
2025072319,5.29
2025072319,4.4
2025072319,1.94
2025072319,0.36
2025072320,0.0
2025072400,0.0
2025072403,0.08
2025072403,0.76
2025072403,2.1
2025072404,4.18
2025072404,6.39
2025072404,7.9
2025072404,10.55
2025072405,12.28
2025072405,14.76
2025072405,19.2
2025072405,38.95
2025072406,47.41
2025072406,57.54
2025072406,66.85
2025072406,75.57
2025072407,80.73
2025072407,83.14
2025072407,98.1
2025072407,96.72
2025072408,114.13
2025072408,112.88
2025072408,89.75
2025072408,102.35
2025072409,132.4
2025072409,105.3
2025072409,105.92
2025072409,105.8
2025072410,146.38
2025072410,132.4
2025072410,118.37
2025072410,150.57
2025072411,136.13
2025072411,119.84
2025072411,157.04
2025072411,158.33
2025072412,157.83
2025072412,145.37
2025072412,114.41
2025072412,54.55
2025072413,90.39
2025072413,38.86
2025072413,43.2
2025072413,56.49
2025072414,35.08
2025072414,51.99
2025072414,129.23
2025072414,122.12
2025072415,119.36
2025072415,113.65
2025072415,71.09
2025072415,34.68
2025072416,68.7
2025072416,67.58
2025072416,59.03
2025072416,48.93
2025072417,39.46
2025072417,31.45
2025072417,24.47
2025072417,18.0
2025072418,12.75
2025072418,9.15
2025072418,7.27
2025072418,5.87
2025072419,4.41
2025072419,3.31
2025072419,1.64
2025072419,0.13
2025072420,0.0
2025072500,0.0
2025072503,0.04
2025072503,0.75
2025072504,2.15
2025072504,2.92
2025072504,3.04
2025072504,4.03
2025072505,5.49
2025072505,6.58
2025072505,7.8
2025072505,9.43
2025072506,10.51
2025072506,12.86
2025072506,14.48
2025072506,15.77
2025072507,17.32
2025072507,19.11
2025072507,22.29
2025072507,19.03
2025072508,25.47
2025072508,29.32
2025072508,25.9
2025072508,33.69
2025072509,37.41
2025072509,32.24
2025072509,29.72
2025072509,33.42
2025072510,54.1
2025072510,52.79
2025072510,51.07
2025072510,62.58
2025072511,61.96
2025072511,64.75
2025072511,73.8
2025072511,60.52
2025072512,65.98
2025072512,60.18
2025072512,87.1
2025072512,122.9
2025072513,63.24
2025072513,47.09
2025072513,36.29
2025072513,40.88
2025072514,70.56
2025072514,55.99
2025072514,63.33
2025072514,55.74
2025072515,75.08
2025072515,66.75
2025072515,35.73
2025072515,31.56
2025072516,38.31
2025072516,34.87
2025072516,15.81
2025072516,12.65
2025072517,13.12
2025072517,11.27
2025072517,19.11
2025072517,16.12
2025072518,13.27
2025072518,8.19
2025072518,6.23
2025072518,4.65
2025072519,1.98
2025072519,0.17
2025072519,0.0
2025072600,0.0
2025072603,2.14
2025072604,4.61
2025072604,3.26
2025072604,5.0
2025072604,5.45
2025072605,3.82
2025072605,4.15
2025072605,5.02
2025072605,2.78
2025072606,3.66
2025072606,6.28
2025072606,10.05
2025072606,21.75
2025072607,25.46
2025072607,25.63
2025072607,63.84
2025072607,60.86
2025072608,52.52
2025072608,80.23
2025072608,134.61
2025072608,116.5
2025072609,66.25
2025072609,102.42
2025072609,114.3
2025072609,82.42
2025072610,111.86
2025072610,111.31
2025072610,98.08
2025072610,117.95
2025072611,118.47
2025072611,113.59
2025072611,121.48
2025072611,110.63
2025072612,93.05
2025072612,99.41
2025072612,101.31
2025072612,107.0
2025072613,102.57
2025072613,96.14
2025072613,82.05
2025072613,94.62
2025072614,118.49
2025072614,81.42
2025072614,62.16
2025072614,124.19
2025072615,97.54
2025072615,95.36
2025072615,49.65
2025072615,34.25
2025072616,17.13
2025072616,13.08
2025072616,10.1
2025072616,21.37
2025072617,26.3
2025072617,20.86
2025072617,14.14
2025072617,7.72
2025072618,6.23
2025072618,5.66
2025072618,4.21
2025072618,2.82
2025072619,2.54
2025072619,1.32
2025072619,0.07
2025072619,0.0
2025072700,0.0
2025072703,1.48
2025072703,3.09
2025072704,4.56
2025072704,5.45
2025072704,8.52
2025072704,8.99
2025072705,12.88
2025072705,11.88
2025072705,20.42
2025072705,48.03
2025072706,56.83
2025072706,56.71
2025072706,48.29
2025072706,48.86
2025072707,62.78
2025072707,83.92
2025072707,55.43
2025072707,20.72
2025072708,44.13
2025072708,89.23
2025072708,93.12
2025072708,135.95
2025072709,140.66
2025072709,107.9
2025072709,98.21
2025072709,88.95
2025072710,125.29
2025072710,137.85
2025072710,109.58
2025072710,115.23
2025072711,120.88
2025072711,121.31
2025072711,130.74
2025072711,138.56
2025072712,141.16
2025072712,141.14
2025072712,140.84
2025072712,138.58
2025072713,150.63
2025072713,126.0
2025072713,105.5
2025072713,91.5
2025072714,107.33
2025072714,124.02
2025072714,95.74
2025072714,118.68
2025072715,99.95
2025072715,77.89
2025072715,79.0
2025072715,76.96
2025072716,78.05
2025072716,62.47
2025072716,55.1
2025072716,41.75
2025072717,39.65
2025072717,34.79
2025072717,26.97
2025072717,24.14
2025072718,16.77
2025072718,12.37
2025072718,9.8
2025072718,7.58
2025072719,4.88
2025072719,2.45
2025072719,0.56
2025072719,0.0
2025072800,0.0
2025072803,0.19
2025072803,1.34
2025072803,2.85
2025072804,4.56
2025072804,6.52
2025072804,8.23
2025072804,11.15
2025072805,16.01
2025072805,23.99
2025072805,28.81
2025072805,42.27
2025072806,45.51
2025072806,57.55
2025072806,61.22
2025072806,54.71
2025072807,63.97
2025072807,55.27
2025072807,57.89
2025072807,80.57
2025072808,97.27
2025072808,95.97
2025072808,100.3
2025072808,85.09
2025072809,97.44
2025072809,95.42
2025072809,115.02
2025072809,116.68
2025072810,114.28
2025072810,114.44
2025072810,113.08
2025072810,124.9
2025072811,121.7
2025072811,118.39
2025072811,118.86
2025072811,128.91
2025072812,127.31
2025072812,110.85
2025072812,139.44
2025072812,136.07
2025072813,112.88
2025072813,131.78
2025072813,139.04
2025072813,131.18
2025072814,134.08
2025072814,115.84
2025072814,128.51
2025072814,117.15
2025072815,118.46
2025072815,100.15
2025072815,100.1
2025072815,88.63
2025072816,76.73
2025072816,69.29
2025072816,52.79
2025072816,49.83
2025072817,35.11
2025072817,26.03
2025072817,24.86
2025072817,15.36
2025072818,11.85
2025072818,8.2
2025072818,5.46
2025072818,2.47
2025072819,1.91
2025072819,2.56
2025072819,0.11
2025072819,0.0
2025072900,0.0
2025072903,0.03
2025072903,1.16
2025072903,2.26
2025072904,5.2
2025072904,4.97
2025072904,7.65
2025072904,8.73
2025072905,17.07
2025072905,25.82
2025072905,41.41
2025072905,27.02
2025072906,29.49
2025072906,41.2
2025072906,57.8
2025072906,78.52
2025072907,59.48
2025072907,95.59
2025072907,102.18
2025072907,114.73
2025072908,13.21
2025072908,0.03
2025072908,0.04
2025072909,0.02
2025072909,0.03
2025072909,6.52
2025072910,135.55
2025072910,4.35
2025072910,0.05
2025072910,0.04
2025072911,0.02
2025072911,0.04
2025072911,0.05
2025072911,0.06
2025072912,0.0
2025072912,0.01
2025072913,0.03
2025072913,1.46
2025072913,0.0
2025072913,0.02
2025072914,0.0
2025072914,0.01
2025072914,0.02
2025072915,0.01
2025072915,22.81
2025072915,20.31
2025072915,17.78
2025072916,19.3
2025072916,16.91
2025072916,9.53
2025072916,8.08
2025072917,6.98
2025072917,7.35
2025072917,8.27
2025072917,10.17
2025072918,20.88
2025072918,15.84
2025072918,10.17
2025072918,5.21
2025072919,1.5
2025072919,0.28
2025072919,0.0
2025073000,0.0
2025073003,0.13
2025073004,0.57
2025073004,1.15
2025073004,2.34
2025073004,9.42
2025073005,20.89
2025073005,41.62
2025073005,37.76
2025073005,44.78
2025073006,60.36
2025073006,66.47
2025073006,57.53
2025073006,41.74
2025073007,39.29
2025073007,43.78
2025073007,52.55
2025073007,75.67
2025073008,91.12
2025073008,134.21
2025073008,132.62
2025073008,96.92
2025073009,66.52
2025073009,37.79
2025073009,53.33
2025073009,118.96
2025073010,112.69
2025073010,101.16
2025073010,108.44
2025073010,133.78
2025073011,123.63
2025073011,146.81
2025073011,151.4
2025073011,110.12
2025073012,137.27
2025073012,127.99
2025073012,89.97
2025073012,70.83
2025073013,44.83
2025073013,118.37
2025073013,33.1
2025073013,19.25
2025073014,94.19
2025073014,91.9
2025073014,35.82
2025073014,68.8
2025073015,19.22
2025073015,22.39
2025073015,42.87
2025073015,42.99
2025073016,8.34
2025073016,4.05
2025073016,5.31
2025073016,9.34
2025073017,21.37
2025073017,21.12
2025073017,32.81
2025073017,29.95
2025073018,20.66
2025073018,15.58
2025073018,10.58
2025073018,6.45
2025073019,4.16
2025073019,2.17
2025073019,0.53
2025073019,0.0
2025073100,0.0
2025073103,0.48
2025073104,3.96
2025073104,8.14
2025073104,9.63
2025073104,13.44
2025073105,9.29
2025073105,14.39
2025073105,28.87
2025073105,30.54
2025073106,43.3
2025073106,55.53
2025073106,65.63
2025073106,75.0
2025073107,84.88
2025073107,93.9
2025073107,109.6
2025073107,103.61
2025073108,50.64
2025073108,80.48
2025073108,90.31
2025073108,82.0
2025073109,72.41
2025073109,82.85
2025073109,115.19
2025073109,144.07
2025073110,82.09
2025073110,134.49
2025073110,97.39
2025073110,100.61
2025073111,41.95
2025073111,73.56
2025073111,91.5
2025073111,41.53
2025073112,38.47
2025073112,44.99
2025073112,65.42
2025073112,61.34
2025073113,47.25
2025073113,37.7
2025073113,42.54
2025073113,39.93
2025073114,12.73
2025073114,12.69
2025073114,15.54
2025073114,27.11
2025073115,34.16
2025073115,43.88
2025073115,54.98
2025073115,38.61
2025073116,22.33
2025073116,17.44
2025073116,14.79
2025073116,13.57
2025073117,10.4
2025073117,8.47
2025073117,6.84
2025073117,5.84
2025073118,4.87
2025073118,3.46
2025073118,3.36
2025073118,2.86
2025073119,1.64
2025073119,0.77
2025073119,0.09
2025073119,0.0
2025080100,0.0
2025080103,0.02
2025080103,2.06
2025080104,5.01
2025080104,5.85
2025080104,13.07
2025080104,20.4
2025080105,21.85
2025080105,22.02
2025080105,28.6
2025080105,31.32
2025080106,34.61
2025080106,41.97
2025080106,63.7
2025080106,73.71
2025080107,82.23
2025080107,60.24
2025080107,45.62
2025080107,59.9
2025080108,82.74
2025080108,77.04
2025080108,111.04
2025080108,110.55
2025080109,127.31
2025080109,105.65
2025080109,84.61
2025080109,77.27
2025080110,72.81
2025080110,87.54
2025080110,78.11
2025080110,147.25
2025080111,108.8
2025080111,117.93
2025080111,158.33
2025080111,136.82
2025080112,49.21
2025080112,71.16
2025080112,66.47
2025080112,73.6
2025080113,40.98
2025080113,32.26
2025080113,39.59
2025080113,23.18
2025080114,26.12
2025080114,42.21
2025080114,27.19
2025080114,19.32
2025080115,6.15
2025080115,8.49
2025080115,18.62
2025080115,22.31
2025080116,23.34
2025080116,22.88
2025080116,24.12
2025080116,23.45
2025080117,20.85
2025080117,20.68
2025080117,18.77
2025080117,19.21
2025080118,15.39
2025080118,11.41
2025080118,12.39
2025080118,9.4
2025080119,4.44
2025080119,1.01
2025080119,0.01
2025080119,0.0
2025080200,0.0
2025080203,0.19
2025080203,1.3
2025080204,2.8
2025080204,5.9
2025080204,7.51
2025080204,10.2
2025080205,14.73
2025080205,16.18
2025080205,18.01
2025080205,23.43
2025080206,24.74
2025080206,29.0
2025080206,47.52
2025080206,56.71
2025080207,47.39
2025080207,46.09
2025080207,47.07
2025080207,47.94
2025080208,49.87
2025080208,45.08
2025080208,35.67
2025080208,32.21
2025080209,28.96
2025080209,33.22
2025080209,38.0
2025080209,41.08
2025080210,1.91
2025080210,0.0
2025080213,0.01
2025080213,0.0
2025080213,0.01
2025080214,20.91
2025080214,20.74
2025080214,15.77
2025080214,17.56
2025080215,18.92
2025080215,20.8
2025080215,23.93
2025080215,24.85
2025080216,20.52
2025080216,21.27
2025080216,14.08
2025080216,11.61
2025080217,9.16
2025080217,10.22
2025080217,5.06
2025080217,4.7
2025080218,3.88
2025080218,2.99
2025080218,1.41
2025080218,0.71
2025080219,0.17
2025080219,0.0
2025080300,0.0
2025080303,1.46
2025080303,4.17
2025080304,4.49
2025080304,4.57
2025080304,7.84
2025080304,14.51
2025080305,12.95
2025080305,18.82
2025080305,25.16
2025080305,28.5
2025080306,31.01
2025080306,41.45
2025080306,38.49
2025080306,58.88
2025080307,3.71
2025080307,0.01
2025080307,0.03
2025080307,0.0
2025080309,0.03
2025080309,0.0
2025080310,0.01
2025080311,0.0
2025080311,0.02
2025080312,0.01
2025080312,0.03
2025080312,0.01
2025080312,0.0
2025080313,0.01
2025080313,0.0
2025080314,0.01
2025080315,2.52
2025080315,11.75
2025080315,9.55
2025080315,7.26
2025080316,5.35
2025080316,5.75
2025080316,8.63
2025080316,7.2
2025080317,7.34
2025080317,7.06
2025080317,5.99
2025080317,2.64
2025080318,1.08
2025080318,1.01
2025080318,0.79
2025080318,0.95
2025080319,0.3
2025080319,0.0
2025080400,0.0
2025080403,0.5
2025080404,2.2
2025080404,4.32
2025080404,9.7
2025080404,14.37
2025080405,13.92
2025080405,12.3
2025080405,16.0
2025080405,14.63
2025080406,39.52
2025080406,45.19
2025080406,39.58
2025080406,52.93
2025080407,68.81
2025080407,34.66
2025080407,64.05
2025080407,70.0
2025080408,85.16
2025080408,77.24
2025080408,108.72
2025080408,85.05
2025080409,113.83
2025080409,111.42
2025080409,95.95
2025080409,98.33
2025080410,98.22
2025080410,143.66
2025080410,134.75
2025080410,102.71
2025080411,104.54
2025080411,87.19
2025080411,98.35
2025080411,70.36
2025080412,5.31
2025080412,0.01
2025080412,0.0
2025080413,0.02
2025080413,0.01
2025080413,0.0
2025080413,0.2
2025080414,28.73
2025080414,24.73
2025080414,29.43
2025080414,25.78
2025080415,18.46
2025080415,18.84
2025080415,17.38
2025080415,9.3
2025080416,8.87
2025080416,6.51
2025080416,7.68
2025080416,4.99
2025080417,4.09
2025080417,2.6
2025080417,2.93
2025080417,1.44
2025080418,1.68
2025080418,2.11
2025080418,1.43
2025080418,0.07
2025080419,0.0
2025080500,0.0
2025080503,0.11
2025080504,0.01
2025080504,0.02
2025080504,0.0
2025080505,0.02
2025080505,0.01
2025080505,0.0
2025080505,0.03
2025080506,0.02
2025080506,0.05
2025080506,0.04
2025080506,0.03
2025080507,0.05
2025080507,0.03
2025080507,0.02
2025080508,0.01
2025080508,0.02
2025080508,0.0
2025080509,0.04
2025080509,0.05
2025080510,0.02
2025080510,0.06
2025080510,0.01
2025080513,0.0
2025080513,0.02
2025080514,0.05
2025080514,0.01
2025080514,0.04
2025080515,0.0
2025080516,0.01
2025080516,0.0
2025080517,0.02
2025080517,0.01
2025080517,0.02
2025080517,0.83
2025080518,5.91
2025080518,3.57
2025080518,4.74
2025080518,2.53
2025080519,0.14
2025080519,0.0
2025080600,0.0
2025080603,0.34
2025080604,0.05
2025080604,0.02
2025080604,0.04
2025080604,0.01
2025080605,2.94
2025080605,16.88
2025080605,15.72
2025080605,0.58
2025080606,40.64
2025080606,54.26
2025080606,56.15
2025080606,71.66
2025080607,1.85
2025080607,0.0
2025080607,0.01
2025080607,0.04
2025080608,0.01
2025080608,0.0
2025080609,46.63
2025080609,110.43
2025080609,21.11
2025080609,0.01
2025080610,0.0
2025080611,0.01
2025080611,0.0
2025080613,0.08
2025080613,0.0
2025080616,5.86
2025080617,28.83
2025080617,24.89
2025080617,14.63
2025080617,7.18
2025080618,6.99
2025080618,5.89
2025080618,4.85
2025080618,4.13
2025080619,2.75
2025080619,0.0
2025080700,0.0
2025080703,0.11
2025080703,3.19
2025080704,5.44
2025080704,8.64
2025080704,10.28
2025080704,8.42
2025080705,16.81
2025080705,15.8
2025080705,16.07
2025080705,16.26
2025080706,14.97
2025080706,22.86
2025080706,20.62
2025080706,15.65
2025080707,14.92
2025080707,19.95
2025080707,21.8
2025080707,24.38
2025080708,32.3
2025080708,50.47
2025080708,58.58
2025080708,39.24
2025080709,42.99
2025080709,9.54
2025080709,0.09
2025080709,0.03
2025080710,0.0
2025080710,0.07
2025080710,0.03
2025080711,0.01
2025080711,0.0
2025080711,0.03
2025080711,0.17
2025080712,0.16
2025080712,0.17
2025080712,0.09
2025080712,0.0
2025080713,0.09
2025080713,0.06
2025080713,0.13
2025080713,0.02
2025080714,0.12
2025080714,0.08
2025080714,0.03
2025080714,17.44
2025080715,71.55
2025080715,58.11
2025080715,49.95
2025080715,42.12
2025080716,42.68
2025080716,29.64
2025080716,21.33
2025080716,20.52
2025080717,20.66
2025080717,23.85
2025080717,14.98
2025080717,14.06
2025080718,8.92
2025080718,7.58
2025080718,5.26
2025080718,4.43
2025080719,3.48
2025080719,0.12
2025080719,0.0
2025080800,0.0
2025080803,1.82
2025080804,3.3
2025080804,3.64
2025080804,4.48
2025080804,6.51
2025080805,9.86
2025080805,15.7
2025080805,25.45
2025080805,20.93
2025080806,25.8
2025080806,27.48
2025080806,37.65
2025080806,32.35
2025080807,37.87
2025080807,12.7
2025080807,15.32
2025080807,53.87
2025080808,52.79
2025080808,43.5
2025080808,103.58
2025080808,77.09
2025080809,50.52
2025080809,81.96
2025080809,66.72
2025080809,95.0
2025080810,17.77
2025080810,0.03
2025080810,0.0
2025080811,0.01
2025080811,0.0
2025080811,6.32
2025080812,144.37
2025080812,6.8
2025080812,0.03
2025080812,0.02
2025080813,0.03
2025080813,0.04
2025080813,10.93
2025080814,133.66
2025080814,128.33
2025080814,121.8
2025080814,115.14
2025080815,106.32
2025080815,97.67
2025080815,88.02
2025080815,78.33
2025080816,66.44
2025080816,53.51
2025080816,40.37
2025080816,29.74
2025080817,10.15
2025080817,14.27
2025080817,13.61
2025080817,7.89
2025080818,6.87
2025080818,5.35
2025080818,2.8
2025080818,1.51
2025080819,0.39
2025080819,0.02
2025080819,0.0
2025080900,0.0
2025080903,1.23
2025080904,3.68
2025080904,4.46
2025080904,6.54
2025080904,7.52
2025080905,12.21
2025080905,16.82
2025080905,23.4
2025080905,31.18
2025080906,39.91
2025080906,49.56
2025080906,58.79
2025080906,68.36
2025080907,78.37
2025080907,86.79
2025080907,84.5
2025080907,89.66
2025080908,9.79
2025080908,0.0
2025080911,0.01
2025080912,0.0
2025080912,0.01
2025080913,0.02
2025080913,0.03
2025080914,0.02
2025080914,0.01
2025080914,3.9
2025080915,56.58
2025080915,60.02
2025080915,37.09
2025080915,36.84
2025080916,20.61
2025080916,19.33
2025080916,18.41
2025080916,14.97
2025080917,24.56
2025080917,11.99
2025080917,4.55
2025080917,12.25
2025080918,11.59
2025080918,4.33
2025080918,2.89
2025080918,1.26
2025080919,0.39
2025080919,0.0
2025081000,0.0
2025081003,0.08
2025081004,0.3
2025081004,2.66
2025081004,6.88
2025081004,7.82
2025081005,12.04
2025081005,15.94
2025081005,21.91
2025081005,30.02
2025081006,38.89
2025081006,48.46
2025081006,56.6
2025081006,64.95
2025081007,6.49
2025081007,0.0
2025081008,0.02
2025081008,0.12
2025081008,0.02
2025081008,0.03
2025081009,0.0
2025081014,0.01
2025081014,0.2
2025081014,0.12
2025081014,0.0
2025081015,2.14
2025081016,65.77
2025081016,56.03
2025081016,48.02
2025081016,42.13
2025081017,29.41
2025081017,25.09
2025081017,18.04
2025081017,9.87
2025081018,8.24
2025081018,6.4
2025081018,5.48
2025081018,4.29
2025081019,2.7
2025081019,0.0
2025081100,0.0
2025081103,0.05
2025081104,3.32
2025081104,4.21
2025081104,6.42
2025081104,7.8
2025081105,9.24
2025081105,9.38
2025081105,13.32
2025081105,12.61
2025081106,14.6
2025081106,21.93
2025081106,19.38
2025081106,18.68
2025081107,18.91
2025081107,21.32
2025081107,25.39
2025081107,24.2
2025081108,22.88
2025081108,31.38
2025081108,27.97
2025081108,46.92
2025081109,67.0
2025081109,0.16
2025081109,0.08
2025081109,6.44
2025081110,85.95
2025081110,76.04
2025081110,0.15
2025081110,0.21
2025081111,0.09
2025081111,0.0
2025081112,1.76
2025081113,68.83
2025081113,48.56
2025081113,43.08
2025081113,55.81
2025081114,59.52
2025081114,56.54
2025081114,38.14
2025081114,42.45
2025081115,31.99
2025081115,20.8
2025081115,19.36
2025081115,14.26
2025081116,13.33
2025081116,17.4
2025081116,15.31
2025081116,8.18
2025081117,6.13
2025081117,5.46
2025081117,4.25
2025081117,4.03
2025081118,4.28
2025081118,5.11
2025081118,4.4
2025081118,1.96
2025081119,0.0
2025081200,0.0
2025081203,1.42
2025081203,2.71
2025081204,3.59
2025081204,4.36
2025081204,4.9
2025081204,6.15
2025081205,7.9
2025081205,11.87
2025081205,13.15
2025081205,12.28
2025081206,10.94
2025081206,14.24
2025081206,22.08
2025081206,24.73
2025081207,42.66
2025081207,42.63
2025081207,33.12
2025081207,25.78
2025081208,29.35
2025081208,45.79
2025081208,58.84
2025081208,47.16
2025081209,43.36
2025081209,50.72
2025081209,65.05
2025081209,66.08
2025081210,60.59
2025081210,49.02
2025081210,61.7
2025081210,82.86
2025081211,50.97
2025081211,34.14
2025081211,57.26
2025081211,58.02
2025081212,78.78
2025081212,67.71
2025081212,77.31
2025081212,84.25
2025081213,60.93
2025081213,74.66
2025081213,63.03
2025081213,60.67
2025081214,105.15
2025081214,117.06
2025081214,83.38
2025081214,74.29
2025081215,111.82
2025081215,71.51
2025081215,37.55
2025081215,33.11
2025081216,35.77
2025081216,37.65
2025081216,51.81
2025081216,51.67
2025081217,32.13
2025081217,12.32
2025081217,10.9
2025081217,10.26
2025081218,7.61
2025081218,5.13
2025081218,4.47
2025081218,3.29
2025081219,0.89
2025081219,0.0
2025081300,0.0
2025081303,0.76
2025081304,3.69
2025081304,4.45
2025081304,5.6
2025081304,7.36
2025081305,10.95
2025081305,16.5
2025081305,23.99
2025081305,32.1
2025081306,41.9
2025081306,51.95
2025081306,61.96
2025081306,68.33
2025081307,63.01
2025081307,85.99
2025081307,75.42
2025081307,51.48
2025081308,58.68
2025081308,73.18
2025081308,68.1
2025081308,72.9
2025081309,69.26
2025081309,72.49
2025081309,82.88
2025081309,83.51
2025081310,98.06
2025081310,82.27
2025081310,95.14
2025081310,77.31
2025081311,90.11
2025081311,143.96
2025081311,157.63
2025081311,155.87
2025081312,154.3
2025081312,152.01
2025081312,149.43
2025081312,146.53
2025081313,142.88
2025081313,127.47
2025081313,134.21
2025081313,126.21
2025081314,122.35
2025081314,116.4
2025081314,109.47
2025081314,102.25
2025081315,95.16
2025081315,87.05
2025081315,79.36
2025081315,76.0
2025081316,46.63
2025081316,30.88
2025081316,38.47
2025081316,24.9
2025081317,24.89
2025081317,16.59
2025081317,16.95
2025081317,15.24
2025081318,10.76
2025081318,7.59
2025081318,5.3
2025081318,4.21
2025081319,2.78
2025081319,0.0
2025081400,0.0
2025081404,1.24
2025081404,3.54
2025081404,4.07
2025081404,6.33
2025081405,7.61
2025081405,8.48
2025081405,14.25
2025081405,17.24
2025081406,17.85
2025081406,20.17
2025081406,20.49
2025081406,25.16
2025081407,19.4
2025081407,17.78
2025081407,14.93
2025081407,20.33
2025081408,30.81
2025081408,29.88
2025081408,42.54
2025081408,44.95
2025081409,40.82
2025081409,15.28
2025081409,9.87
2025081409,15.74
2025081410,17.5
2025081410,8.84
2025081410,5.45
2025081410,26.89
2025081411,22.14
2025081411,15.99
2025081411,22.07
2025081411,16.4
2025081412,19.85
2025081412,58.95
2025081412,115.27
2025081412,140.13
2025081413,139.36
2025081413,134.73
2025081413,128.77
2025081413,122.08
2025081414,115.8
2025081414,108.42
2025081414,100.5
2025081414,92.66
2025081415,84.83
2025081415,78.19
2025081415,70.11
2025081415,60.86
2025081416,45.78
2025081416,40.42
2025081416,37.75
2025081416,32.45
2025081417,22.75
2025081417,19.1
2025081417,13.75
2025081417,10.11
2025081418,6.9
2025081418,5.94
2025081418,4.43
2025081418,3.47
2025081419,0.15
2025081419,0.0
2025081500,0.0
2025081504,0.46
2025081504,2.08
2025081504,4.83
2025081505,4.98
2025081505,15.07
2025081505,18.61
2025081505,22.78
2025081506,30.05
2025081506,34.6
2025081506,51.54
2025081506,57.7
2025081507,62.28
2025081507,54.1
2025081507,37.02
2025081507,45.14
2025081508,45.33
2025081508,90.39
2025081508,70.63
2025081508,69.7
2025081509,88.78
2025081509,0.31
2025081509,0.0
2025081510,0.01
2025081510,0.0
2025081511,0.01
2025081511,0.0
2025081511,0.01
2025081512,0.0
2025081512,0.06
2025081513,0.0
2025081513,1.79
2025081514,39.85
2025081514,46.62
2025081514,28.99
2025081514,43.14
2025081515,60.54
2025081515,39.16
2025081515,29.25
2025081515,21.17
2025081516,17.1
2025081516,10.58
2025081516,14.0
2025081516,12.66
2025081517,8.83
2025081517,6.62
2025081517,6.38
2025081517,5.76
2025081518,4.93
2025081518,4.12
2025081518,2.15
2025081518,0.01
2025081519,0.0
2025081600,0.0
2025081604,3.06
2025081604,4.33
2025081604,5.22
2025081604,6.47
2025081605,8.87
2025081605,13.29
2025081605,19.8
2025081605,27.69
2025081606,36.51
2025081606,40.78
2025081606,54.45
2025081606,60.37
2025081607,67.65
2025081607,66.49
2025081607,81.43
2025081607,96.7
2025081608,108.35
2025081608,103.29
2025081608,114.25
2025081608,110.1
2025081609,16.1
2025081609,0.0
2025081609,0.02
2025081610,0.0
2025081611,0.06
2025081611,0.0
2025081614,4.79
2025081615,87.76
2025081615,86.13
2025081615,82.02
2025081615,68.72
2025081616,52.28
2025081616,42.81
2025081616,27.1
2025081616,36.2
2025081617,28.71
2025081617,21.08
2025081617,12.41
2025081617,7.23
2025081618,6.04
2025081618,4.63
2025081618,4.2
2025081618,2.69
2025081619,0.0
2025081700,0.0
2025081704,2.7
2025081704,4.6
2025081704,5.94
2025081704,7.19
2025081705,8.5
2025081705,11.97
2025081705,18.84
2025081705,25.4
2025081706,26.96
2025081706,27.27
2025081706,36.58
2025081706,65.94
2025081707,69.14
2025081707,85.22
2025081707,88.7
2025081707,82.03
2025081708,90.79
2025081708,87.83
2025081708,119.38
2025081708,130.61
2025081709,19.28
2025081709,0.01
2025081709,0.0
2025081709,0.01
2025081710,0.0
2025081713,14.07
2025081714,129.06
2025081714,123.95
2025081714,117.1
2025081714,109.4
2025081715,101.27
2025081715,92.85
2025081715,83.62
2025081715,74.2
2025081716,64.23
2025081716,54.48
2025081716,44.75
2025081716,35.2
2025081717,26.18
2025081717,18.14
2025081717,11.81
2025081717,7.65
2025081718,5.63
2025081718,4.57
2025081718,3.9
2025081718,2.05
2025081719,0.0
2025081800,0.0
2025081804,1.71
2025081804,3.66
2025081804,4.64
2025081804,5.66
2025081805,7.87
2025081805,12.38
2025081805,19.02
2025081805,27.28
2025081806,36.42
2025081806,45.78
2025081806,55.24
2025081806,65.04
2025081807,74.75
2025081807,83.68
2025081807,92.27
2025081807,100.49
2025081808,108.24
2025081808,115.5
2025081808,122.39
2025081808,128.47
2025081809,134.24
2025081809,139.6
2025081809,144.24
2025081809,148.51
2025081810,152.34
2025081810,155.15
2025081810,156.95
2025081810,158.02
2025081811,158.36
2025081811,158.33
2025081811,158.34
2025081812,158.35
2025081812,157.92
2025081812,156.57
2025081812,153.89
2025081813,150.09
2025081813,145.68
2025081813,140.49
2025081813,134.92
2025081814,128.96
2025081814,122.21
2025081814,114.66
2025081814,106.86
2025081815,98.73
2025081815,90.22
2025081815,81.57
2025081815,72.21
2025081816,62.4
2025081816,52.76
2025081816,43.35
2025081816,33.91
2025081817,24.97
2025081817,17.29
2025081817,11.44
2025081817,7.57
2025081818,5.7
2025081818,4.6
2025081818,3.99
2025081818,1.37
2025081819,0.0
2025081900,0.0
2025081904,2.11
2025081904,4.34
2025081904,4.9
2025081905,5.93
2025081905,7.22
2025081905,9.49
2025081905,11.04
2025081906,13.51
2025081906,17.49
2025081906,32.18
2025081906,40.85
2025081907,45.24
2025081907,52.83
2025081907,50.74
2025081907,52.76
2025081908,50.03
2025081908,46.25
2025081908,46.28
2025081908,61.41
2025081909,83.89
2025081909,81.73
2025081909,77.22
2025081909,102.62
2025081910,122.15
2025081910,135.18
2025081910,105.99
2025081910,96.08
2025081911,116.32
2025081911,154.3
2025081911,150.69
2025081911,154.39
2025081912,120.85
2025081912,102.3
2025081912,104.88
2025081912,95.99
2025081913,87.11
2025081913,83.34
2025081913,79.7
2025081913,101.36
2025081914,85.11
2025081914,89.21
2025081914,79.56
2025081914,71.22
2025081915,63.54
2025081915,83.36
2025081915,57.22
2025081915,26.66
2025081916,26.6
2025081916,32.17
2025081916,39.52
2025081916,24.56
2025081917,9.72
2025081917,15.0
2025081917,12.52
2025081917,8.56
2025081918,7.33
2025081918,5.2
2025081918,3.94
2025081918,1.04
2025081919,0.0
2025082000,0.0
2025082004,0.95
2025082004,4.04
2025082004,4.66
2025082004,5.52
2025082005,7.45
2025082005,11.71
2025082005,18.24
2025082005,26.44
2025082006,35.6
2025082006,45.5
2025082006,55.79
2025082006,65.98
2025082007,76.02
2025082007,85.58
2025082007,94.98
2025082007,103.92
2025082008,112.46
2025082008,120.15
2025082008,127.73
2025082008,130.14
2025082009,134.81
2025082009,138.11
2025082009,110.36
2025082009,137.05
2025082010,157.17
2025082010,157.87
2025082010,158.3
2025082010,158.33
2025082011,158.36
2025082011,158.26
2025082011,158.29
2025082012,158.31
2025082012,157.76
2025082012,155.41
2025082013,152.18
2025082013,147.41
2025082013,139.94
2025082013,135.79
2025082014,130.7
2025082014,122.87
2025082014,116.53
2025082014,108.16
2025082015,99.93
2025082015,90.67
2025082015,81.96
2025082015,72.44
2025082016,62.64
2025082016,52.63
2025082016,42.71
2025082016,33.06
2025082017,24.03
2025082017,16.32
2025082017,10.5
2025082017,6.95
2025082018,5.22
2025082018,4.05
2025082018,3.54
2025082018,0.28
2025082019,0.0
2025082100,0.0
2025082104,1.37
2025082104,4.26
2025082104,5.56
2025082105,8.75
2025082105,8.66
2025082105,10.79
2025082105,9.69
2025082106,29.68
2025082106,51.05
2025082106,51.25
2025082106,68.83
2025082107,68.43
2025082107,68.7
2025082107,89.78
2025082107,94.35
2025082108,58.66
2025082108,63.93
2025082108,38.97
2025082108,32.88
2025082109,72.55
2025082109,69.57
2025082109,88.8
2025082109,82.81
2025082110,95.7
2025082110,104.8
2025082110,89.2
2025082110,53.15
2025082111,43.91
2025082111,46.81
2025082111,58.34
2025082111,37.03
2025082112,59.07
2025082112,98.76
2025082112,45.39
2025082112,57.4
2025082113,40.16
2025082113,60.23
2025082113,111.12
2025082113,93.85
2025082114,70.83
2025082114,72.49
2025082114,100.43
2025082114,104.7
2025082115,99.19
2025082115,92.82
2025082115,83.55
2025082115,74.0
2025082116,63.33
2025082116,52.88
2025082116,42.66
2025082116,32.78
2025082117,23.58
2025082117,15.9
2025082117,10.19
2025082117,6.86
2025082118,5.21
2025082118,4.22
2025082118,3.39
2025082118,0.15
2025082119,0.0
2025082200,0.0
2025082204,0.13
2025082204,2.78
2025082204,5.04
2025082205,7.67
2025082205,8.54
2025082205,8.42
2025082205,14.86
2025082206,25.03
2025082206,17.58
2025082206,23.13
2025082206,24.22
2025082207,28.41
2025082207,33.48
2025082207,80.19
2025082207,95.46
2025082208,83.49
2025082208,88.97
2025082208,91.83
2025082208,53.71
2025082209,92.3
2025082209,127.65
2025082209,83.94
2025082209,81.99
2025082210,72.79
2025082210,89.71
2025082210,92.72
2025082210,108.19
2025082211,31.76
2025082211,23.12
2025082211,24.87
2025082211,19.16
2025082212,28.32
2025082212,34.58
2025082212,106.78
2025082212,16.72
2025082213,25.01
2025082213,2.02
2025082213,0.12
2025082213,0.13
2025082214,0.16
2025082214,31.45
2025082214,41.52
2025082214,61.78
2025082215,88.99
2025082215,60.89
2025082215,56.74
2025082215,17.35
2025082216,22.44
2025082216,17.03
2025082216,16.78
2025082216,21.63
2025082217,9.03
2025082217,13.69
2025082217,6.15
2025082217,5.67
2025082218,4.9
2025082218,3.79
2025082218,2.58
2025082218,0.07
2025082219,0.0
2025082300,0.0
2025082304,2.0
2025082304,3.96
2025082304,5.2
2025082305,6.86
2025082305,10.48
2025082305,16.16
2025082305,23.39
2025082306,28.31
2025082306,46.91
2025082306,51.26
2025082306,59.56
2025082307,61.03
2025082307,80.35
2025082307,90.67
2025082307,99.82
2025082308,107.6
2025082308,114.75
2025082308,122.02
2025082308,119.79
2025082309,7.79
2025082309,0.0
2025082309,0.05
2025082310,0.1
2025082310,0.08
2025082310,0.0
2025082311,0.06
2025082311,0.0
2025082313,0.01
2025082313,0.0
2025082313,12.08
2025082314,126.76
2025082314,121.9
2025082314,114.37
2025082314,106.39
2025082315,97.85
2025082315,88.73
2025082315,79.15
2025082315,69.4
2025082316,59.6
2025082316,49.42
2025082316,39.74
2025082316,30.2
2025082317,21.54
2025082317,14.28
2025082317,9.04
2025082317,6.1
2025082318,4.8
2025082318,4.07
2025082318,2.08
2025082318,0.0
2025082400,0.0
2025082404,0.01
2025082404,2.77
2025082404,3.96
2025082405,4.38
2025082405,4.73
2025082405,6.6
2025082405,24.98
2025082406,15.28
2025082406,13.85
2025082406,15.61
2025082406,27.48
2025082407,29.73
2025082407,54.56
2025082407,85.04
2025082407,42.45
2025082408,1.8
2025082408,0.0
2025082408,0.04
2025082409,0.23
2025082409,0.0
2025082409,0.07
2025082409,0.23
2025082410,0.17
2025082410,0.04
2025082410,0.11
2025082410,0.04
2025082411,0.02
2025082411,0.0
2025082411,0.01
2025082412,0.0
2025082413,0.01
2025082413,0.05
2025082413,0.01
2025082413,0.0
2025082414,0.02
2025082414,0.01
2025082414,0.0
2025082414,4.23
2025082415,31.44
2025082415,34.06
2025082415,25.23
2025082415,24.74
2025082416,19.4
2025082416,18.43
2025082416,10.72
2025082416,9.61
2025082417,9.0
2025082417,6.15
2025082417,5.33
2025082417,4.83
2025082418,4.24
2025082418,1.39
2025082418,0.0
2025082500,0.0
2025082504,2.47
2025082504,4.21
2025082505,4.99
2025082505,5.38
2025082505,8.13
2025082505,8.29
2025082506,11.01
2025082506,15.12
2025082506,21.02
2025082506,27.18
2025082507,32.61
2025082507,39.09
2025082507,40.41
2025082507,37.04
2025082508,49.99
2025082508,59.89
2025082508,56.57
2025082508,80.45
2025082509,97.78
2025082509,125.77
2025082509,99.6
2025082509,127.46
2025082510,120.12
2025082510,111.76
2025082510,133.79
2025082510,151.62
2025082511,146.42
2025082511,152.79
2025082511,145.17
2025082511,139.1
2025082512,108.19
2025082512,121.78
2025082512,108.01
2025082512,124.91
2025082513,110.45
2025082513,73.55
2025082513,73.89
2025082513,78.27
2025082514,88.37
2025082514,73.38
2025082514,95.11
2025082514,96.2
2025082515,94.15
2025082515,85.34
2025082515,76.53
2025082515,65.99
2025082516,56.51
2025082516,36.64
2025082516,29.04
2025082516,21.59
2025082517,15.04
2025082517,11.35
2025082517,8.83
2025082517,6.99
2025082518,4.66
2025082518,2.89
2025082518,0.0
2025082600,0.0
2025082604,0.05
2025082604,1.45
2025082604,4.29
2025082605,6.1
2025082605,7.67
2025082605,8.48
2025082605,10.03
2025082606,17.18
2025082606,17.54
2025082606,18.51
2025082606,19.92
2025082607,23.92
2025082607,55.81
2025082607,50.8
2025082607,48.77
2025082608,80.33
2025082608,97.29
2025082608,74.52
2025082608,90.26
2025082609,102.34
2025082609,108.53
2025082609,117.61
2025082609,117.51
2025082610,108.26
2025082610,125.9
2025082610,120.87
2025082610,134.98
2025082611,107.93
2025082611,102.2
2025082611,110.76
2025082611,130.03
2025082612,127.95
2025082612,117.61
2025082612,118.83
2025082612,110.71
2025082613,132.04
2025082613,117.17
2025082613,130.6
2025082613,114.66
2025082614,97.45
2025082614,76.42
2025082614,54.12
2025082614,25.57
2025082615,29.66
2025082615,41.89
2025082615,61.05
2025082615,55.08
2025082616,47.56
2025082616,26.55
2025082616,21.08
2025082616,15.33
2025082617,11.22
2025082617,6.5
2025082617,5.38
2025082617,4.63
2025082618,4.08
2025082618,1.78
2025082618,0.0
2025082700,0.0
2025082704,0.03
2025082704,2.76
2025082704,4.84
2025082705,5.9
2025082705,6.39
2025082705,12.98
2025082705,18.56
2025082706,9.19
2025082706,14.72
2025082706,19.78
2025082706,25.94
2025082707,54.09
2025082707,47.93
2025082707,60.45
2025082707,89.91
2025082708,93.27
2025082708,88.85
2025082708,85.09
2025082708,60.61
2025082709,76.99
2025082709,86.49
2025082709,58.05
2025082709,81.98
2025082710,109.0
2025082710,93.05
2025082710,97.31
2025082710,94.75
2025082711,123.45
2025082711,121.97
2025082711,63.38
2025082711,27.59
2025082712,103.22
2025082712,119.94
2025082712,106.19
2025082712,112.18
2025082713,64.95
2025082713,78.88
2025082713,66.17
2025082713,83.97
2025082714,62.42
2025082714,31.4
2025082714,81.8
2025082714,78.57
2025082715,45.9
2025082715,27.67
2025082715,41.9
2025082715,46.37
2025082716,52.5
2025082716,34.24
2025082716,26.22
2025082716,22.35
2025082717,15.36
2025082717,9.23
2025082717,7.18
2025082717,5.38
2025082718,4.17
2025082718,2.67
2025082718,0.0
2025082800,0.0
2025082804,0.5
2025082804,3.74
2025082804,4.76
2025082805,6.38
2025082805,9.31
2025082805,16.48
2025082805,13.16
2025082806,10.32
2025082806,20.07
2025082806,39.85
2025082806,40.97
2025082807,46.21
2025082807,40.36
2025082807,76.31
2025082807,54.77
2025082808,37.43
2025082808,66.89
2025082808,106.61
2025082808,113.19
2025082809,113.29
2025082809,119.82
2025082809,80.94
2025082809,45.95
2025082810,54.91
2025082810,68.56
2025082810,65.89
2025082810,58.82
2025082811,85.42
2025082811,92.96
2025082811,95.73
2025082811,47.49
2025082812,84.21
2025082812,89.04
2025082812,70.68
2025082812,89.71
2025082813,50.26
2025082813,17.62
2025082813,11.32
2025082813,19.65
2025082814,12.3
2025082814,27.35
2025082814,14.37
2025082814,5.7
2025082815,11.44
2025082815,12.67
2025082815,32.12
2025082815,24.72
2025082816,18.76
2025082816,8.88
2025082816,10.63
2025082816,12.91
2025082817,8.17
2025082817,7.25
2025082817,5.87
2025082817,4.17
2025082818,3.8
2025082818,0.59
2025082818,0.0
2025082900,0.0
2025082904,3.15
2025082905,3.93
2025082905,4.26
2025082905,4.79
2025082905,5.45
2025082906,6.74
2025082906,7.65
2025082906,9.76
2025082906,27.41
2025082907,46.05
2025082907,34.38
2025082907,48.16
2025082907,55.96
2025082908,73.37
2025082908,57.62
2025082908,93.64
2025082908,115.68
2025082909,134.2
2025082909,136.6
2025082909,125.75
2025082909,132.39
2025082910,73.53
2025082910,79.56
2025082910,132.22
2025082910,103.8
2025082911,97.86
2025082911,122.22
2025082911,99.31
2025082911,105.78
2025082912,96.19
2025082912,101.03
2025082912,120.22
2025082912,100.18
2025082913,56.47
2025082913,47.43
2025082913,51.51
2025082913,52.73
2025082914,65.18
2025082914,71.15
2025082914,106.65
2025082914,95.51
2025082915,84.66
2025082915,70.06
2025082915,64.73
2025082915,68.19
2025082916,52.5
2025082916,41.38
2025082916,31.72
2025082916,23.1
2025082917,15.58
2025082917,9.94
2025082917,6.53
2025082917,4.41
2025082918,4.01
2025082918,1.86
2025082918,0.0
2025083000,0.0
2025083004,1.33
2025083004,3.21
2025083005,4.11
2025083005,4.15
2025083005,4.23
2025083005,4.34
2025083006,4.98
2025083006,9.28
2025083006,12.09
2025083006,17.73
2025083007,25.58
2025083007,37.17
2025083007,31.8
2025083007,35.11
2025083008,23.24
2025083008,21.66
2025083008,23.91
2025083008,33.47
2025083009,59.58
2025083009,45.32
2025083009,44.8
2025083009,49.8
2025083010,1.14
2025083010,0.02
2025083010,0.01
2025083010,0.0
2025083011,0.02
2025083011,6.25
2025083011,101.78
2025083011,1.37
2025083012,0.0
2025083012,4.6
2025083013,107.9
2025083013,88.71
2025083013,94.54
2025083013,98.39
2025083014,86.16
2025083014,78.74
2025083014,73.06
2025083014,70.62
2025083015,83.32
2025083015,54.49
2025083015,60.45
2025083015,44.35
2025083016,49.16
2025083016,37.96
2025083016,36.51
2025083016,21.52
2025083017,11.37
2025083017,17.0
2025083017,11.65
2025083017,5.15
2025083018,3.82
2025083018,1.25
2025083018,0.0
2025083100,0.0
2025083104,0.47
2025083104,0.91
2025083105,3.29
2025083105,4.63
2025083105,5.37
2025083105,7.81
2025083106,14.32
2025083106,18.26
2025083106,19.42
2025083106,18.92
2025083107,22.19
2025083107,29.31
2025083107,27.41
2025083107,26.38
2025083108,1.66
2025083108,0.0
2025083108,0.01
2025083109,0.0
2025083113,0.79
2025083114,19.84
2025083114,21.03
2025083114,47.76
2025083114,41.11
2025083115,32.16
2025083115,28.21
2025083115,17.1
2025083115,17.05
2025083116,12.23
2025083116,8.86
2025083116,5.15
2025083116,4.92
2025083117,3.89
2025083117,4.02
2025083117,2.93
2025083117,2.79
2025083118,0.21
2025083118,0.0
2025090100,0.0
2025090104,0.02
2025090104,3.12
2025090104,3.19
2025090105,5.51
2025090105,7.54
2025090105,11.77
2025090105,10.69
2025090106,7.94
2025090106,5.33
2025090106,6.3
2025090106,12.89
2025090107,7.07
2025090107,3.8
2025090107,4.69
2025090107,6.09
2025090108,5.57
2025090108,6.56
2025090108,8.88
2025090108,5.52
2025090109,6.22
2025090109,7.53
2025090109,5.81
2025090109,6.24
2025090110,9.68
2025090110,7.81
2025090110,6.35
2025090110,9.04
2025090111,12.2
2025090111,14.14
2025090111,8.38
2025090111,10.25
2025090112,10.97
2025090112,15.02
2025090112,18.14
2025090112,21.29
2025090113,19.05
2025090113,19.0
2025090113,15.59
2025090113,16.7
2025090114,21.58
2025090114,22.34
2025090114,15.43
2025090114,10.94
2025090115,10.16
2025090115,13.72
2025090115,19.17
2025090115,21.64
2025090116,16.0
2025090116,12.13
2025090116,20.51
2025090116,20.05
2025090117,18.78
2025090117,12.73
2025090117,9.72
2025090117,5.49
2025090118,3.92
2025090118,0.99
2025090118,0.0
2025090200,0.0
2025090204,0.28
2025090204,4.01
2025090205,4.5
2025090205,6.72
2025090205,7.52
2025090205,8.5
2025090206,14.84
2025090206,18.59
2025090206,20.6
2025090206,19.85
2025090207,20.55
2025090207,25.12
2025090207,33.27
2025090207,63.55
2025090208,46.39
2025090208,94.31
2025090208,96.66
2025090208,98.37
2025090209,101.76
2025090209,127.1
2025090209,120.6
2025090209,120.37
2025090210,137.01
2025090210,116.98
2025090210,122.47
2025090210,112.79
2025090211,98.21
2025090211,72.72
2025090211,52.05
2025090211,33.66
2025090212,14.98
2025090212,129.09
2025090212,91.17
2025090212,54.52
2025090213,35.86
2025090213,66.41
2025090213,34.8
2025090213,43.43
2025090214,68.87
2025090214,89.92
2025090214,94.16
2025090214,74.77
2025090215,72.62
2025090215,57.23
2025090215,40.3
2025090215,38.52
2025090216,32.17
2025090216,15.55
2025090216,18.22
2025090216,18.61
2025090217,9.63
2025090217,7.68
2025090217,4.95
2025090217,4.41
2025090218,3.22
2025090218,0.06
2025090218,0.0
2025090300,0.0
2025090304,0.52
2025090304,3.69
2025090304,4.57
2025090305,5.68
2025090305,9.2
2025090305,15.08
2025090305,12.94
2025090306,11.88
2025090306,12.1
2025090306,16.79
2025090306,18.73
2025090307,16.08
2025090307,34.6
2025090307,66.67
2025090307,81.44
2025090308,69.32
2025090308,87.61
2025090308,102.11
2025090308,111.91
2025090309,16.32
2025090309,0.26
2025090309,0.28
2025090309,0.19
2025090310,0.06
2025090310,0.0
2025090311,0.05
2025090311,0.0
2025090311,0.02
2025090312,0.0
2025090313,0.07
2025090314,22.17
2025090314,29.28
2025090314,29.34
2025090314,14.68
2025090315,15.32
2025090315,11.03
2025090315,6.25
2025090315,4.35
2025090316,3.96
2025090316,2.79
2025090316,4.74
2025090316,7.86
2025090317,6.11
2025090317,4.14
2025090317,4.69
2025090317,2.9
2025090318,0.01
2025090318,0.0
2025090400,0.0
2025090404,3.28
2025090405,4.19
2025090405,4.87
2025090405,5.69
2025090405,11.89
2025090406,12.78
2025090406,13.35
2025090406,17.61
2025090406,13.46
2025090407,16.68
2025090407,36.34
2025090407,38.03
2025090407,74.1
2025090408,72.1
2025090408,100.16
2025090408,90.66
2025090408,96.82
2025090409,89.19
2025090409,115.63
2025090409,130.22
2025090409,106.57
2025090410,11.85
2025090410,0.18
2025090410,0.07
2025090410,0.18
2025090411,0.02
2025090411,0.25
2025090411,0.03
2025090411,10.06
2025090412,86.03
2025090412,132.84
2025090412,85.43
2025090412,92.55
2025090413,83.25
2025090413,61.97
2025090413,54.31
2025090413,68.08
2025090414,68.17
2025090414,64.6
2025090414,84.97
2025090414,56.16
2025090415,42.21
2025090415,36.11
2025090415,34.26
2025090415,48.92
2025090416,30.06
2025090416,14.95
2025090416,14.43
2025090416,9.0
2025090417,8.63
2025090417,5.17
2025090417,4.66
2025090417,4.43
2025090418,1.49
2025090418,0.0
2025090500,0.0
2025090504,0.1
2025090505,2.53
2025090505,4.08
2025090505,4.68
2025090505,5.5
2025090506,5.9
2025090506,6.59
2025090506,7.58
2025090506,9.77
2025090507,13.93
2025090507,17.83
2025090507,26.9
2025090507,31.59
2025090508,33.75
2025090508,14.44
2025090508,28.09
2025090508,51.79
2025090509,82.43
2025090509,94.99
2025090509,80.05
2025090509,75.25
2025090510,115.04
2025090510,106.14
2025090510,94.69
2025090510,36.22
2025090511,65.38
2025090511,53.99
2025090511,101.66
2025090511,98.94
2025090512,78.49
2025090512,63.07
2025090512,112.93
2025090512,86.11
2025090513,80.74
2025090513,53.02
2025090513,88.27
2025090513,58.26
2025090514,61.5
2025090514,48.8
2025090514,68.39
2025090514,49.94
2025090515,53.52
2025090515,69.19
2025090515,57.25
2025090515,47.56
2025090516,36.51
2025090516,23.9
2025090516,21.87
2025090516,10.17
2025090517,11.05
2025090517,7.12
2025090517,4.61
2025090517,4.06
2025090518,1.67
2025090518,0.0
2025090600,0.0
2025090604,0.12
2025090604,3.95
2025090605,4.73
2025090605,6.21
2025090605,9.87
2025090605,15.89
2025090606,23.67
2025090606,32.57
2025090606,42.12
2025090606,51.42
2025090607,60.9
2025090607,72.48
2025090607,55.48
2025090607,42.74
2025090608,102.7
2025090608,57.51
2025090608,101.12
2025090608,84.68
2025090609,18.39
2025090609,0.04
2025090609,0.0
2025090609,0.1
2025090610,0.0
2025090610,0.01
2025090610,0.0
2025090613,7.92
2025090614,80.45
2025090614,80.6
2025090614,63.52
2025090614,68.41
2025090615,55.87
2025090615,48.05
2025090615,49.81
2025090615,45.83
2025090616,43.19
2025090616,33.0
2025090616,24.7
2025090616,15.48
2025090617,7.95
2025090617,6.06
2025090617,4.51
2025090617,3.61
2025090618,0.38
2025090618,0.0
2025090700,0.0
2025090704,0.76
2025090704,3.25
2025090705,4.6
2025090705,6.3
2025090705,10.05
2025090705,16.58
2025090706,0.76
2025090706,0.0
2025090709,0.01
2025090709,0.0
2025090711,0.01
2025090711,0.0
2025090713,0.01
2025090713,0.0
2025090713,0.03
2025090714,0.0
2025090715,0.88
2025090716,17.38
2025090716,15.81
2025090716,14.37
2025090716,11.92
2025090717,9.33
2025090717,6.58
2025090717,4.82
2025090717,3.53
2025090718,0.58
2025090718,0.0
2025090800,0.0
2025090804,0.04
2025090804,1.8
2025090805,4.49
2025090805,6.05
2025090805,9.04
2025090805,14.02
2025090806,20.61
2025090806,27.93
2025090806,39.44
2025090806,49.63
2025090807,59.87
2025090807,67.4
2025090807,76.42
2025090807,85.89
2025090808,93.33
2025090808,101.14
2025090808,109.45
2025090808,114.86
2025090809,121.96
2025090809,125.69
2025090809,127.13
2025090809,127.8
2025090810,122.85
2025090810,117.22
2025090810,138.94
2025090810,140.96
2025090811,144.16
2025090811,133.94
2025090811,114.24
2025090811,118.82
2025090812,118.79
2025090812,138.85
2025090812,136.55
2025090812,92.02
2025090813,78.24
2025090813,110.3
2025090813,106.67
2025090813,109.29
2025090814,95.24
2025090814,84.71
2025090814,86.25
2025090814,64.52
2025090815,34.04
2025090815,36.14
2025090815,37.37
2025090815,27.18
2025090816,12.05
2025090816,8.9
2025090816,8.79
2025090816,8.38
2025090817,7.59
2025090817,5.86
2025090817,4.17
2025090817,0.6
2025090818,0.0
2025090900,0.0
2025090904,0.62
2025090905,3.33
2025090905,4.72
2025090905,6.96
2025090905,9.89
2025090906,9.22
2025090906,6.31
2025090906,5.98
2025090906,6.96
2025090907,6.89
2025090907,9.96
2025090907,12.9
2025090907,21.34
2025090908,26.19
2025090908,33.06
2025090908,31.32
2025090908,23.13
2025090909,33.86
2025090909,63.02
2025090909,97.5
2025090909,127.01
2025090910,112.07
2025090910,132.25
2025090910,134.6
2025090910,98.59
2025090911,69.63
2025090911,104.17
2025090911,131.77
2025090911,75.05
2025090912,31.74
2025090912,62.31
2025090912,84.97
2025090912,87.71
2025090913,25.15
2025090913,43.7
2025090913,83.23
2025090913,78.53
2025090914,70.76
2025090914,59.29
2025090914,55.21
2025090914,36.64
2025090915,40.31
2025090915,35.07
2025090915,28.15
2025090915,25.15
2025090916,30.95
2025090916,28.61
2025090916,14.69
2025090916,10.01
2025090917,7.48
2025090917,5.69
2025090917,4.36
2025090917,1.84
2025090918,0.0
2025091000,0.0
2025091004,3.0
2025091005,1.35
2025091005,3.2
2025091005,4.71
2025091005,5.14
2025091006,5.63
2025091006,8.08
2025091006,5.7
2025091006,4.33
2025091007,4.71
2025091007,8.23
2025091007,14.78
2025091007,12.35
2025091008,15.52
2025091008,9.44
2025091008,5.07
2025091008,13.68
2025091009,14.73
2025091009,13.66
2025091009,16.31
2025091009,9.15
2025091010,13.09
2025091010,20.57
2025091010,25.13
2025091010,21.48
2025091011,16.0
2025091011,10.39
2025091011,12.54
2025091011,14.0
2025091012,19.52
2025091012,22.74
2025091012,16.84
2025091012,16.88
2025091013,14.51
2025091013,22.97
2025091013,24.1
2025091013,20.59
2025091014,23.63
2025091014,23.47
2025091014,8.85
2025091014,10.32
2025091015,16.46
2025091015,14.31
2025091015,12.18
2025091015,9.75
2025091016,9.99
2025091016,8.29
2025091016,6.05
2025091016,4.14
2025091017,3.54
2025091017,3.84
2025091017,2.23
2025091017,0.0
2025091100,0.0
2025091104,0.12
2025091105,3.19
2025091105,5.33
2025091105,7.76
2025091105,12.58
2025091106,19.92
2025091106,28.68
2025091106,37.61
2025091106,46.2
2025091107,56.0
2025091107,53.06
2025091107,39.0
2025091107,47.7
2025091108,99.02
2025091108,100.26
2025091108,105.52
2025091108,113.2
2025091109,113.37
2025091109,115.63
2025091109,41.94
2025091109,110.73
2025091110,99.3
2025091110,120.35
2025091110,33.83
2025091110,28.54
2025091111,0.32
2025091111,0.01
2025091111,0.0
2025091111,4.45
2025091112,23.47
2025091112,43.04
2025091112,82.93
2025091112,101.73
2025091113,10.71
2025091113,0.02
2025091113,0.0
2025091113,3.3
2025091114,84.26
2025091114,56.0
2025091114,40.59
2025091114,51.87
2025091115,64.79
2025091115,29.84
2025091115,23.59
2025091115,11.67
2025091116,14.61
2025091116,9.3
2025091116,10.78
2025091116,7.05
2025091117,6.93
2025091117,5.61
2025091117,5.12
2025091117,3.45
2025091118,0.0
2025091200,0.0
2025091204,0.46
2025091205,2.85
2025091205,4.13
2025091205,7.43
2025091205,11.37
2025091206,7.63
2025091206,9.2
2025091206,27.5
2025091206,64.96
2025091207,22.46
2025091207,49.4
2025091207,7.04
2025091207,20.9
2025091208,0.91
2025091208,0.0
2025091208,2.25
2025091209,6.41
2025091209,0.0
2025091209,0.06
2025091210,0.01
2025091210,0.0
2025091213,0.03
2025091213,0.02
2025091213,0.0
2025091214,1.23
2025091215,18.07
2025091215,19.81
2025091215,14.45
2025091215,10.12
2025091216,6.73
2025091216,5.1
2025091216,1.27
2025091216,5.03
2025091217,5.35
2025091217,2.31
2025091217,0.14
2025091217,0.0
2025091300,0.0
2025091304,0.01
2025091305,2.27
2025091305,4.19
2025091305,6.5
2025091305,8.76
2025091306,10.67
2025091306,26.64
2025091306,49.25
2025091306,54.89
2025091307,41.36
2025091307,10.11
2025091307,4.9
2025091307,3.9
2025091308,8.05
2025091308,9.22
2025091308,17.18
2025091308,14.21
2025091309,0.27
2025091309,0.0
2025091309,0.02
2025091310,0.0
2025091312,0.06
2025091312,0.0
2025091314,3.95
2025091314,47.5
2025091315,37.8
2025091315,15.53
2025091315,10.91
2025091315,14.62
2025091316,11.82
2025091316,8.99
2025091316,7.78
2025091316,5.95
2025091317,4.73
2025091317,3.33
2025091317,0.01
2025091317,0.0
2025091400,0.0
2025091405,3.61
2025091405,5.0
2025091405,5.52
2025091406,6.37
2025091406,9.5
2025091406,13.35
2025091406,21.16
2025091407,29.26
2025091407,45.89
2025091407,89.83
2025091407,86.03
2025091408,78.82
2025091408,116.91
2025091408,114.62
2025091408,89.94
2025091409,79.64
2025091409,126.83
2025091409,130.62
2025091409,133.88
2025091410,137.92
2025091410,114.31
2025091410,78.51
2025091410,92.22
2025091411,4.03
2025091411,0.0
2025091412,6.51
2025091412,116.65
2025091412,1.29
2025091412,0.0
2025091413,2.4
2025091414,17.85
2025091414,90.4
2025091414,79.37
2025091414,16.03
2025091415,12.07
2025091415,42.52
2025091415,39.16
2025091415,24.49
2025091416,17.32
2025091416,16.84
2025091416,8.29
2025091416,5.02
2025091417,4.19
2025091417,2.58
2025091417,0.0
2025091500,0.0
2025091505,0.01
2025091505,1.93
2025091505,1.52
2025091505,0.01
2025091506,0.0
2025091507,1.3
2025091508,20.91
2025091508,60.04
2025091508,95.43
2025091508,56.55
2025091509,2.16
2025091509,6.1
2025091509,75.46
2025091509,0.93
2025091510,0.0
2025091512,0.01
2025091512,0.0
2025091514,4.43
2025091514,70.17
2025091515,1.29
2025091515,11.04
2025091515,26.59
2025091515,19.11
2025091516,5.21
2025091516,13.69
2025091516,4.39
2025091516,4.41
2025091517,6.35
2025091517,1.35
2025091517,0.0
2025091600,0.0
2025091605,1.68
2025091605,0.44
2025091605,1.52
2025091605,0.47
2025091606,2.62
2025091606,5.61
2025091606,27.11
2025091606,11.32
2025091607,27.6
2025091607,30.88
2025091607,12.42
2025091607,22.22
2025091608,48.5
2025091608,70.35
2025091608,0.1
2025091608,0.24
2025091609,0.13
2025091609,0.08
2025091609,0.02
2025091609,0.0
2025091610,0.04
2025091611,0.0
2025091611,0.1
2025091611,0.06
2025091612,0.0
2025091612,0.01
2025091612,0.03
2025091613,0.01
2025091613,0.1
2025091613,0.08
2025091613,0.03
2025091614,0.09
2025091614,0.0
2025091615,0.02
2025091615,0.01
2025091615,0.34
2025091616,19.93
2025091616,15.88
2025091616,15.35
2025091616,6.56
2025091617,5.15
2025091617,4.34
2025091617,0.59
2025091617,0.0
2025091700,0.0
2025091705,0.16
2025091705,3.81
2025091705,4.55
2025091705,10.18
2025091706,8.7
2025091706,14.55
2025091706,19.55
2025091706,35.88
2025091707,36.73
2025091707,50.65
2025091707,66.89
2025091707,32.41
2025091708,32.16
2025091708,67.46
2025091708,90.0
2025091708,77.56
2025091709,94.03
2025091709,96.4
2025091709,116.84
2025091709,69.27
2025091710,37.84
2025091710,66.06
2025091710,89.65
2025091710,106.79
2025091711,108.23
2025091711,105.03
2025091711,107.73
2025091711,128.9
2025091712,86.38
2025091712,57.45
2025091712,22.26
2025091712,49.16
2025091713,75.13
2025091713,42.52
2025091713,61.54
2025091713,70.7
2025091714,61.23
2025091714,79.9
2025091714,60.59
2025091714,39.21
2025091715,53.44
2025091715,52.16
2025091715,33.72
2025091715,32.01
2025091716,26.26
2025091716,18.76
2025091716,9.42
2025091716,6.32
2025091717,4.81
2025091717,3.89
2025091717,0.17
2025091717,0.0
2025091800,0.0
2025091805,2.29
2025091805,4.07
2025091805,4.53
2025091806,7.07
2025091806,16.56
2025091806,17.07
2025091806,37.03
2025091807,47.11
2025091807,56.44
2025091807,61.26
2025091807,46.86
2025091808,26.61
2025091808,40.53
2025091808,92.52
2025091808,68.15
2025091809,74.78
2025091809,90.85
2025091809,77.64
2025091809,117.68
2025091810,12.98
2025091810,0.06
2025091810,0.0
2025091811,0.01
2025091812,0.0
2025091813,2.91
2025091814,91.83
2025091814,72.87
2025091814,62.69
2025091814,41.31
2025091815,36.56
2025091815,33.14
2025091815,30.42
2025091815,33.07
2025091816,23.51
2025091816,13.57
2025091816,10.75
2025091816,1.94
2025091817,0.0
2025091900,0.0
2025091905,0.69
2025091905,2.55
2025091905,4.65
2025091906,4.25
2025091906,6.8
2025091906,9.5
2025091906,10.52
2025091907,11.68
2025091907,11.16
2025091907,13.53
2025091907,16.05
2025091908,23.25
2025091908,34.32
2025091908,45.33
2025091908,44.28
2025091909,40.17
2025091909,31.1
2025091909,43.71
2025091909,33.07
2025091910,1.1
2025091910,0.0
2025091911,0.02
2025091911,0.0
2025091912,1.07
2025091913,27.88
2025091913,15.65
2025091913,15.73
2025091913,18.33
2025091914,22.32
2025091914,31.76
2025091914,14.34
2025091914,10.27
2025091915,15.36
2025091915,18.84
2025091915,14.53
2025091915,9.19
2025091916,5.94
2025091916,3.06
2025091916,3.14
2025091916,2.5
2025091917,1.58
2025091917,0.32
2025091917,0.0
2025092000,0.0
2025092005,0.9
2025092005,4.07
2025092005,4.85
2025092005,5.18
2025092006,5.47
2025092006,7.98
2025092006,8.9
2025092006,20.97
2025092007,41.19
2025092007,42.85
2025092007,49.2
2025092007,35.16
2025092008,62.3
2025092008,79.77
2025092008,91.2
2025092008,97.43
2025092009,96.29
2025092009,0.75
2025092009,0.0
2025092010,0.01
2025092011,0.0
2025092011,0.01
2025092011,0.0
2025092013,4.89
2025092013,16.37
2025092013,0.0
2025092013,1.58
2025092014,14.28
2025092014,10.34
2025092014,12.7
2025092014,14.56
2025092015,12.11
2025092015,7.19
2025092015,6.59
2025092015,5.32
2025092016,4.47
2025092016,4.3
2025092016,3.46
2025092016,0.07
2025092017,0.0
2025092100,0.0
2025092105,1.26
2025092105,0.0
2025092115,0.23
2025092116,15.98
2025092116,7.09
2025092116,9.92
2025092116,5.22
2025092117,3.28
2025092117,0.48
2025092117,0.0
2025092200,0.0
2025092205,1.92
2025092205,6.04
2025092205,5.86
2025092206,5.46
2025092206,19.14
2025092206,27.31
2025092206,28.54
2025092207,55.33
2025092207,15.45
2025092207,17.25
2025092207,17.52
2025092208,55.26
2025092208,94.76
2025092208,87.63
2025092208,88.67
2025092209,26.65
2025092209,0.0
2025092214,4.92
2025092214,39.43
2025092215,31.17
2025092215,15.88
2025092215,31.5
2025092215,6.53
2025092216,16.24
2025092216,15.38
2025092216,7.68
2025092216,4.46
2025092217,4.01
2025092217,0.57
2025092217,0.0
2025092300,0.0
2025092305,0.13
2025092305,1.85
2025092305,3.67
2025092305,7.36
2025092306,13.62
2025092306,21.74
2025092306,30.94
2025092306,40.36
2025092307,49.59
2025092307,58.74
2025092307,68.28
2025092307,76.68
2025092308,84.56
2025092308,91.46
2025092308,98.5
2025092308,106.02
2025092309,112.86
2025092309,118.18
2025092309,122.85
2025092309,126.82
2025092310,129.99
2025092310,132.55
2025092310,134.73
2025092310,136.71
2025092311,131.11
2025092311,135.64
2025092311,134.82
2025092311,134.94
2025092312,132.72
2025092312,129.98
2025092312,126.08
2025092312,123.0
2025092313,117.69
2025092313,114.0
2025092313,108.09
2025092313,101.91
2025092314,94.69
2025092314,87.08
2025092314,79.01
2025092314,70.39
2025092315,61.24
2025092315,51.97
2025092315,42.47
2025092315,32.97
2025092316,23.99
2025092316,15.81
2025092316,9.02
2025092316,5.26
2025092317,3.4
2025092317,0.86
2025092317,0.0
2025092400,0.0
2025092405,0.02
2025092405,1.59
2025092405,4.65
2025092405,6.95
2025092406,12.31
2025092406,21.3
2025092406,27.07
2025092406,40.42
2025092407,46.89
2025092407,60.4
2025092407,60.09
2025092407,66.31
2025092408,76.1
2025092408,90.72
2025092408,95.79
2025092408,99.97
2025092409,96.38
2025092409,104.61
2025092409,119.54
2025092409,119.45
2025092410,126.45
2025092410,129.92
2025092410,130.34
2025092410,130.08
2025092411,133.1
2025092411,133.64
2025092411,126.28
2025092411,124.28
2025092412,126.08
2025092412,125.4
2025092412,122.25
2025092412,109.86
2025092413,110.2
2025092413,102.67
2025092413,99.92
2025092413,95.43
2025092414,96.83
2025092414,80.46
2025092414,41.25
2025092414,47.48
2025092415,56.34
2025092415,42.48
2025092415,31.59
2025092415,19.71
2025092416,19.15
2025092416,13.76
2025092416,9.63
2025092416,5.73
2025092417,2.74
2025092417,0.07
2025092417,0.0
2025092500,0.0
2025092505,0.07
2025092505,1.41
2025092505,3.56
2025092505,7.78
2025092506,14.26
2025092506,20.77
2025092506,29.57
2025092506,38.85
2025092507,48.56
2025092507,57.84
2025092507,66.67
2025092507,68.06
2025092508,83.44
2025092508,87.33
2025092508,97.58
2025092508,103.01
2025092509,106.0
2025092509,110.45
2025092509,117.13
2025092509,122.87
2025092510,125.0
2025092510,127.52
2025092510,130.3
2025092510,132.12
2025092511,133.12
2025092511,133.43
2025092511,132.99
2025092511,131.92
2025092512,129.62
2025092512,127.21
2025092512,123.0
2025092512,119.55
2025092513,116.4
2025092513,110.31
2025092513,105.03
2025092513,98.58
2025092514,91.53
2025092514,83.93
2025092514,75.6
2025092514,66.84
2025092515,57.79
2025092515,48.61
2025092515,39.09
2025092515,29.84
2025092516,21.21
2025092516,13.54
2025092516,7.72
2025092516,4.38
2025092517,2.57
2025092517,0.21
2025092517,0.0
2025092600,0.0
2025092605,0.97
2025092605,2.83
2025092605,5.67
2025092606,11.06
2025092606,18.54
2025092606,27.08
2025092606,36.27
2025092607,45.35
2025092607,54.52
2025092607,63.38
2025092607,71.99
2025092608,79.4
2025092608,86.02
2025092608,95.48
2025092608,101.3
2025092609,101.06
2025092609,82.35
2025092609,74.58
2025092609,73.48
2025092610,114.88
2025092610,138.69
2025092610,135.96
2025092610,129.3
2025092611,133.33
2025092611,132.23
2025092611,118.73
2025092611,8.2
2025092612,120.74
2025092612,9.13
2025092612,125.98
2025092612,122.73
2025092613,122.84
2025092613,113.58
2025092613,63.18
2025092613,48.32
2025092614,63.97
2025092614,48.19
2025092614,72.68
2025092614,70.95
2025092615,37.03
2025092615,37.66
2025092615,41.55
2025092615,26.39
2025092616,19.54
2025092616,12.25
2025092616,6.77
2025092616,3.9
2025092617,2.06
2025092617,0.05
2025092617,0.0
2025092700,0.0
2025092705,0.51
2025092705,2.58
2025092705,5.05
2025092706,9.5
2025092706,16.5
2025092706,24.69
2025092706,33.41
2025092707,42.35
2025092707,51.46
2025092707,60.24
2025092707,68.78
2025092708,76.97
2025092708,84.73
2025092708,91.77
2025092708,97.29
2025092709,83.47
2025092709,52.86
2025092709,56.3
2025092709,58.61
2025092710,62.07
2025092710,80.29
2025092710,67.5
2025092710,104.79
2025092711,126.5
2025092711,127.2
2025092711,126.88
2025092711,125.67
2025092712,123.71
2025092712,121.17
2025092712,117.69
2025092712,113.48
2025092713,108.91
2025092713,103.72
2025092713,97.83
2025092713,91.71
2025092714,85.1
2025092714,77.72
2025092714,69.62
2025092714,60.75
2025092715,51.98
2025092715,42.96
2025092715,33.78
2025092715,25.19
2025092716,13.94
2025092716,5.04
2025092716,3.96
2025092716,2.89
2025092717,0.97
2025092717,0.0
2025092800,0.0
2025092805,0.27
2025092805,2.13
2025092805,4.21
2025092806,8.93
2025092806,9.47
2025092806,13.49
2025092806,17.92
2025092807,24.36
2025092807,28.76
2025092807,43.38
2025092807,53.05
2025092808,72.79
2025092808,69.98
2025092808,58.36
2025092808,81.71
2025092809,84.28
2025092809,77.53
2025092809,74.59
2025092809,62.98
2025092810,46.94
2025092810,76.47
2025092810,126.62
2025092810,88.9
2025092811,89.93
2025092811,98.77
2025092811,94.64
2025092811,96.16
2025092812,87.01
2025092812,70.47
2025092812,74.34
2025092812,63.01
2025092813,46.34
2025092813,39.69
2025092813,38.02
2025092813,59.21
2025092814,65.88
2025092814,39.56
2025092814,37.91
2025092814,45.04
2025092815,30.5
2025092815,32.99
2025092815,31.52
2025092815,25.45
2025092816,18.17
2025092816,10.95
2025092816,5.84
2025092816,3.2
2025092817,0.9
2025092817,0.0
2025092900,0.0
2025092905,0.21
2025092905,2.06
2025092905,3.97
2025092906,6.62
2025092906,7.91
2025092906,9.58
2025092906,11.49
2025092907,13.15
2025092907,13.71
2025092907,17.83
2025092907,12.64
2025092908,16.03
2025092908,28.73
2025092908,48.94
2025092908,58.27
2025092909,84.45
2025092909,86.4
2025092909,78.72
2025092909,86.67
2025092910,86.27
2025092910,65.68
2025092910,65.84
2025092910,75.6
2025092911,73.33
2025092911,103.61
2025092911,57.13
2025092911,103.93
2025092912,98.9
2025092912,137.74
2025092912,113.87
2025092912,93.89
2025092913,91.46
2025092913,76.77
2025092913,82.56
2025092913,79.5
2025092914,54.33
2025092914,38.2
2025092914,26.34
2025092914,47.13
2025092915,39.68
2025092915,19.24
2025092915,7.61
2025092915,7.28
2025092916,4.56
2025092916,4.12
2025092916,4.05
2025092916,3.3
2025092917,0.85
2025092917,0.0
2025093000,0.0
2025093005,0.13
2025093005,2.06
2025093005,4.38
2025093006,8.34
2025093006,14.32
2025093006,22.16
2025093006,32.41
2025093007,42.0
2025093007,50.21
2025093007,29.73
2025093007,25.29
2025093008,25.15
2025093008,24.68
2025093008,25.56
2025093008,29.39
2025093009,23.29
2025093009,24.61
2025093009,29.24
2025093009,25.63
2025093010,33.65
2025093010,38.03
2025093010,32.46
2025093010,42.24
2025093011,55.68
2025093011,62.69
2025093011,59.28
2025093011,41.89
2025093012,48.09
2025093012,47.24
2025093012,40.08
2025093012,31.8
2025093013,34.4
2025093013,44.81
2025093013,56.0
2025093013,33.49
2025093014,19.84
2025093014,14.49
2025093014,12.22
2025093014,12.71
2025093015,12.67
2025093015,8.96
2025093015,8.08
2025093015,5.94
2025093016,3.97
2025093016,3.32
2025093016,0.35
2025093016,0.0
2025100100,0.0
2025100105,0.04
2025100105,2.18
2025100105,3.87
2025100106,7.78
2025100106,13.74
2025100106,20.83
2025100106,30.08
2025100107,41.04
2025100107,51.0
2025100107,60.65
2025100107,69.54
2025100108,77.59
2025100108,85.65
2025100108,92.85
2025100108,99.15
2025100109,103.5
2025100109,111.54
2025100109,115.6
2025100109,119.45
2025100110,122.42
2025100110,119.46
2025100110,112.13
2025100110,108.56
2025100111,117.18
2025100111,104.44
2025100111,82.69
2025100111,115.44
2025100112,77.31
2025100112,91.63
2025100112,61.68
2025100112,92.02
2025100113,42.41
2025100113,90.25
2025100113,88.14
2025100113,94.78
2025100114,81.2
2025100114,78.57
2025100114,61.21
2025100114,71.24
2025100115,56.95
2025100115,47.13
2025100115,35.72
2025100115,19.05
2025100116,11.47
2025100116,7.81
2025100116,3.92
2025100116,1.52
2025100117,0.0
2025100200,0.0
2025100205,1.85
2025100205,4.04
2025100205,9.67
2025100206,15.43
2025100206,19.78
2025100206,25.49
2025100206,19.62
2025100207,19.18
2025100207,21.02
2025100207,24.31
2025100207,26.62
2025100208,25.35
2025100208,29.23
2025100208,28.96
2025100208,30.87
2025100209,37.09
2025100209,43.05
2025100209,68.19
2025100209,89.61
2025100210,120.85
2025100210,112.45
2025100210,91.68
2025100210,76.84
2025100211,80.9
2025100211,84.99
2025100211,84.01
2025100211,70.63
2025100212,70.48
2025100212,73.23
2025100212,85.07
2025100212,89.31
2025100213,94.61
2025100213,86.33
2025100213,89.91
2025100213,58.45
2025100214,31.9
2025100214,29.94
2025100214,28.69
2025100214,26.32
2025100215,26.41
2025100215,24.18
2025100215,32.26
2025100215,20.12
2025100216,8.99
2025100216,5.07
2025100216,3.48
2025100216,1.64
2025100217,0.0
2025100300,0.0
2025100305,0.75
2025100305,2.45
2025100305,5.06
2025100306,6.27
2025100306,8.29
2025100306,11.76
2025100306,15.82
2025100307,19.53
2025100307,26.22
2025100307,31.36
2025100307,21.05
2025100308,29.29
2025100308,40.5
2025100308,26.61
2025100308,31.31
2025100309,38.28
2025100309,46.95
2025100309,48.02
2025100309,52.46
2025100310,49.5
2025100310,45.63
2025100310,43.42
2025100310,31.62
2025100311,28.78
2025100311,25.0
2025100311,36.38
2025100311,48.61
2025100312,36.52
2025100312,35.07
2025100312,30.12
2025100312,28.3
2025100313,26.75
2025100313,29.54
2025100313,27.78
2025100313,24.77
2025100314,19.27
2025100314,22.57
2025100314,15.61
2025100314,14.33
2025100315,12.89
2025100315,10.78
2025100315,6.5
2025100315,4.97
2025100316,4.42
2025100316,3.65
2025100316,2.57
2025100316,0.0
2025100400,0.0
2025100406,0.99
2025100406,2.33
2025100406,2.9
2025100407,3.97
2025100407,0.0
2025100407,1.28
2025100407,8.03
2025100408,0.0
2025100408,0.01
2025100409,0.02
2025100409,0.0
2025100410,6.24
2025100410,84.54
2025100410,0.0
2025100413,4.93
2025100413,56.49
2025100414,6.26
2025100414,24.98
2025100414,0.0
2025100415,1.63
2025100416,5.79
2025100416,4.01
2025100416,2.13
2025100416,0.0
2025100500,0.0
2025100505,1.58
2025100506,0.87
2025100506,0.0
2025100507,3.2
2025100508,15.07
2025100508,0.0
2025100514,1.13
2025100514,14.85
2025100514,3.46
2025100514,26.22
2025100515,11.24
2025100515,5.86
2025100515,3.91
2025100515,3.76
2025100516,3.0
2025100516,1.3
2025100516,0.02
2025100516,0.0
2025100600,0.0
2025100605,1.03
2025100605,2.77
2025100606,3.92
2025100606,3.04
2025100606,4.62
2025100606,17.65
2025100607,13.33
2025100607,20.13
2025100607,20.39
2025100607,29.94
2025100608,36.82
2025100608,27.3
2025100608,55.17
2025100608,57.68
2025100609,64.33
2025100609,83.99
2025100609,89.41
2025100609,82.6
2025100610,65.45
2025100610,91.75
2025100610,102.63
2025100610,110.28
2025100611,98.9
2025100611,102.94
2025100611,103.33
2025100611,109.54
2025100612,96.19
2025100612,80.86
2025100612,84.57
2025100612,58.21
2025100613,46.99
2025100613,43.8
2025100613,31.93
2025100613,16.24
2025100614,17.87
2025100614,14.82
2025100614,22.87
2025100614,23.38
2025100615,18.58
2025100615,15.52
2025100615,7.57
2025100615,4.15
2025100616,4.34
2025100616,5.75
2025100616,3.59
2025100616,0.1
2025100617,0.0
2025100700,0.0
2025100706,0.21
2025100706,0.52
2025100706,1.99
2025100707,2.26
2025100707,3.81
2025100707,6.53
2025100707,7.19
2025100708,9.54
2025100708,11.03
2025100708,11.43
2025100708,11.53
2025100709,15.81
2025100709,14.49
2025100709,12.87
2025100709,24.69
2025100710,42.21
2025100710,31.87
2025100710,28.34
2025100710,28.46
2025100711,30.29
2025100711,42.92
2025100711,67.17
2025100711,44.44
2025100712,30.34
2025100712,21.12
2025100712,23.39
2025100712,24.01
2025100713,19.08
2025100713,16.03
2025100713,25.85
2025100713,49.35
2025100714,38.31
2025100714,29.4
2025100714,28.26
2025100714,16.6
2025100715,7.62
2025100715,5.06
2025100715,6.66
2025100715,6.39
2025100716,4.46
2025100716,2.98
2025100716,0.02
2025100716,0.0
2025100800,0.0
2025100805,0.24
2025100806,2.39
2025100806,4.4
2025100806,12.36
2025100806,23.67
2025100807,31.89
2025100807,39.75
2025100807,46.46
2025100807,53.06
2025100808,59.56
2025100808,71.51
2025100808,77.08
2025100808,90.85
2025100809,98.76
2025100809,102.53
2025100809,107.46
2025100809,96.75
2025100810,84.37
2025100810,53.34
2025100810,50.71
2025100810,49.12
2025100811,53.45
2025100811,42.97
2025100811,50.94
2025100811,50.26
2025100812,42.89
2025100812,42.67
2025100812,42.25
2025100812,36.7
2025100813,32.84
2025100813,32.29
2025100813,35.73
2025100813,38.18
2025100814,28.85
2025100814,26.17
2025100814,22.04
2025100814,18.45
2025100815,14.64
2025100815,8.91
2025100815,6.03
2025100815,5.69
2025100816,5.19
2025100816,3.17
2025100816,0.26
2025100816,0.0
2025100900,0.0
2025100905,0.93
2025100905,1.15
2025100906,1.26
2025100906,4.59
2025100906,6.77
2025100906,4.29
2025100907,8.68
2025100907,11.69
2025100907,12.4
2025100907,7.4
2025100908,8.92
2025100908,12.0
2025100908,14.49
2025100908,16.4
2025100909,30.56
2025100909,9.78
2025100909,17.86
2025100909,12.97
2025100910,13.97
2025100910,13.39
2025100910,17.32
2025100910,13.69
2025100911,12.72
2025100911,15.32
2025100911,26.63
2025100911,14.0
2025100912,8.32
2025100912,11.39
2025100912,7.06
2025100912,7.0
2025100913,10.01
2025100913,11.05
2025100913,13.36
2025100913,7.15
2025100914,12.03
2025100914,9.62
2025100914,16.15
2025100914,18.49
2025100915,7.42
2025100915,3.54
2025100915,6.12
2025100915,5.87
2025100916,3.47
2025100916,0.29
2025100916,0.0
2025101000,0.0
2025101005,1.26
2025101006,4.26
2025101006,6.93
2025101006,9.69
2025101006,14.44
2025101007,16.79
2025101007,16.74
2025101007,35.99
2025101007,32.14
2025101008,26.2
2025101008,22.7
2025101008,26.93
2025101008,18.0
2025101009,24.88
2025101009,41.77
2025101009,29.76
2025101009,20.0
2025101010,23.21
2025101010,27.37
2025101010,30.19
2025101010,21.43
2025101011,10.95
2025101011,14.01
2025101011,10.24
2025101011,10.56
2025101012,9.12
2025101012,12.3
2025101012,9.37
2025101012,11.78
2025101013,8.43
2025101013,8.56
2025101013,10.57
2025101013,13.49
2025101014,7.39
2025101014,7.8
2025101014,8.0
2025101014,6.82
2025101015,5.15
2025101015,3.86
2025101015,3.39
2025101015,2.31
2025101016,0.06
2025101016,0.0
2025101100,0.0
2025101105,0.12
2025101106,2.63
2025101106,3.3
2025101106,5.51
2025101106,5.4
2025101107,8.27
2025101107,11.11
2025101107,13.53
2025101107,16.02
2025101108,20.25
2025101108,18.75
2025101108,26.19
2025101108,28.23
2025101109,25.4
2025101109,24.65
2025101109,25.91
2025101109,36.93
2025101110,35.65
2025101110,34.4
2025101110,38.93
2025101110,31.65
2025101111,28.75
2025101111,31.94
2025101111,31.04
2025101111,33.08
2025101112,27.51
2025101112,28.52
2025101112,29.97
2025101112,27.21
2025101113,25.43
2025101113,27.44
2025101113,23.16
2025101113,29.65
2025101114,38.41
2025101114,15.23
2025101114,11.9
2025101114,9.17
2025101115,7.27
2025101115,5.69
2025101115,4.61
2025101115,3.42
2025101116,2.25
2025101116,0.0
2025101200,0.0
2025101206,1.75
2025101206,3.22
2025101206,8.26
2025101206,9.28
2025101207,9.69
2025101207,17.19
2025101207,22.97
2025101207,21.45
2025101208,16.21
2025101208,45.76
2025101208,43.65
2025101208,75.0
2025101209,71.0
2025101209,80.19
2025101209,85.49
2025101209,95.43
2025101210,99.25
2025101210,101.88
2025101210,104.42
2025101210,99.77
2025101211,95.84
2025101211,98.57
2025101211,95.88
2025101211,89.07
2025101212,82.85
2025101212,74.28
2025101212,57.88
2025101212,68.98
2025101213,76.55
2025101213,70.09
2025101213,63.86
2025101213,58.03
2025101214,49.2
2025101214,50.0
2025101214,42.47
2025101214,35.49
2025101215,28.75
2025101215,20.54
2025101215,13.44
2025101215,8.17
2025101216,3.81
2025101216,2.63
2025101216,0.05
2025101216,0.0
2025101300,0.0
2025101306,0.33
2025101306,2.02
2025101306,2.62
2025101306,3.58
2025101307,5.49
2025101307,7.3
2025101307,9.16
2025101307,13.92
2025101308,16.89
2025101308,21.54
2025101308,26.1
2025101308,29.33
2025101309,32.17
2025101309,27.14
2025101309,46.11
2025101309,54.64
2025101310,32.57
2025101310,25.25
2025101310,32.51
2025101310,34.93
2025101311,32.09
2025101311,50.2
2025101311,69.54
2025101311,34.71
2025101312,66.44
2025101312,72.91
2025101312,57.98
2025101312,64.51
2025101313,46.22
2025101313,66.69
2025101313,57.08
2025101313,63.54
2025101314,53.57
2025101314,48.89
2025101314,34.51
2025101314,14.86
2025101315,7.7
2025101315,5.49
2025101315,4.32
2025101315,2.95
2025101316,2.07
2025101316,0.17
2025101316,0.0
2025101400,0.0
2025101406,0.08
2025101406,1.42
2025101406,2.26
2025101406,2.9
2025101407,4.45
2025101407,8.76
2025101407,13.1
2025101407,15.12
2025101408,16.98
2025101408,17.94
2025101408,27.03
2025101408,51.91
2025101409,57.57
2025101409,78.05
2025101409,80.94
2025101409,90.6
2025101410,93.0
2025101410,96.57
2025101410,99.37
2025101410,101.0
2025101411,101.67
2025101411,101.78
2025101411,100.75
2025101411,98.95
2025101412,96.09
2025101412,93.85
2025101412,78.04
2025101412,84.28
2025101413,63.69
2025101413,44.5
2025101413,38.54
2025101413,60.03
2025101414,57.38
2025101414,50.27
2025101414,43.09
2025101414,35.54
2025101415,26.39
2025101415,18.11
2025101415,12.06
2025101415,6.69
2025101416,3.88
2025101416,1.83
2025101416,0.0
2025101500,0.0
2025101511,0.57
2025101511,13.26
2025101511,24.85
2025101511,37.29
2025101512,33.16
2025101512,21.63
2025101512,20.36
2025101512,19.15
2025101513,17.86
2025101513,17.66
2025101513,17.48
2025101513,21.49
2025101514,18.62
2025101514,10.88
2025101514,13.13
2025101514,8.69
2025101515,5.97
2025101515,5.89
2025101515,4.66
2025101515,3.53
2025101516,2.64
2025101516,0.14
2025101516,0.0
2025101600,0.0
2025101606,0.49
2025101606,1.64
2025101606,3.31
2025101606,5.67
2025101607,8.11
2025101607,11.2
2025101607,26.71
2025101607,42.48
2025101608,30.6
2025101608,40.85
2025101608,21.82
2025101608,30.16
2025101609,24.68
2025101609,51.02
2025101609,24.89
2025101609,21.45
2025101610,27.36
2025101610,26.09
2025101610,26.34
2025101610,27.66
2025101611,66.35
2025101611,62.11
2025101611,42.53
2025101611,61.91
2025101612,27.64
2025101612,42.64
2025101612,54.45
2025101612,45.11
2025101613,36.71
2025101613,49.74
2025101613,34.28
2025101613,38.48
2025101614,8.8
2025101614,23.27
2025101614,18.75
2025101614,11.05
2025101615,6.97
2025101615,5.06
2025101615,6.38
2025101615,3.58
2025101616,1.44
2025101616,0.02
2025101616,0.0
2025101700,0.0
2025101706,0.03
2025101706,1.91
2025101706,4.67
2025101706,10.34
2025101707,13.66
2025101707,9.67
2025101707,17.95
2025101707,30.86
2025101708,22.4
2025101708,35.61
2025101708,66.46
2025101708,74.39
2025101709,79.63
2025101709,71.88
2025101709,68.46
2025101709,90.99
2025101710,88.89
2025101710,90.25
2025101710,90.28
2025101710,99.63
2025101711,85.47
2025101711,94.3
2025101711,108.43
2025101711,70.33
2025101712,57.64
2025101712,59.9
2025101712,77.2
2025101712,88.24
2025101713,83.91
2025101713,78.07
2025101713,72.57
2025101713,61.61
2025101714,57.64
2025101714,47.55
2025101714,42.7
2025101714,31.55
2025101715,22.21
2025101715,12.28
2025101715,8.43
2025101715,4.7
2025101716,3.32
2025101716,0.38
2025101716,0.0
2025101800,0.0
2025101805,0.01
2025101806,1.62
2025101806,3.58
2025101806,7.93
2025101806,14.18
2025101807,21.75
2025101807,29.84
2025101807,40.03
2025101807,49.23
2025101808,48.63
2025101808,68.47
2025101808,75.09
2025101808,73.6
2025101809,78.64
2025101809,85.98
2025101809,85.74
2025101809,82.82
2025101810,93.99
2025101810,88.18
2025101810,97.92
2025101810,98.28
2025101811,98.5
2025101811,98.04
2025101811,97.1
2025101811,95.49
2025101812,93.55
2025101812,90.7
2025101812,87.79
2025101812,78.25
2025101813,74.56
2025101813,76.41
2025101813,69.78
2025101813,63.84
2025101814,56.6
2025101814,41.84
2025101814,36.56
2025101814,29.74
2025101815,23.42
2025101815,15.56
2025101815,5.65
2025101815,4.47
2025101816,2.19
2025101816,0.0
2025101900,0.0
2025101906,0.82
2025101906,2.69
2025101906,6.16
2025101906,11.34
2025101907,19.45
2025101907,27.3
2025101907,34.43
2025101907,44.41
2025101908,54.04
2025101908,61.32
2025101908,67.73
2025101908,73.48
2025101909,78.65
2025101909,83.5
2025101909,87.64
2025101909,91.1
2025101910,93.97
2025101910,96.35
2025101910,97.9
2025101910,99.34
2025101911,100.08
2025101911,99.83
2025101911,99.08
2025101911,96.51
2025101912,94.59
2025101912,91.8
2025101912,89.63
2025101912,85.45
2025101913,80.75
2025101913,75.57
2025101913,66.18
2025101913,65.45
2025101914,57.5
2025101914,47.44
2025101914,35.03
2025101914,30.23
2025101915,23.99
2025101915,15.75
2025101915,7.67
2025101915,3.85
2025101916,1.73
2025101916,0.0
2025102000,0.0
2025102005,0.89
2025102006,2.2
2025102006,3.59
2025102006,5.96
2025102006,7.36
2025102007,8.37
2025102007,10.64
2025102007,14.16
2025102007,18.42
2025102008,20.28
2025102008,25.09
2025102008,26.22
2025102008,28.12
2025102009,21.0
2025102009,12.25
2025102009,9.67
2025102009,9.57
2025102010,7.18
2025102010,9.36
2025102010,8.74
2025102010,14.35
2025102011,16.38
2025102011,14.87
2025102011,20.35
2025102011,26.29
2025102012,21.22
2025102012,20.67
2025102012,19.14
2025102012,15.05
2025102013,13.81
2025102013,7.74
2025102013,5.17
2025102013,5.07
2025102014,6.81
2025102014,3.63
2025102014,3.3
2025102014,3.34
2025102015,3.39
2025102015,3.44
2025102015,0.74
2025102015,0.0
2025102100,0.0
2025102106,0.72
2025102106,1.86
2025102107,2.27
2025102107,2.98
2025102107,2.99
2025102107,3.06
2025102108,4.57
2025102108,11.8
2025102108,13.25
2025102108,7.15
2025102109,8.03
2025102109,10.16
2025102109,12.3
2025102109,10.37
2025102110,7.64
2025102110,7.5
2025102110,10.09
2025102110,8.63
2025102111,6.27
2025102111,7.83
2025102111,8.56
2025102111,7.48
2025102112,5.8
2025102112,10.27
2025102112,11.31
2025102112,14.41
2025102113,10.77
2025102113,10.15
2025102113,5.71
2025102113,7.09
2025102114,5.14
2025102114,4.2
2025102114,5.25
2025102114,7.95
2025102115,9.16
2025102115,5.7
2025102115,3.36
2025102115,0.93
2025102116,0.0
2025102200,0.0
2025102206,0.36
2025102206,2.22
2025102206,3.35
2025102207,4.89
2025102207,22.24
2025102207,26.55
2025102207,12.01
2025102208,7.11
2025102208,13.31
2025102208,12.85
2025102208,8.67
2025102209,9.78
2025102209,19.18
2025102209,26.93
2025102209,22.32
2025102210,23.41
2025102210,23.47
2025102210,14.96
2025102210,37.02
2025102211,34.51
2025102211,50.84
2025102211,40.67
2025102211,28.58
2025102212,44.99
2025102212,35.38
2025102212,32.49
2025102212,10.17
2025102213,19.52
2025102213,11.29
2025102213,16.64
2025102213,9.46
2025102214,10.57
2025102214,8.57
2025102214,4.63
2025102214,8.87
2025102215,5.42
2025102215,3.95
2025102215,3.99
2025102215,1.27
2025102216,0.0
2025102300,0.0
2025102306,0.44
2025102306,2.3
2025102306,4.55
2025102307,5.04
2025102307,5.21
2025102307,6.94
2025102307,7.41
2025102308,5.87
2025102308,6.74
2025102308,5.01
2025102308,4.21
2025102309,7.21
2025102309,7.64
2025102309,4.97
2025102309,7.3
2025102310,10.87
2025102310,10.09
2025102310,13.61
2025102310,7.74
2025102311,7.55
2025102311,6.39
2025102311,6.41
2025102311,6.28
2025102312,7.43
2025102312,7.4
2025102312,6.03
2025102312,8.21
2025102313,9.09
2025102313,7.92
2025102313,7.87
2025102313,7.09
2025102314,4.9
2025102314,3.64
2025102314,3.88
2025102314,3.61
2025102315,3.28
2025102315,0.91
2025102315,0.0
2025102400,0.0
2025102406,0.12
2025102406,2.19
2025102407,2.79
2025102407,5.09
2025102407,10.95
2025102407,10.87
2025102408,8.56
2025102408,9.55
2025102408,11.11
2025102408,13.94
2025102409,15.81
2025102409,23.33
2025102409,15.84
2025102409,18.94
2025102410,29.11
2025102410,30.49
2025102410,53.37
2025102410,55.41
2025102411,92.62
2025102411,66.36
2025102411,35.39
2025102411,28.56
2025102412,53.97
2025102412,5.39
2025102412,25.96
2025102412,35.83
2025102413,50.28
2025102413,61.0
2025102413,33.65
2025102413,29.12
2025102414,15.81
2025102414,26.36
2025102414,16.99
2025102414,10.8
2025102415,14.27
2025102415,4.65
2025102415,3.21
2025102415,1.68
2025102416,0.04
2025102416,0.0
2025102500,0.0
2025102506,1.27
2025102506,3.01
2025102506,7.35
2025102507,6.84
2025102507,2.68
2025102507,2.81
2025102507,3.03
2025102508,4.39
2025102508,11.75
2025102508,42.39
2025102508,65.06
2025102509,66.61
2025102509,57.23
2025102509,24.1
2025102509,22.72
2025102510,14.18
2025102510,10.08
2025102510,57.09
2025102510,68.08
2025102511,66.56
2025102511,21.17
2025102511,12.21
2025102511,36.31
2025102512,26.79
2025102512,14.48
2025102512,17.16
2025102512,15.31
2025102513,5.73
2025102513,10.86
2025102513,12.21
2025102513,12.39
2025102514,10.57
2025102514,4.3
2025102514,3.64
2025102514,3.79
2025102515,3.85
2025102515,3.57
2025102515,1.28
2025102515,0.0
2025102601,0.0
2025102700,0.0
2025102706,0.87
2025102706,2.68
2025102707,3.3
2025102707,4.18
2025102707,5.87
2025102707,9.78
2025102708,16.79
2025102708,22.52
2025102708,19.59
2025102708,20.31
2025102709,24.4
2025102709,27.11
2025102709,62.52
2025102709,85.94
2025102710,61.35
2025102710,38.27
2025102710,60.56
2025102710,63.1
2025102711,57.27
2025102711,52.09
2025102711,72.96
2025102711,61.44
2025102712,41.81
2025102712,38.33
2025102712,35.21
2025102712,40.37
2025102713,33.63
2025102713,32.42
2025102713,21.33
2025102713,28.23
2025102714,11.96
2025102714,30.34
2025102714,25.81
2025102714,6.71
2025102715,5.56
2025102715,3.45
2025102715,2.99
2025102715,0.03
2025102716,0.0
2025102800,0.0
2025102806,0.96
2025102806,1.68
2025102806,2.31
2025102807,3.29
2025102807,4.6
2025102807,3.62
2025102807,7.3
2025102808,12.25
2025102808,17.9
2025102808,19.99
2025102808,16.84
2025102809,17.75
2025102809,15.35
2025102809,10.05
2025102809,10.63
2025102810,9.32
2025102810,26.7
2025102810,19.81
2025102810,12.64
2025102811,20.8
2025102811,23.96
2025102811,34.76
2025102811,29.41
2025102812,21.47
2025102812,18.41
2025102812,15.83
2025102812,15.01
2025102813,17.37
2025102813,18.37
2025102813,15.24
2025102813,14.19
2025102814,9.07
2025102814,7.2
2025102814,6.52
2025102814,4.87
2025102815,4.23
2025102815,2.52
2025102815,0.0
2025102900,0.0
2025102906,0.15
2025102906,1.11
2025102906,2.99
2025102907,3.3
2025102907,7.27
2025102907,8.62
2025102907,10.47
2025102908,14.75
2025102908,19.27
2025102908,22.21
2025102908,35.58
2025102909,30.54
2025102909,24.65
2025102909,14.06
2025102909,14.26
2025102910,12.72
2025102910,8.43
2025102910,4.56
2025102910,13.54
2025102911,9.74
2025102911,13.98
2025102911,14.5
2025102911,14.89
2025102912,9.53
2025102912,14.63
2025102912,9.35
2025102912,7.6
2025102913,10.94
2025102913,15.01
2025102913,11.11
2025102913,7.79
2025102914,8.09
2025102914,4.38
2025102914,4.66
2025102914,3.78
2025102915,3.43
2025102915,3.29
2025102915,1.47
2025102915,0.0
2025103000,0.0
2025103006,0.25
2025103006,2.31
2025103007,2.74
2025103007,5.06
2025103007,9.23
2025103007,12.66
2025103008,9.69
2025103008,23.08
2025103008,23.71
2025103008,53.84
2025103009,60.05
2025103009,51.59
2025103009,67.36
2025103009,61.85
2025103010,65.34
2025103010,83.1
2025103010,84.38
2025103010,47.29
2025103011,31.72
2025103011,56.57
2025103011,77.38
2025103011,85.69
2025103012,30.15
2025103012,70.1
2025103012,75.48
2025103012,69.25
2025103013,17.95
2025103013,52.64
2025103013,51.19
2025103013,47.26
2025103014,34.03
2025103014,30.91
2025103014,24.1
2025103014,15.39
2025103015,9.8
2025103015,3.99
2025103015,2.69
2025103015,0.0
2025103100,0.0
2025103107,1.29
2025103107,3.8
2025103107,7.25
2025103107,10.6
2025103108,12.26
2025103108,16.3
2025103108,27.76
2025103108,35.09
2025103109,34.19
2025103109,32.87
2025103109,50.95
2025103109,44.99
2025103110,24.29
2025103110,28.56
2025103110,27.12
2025103110,41.43
2025103111,47.97
2025103111,46.89
2025103111,37.08
2025103111,28.53
2025103112,21.28
2025103112,18.57
2025103112,20.53
2025103112,19.41
2025103113,18.58
2025103113,18.86
2025103113,20.86
2025103113,20.44
2025103114,12.39
2025103114,11.56
2025103114,11.43
2025103114,7.4
2025103115,5.33
2025103115,3.38
2025103115,1.35
2025103115,0.0
2025110100,0.0
2025110106,1.14
2025110106,3.48
2025110107,4.69
2025110107,4.34
2025110107,6.62
2025110107,13.9
2025110108,30.46
2025110108,35.25
2025110108,20.43
2025110108,18.42
2025110109,24.65
2025110109,13.0
2025110109,11.78
2025110109,21.62
2025110110,9.05
2025110110,18.6
2025110110,48.86
2025110110,27.08
2025110111,21.35
2025110111,16.8
2025110111,7.91
2025110111,9.15
2025110112,15.19
2025110112,14.68
2025110112,6.32
2025110112,6.79
2025110113,4.18
2025110113,3.92
2025110113,4.23
2025110113,4.15
2025110114,3.86
2025110114,3.62
2025110114,2.64
2025110114,1.48
2025110115,1.85
2025110115,0.0
2025110200,0.0
2025110206,1.47
2025110207,3.52
2025110207,3.42
2025110207,5.94
2025110207,25.0
2025110208,29.73
2025110208,42.49
2025110208,49.35
2025110208,54.47
2025110209,40.74
2025110209,23.59
2025110209,75.57
2025110209,33.67
2025110210,16.62
2025110210,19.87
2025110210,10.54
2025110210,36.28
2025110211,26.5
2025110211,33.42
2025110211,25.5
2025110211,13.56
2025110212,43.72
2025110212,60.65
2025110212,35.91
2025110212,42.45
2025110213,55.91
2025110213,36.82
2025110213,33.85
2025110213,31.44
2025110214,23.74
2025110214,7.25
2025110214,9.21
2025110214,4.27
2025110215,3.56
2025110215,2.54
2025110215,0.08
2025110215,0.0
2025110300,0.0
2025110306,0.07
2025110306,1.4
2025110307,2.3
2025110307,7.11
2025110307,11.36
2025110307,26.82
2025110308,38.09
2025110308,36.49
2025110308,31.28
2025110308,28.62
2025110309,32.83
2025110309,26.84
2025110309,33.38
2025110309,33.46
2025110310,36.02
2025110310,24.56
2025110310,32.38
2025110310,29.86
2025110311,27.21
2025110311,29.45
2025110311,14.3
2025110311,11.88
2025110312,7.54
2025110312,6.21
2025110312,6.62
2025110312,8.07
2025110313,5.34
2025110313,5.59
2025110313,5.09
2025110314,4.26
2025110314,3.47
2025110314,3.85
2025110314,0.91
2025110315,0.0
2025110400,0.0
2025110407,0.5
2025110407,2.02
2025110407,2.24
2025110407,2.65
2025110408,3.4
2025110408,3.79
2025110408,3.95
2025110408,4.72
2025110409,5.34
2025110409,4.65
2025110409,5.61
2025110409,7.06
2025110410,7.97
2025110410,11.15
2025110410,11.52
2025110410,12.41
2025110411,7.55
2025110411,6.85
2025110411,6.96
2025110411,5.77
2025110412,6.02
2025110412,6.52
2025110412,6.26
2025110412,5.79
2025110413,7.43
2025110413,6.19
2025110413,4.07
2025110413,3.26
2025110414,3.7
2025110414,4.45
2025110414,3.83
2025110414,3.46
2025110415,2.27
2025110415,0.0
2025110500,0.0
2025110507,0.31
2025110507,2.19
2025110508,3.16
2025110508,3.6
2025110508,3.4
2025110508,3.78
2025110509,5.93
2025110509,6.54
2025110509,6.58
2025110509,10.8
2025110510,14.14
2025110510,19.9
2025110510,12.77
2025110510,13.04
2025110511,9.48
2025110511,6.42
2025110511,11.7
2025110511,11.04
2025110512,10.41
2025110512,7.97
2025110512,6.02
2025110512,5.95
2025110513,6.8
2025110513,6.98
2025110513,10.24
2025110513,7.93
2025110514,10.51
2025110514,10.27
2025110514,7.47
2025110514,5.99
2025110515,4.41
2025110515,2.89
2025110515,0.03
2025110515,0.0
2025110600,0.0
2025110606,0.13
2025110607,1.82
2025110607,2.77
2025110607,4.96
2025110607,8.47
2025110608,9.92
2025110608,18.94
2025110608,42.11
2025110608,24.64
2025110609,18.11
2025110609,22.05
2025110609,24.45
2025110609,22.85
2025110610,33.61
2025110610,34.41
2025110610,30.81
2025110610,20.75
2025110611,32.47
2025110611,42.18
2025110611,50.27
2025110611,63.11
2025110612,58.74
2025110612,51.82
2025110612,48.32
2025110612,43.28
2025110613,28.38
2025110613,23.74
2025110613,23.9
2025110613,23.21
2025110614,17.01
2025110614,11.77
2025110614,7.7
2025110614,5.1
2025110615,3.64
2025110615,1.44
2025110615,0.0
2025110700,0.0
2025110707,1.13
2025110707,2.44
2025110707,2.26
2025110707,3.13
2025110708,5.06
2025110708,7.34
2025110708,8.12
2025110708,8.04
2025110709,8.83
2025110709,10.55
2025110709,12.96
2025110709,14.35
2025110710,17.31
2025110710,23.37
2025110710,19.43
2025110710,17.78
2025110711,16.76
2025110711,14.75
2025110711,13.27
2025110711,12.8
2025110712,12.3
2025110712,12.04
2025110712,11.36
2025110712,8.41
2025110713,7.59
2025110713,7.91
2025110713,6.32
2025110713,5.53
2025110714,4.9
2025110714,4.16
2025110714,3.31
2025110714,2.42
2025110715,0.03
2025110715,0.0
2025110800,0.0
2025110807,0.55
2025110807,1.73
2025110807,2.05
2025110808,2.66
2025110808,3.24
2025110808,3.97
2025110808,4.39
2025110809,5.22
2025110809,6.28
2025110809,7.83
2025110809,7.2
2025110810,7.64
2025110810,6.98
2025110810,9.17
2025110810,11.56
2025110811,10.32
2025110811,10.83
2025110811,11.49
2025110811,12.29
2025110812,11.13
2025110812,12.36
2025110812,11.72
2025110812,10.72
2025110813,7.43
2025110813,5.64
2025110813,5.19
2025110813,4.96
2025110814,4.2
2025110814,3.49
2025110814,2.83
2025110814,0.54
2025110815,0.01
2025110815,0.0
2025110900,0.0
2025110907,0.25
2025110907,1.63
2025110907,2.41
2025110907,4.1
2025110908,5.79
2025110908,7.66
2025110908,8.26
2025110908,9.21
2025110909,10.42
2025110909,10.36
2025110909,13.0
2025110909,13.05
2025110910,12.71
2025110910,11.7
2025110910,11.01
2025110910,10.38
2025110911,10.08
2025110911,11.73
2025110911,16.5
2025110911,19.83
2025110912,25.36
2025110912,30.71
2025110912,49.46
2025110912,21.5
2025110913,15.99
2025110913,12.88
2025110913,14.39
2025110913,10.92
2025110914,10.05
2025110914,7.03
2025110914,3.92
2025110914,3.63
2025110915,1.33
2025110915,0.0
2025111000,0.0
2025111006,0.18
2025111007,1.77
2025111007,3.58
2025111007,10.09
2025111007,18.11
2025111008,26.16
2025111008,30.73
2025111008,32.47
2025111008,40.91
2025111009,41.79
2025111009,51.32
2025111009,45.19
2025111009,37.48
2025111010,43.29
2025111010,50.14
2025111010,60.55
2025111010,59.46
2025111011,55.49
2025111011,43.66
2025111011,25.21
2025111011,22.58
2025111012,19.28
2025111012,16.16
2025111012,13.51
2025111012,10.32
2025111013,9.65
2025111013,10.91
2025111013,10.23
2025111013,8.8
2025111014,5.88
2025111014,4.03
2025111014,3.34
2025111014,3.29
2025111015,2.3
2025111015,0.0
2025111100,0.0
2025111107,1.64
2025111107,2.59
2025111107,3.18
2025111108,4.95
2025111108,5.77
2025111108,6.61
2025111108,3.86
2025111109,4.42
2025111109,5.17
2025111109,8.54
2025111109,9.63
2025111110,9.25
2025111110,15.5
2025111110,24.14
2025111110,23.67
2025111111,15.61
2025111111,25.47
2025111111,41.11
2025111111,49.06
2025111112,54.15
2025111112,41.89
2025111112,43.61
2025111112,19.99
2025111113,11.92
2025111113,30.21
2025111113,14.23
2025111113,9.22
2025111114,7.06
2025111114,8.03
2025111114,6.3
2025111114,5.21
2025111115,3.55
2025111115,1.57
2025111115,0.0
2025111200,0.0
2025111207,0.05
2025111207,0.94
2025111207,1.56
2025111207,2.13
2025111208,2.4
2025111208,3.26
2025111208,4.71
2025111208,5.0
2025111209,4.44
2025111209,6.29
2025111209,3.27
2025111209,3.41
2025111210,4.0
2025111210,3.89
2025111210,3.82
2025111210,4.21
2025111211,4.7
2025111211,3.56
2025111211,4.27
2025111211,4.29
2025111212,4.45
2025111212,3.95
2025111212,3.85
2025111212,4.44
2025111213,3.99
2025111213,3.7
2025111213,3.77
2025111213,3.33
2025111214,2.34
2025111214,1.48
2025111214,0.0
2025111300,0.0
2025111307,0.28
2025111307,2.27
2025111307,2.18
2025111308,2.13
2025111308,2.8
2025111308,3.68
2025111308,3.61
2025111309,3.14
2025111309,3.03
2025111309,3.49
2025111309,5.92
2025111310,14.66
2025111310,12.16
2025111310,8.4
2025111310,4.4
2025111311,3.73
2025111311,7.07
2025111311,7.97
2025111311,4.72
2025111312,6.44
2025111312,9.52
2025111312,8.07
2025111312,4.74
2025111313,5.9
2025111313,4.04
2025111313,3.84
2025111313,3.19
2025111314,3.27
2025111314,0.0
2025111314,0.11
2025111314,0.45
2025111315,1.69
2025111315,0.0
2025111400,0.0
2025111407,0.73
2025111407,2.46
2025111407,3.37
2025111407,5.64
2025111408,6.21
2025111408,14.58
2025111408,14.33
2025111408,13.92
2025111409,11.24
2025111409,23.59
2025111409,28.53
2025111409,26.14
2025111410,48.16
2025111410,30.8
2025111410,22.1
2025111410,27.51
2025111411,33.2
2025111411,26.33
2025111411,20.49
2025111411,22.29
2025111412,29.04
2025111412,21.92
2025111412,18.86
2025111412,12.98
2025111413,14.04
2025111413,13.81
2025111413,11.45
2025111413,9.78
2025111414,10.66
2025111414,8.61
2025111414,5.55
2025111414,4.16
2025111415,2.18
2025111415,0.0
2025111500,0.0
2025111507,1.22
2025111507,3.08
2025111507,6.56
2025111507,11.32
2025111508,17.18
2025111508,24.32
2025111508,29.19
2025111508,34.04
2025111509,41.45
2025111509,48.95
2025111509,53.97
2025111509,57.54
2025111510,60.03
2025111510,62.15
2025111510,63.66
2025111510,64.74
2025111511,65.38
2025111511,65.41
2025111511,64.71
2025111511,63.5
2025111512,61.33
2025111512,58.43
2025111512,55.87
2025111512,52.34
2025111513,46.57
2025111513,38.39
2025111513,31.85
2025111513,27.05
2025111514,21.27
2025111514,14.03
2025111514,9.63
2025111514,5.69
2025111515,3.59
2025111515,1.96
2025111515,0.0
2025111600,0.0
2025111607,0.31
2025111607,2.32
2025111607,3.8
2025111607,8.76
2025111608,21.6
2025111608,31.63
2025111608,27.03
2025111608,19.77
2025111609,26.09
2025111609,37.14
2025111609,54.72
2025111609,56.49
2025111610,51.44
2025111610,47.73
2025111610,32.42
2025111610,24.41
2025111611,18.07
2025111611,10.83
2025111611,18.51
2025111611,15.17
2025111612,16.91
2025111612,9.14
2025111612,8.39
2025111612,22.52
2025111613,26.27
2025111613,44.54
2025111613,9.35
2025111613,6.59
2025111614,4.32
2025111614,8.54
2025111614,3.29
2025111614,3.23
2025111615,1.37
2025111615,0.0
2025111700,0.0
2025111707,1.33
2025111707,2.5
2025111707,5.06
2025111708,15.07
2025111708,22.34
2025111708,7.21
2025111708,5.21
2025111709,30.18
2025111709,42.5
2025111709,48.96
2025111709,53.8
2025111710,56.74
2025111710,58.95
2025111710,60.57
2025111710,61.49
2025111711,61.88
2025111711,61.18
2025111711,59.99
2025111712,57.74
2025111712,54.82
2025111712,52.05
2025111712,46.7
2025111713,39.54
2025111713,32.78
2025111713,27.6
2025111713,22.89
2025111714,16.54
2025111714,9.8
2025111714,4.42
2025111714,3.58
2025111715,1.03
2025111715,0.0
2025111800,0.0
2025111807,1.14
2025111807,4.15
2025111808,7.71
2025111808,9.71
2025111808,15.26
2025111808,21.75
2025111809,16.9
2025111809,24.63
2025111809,18.54
2025111809,25.93
2025111810,25.48
2025111810,35.23
2025111810,40.35
2025111810,48.43
2025111811,21.66
2025111811,15.6
2025111811,53.4
2025111811,22.54
2025111812,22.66
2025111812,17.52
2025111812,19.87
2025111812,35.79
2025111813,19.71
2025111813,15.73
2025111813,15.26
2025111813,13.31
2025111814,9.05
2025111814,7.08
2025111814,4.56
2025111814,3.17
2025111815,0.48
2025111815,0.0
2025111900,0.0
2025111907,0.48
2025111907,1.98
2025111908,3.45
2025111908,6.55
2025111908,8.44
2025111908,11.62
2025111909,14.06
2025111909,17.49
2025111909,30.0
2025111909,47.62
2025111910,51.29
2025111910,33.87
2025111910,33.61
2025111910,52.65
2025111911,58.99
2025111911,42.82
2025111911,46.17
2025111911,53.69
2025111912,51.26
2025111912,50.64
2025111912,49.59
2025111912,43.17
2025111913,36.41
2025111913,31.49
2025111913,27.11
2025111913,21.68
2025111914,14.59
2025111914,9.97
2025111914,5.73
2025111914,3.49
2025111915,1.59
2025111915,0.0
2025112000,0.0
2025112007,0.17
2025112007,1.9
2025112007,3.5
2025112007,6.69
2025112008,11.25
2025112008,17.44
2025112008,32.36
2025112008,31.35
2025112009,35.86
2025112009,42.77
2025112009,41.76
2025112009,47.14
2025112010,56.29
2025112010,57.51
2025112010,57.95
2025112010,60.75
2025112011,59.76
2025112011,39.01
2025112011,23.68
2025112011,24.75
2025112012,21.67
2025112012,27.54
2025112012,27.08
2025112012,38.6
2025112013,38.68
2025112013,24.54
2025112013,17.65
2025112013,18.31
2025112014,14.3
2025112014,10.3
2025112014,7.5
2025112014,3.09
2025112015,0.8
2025112015,0.0
2025112100,0.0
2025112107,0.11
2025112107,2.0
2025112107,3.29
2025112107,6.69
2025112108,11.75
2025112108,16.49
2025112108,24.07
2025112108,29.66
2025112109,34.08
2025112109,37.95
2025112109,43.33
2025112109,49.27
2025112110,53.7
2025112110,56.48
2025112110,58.33
2025112110,58.94
2025112111,60.0
2025112111,59.87
2025112111,59.11
2025112111,57.87
2025112112,56.35
2025112112,53.31
2025112112,47.31
2025112112,39.87
2025112113,36.04
2025112113,31.86
2025112113,27.84
2025112113,22.21
2025112114,15.03
2025112114,9.02
2025112114,5.52
2025112114,3.73
2025112115,1.58
2025112115,0.0
2025112200,0.0
2025112207,1.34
2025112207,3.32
2025112207,4.76
2025112208,5.12
2025112208,6.47
2025112208,7.89
2025112208,7.36
2025112209,11.53
2025112209,14.11
2025112209,25.71
2025112209,33.76
2025112210,23.65
2025112210,22.66
2025112210,19.65
2025112210,18.46
2025112211,19.8
2025112211,22.5
2025112211,16.99
2025112211,6.33
2025112212,10.36
2025112212,11.16
2025112212,8.29
2025112212,11.73
2025112213,15.36
2025112213,18.88
2025112213,14.01
2025112213,7.19
2025112214,7.16
2025112214,4.23
2025112214,2.23
2025112214,0.0
2025112300,0.0
2025112307,2.04
2025112308,3.06
2025112308,5.13
2025112308,5.15
2025112308,7.63
2025112309,9.79
2025112309,9.78
2025112309,13.58
2025112309,12.16
2025112310,8.28
2025112310,12.21
2025112310,9.94
2025112310,9.9
2025112311,15.25
2025112311,18.98
2025112311,12.88
2025112311,25.71
2025112312,19.41
2025112312,12.88
2025112312,15.48
2025112312,13.93
2025112313,10.52
2025112313,7.28
2025112313,5.16
2025112313,4.12
2025112314,4.17
2025112314,4.16
2025112314,4.18
2025112314,2.09
2025112315,0.0
2025112400,0.0
2025112413,0.03
2025112414,0.24
2025112414,0.08
2025112414,0.0
2025112500,0.0
2025112507,0.04
2025112508,0.47
2025112508,0.82
2025112508,1.33
2025112508,1.55
2025112509,1.96
2025112509,2.89
2025112509,3.51
2025112509,3.19
2025112510,2.9
2025112510,2.98
2025112510,3.3
2025112510,3.08
2025112511,3.69
2025112511,3.04
2025112511,2.61
2025112511,2.5
2025112512,2.41
2025112512,2.37
2025112512,2.41
2025112512,2.3
2025112513,2.5
2025112513,2.0
2025112513,1.89
2025112513,1.9
2025112514,1.68
2025112514,1.18
2025112514,0.0
2025112600,0.0
2025112611,18.65
2025112611,25.18
2025112611,24.84
2025112611,17.15
2025112612,22.15
2025112612,20.87
2025112612,19.63
2025112612,17.76
2025112613,12.78
2025112613,13.0
2025112613,10.52
2025112613,7.28
2025112614,5.36
2025112614,3.17
2025112614,1.76
2025112614,0.53
2025112615,0.0
2025112700,0.0
2025112708,0.01
2025112708,0.15
2025112708,0.36
2025112708,0.02
2025112709,0.0
2025112800,0.0
2025112810,0.34
2025112810,7.44
2025112811,8.94
2025112811,10.28
2025112811,7.86
2025112811,8.14
2025112812,7.39
2025112812,6.23
2025112812,6.63
2025112812,6.58
2025112813,5.69
2025112813,5.73
2025112813,5.45
2025112813,3.95
2025112814,2.54
2025112814,1.59
2025112814,1.35
2025112814,0.17
2025112815,0.0
2025112900,0.0
2025112907,0.71
2025112907,5.31
2025112908,9.27
2025112908,9.9
2025112908,14.07
2025112908,11.5
2025112909,6.38
2025112909,8.25
2025112909,7.92
2025112909,16.78
2025112910,17.2
2025112910,18.81
2025112910,18.8
2025112910,18.18
2025112911,13.11
2025112911,9.91
2025112911,5.57
2025112911,5.76
2025112912,4.41
2025112912,5.37
2025112912,5.11
2025112912,3.43
2025112913,3.4
2025112913,3.07
2025112913,1.69
2025112913,2.9
2025112914,2.65
2025112914,0.32
2025112914,0.0
2025113000,0.0
2025113007,0.07
2025113007,1.31
2025113008,1.86
2025113008,2.65
2025113008,6.14
2025113008,10.22
2025113009,16.97
2025113009,20.19
2025113009,22.28
2025113009,32.92
2025113010,27.29
2025113010,34.44
2025113010,35.72
2025113010,36.25
2025113011,38.22
2025113011,25.8
2025113011,25.02
2025113011,13.88
2025113012,8.46
2025113012,7.7
2025113012,8.53
2025113012,17.41
2025113013,5.12
2025113013,6.21
2025113013,2.35
2025113013,3.34
2025113014,4.13
2025113014,0.74
2025113014,0.0
2025120100,0.0
2025120107,1.02
2025120107,2.86
2025120108,2.52
2025120108,5.04
2025120108,8.61
2025120108,9.26
2025120109,11.88
2025120109,10.28
2025120109,7.93
2025120109,6.6
2025120110,4.36
2025120110,6.33
2025120110,13.84
2025120110,7.65
2025120111,4.63
2025120111,3.94
2025120111,4.5
2025120111,7.89
2025120112,5.89
2025120112,4.78
2025120112,4.81
2025120112,5.1
2025120113,4.09
2025120113,4.27
2025120113,4.88
2025120113,4.78
2025120114,3.64
2025120114,3.05
2025120114,0.24
2025120114,0.0
2025120200,0.0
2025120207,1.24
2025120208,1.16
2025120208,1.46
2025120208,3.3
2025120208,3.94
2025120209,4.76
2025120209,8.25
2025120209,9.5
2025120209,9.33
2025120210,7.92
2025120210,7.29
2025120210,5.49
2025120210,6.81
2025120211,7.41
2025120211,6.11
2025120211,4.93
2025120211,5.88
2025120212,6.01
2025120212,5.19
2025120212,4.87
2025120212,5.28
2025120213,4.09
2025120213,3.95
2025120213,3.25
2025120213,3.04
2025120214,2.42
2025120214,1.17
2025120214,0.0
2025120300,0.0
2025120307,0.17
2025120308,0.95
2025120308,0.85
2025120308,1.29
2025120308,2.83
2025120309,4.0
2025120309,4.7
2025120309,4.56
2025120309,4.35
2025120310,5.57
2025120310,7.91
2025120310,8.05
2025120310,6.37
2025120311,5.51
2025120311,4.57
2025120311,4.22
2025120311,4.1
2025120312,4.17
2025120312,4.05
2025120312,3.67
2025120312,3.6
2025120313,3.72
2025120313,3.46
2025120313,2.5
2025120313,2.42
2025120314,0.25
2025120314,0.0
2025120400,0.0
2025120408,1.09
2025120408,2.08
2025120408,2.53
2025120408,2.56
2025120409,2.53
2025120409,2.61
2025120409,3.3
2025120409,3.29
2025120410,3.77
2025120410,5.5
2025120410,3.37
2025120410,3.27
2025120411,3.99
2025120411,4.89
2025120411,3.82
2025120411,5.25
2025120412,5.74
2025120412,4.51
2025120412,3.94
2025120412,4.01
2025120413,3.85
2025120413,3.99
2025120413,3.53
2025120413,3.32
2025120414,3.12
2025120414,2.8
2025120414,0.23
2025120414,0.0
2025120500,0.0
2025120508,0.08
2025120508,1.04
2025120508,1.2
2025120509,1.46
2025120509,1.89
2025120509,1.84
2025120509,1.72
2025120510,2.4
2025120510,2.89
2025120510,3.39
2025120510,3.43
2025120511,3.96
2025120511,3.84
2025120511,3.68
2025120511,3.67
2025120512,4.45
2025120512,3.78
2025120512,3.93
2025120512,4.15
2025120513,4.2
2025120513,3.66
2025120513,3.37
2025120513,1.93
2025120514,0.19
2025120514,0.0
2025120600,0.0
2025120607,0.07
2025120608,1.3
2025120608,1.49
2025120608,2.37
2025120608,3.52
2025120609,5.97
2025120609,8.5
2025120609,8.24
2025120609,10.17
2025120610,8.58
2025120610,8.53
2025120610,7.88
2025120610,6.55
2025120611,6.14
2025120611,6.03
2025120611,5.41
2025120611,5.36
2025120612,5.57
2025120612,5.07
2025120612,5.79
2025120612,4.7
2025120613,3.5
2025120613,3.3
2025120613,1.08
2025120613,1.04
2025120614,3.17
2025120614,2.74
2025120614,0.0
2025120700,0.0
2025120707,0.17
2025120708,1.43
2025120708,1.66
2025120708,1.69
2025120708,2.44
2025120709,2.69
2025120709,2.78
2025120709,3.83
2025120709,4.18
2025120710,4.76
2025120710,5.53
2025120710,5.36
2025120710,4.06
2025120711,6.03
2025120711,7.58
2025120711,11.65
2025120711,5.35
2025120712,6.31
2025120712,4.04
2025120712,4.06
2025120712,7.66
2025120713,5.99
2025120713,8.26
2025120713,5.97
2025120713,3.78
2025120714,2.97
2025120714,1.18
2025120714,0.0
2025120800,0.0
2025120808,0.42
2025120808,1.91
2025120808,4.55
2025120809,4.73
2025120809,7.67
2025120809,4.85
2025120809,3.41
2025120810,7.67
2025120810,13.04
2025120810,12.17
2025120810,13.63
2025120811,25.95
2025120811,27.08
2025120811,21.54
2025120811,8.59
2025120812,7.63
2025120812,7.06
2025120812,5.86
2025120812,4.64
2025120813,5.46
2025120813,4.6
2025120813,4.02
2025120813,3.43
2025120814,2.12
2025120814,3.03
2025120814,2.12
2025120814,0.02
2025120815,0.0
2025120900,0.0
2025120908,1.02
2025120908,1.99
2025120908,2.79
2025120908,2.87
2025120909,3.07
2025120909,3.55
2025120909,4.85
2025120909,5.16
2025120910,4.33
2025120910,4.45
2025120910,6.11
2025120910,5.7
2025120911,5.5
2025120911,4.69
2025120911,5.66
2025120911,6.15
2025120912,4.86
2025120912,6.34
2025120912,6.86
2025120912,5.06
2025120913,3.54
2025120913,3.16
2025120913,3.06
2025120913,3.12
2025120914,2.75
2025120914,0.83
2025120914,0.0
2025121000,0.0
2025121008,1.03
2025121008,2.62
2025121008,3.0
2025121008,3.72
2025121009,5.81
2025121009,12.17
2025121009,18.87
2025121009,22.66
2025121010,25.08
2025121010,26.49
2025121010,26.25
2025121010,13.6
2025121011,9.57
2025121011,17.22
2025121011,24.37
2025121011,14.03
2025121012,9.86
2025121012,9.64
2025121012,7.44
2025121012,5.11
2025121013,2.75
2025121013,2.51
2025121013,2.96
2025121013,3.18
2025121014,1.14
2025121014,0.25
2025121014,0.0
2025121100,0.0
2025121108,0.02
2025121108,1.14
2025121108,0.84
2025121108,2.22
2025121109,4.16
2025121109,8.18
2025121109,7.75
2025121109,7.07
2025121110,6.07
2025121110,6.51
2025121110,6.02
2025121110,4.87
2025121111,5.71
2025121111,9.37
2025121111,13.82
2025121111,12.25
2025121112,7.58
2025121112,5.43
2025121112,5.71
2025121112,4.85
2025121113,4.65
2025121113,5.0
2025121113,5.91
2025121113,4.89
2025121114,5.07
2025121114,5.15
2025121114,3.08
2025121114,0.14
2025121115,0.0
2025121200,0.0
2025121208,0.28
2025121208,1.27
2025121208,1.85
2025121208,2.26
2025121209,2.6
2025121209,2.92
2025121209,3.13
2025121209,3.25
2025121210,3.59
2025121210,4.04
2025121210,4.57
2025121210,5.01
2025121211,5.61
2025121211,6.51
2025121211,5.94
2025121211,7.45
2025121212,6.28
2025121212,4.13
2025121212,4.35
2025121212,4.4
2025121213,4.65
2025121213,5.14
2025121213,4.42
2025121213,3.54
2025121214,3.13
2025121214,0.15
2025121214,0.0
2025121300,0.0
2025121308,0.57
2025121308,2.06
2025121308,2.87
2025121308,2.98
2025121309,3.86
2025121309,16.6
2025121309,20.92
2025121309,20.77
2025121310,27.59
2025121310,28.53
2025121310,26.18
2025121310,23.47
2025121311,13.86
2025121311,14.45
2025121311,13.37
2025121311,18.54
2025121312,16.8
2025121312,14.68
2025121312,19.79
2025121312,12.51
2025121313,14.33
2025121313,7.14
2025121313,6.47
2025121313,5.85
2025121314,3.73
2025121314,2.87
2025121314,1.68
2025121314,0.0
2025121400,0.0
2025121408,0.01
2025121408,0.54
2025121409,1.31
2025121409,1.05
2025121409,1.58
2025121409,3.65
2025121410,3.99
2025121410,4.2
2025121410,4.12
2025121410,4.06
2025121411,4.43
2025121411,4.59
2025121411,4.01
2025121411,3.94
2025121412,3.74
2025121412,3.72
2025121412,3.73
2025121412,3.38
2025121413,3.43
2025121413,3.41
2025121413,3.34
2025121413,0.48
2025121414,0.0
2025121500,0.0
2025121508,0.17
2025121508,1.37
2025121509,1.54
2025121509,2.4
2025121509,2.95
2025121509,2.99
2025121510,3.86
2025121510,3.7
2025121510,3.98
2025121510,4.22
2025121511,4.47
2025121511,6.06
2025121511,5.28
2025121511,4.61
2025121512,4.36
2025121512,3.69
2025121512,3.4
2025121512,3.3
2025121513,3.83
2025121513,3.89
2025121513,3.64
2025121513,3.39
2025121514,3.03
2025121514,0.61
2025121514,0.0
2025121600,0.0
2025121608,0.56
2025121608,2.09
2025121608,4.43
2025121608,4.15
2025121609,5.76
2025121609,9.71
2025121609,17.68
2025121609,16.29
2025121610,9.86
2025121610,16.51
2025121610,19.38
2025121610,18.88
2025121611,12.27
2025121611,11.5
2025121611,6.55
2025121611,6.01
2025121612,8.27
2025121612,9.38
2025121612,7.45
2025121612,6.13
2025121613,6.04
2025121613,3.74
2025121613,3.43
2025121613,3.41
2025121614,3.45
2025121614,2.93
2025121614,0.01
2025121614,0.0
2025121700,0.0
2025121707,0.01
2025121708,1.05
2025121708,1.8
2025121708,4.25
2025121708,8.18
2025121709,12.61
2025121709,16.39
2025121709,23.41
2025121709,28.55
2025121710,23.29
2025121710,30.68
2025121710,33.92
2025121710,26.76
2025121711,20.56
2025121711,18.12
2025121711,18.06
2025121711,13.75
2025121712,12.66
2025121712,11.08
2025121712,9.84
2025121712,10.9
2025121713,10.49
2025121713,6.74
2025121713,5.39
2025121713,5.01
2025121714,3.65
2025121714,3.24
2025121714,1.73
2025121714,0.0
2025121800,0.0
2025121808,0.54
2025121808,1.56
2025121809,1.83
2025121809,2.38
2025121809,2.57
2025121809,2.63
2025121810,3.74
2025121810,5.08
2025121810,3.9
2025121810,4.44
2025121811,3.87
2025121811,4.45
2025121811,5.52
2025121811,4.31
2025121812,3.74
2025121812,3.41
2025121812,3.36
2025121812,3.17
2025121813,3.02
2025121813,3.19
2025121813,2.25
2025121813,1.74
2025121814,0.33
2025121814,0.0
2025121900,0.0
2025121908,0.01
2025121908,1.71
2025121908,2.48
2025121908,3.89
2025121909,5.16
2025121909,6.87
2025121909,8.17
2025121909,8.31
2025121910,11.3
2025121910,13.71
2025121910,14.44
2025121910,13.23
2025121911,12.9
2025121911,10.51
2025121911,10.61
2025121911,11.19
2025121912,13.45
2025121912,18.34
2025121912,26.37
2025121912,20.15
2025121913,15.05
2025121913,13.4
2025121913,6.5
2025121913,7.02
2025121914,5.31
2025121914,3.93
2025121914,3.12
2025121914,0.78
2025121915,0.0
2025122000,0.0
2025122007,0.28
2025122008,1.45
2025122008,2.36
2025122008,3.84
2025122008,6.48
2025122009,10.2
2025122009,13.85
2025122009,18.63
2025122009,25.77
2025122010,23.42
2025122010,26.71
2025122010,27.13
2025122010,30.11
2025122011,30.94
2025122011,31.05
2025122011,30.67
2025122011,30.6
2025122012,29.3
2025122012,26.91
2025122012,24.57
2025122012,21.13
2025122013,18.55
2025122013,14.21
2025122013,11.46
2025122013,9.41
2025122014,4.67
2025122014,2.8
2025122014,1.4
2025122014,0.02
2025122015,0.0
2025122100,0.0
2025122108,0.56
2025122108,1.93
2025122109,2.94
2025122109,4.05
2025122109,3.94
2025122109,3.96
2025122110,4.73
2025122110,5.57
2025122110,5.76
2025122110,7.62
2025122111,11.0
2025122111,10.17
2025122111,9.69
2025122111,9.07
2025122112,8.32
2025122112,7.63
2025122112,6.41
2025122112,8.81
2025122113,6.83
2025122113,4.47
2025122113,3.69
2025122113,3.32
2025122114,2.06
2025122114,0.05
2025122114,0.0
2025122200,0.0
2025122207,0.06
2025122208,0.89
2025122208,2.32
2025122208,3.91
2025122208,6.18
2025122209,8.52
2025122209,10.23
2025122209,14.12
2025122209,20.72
2025122210,17.83
2025122210,17.19
2025122210,17.4
2025122210,18.05
2025122211,18.55
2025122211,20.63
2025122211,23.57
2025122211,24.8
2025122212,21.68
2025122212,11.97
2025122212,21.89
2025122212,14.3
2025122213,10.18
2025122213,10.74
2025122213,9.51
2025122213,7.19
2025122214,5.14
2025122214,3.46
2025122214,1.77
2025122214,0.0
2025122300,0.0
2025122308,0.01
2025122308,1.2
2025122308,2.32
2025122308,3.72
2025122309,4.13
2025122309,5.7
2025122309,5.2
2025122309,5.59
2025122310,5.65
2025122310,6.34
2025122310,6.31
2025122310,7.4
2025122311,10.12
2025122311,11.38
2025122311,22.62
2025122311,32.98
2025122312,20.38
2025122312,29.1
2025122312,24.01
2025122312,7.08
2025122313,8.26
2025122313,9.51
2025122313,5.51
2025122313,3.4
2025122314,3.37
2025122314,3.6
2025122314,1.89
2025122314,0.0
2025122400,0.0
2025122408,0.59
2025122408,2.17
2025122408,3.97
2025122408,6.36
2025122409,8.74
2025122409,10.22
2025122409,16.06
2025122409,17.87
2025122410,30.47
2025122410,26.67
2025122410,32.99
2025122410,39.07
2025122411,22.23
2025122411,19.52
2025122411,15.47
2025122411,19.08
2025122412,18.31
2025122412,13.5
2025122412,11.53
2025122412,13.61
2025122413,22.04
2025122413,19.01
2025122413,11.18
2025122413,3.76
2025122414,2.99
2025122414,2.66
2025122414,0.95
2025122414,0.0
2025122500,0.0
2025122507,0.14
2025122507,1.52
2025122508,1.97
2025122508,3.99
2025122508,7.79
2025122508,10.12
2025122509,12.4
2025122509,13.22
2025122509,14.78
2025122509,16.68
2025122510,17.71
2025122510,19.7
2025122510,21.49
2025122510,21.51
2025122511,21.42
2025122511,21.73
2025122511,20.85
2025122511,19.66
2025122512,18.58
2025122512,17.8
2025122512,17.27
2025122512,17.26
2025122513,14.6
2025122513,10.42
2025122513,7.77
2025122513,5.28
2025122514,4.39
2025122514,3.47
2025122514,2.82
2025122514,0.62
2025122515,0.0
2025122600,0.0
2025122608,0.86
2025122608,2.53
2025122608,3.65
2025122608,4.94
2025122609,6.71
2025122609,10.56
2025122609,17.95
2025122609,21.8
2025122610,23.32
2025122610,29.6
2025122610,30.18
2025122610,31.04
2025122611,31.68
2025122611,32.05
2025122611,31.51
2025122611,30.83
2025122612,29.9
2025122612,28.39
2025122612,26.4
2025122612,23.67
2025122613,19.42
2025122613,15.21
2025122613,12.21
2025122613,9.21
2025122614,5.55
2025122614,3.15
2025122614,2.73
2025122614,0.9
2025122615,0.0
2025122700,0.0
2025122708,0.77
2025122708,2.78
2025122708,5.38
2025122708,8.31
2025122709,12.77
2025122709,16.87
2025122709,17.94
2025122709,23.27
2025122710,26.57
2025122710,28.47
2025122710,27.76
2025122710,29.52
2025122711,30.55
2025122711,32.28
2025122711,32.7
2025122711,27.42
2025122712,24.77
2025122712,24.73
2025122712,26.56
2025122712,23.87
2025122713,20.23
2025122713,16.17
2025122713,11.9
2025122713,7.95
2025122714,4.82
2025122714,3.25
2025122714,2.75
2025122714,0.43
2025122715,0.0
2025122800,0.0
2025122807,0.28
2025122808,1.77
2025122808,2.98
2025122808,5.12
2025122808,8.33
2025122809,12.12
2025122809,15.77
2025122809,20.55
2025122809,17.76
2025122810,14.73
2025122810,27.24
2025122810,31.67
2025122810,15.54
2025122811,16.42
2025122811,17.73
2025122811,23.2
2025122811,30.56
2025122812,22.41
2025122812,21.92
2025122812,27.88
2025122812,22.15
2025122813,19.49
2025122813,13.64
2025122813,10.77
2025122813,7.64
2025122814,6.27
2025122814,4.44
2025122814,3.25
2025122814,2.06
2025122815,0.05
2025122815,0.0
2025122900,0.0
2025122907,0.41
2025122908,1.92
2025122908,3.4
2025122908,5.42
2025122908,8.33
2025122909,11.3
2025122909,14.4
2025122909,18.05
2025122909,22.23
2025122910,25.03
2025122910,25.25
2025122910,29.75
2025122910,30.92
2025122911,33.47
2025122911,33.91
2025122911,34.03
2025122911,33.51
2025122912,32.35
2025122912,30.82
2025122912,28.46
2025122912,26.68
2025122913,22.79
2025122913,17.56
2025122913,14.04
2025122913,10.72
2025122914,7.36
2025122914,4.41
2025122914,2.88
2025122914,0.68
2025122915,0.0
2025123000,0.0
2025123007,0.38
2025123008,1.69
2025123008,2.93
2025123008,5.34
2025123008,10.09
2025123009,13.38
2025123009,16.41
2025123009,20.46
2025123009,25.49
2025123010,29.18
2025123010,31.24
2025123010,32.7
2025123010,34.07
2025123011,35.02
2025123011,34.82
2025123011,35.43
2025123011,34.99
2025123012,34.17
2025123012,32.77
2025123012,30.87
2025123012,28.38
2025123013,24.29
2025123013,19.18
2025123013,11.76
2025123013,4.81
2025123014,4.56
2025123014,3.92
2025123014,3.35
2025123014,2.14
2025123015,0.01
2025123015,0.0
2025123100,0.0
2025123107,0.16
2025123108,1.75
2025123108,2.8
2025123108,3.32
2025123108,4.81
2025123109,7.17
2025123109,11.51
2025123109,18.33
2025123109,23.35
2025123110,27.0
2025123110,29.35
2025123110,31.38
2025123110,32.05
2025123111,32.75
2025123111,32.92
2025123111,32.34
2025123111,30.39
2025123112,10.61
2025123112,12.62
2025123112,15.04
2025123112,11.21
2025123113,10.29
2025123113,8.51
2025123113,9.14
2025123113,10.49
2025123114,8.38
2025123114,4.37
2025123114,3.24
2025123114,1.42
2025123115,0.0
2026010100,0.0
2026010108,0.59
2026010108,1.26
2026010108,0.01
2026010108,3.09
2026010109,5.85
2026010109,3.85
2026010109,4.44
2026010109,6.49
2026010110,6.03
2026010110,14.88
2026010110,15.79
2026010110,25.47
2026010111,24.61
2026010111,22.63
2026010111,5.67
2026010111,4.52
2026010112,17.46
2026010112,35.51
2026010112,15.15
2026010112,6.47
2026010113,4.76
2026010113,6.96
2026010113,2.59
2026010113,4.56
2026010114,2.43
2026010114,0.0
2026010114,0.02
2026010114,0.0
2026010200,0.0
2026010208,0.34
2026010208,1.53
2026010208,2.41
2026010208,5.59
2026010209,15.05
2026010209,19.06
2026010209,13.77
2026010209,32.68
2026010210,9.66
2026010210,25.44
2026010210,20.71
2026010210,19.19
2026010211,13.28
2026010211,16.17
2026010211,19.04
2026010211,30.06
2026010212,30.35
2026010212,29.63
2026010212,23.34
2026010212,16.66
2026010213,8.37
2026010213,5.74
2026010213,4.24
2026010213,5.43
2026010214,4.08
2026010214,3.35
2026010214,3.1
2026010214,0.39
2026010215,0.0
2026010300,0.0
2026010307,0.09
2026010308,1.41
2026010308,2.54
2026010308,4.52
2026010308,7.63
2026010309,10.31
2026010309,12.95
2026010309,16.88
2026010309,20.6
2026010310,23.68
2026010310,27.56
2026010310,31.36
2026010310,34.01
2026010311,35.17
2026010311,35.54
2026010311,35.66
2026010311,35.28
2026010312,34.37
2026010312,32.24
2026010312,25.3
2026010312,30.6
2026010313,26.8
2026010313,19.69
2026010313,14.13
2026010313,7.7
2026010314,3.76
2026010314,2.99
2026010314,2.97
2026010314,0.66
2026010315,0.0
2026010400,0.0
2026010408,0.24
2026010408,1.49
2026010408,2.3
2026010409,3.97
2026010409,5.36
2026010409,12.57
2026010409,14.0
2026010410,25.59
2026010410,34.71
2026010410,37.49
2026010410,29.32
2026010411,35.16
2026010411,36.61
2026010411,36.8
2026010411,36.33
2026010412,35.55
2026010412,34.48
2026010412,32.97
2026010412,30.74
2026010413,27.63
2026010413,23.38
2026010413,17.51
2026010413,13.46
2026010414,10.24
2026010414,6.04
2026010414,3.65
2026010414,2.2
2026010415,0.02
2026010415,0.0
2026010500,0.0
2026010508,0.94
2026010508,1.95
2026010508,2.44
2026010508,2.99
2026010509,3.09
2026010509,2.85
2026010509,3.11
2026010509,3.44
2026010510,3.58
2026010510,4.18
2026010510,5.16
2026010510,6.07
2026010511,6.03
2026010511,5.57
2026010511,6.06
2026010511,7.0
2026010512,7.36
2026010512,8.42
2026010512,10.56
2026010512,18.15
2026010513,23.18
2026010513,11.93
2026010513,7.73
2026010513,7.11
2026010514,6.32
2026010514,6.19
2026010514,4.41
2026010514,2.88
2026010515,0.04
2026010515,0.0
2026010600,0.0
2026010608,0.67
2026010608,2.07
2026010608,3.16
2026010608,4.64
2026010609,5.45
2026010609,8.04
2026010609,8.23
2026010609,7.16
2026010610,9.11
2026010610,13.96
2026010610,12.87
2026010610,7.71
2026010611,7.42
2026010611,6.28
2026010611,6.22
2026010611,5.27
2026010612,9.92
2026010612,6.89
2026010612,4.64
2026010612,5.07
2026010613,3.66
2026010613,4.26
2026010613,3.37
2026010613,3.64
2026010614,2.93
2026010614,1.55
2026010614,0.45
2026010614,0.0
2026010700,0.0
2026010709,0.64
2026010709,1.44
2026010709,0.08
2026010710,0.12
2026010710,1.12
2026010710,1.92
2026010710,1.84
2026010711,1.96
2026010711,2.31
2026010711,2.33
2026010711,2.5
2026010712,3.19
2026010712,3.34
2026010712,2.94
2026010712,2.52
2026010713,2.66
2026010713,3.18
2026010713,3.31
2026010713,3.66
2026010714,3.31
2026010714,0.87
2026010714,0.0
2026010800,0.0
2026010808,0.98
2026010808,2.11
2026010809,2.6
2026010809,3.06
2026010809,3.57
2026010809,4.02
2026010810,4.42
2026010810,5.01
2026010810,5.91
2026010810,6.42
2026010811,5.87
2026010811,5.2
2026010811,5.79
2026010811,5.29
2026010812,4.46
2026010812,4.11
2026010812,3.85
2026010812,3.7
2026010813,3.57
2026010813,3.47
2026010813,3.43
2026010813,3.22
2026010814,2.51
2026010814,0.14
2026010814,0.0
2026010900,0.0
2026010908,0.83
2026010908,2.37
2026010908,3.23
2026010908,4.53
2026010909,5.83
2026010909,6.98
2026010909,8.25
2026010909,9.26
2026010910,10.46
2026010910,11.52
2026010910,13.56
2026010910,14.82
2026010911,16.81
2026010911,20.05
2026010911,19.27
2026010911,19.72
2026010912,23.46
2026010912,23.01
2026010912,22.91
2026010912,19.71
2026010913,12.06
2026010913,8.99
2026010913,6.22
2026010913,5.42
2026010914,5.43
2026010914,4.62
2026010914,3.66
2026010914,2.57
2026010915,0.0
2026011000,0.0
2026011007,0.24
2026011008,1.72
2026011008,2.93
2026011008,3.63
2026011008,4.93
2026011009,6.92
2026011009,10.51
2026011009,24.33
2026011009,31.02
2026011010,35.41
2026011010,25.47
2026011010,29.68
2026011010,40.93
2026011011,41.78
2026011011,42.45
2026011011,46.94
2026011011,45.84
2026011012,45.43
2026011012,43.77
2026011012,38.89
2026011012,34.94
2026011013,29.82
2026011013,31.59
2026011013,27.56
2026011013,19.89
2026011014,14.92
2026011014,8.72
2026011014,5.27
2026011014,3.68
2026011015,1.76
2026011015,0.0
2026011100,0.0
2026011107,0.5
2026011107,2.11
2026011108,3.22
2026011108,7.82
2026011108,13.08
2026011108,15.65
2026011109,15.17
2026011109,21.72
2026011109,26.69
2026011109,37.94
2026011110,33.74
2026011110,29.15
2026011110,29.48
2026011110,29.25
2026011111,31.63
2026011111,32.62
2026011111,31.8
2026011111,29.67
2026011112,26.02
2026011112,22.93
2026011112,21.18
2026011112,19.57
2026011113,18.3
2026011113,15.8
2026011113,12.94
2026011113,10.7
2026011114,9.05
2026011114,6.72
2026011114,4.72
2026011114,3.55
2026011115,1.7
2026011115,0.0
2026011200,0.0
2026011208,0.49
2026011208,1.92
2026011208,2.27
2026011208,2.5
2026011209,3.82
2026011209,4.38
2026011209,5.29
2026011209,6.64
2026011210,6.73
2026011210,6.87
2026011210,11.26
2026011210,9.8
2026011211,8.52
2026011211,9.02
2026011211,10.0
2026011211,10.6
2026011212,11.03
2026011212,11.88
2026011212,11.87
2026011212,11.39
2026011213,12.07
2026011213,12.3
2026011213,9.45
2026011213,6.14
2026011214,4.32
2026011214,4.19
2026011214,3.23
2026011214,1.47
2026011215,0.0
2026011300,0.0
2026011308,0.14
2026011308,2.1
2026011308,2.28
2026011308,3.2
2026011309,4.99
2026011309,4.74
2026011309,5.48
2026011309,5.93
2026011310,8.63
2026011310,8.09
2026011310,7.61
2026011310,7.74
2026011311,8.84
2026011311,8.77
2026011311,9.03
2026011311,8.83
2026011312,9.28
2026011312,8.5
2026011312,7.32
2026011312,7.15
2026011313,5.95
2026011313,5.43
2026011313,4.98
2026011313,4.65
2026011314,4.2
2026011314,3.62
2026011314,3.24
2026011314,2.3
2026011315,0.0
2026011400,0.0
2026011407,0.55
2026011408,2.05
2026011408,5.94
2026011408,6.75
2026011408,7.8
2026011409,15.2
2026011409,26.55
2026011409,8.44
2026011409,7.73
2026011410,18.1
2026011410,37.74
2026011410,16.78
2026011410,18.29
2026011411,45.83
2026011411,41.81
2026011411,20.23
2026011411,44.1
2026011412,46.25
2026011412,43.65
2026011412,39.44
2026011412,38.18
2026011413,34.2
2026011413,23.66
2026011413,20.61
2026011413,21.54
2026011414,15.14
2026011414,8.09
2026011414,5.64
2026011414,3.63
2026011415,2.81
2026011415,0.0
2026011500,0.0
2026011508,1.3
2026011508,2.55
2026011508,2.63
2026011508,2.39
2026011509,3.62
2026011509,4.53
2026011509,2.55
2026011509,2.9
2026011510,3.92
2026011510,3.62
2026011510,4.04
2026011510,4.38
2026011511,4.21
2026011511,4.17
2026011511,5.79
2026011511,9.85
2026011512,5.65
2026011512,4.31
2026011512,3.91
2026011512,3.79
2026011513,3.97
2026011513,3.69
2026011513,3.42
2026011513,3.45
2026011514,2.98
2026011514,2.92
2026011514,1.4
2026011514,0.09
2026011515,0.0
2026011600,0.0
2026011608,0.11
2026011608,0.0
2026011609,0.72
2026011609,0.01
2026011609,0.74
2026011609,4.05
2026011610,4.91
2026011610,6.0
2026011610,6.54
2026011610,9.0
2026011611,7.39
2026011611,4.46
2026011611,4.42
2026011611,4.76
2026011612,5.45
2026011612,6.12
2026011612,6.38
2026011612,6.85
2026011613,7.96
2026011613,6.58
2026011613,6.35
2026011613,6.44
2026011614,5.92
2026011614,5.34
2026011614,4.29
2026011614,5.17
2026011615,4.37
2026011615,2.12
2026011615,0.03
2026011615,0.0
2026011700,0.0
2026011708,0.11
2026011708,0.6
2026011708,2.9
2026011709,5.7
2026011709,6.94
2026011709,8.78
2026011709,14.65
2026011710,11.73
2026011710,11.86
2026011710,10.63
2026011710,10.49
2026011711,14.6
2026011711,14.95
2026011711,17.32
2026011711,22.34
2026011712,21.42
2026011712,16.54
2026011712,13.65
2026011712,11.49
2026011713,8.8
2026011713,7.43
2026011713,6.55
2026011713,5.34
2026011714,4.12
2026011714,3.89
2026011714,3.42
2026011714,2.65
2026011715,1.8
2026011715,0.0
2026011800,0.0
2026011808,0.02
2026011808,1.62
2026011808,2.17
2026011809,2.36
2026011809,2.71
2026011809,3.03
2026011809,3.3
2026011810,3.61
2026011810,3.95
2026011810,3.87
2026011810,3.98
2026011811,4.53
2026011811,4.89
2026011811,4.6
2026011811,5.32
2026011812,5.71
2026011812,4.66
2026011812,3.79
2026011812,3.61
2026011813,3.56
2026011813,3.74
2026011813,3.71
2026011813,3.48
2026011814,3.4
2026011814,2.88
2026011814,2.15
2026011814,0.02
2026011815,0.0
2026011900,0.0
2026011907,0.43
2026011907,2.19
2026011908,3.6
2026011908,5.99
2026011908,9.78
2026011908,13.91
2026011909,19.65
2026011909,24.99
2026011909,29.47
2026011909,33.29
2026011910,37.74
2026011910,42.82
2026011910,47.21
2026011910,50.16
2026011911,51.96
2026011911,53.21
2026011911,53.54
2026011911,53.44
2026011912,53.06
2026011912,51.37
2026011912,48.28
2026011912,43.81
2026011913,38.54
2026011913,33.69
2026011913,29.7
2026011913,25.82
2026011914,20.99
2026011914,14.83
2026011914,10.37
2026011914,6.67
2026011915,4.21
2026011915,3.07
2026011915,0.27
2026011915,0.0
2026012000,0.0
2026012007,0.26
2026012007,2.09
2026012008,3.19
2026012008,5.42
2026012008,8.49
2026012008,12.11
2026012009,16.72
2026012009,20.69
2026012009,24.6
2026012009,30.26
2026012010,36.42
2026012010,41.4
2026012010,45.5
2026012010,48.16
2026012011,49.52
2026012011,49.38
2026012011,48.65
2026012011,49.9
2026012012,50.02
2026012012,48.2
2026012012,45.96
2026012012,42.04
2026012013,34.51
2026012013,29.23
2026012013,24.94
2026012013,21.06
2026012014,18.25
2026012014,14.09
2026012014,11.79
2026012014,7.11
2026012015,4.38
2026012015,2.85
2026012015,0.09
2026012015,0.0
2026012100,0.0
2026012108,1.22177
2026012108,2.13087
2026012108,2.44234
2026012108,2.80929
2026012109,3.17521
2026012109,3.63932
2026012109,3.03887
2026012109,2.58125
2026012110,2.87122
2026012110,3.74705
2026012110,4.35239
2026012110,4.3941
2026012111,4.72208
2026012111,5.36068
2026012111,5.95327
2026012111,6.46996
2026012112,6.7419
2026012112,5.87524
2026012112,4.21247
2026012112,3.54616
2026012113,3.81302
2026012113,4.45017
2026012113,4.502
2026012113,4.29888
2026012114,4.18034
2026012114,3.71605
2026012114,3.41561
2026012114,3.10222
2026012115,1.11787
2026012115,0.0
2026012200,0.0
2026012207,0.14
2026012208,0.84
2026012208,0.38
2026012208,0.23
2026012208,0.87
2026012209,1.39
2026012209,1.72
2026012209,2.47
2026012209,2.83
2026012210,3.53
2026012210,3.93
2026012210,3.85
2026012210,4.02
2026012211,4.79
2026012211,4.54
2026012211,5.49
2026012211,5.15
2026012212,4.58
2026012212,4.9
2026012212,6.34
2026012212,7.0
2026012213,5.48
2026012213,5.0
2026012213,4.94
2026012213,4.55
2026012214,4.09
2026012214,3.67
2026012214,3.64
2026012214,3.12
2026012215,1.01
2026012215,0.0
2026012300,0.0
2026012308,0.07
2026012308,1.58
2026012308,2.12
2026012308,2.92
2026012309,3.29
2026012309,3.45
2026012309,3.84
2026012309,4.14
2026012310,4.67
2026012310,4.47
2026012310,5.06
2026012310,7.05
2026012311,8.88
2026012311,13.06
2026012311,16.95
2026012311,12.59
2026012312,10.57
2026012312,8.4
2026012312,6.67
2026012312,6.07
2026012313,4.85
2026012313,4.84
2026012313,4.62
2026012313,5.05
2026012314,5.14
2026012314,4.76
2026012314,4.36
2026012314,3.87
2026012315,3.45
2026012315,1.95
2026012315,0.01
2026012315,0.0
2026012400,0.0
2026012408,0.05
2026012408,1.63
2026012408,1.8
2026012408,2.49
2026012409,3.25
2026012409,4.13
2026012409,5.04
2026012409,6.16
2026012410,7.63
2026012410,6.44
2026012410,4.68
2026012410,6.21
2026012411,5.97
2026012411,5.74
2026012411,6.82
2026012411,6.97
2026012412,6.61
2026012412,5.15
2026012412,5.61
2026012412,6.15
2026012413,5.36
2026012413,5.12
2026012413,4.01
2026012413,3.4
2026012414,3.3
2026012414,3.24
2026012414,1.26
2026012414,0.0
2026012500,0.0
2026012507,0.1
2026012507,1.18
2026012508,1.45
2026012508,2.13
2026012508,2.46
2026012508,2.05
2026012509,2.57
2026012509,2.61
2026012509,2.27
2026012509,1.66
2026012510,1.6
2026012510,1.56
2026012510,1.75
2026012510,2.17
2026012511,2.36
2026012511,2.77
2026012511,3.44
2026012511,3.89
2026012512,3.65
2026012512,3.71
2026012512,3.86
2026012512,3.85
2026012513,4.15
2026012513,3.59
2026012513,3.5
2026012513,3.45
2026012514,3.54
2026012514,3.0
2026012514,0.46
2026012514,0.15
2026012515,0.0
2026012600,0.0
2026012607,1.33
2026012608,2.29
2026012608,3.18
2026012608,4.94
2026012608,6.5
2026012609,7.17
2026012609,6.53
2026012609,6.11
2026012609,6.9
2026012610,6.13
2026012610,7.57
2026012610,7.72
2026012610,7.61
2026012611,8.33
2026012611,10.55
2026012611,13.77
2026012611,16.47
2026012612,16.71
2026012612,13.98
2026012612,13.94
2026012612,12.99
2026012613,10.36
2026012613,9.27
2026012613,9.22
2026012613,8.25
2026012614,5.93
2026012614,4.6
2026012614,3.87
2026012614,3.6
2026012615,3.29
2026012615,1.05
2026012615,0.0
2026012700,0.0
2026012707,0.23
2026012707,2.01
2026012708,2.9
2026012708,4.24
2026012708,5.94
2026012708,9.09
2026012709,12.19
2026012709,11.25
2026012709,17.07
2026012709,20.5
2026012710,14.3
2026012710,12.67
2026012710,13.28
2026012710,13.0
2026012711,12.49
2026012711,10.93
2026012711,12.87
2026012711,12.01
2026012712,10.68
2026012712,9.88
2026012712,10.78
2026012712,10.3
2026012713,8.32
2026012713,6.77
2026012713,6.72
2026012713,4.17
2026012714,3.61
2026012714,3.91
2026012714,3.66
2026012714,2.7
2026012715,0.19
2026012715,0.0
2026012800,0.0
2026012807,0.04
2026012807,2.15
2026012808,2.6
2026012808,3.03
2026012808,3.64
2026012808,4.14
2026012809,5.51
2026012809,5.34
2026012809,5.03
2026012809,6.68
2026012810,7.92
2026012810,7.69
2026012810,6.69
2026012810,8.34
2026012811,8.23
2026012811,6.83
2026012811,6.71
2026012811,7.13
2026012812,5.86
2026012812,5.47
2026012812,5.27
2026012812,6.3
2026012813,7.35
2026012813,6.35
2026012813,5.1
2026012813,4.61
2026012814,3.9
2026012814,3.53
2026012814,3.31
2026012814,1.11
2026012815,0.0
2026012900,0.0
2026012907,0.11
2026012907,2.09
2026012908,2.84
2026012908,3.91
2026012908,4.2
2026012908,5.19
2026012909,7.19
2026012909,9.27
2026012909,9.92
2026012909,9.51
2026012910,10.56
2026012910,12.65
2026012910,14.02
2026012910,11.9
2026012911,12.16
2026012911,13.05
2026012911,13.5
2026012911,13.56
2026012912,12.65
2026012912,12.45
2026012912,11.94
2026012912,10.43
2026012913,9.69
2026012913,8.3
2026012913,6.44
2026012913,5.74
2026012914,5.37
2026012914,5.07
2026012914,3.94
2026012914,3.45
2026012915,3.16
2026012915,0.47
2026012915,0.0
2026013000,0.0
2026013008,0.15
2026013008,0.97
2026013008,1.39
2026013008,2.07
2026013009,3.06
2026013009,2.89
2026013009,3.06
2026013009,3.52
2026013010,3.88
2026013010,4.05
2026013010,4.3
2026013010,4.04
2026013011,4.22
2026013011,4.05
2026013011,3.97
2026013011,4.36
2026013012,4.14
2026013012,5.33
2026013012,5.34
2026013012,4.63
2026013013,4.45
2026013013,4.76
2026013013,4.8
2026013013,3.83
2026013014,3.32
2026013014,3.51
2026013014,2.3
2026013014,0.0
2026013100,0.0
2026013108,0.4
2026013108,0.81
2026013108,1.98
2026013108,2.72
2026013109,3.74
2026013109,4.7
2026013109,5.21
2026013109,5.09
2026013110,5.61
2026013110,7.15
2026013110,8.37
2026013110,7.0
2026013111,5.81
2026013111,8.19
2026013111,9.07
2026013111,9.82
2026013112,11.33
2026013112,10.67
2026013112,12.63
2026013112,14.23
2026013113,8.6
2026013113,8.49
2026013113,8.76
2026013113,10.74
2026013114,20.05
2026013114,21.7
2026013114,11.39
2026013114,4.92
2026013115,3.55
2026013115,2.79
2026013115,0.09
2026013115,0.0
2026020100,0.0
2026020107,0.87
2026020107,1.82
2026020107,1.93
2026020108,3.95
2026020108,4.95
2026020108,7.17
2026020108,8.0
2026020109,7.9
2026020109,9.13
2026020109,8.8
2026020109,6.16
2026020110,6.34
2026020110,6.98
2026020110,7.67
2026020110,8.3
2026020111,10.96
2026020111,11.9
2026020111,11.76
2026020111,10.03
2026020112,11.78
2026020112,17.79
2026020112,12.07
2026020112,16.11
2026020113,23.97
2026020113,30.69
2026020113,19.81
2026020113,15.13
2026020114,14.55
2026020114,10.61
2026020114,6.86
2026020114,5.54
2026020115,6.97
2026020115,4.32
2026020115,3.1
2026020115,0.02
2026020116,0.0
2026020200,0.0
2026020207,0.05
2026020207,1.61
2026020207,2.71
2026020207,4.58
2026020208,7.3
2026020208,10.34
2026020208,22.44
2026020208,31.0
2026020209,39.7
2026020209,46.48
2026020209,51.3
2026020209,53.22
2026020210,53.51
2026020210,58.96
2026020210,64.51
2026020210,66.16
2026020211,70.15
2026020211,73.73
2026020211,72.56
2026020211,68.93
2026020212,69.21
2026020212,65.25
2026020212,64.52
2026020212,65.26
2026020213,63.75
2026020213,60.32
2026020213,52.57
2026020213,44.3
2026020214,43.32
2026020214,35.94
2026020214,30.45
2026020214,23.98
2026020215,12.93
2026020215,8.14
2026020215,5.31
2026020215,3.53
2026020216,0.6
2026020216,0.0
2026020300,0.0
2026020307,1.12
2026020307,2.4
2026020308,3.43
2026020308,5.08
2026020308,7.31
2026020308,9.97
2026020309,14.8
2026020309,19.24
2026020309,30.54
2026020309,34.17
2026020310,36.62
2026020310,38.16
2026020310,47.11
2026020310,63.96
2026020311,75.39
2026020311,76.78
2026020311,75.26
2026020311,75.12
2026020312,74.61
2026020312,72.97
2026020312,70.68
2026020312,67.77
2026020313,64.2
2026020313,54.63
2026020313,8.49
2026020313,50.21
2026020314,44.23
2026020314,36.21
2026020314,27.02
2026020314,20.85
2026020315,14.45
2026020315,8.64
2026020315,5.07
2026020315,3.36
2026020316,0.4
2026020316,0.0
2026020400,0.0
2026020407,1.09
2026020407,2.56
2026020407,5.11
2026020407,10.41
2026020408,11.35
2026020408,14.27
2026020408,16.64
2026020408,25.54
2026020409,26.22
2026020409,36.06
2026020409,31.35
2026020409,25.65
2026020410,26.78
2026020410,19.25
2026020410,16.68
2026020410,18.07
2026020411,19.72
2026020411,19.85
2026020411,16.61
2026020411,15.16
2026020412,14.92
2026020412,12.15
2026020412,10.33
2026020412,9.69
2026020413,9.54
2026020413,10.65
2026020413,9.58
2026020413,7.11
2026020414,4.55
2026020414,3.78
2026020414,3.74
2026020414,3.54
2026020415,3.31
2026020415,2.19
2026020415,1.0
2026020415,0.0
2026020500,0.0
2026020508,0.01
2026020508,0.55
2026020508,1.51
2026020508,3.96
2026020509,5.87
2026020509,6.34
2026020509,4.5
2026020509,3.93
2026020510,4.95
2026020510,6.09
2026020510,6.65
2026020510,6.08
2026020511,6.31
2026020511,5.33
2026020511,5.56
2026020511,6.09
2026020512,5.95
2026020512,5.58
2026020512,5.71
2026020512,5.21
2026020513,6.05
2026020513,5.35
2026020513,4.95
2026020513,4.67
2026020514,4.04
2026020514,3.87
2026020514,3.95
2026020514,3.72
2026020515,2.89
2026020515,0.89
2026020515,0.0
2026020600,0.0
2026020607,1.53
2026020607,4.28
2026020607,7.61
2026020608,9.78
2026020608,14.41
2026020608,16.73
2026020608,17.32
2026020609,17.57
2026020609,23.12
2026020609,26.15
2026020609,23.66
2026020610,24.14
2026020610,21.69
2026020610,23.61
2026020610,23.89
2026020611,22.2
2026020611,16.32
2026020611,15.11
2026020611,16.19
2026020612,14.86
2026020612,14.76
2026020612,16.1
2026020612,17.02
2026020613,20.11
2026020613,20.47
2026020613,15.78
2026020613,12.7
2026020614,9.25
2026020614,6.15
2026020614,5.12
2026020614,4.0
2026020615,3.35
2026020615,2.69
2026020615,0.2
2026020615,0.0
2026020700,0.0
2026020707,0.06
2026020707,0.95
2026020707,1.5
2026020708,1.86
2026020708,2.65
2026020708,3.43
2026020708,4.06
2026020709,4.23
2026020709,4.36
2026020709,5.4
2026020709,5.89
2026020710,5.55
2026020710,6.37
2026020710,7.52
2026020710,6.65
2026020711,7.13
2026020711,7.54
2026020711,7.77
2026020711,10.02
2026020712,15.22
2026020712,12.91
2026020712,9.0
2026020712,6.98
2026020713,10.25
2026020713,11.74
2026020713,14.29
2026020713,12.85
2026020714,9.34
2026020714,7.69
2026020714,7.08
2026020714,6.51
2026020715,5.06
2026020715,4.03
2026020715,3.41
2026020715,0.89
2026020716,0.0
2026020800,0.0
2026020807,0.21
2026020807,1.12
2026020807,1.99
2026020808,2.75
2026020808,3.39
2026020808,5.03
2026020808,6.7
2026020809,9.31
2026020809,11.81
2026020809,15.07
2026020809,17.77
2026020810,20.42
2026020810,20.64
2026020810,22.04
2026020810,21.18
2026020811,22.25
2026020811,22.56
2026020811,22.52
2026020811,28.84
2026020812,32.22
2026020812,31.97
2026020812,26.12
2026020812,25.13
2026020813,19.78
2026020813,20.12
2026020813,21.27
2026020813,26.15
2026020814,25.86
2026020814,21.4
2026020814,16.44
2026020814,12.18
2026020815,8.0
2026020815,6.06
2026020815,4.48
2026020815,3.6
2026020816,1.35
2026020816,0.0
2026020900,0.0
2026020907,0.46
2026020907,1.93
2026020907,2.76
2026020908,3.91
2026020908,4.23
2026020908,5.6
2026020908,6.87
2026020909,7.4
2026020909,7.32
2026020909,8.14
2026020909,8.4
2026020910,9.21
2026020910,9.57
2026020910,11.0
2026020910,10.96
2026020911,10.67
2026020911,11.64
2026020911,15.84
2026020911,17.92
2026020912,16.5
2026020912,11.78
2026020912,12.19
2026020912,10.19
2026020913,9.39
2026020913,9.51
2026020913,7.4
2026020913,7.56
2026020914,7.68
2026020914,6.24
2026020914,5.65
2026020914,4.63
2026020915,3.75
2026020915,3.39
2026020915,1.42
2026020915,0.02
2026020916,0.0
2026021000,0.0
2026021007,0.34
2026021007,0.54
2026021008,1.43
2026021008,2.68
2026021008,3.22
2026021008,3.72
2026021009,4.67
2026021009,5.49
2026021009,6.82
2026021009,7.8
2026021010,8.83
2026021010,9.69
2026021010,10.92
2026021010,14.22
2026021011,12.63
2026021011,10.03
2026021011,12.57
2026021011,16.2
2026021012,15.96
2026021012,15.39
2026021012,14.95
2026021012,13.02
2026021013,10.78
2026021013,10.64
2026021013,10.52
2026021013,9.68
2026021014,8.97
2026021014,9.1
2026021014,7.28
2026021014,5.42
2026021015,4.22
2026021015,3.51
2026021015,2.4
2026021015,0.49
2026021016,0.0
2026021100,0.0
2026021107,0.2
2026021107,1.59
2026021107,2.87
2026021108,4.37
2026021108,5.81
2026021108,5.55
2026021108,6.83
2026021109,8.2
2026021109,8.69
2026021109,10.82
2026021109,11.48
2026021110,10.77
2026021110,11.83
2026021110,14.74
2026021110,17.29
2026021111,17.41
2026021111,15.84
2026021111,19.05
2026021111,23.54
2026021112,23.4
2026021112,20.83
2026021112,17.52
2026021112,15.25
2026021113,14.23
2026021113,15.79
2026021113,15.04
2026021113,13.51
2026021114,11.31
2026021114,8.52
2026021114,7.87
2026021114,6.25
2026021115,4.86
2026021115,3.62
2026021115,3.01
2026021115,0.39
2026021116,0.0
2026021200,0.0
2026021207,0.01
2026021207,1.2
2026021207,3.21
2026021207,5.86
2026021208,6.5
2026021208,5.59
2026021208,5.63
2026021208,5.81
2026021209,7.67
2026021209,9.99
2026021209,10.27
2026021209,11.1
2026021210,11.05
2026021210,10.2
2026021210,11.18
2026021210,11.45
2026021211,11.77
2026021211,12.06
2026021211,13.36
2026021211,13.53
2026021212,14.45
2026021212,14.22
2026021212,15.95
2026021212,16.06
2026021213,15.58
2026021213,15.26
2026021213,16.94
2026021213,18.81
2026021214,13.84
2026021214,14.17
2026021214,11.37
2026021214,8.4
2026021215,6.31
2026021215,5.15
2026021215,3.96
2026021215,3.23
2026021216,0.95
2026021216,0.0
2026021300,0.0
2026021307,1.43
2026021307,3.73
2026021307,6.09
2026021307,11.84
2026021308,19.1
2026021308,27.41
2026021308,26.48
2026021308,28.2
2026021309,34.93
2026021309,38.43
2026021309,35.24
2026021309,46.41
2026021310,61.6
2026021310,65.62
2026021310,72.75
2026021310,85.53
2026021311,88.38
2026021311,79.3
2026021311,83.11
2026021311,88.08
2026021312,88.67
2026021312,87.46
2026021312,80.65
2026021312,74.93
2026021313,64.38
2026021313,62.25
2026021313,57.87
2026021313,55.08
2026021314,48.23
2026021314,47.91
2026021314,47.01
2026021314,37.73
2026021315,31.69
2026021315,18.79
2026021315,14.69
2026021315,7.08
2026021316,3.85
2026021316,1.41
2026021316,0.0
2026021400,0.0
2026021406,0.1
2026021407,1.35
2026021407,5.9
2026021407,11.82
2026021407,18.36
2026021408,27.38
2026021408,36.08
2026021408,43.15
2026021408,49.97
2026021409,56.98
2026021409,64.4
2026021409,71.09
2026021409,75.9
2026021410,79.87
2026021410,82.86
2026021410,85.66
2026021410,88.61
2026021411,89.22
2026021411,90.71
2026021411,92.48
2026021411,88.3
2026021412,73.72
2026021412,88.15
2026021412,59.31
2026021412,43.53
2026021413,53.73
2026021413,39.36
2026021413,41.79
2026021413,35.33
2026021414,20.38
2026021414,16.46
2026021414,14.47
2026021414,15.35
2026021415,13.74
2026021415,12.34
2026021415,9.03
2026021415,5.56
2026021416,3.72
2026021416,1.66
2026021416,0.0
2026021500,0.0
2026021506,0.87
2026021507,2.73
2026021507,4.58
2026021507,5.61
2026021507,6.68
2026021508,8.04
2026021508,9.3
2026021508,8.48
2026021508,8.56
2026021509,13.34
2026021509,16.34
2026021509,18.81
2026021509,19.79
2026021510,24.9
2026021510,27.44
2026021510,26.2
2026021510,31.75
2026021511,39.0
2026021511,48.76
2026021511,44.17
2026021511,46.53
2026021512,45.52
2026021512,46.58
2026021512,48.16
2026021512,48.82
2026021513,42.08
2026021513,38.2
2026021513,37.88
2026021513,31.16
2026021514,24.33
2026021514,27.66
2026021514,23.85
2026021514,16.06
2026021515,15.28
2026021515,10.02
2026021515,6.36
2026021515,4.23
2026021516,4.47
2026021516,1.82
2026021516,0.0
2026021600,0.0
2026021607,0.38
2026021607,2.35
2026021607,3.39
2026021607,5.38
2026021608,6.79
2026021608,8.3
2026021608,8.71
2026021608,9.68
2026021609,11.02
2026021609,14.44
2026021609,26.2
2026021609,46.07
2026021610,59.58
2026021610,57.88
2026021610,65.87
2026021610,58.83
2026021611,53.99
2026021611,51.55
2026021611,50.77
2026021611,32.37
2026021612,25.21
2026021612,26.6
2026021612,28.03
2026021612,24.78
2026021613,21.84
2026021613,18.98
2026021613,14.95
2026021614,12.9
2026021614,11.75
2026021614,11.46
2026021614,10.56
2026021615,9.49
2026021615,7.63
2026021615,5.95
2026021615,4.03
2026021616,3.5
2026021616,0.64
2026021616,0.0
2026021700,0.0
2026021706,0.95
2026021707,2.84
2026021707,6.16
2026021707,10.02
2026021707,14.4
2026021708,16.7
2026021708,13.8
2026021708,9.46
2026021708,7.77
2026021709,8.54
2026021709,12.42
2026021709,17.96
2026021709,22.73
2026021710,27.34
2026021710,29.21
2026021710,29.74
2026021710,29.07
2026021711,26.85
2026021711,18.8
2026021711,13.36
2026021711,12.57
2026021712,14.66
2026021712,16.08
2026021712,15.73
2026021712,17.67
2026021713,17.25
2026021713,21.66
2026021713,26.03
2026021713,21.75
2026021714,13.88
2026021714,9.04
2026021714,8.22
2026021714,7.5
2026021715,6.32
2026021715,5.08
2026021715,3.95
2026021715,2.89
2026021716,0.78
2026021716,0.0
2026021800,0.0
2026021806,0.04
2026021807,1.25
2026021807,1.99
2026021807,3.17
2026021807,7.47
2026021808,10.11
2026021808,9.4
2026021808,10.52
2026021808,16.32
2026021809,19.63
2026021809,24.2
2026021809,32.65
2026021809,50.62
2026021810,71.4
2026021810,52.29
2026021810,81.26
2026021810,91.04
2026021811,92.7
2026021811,94.41
2026021811,94.86
2026021811,94.45
2026021812,91.6
2026021812,82.38
2026021812,82.36
2026021812,88.72
2026021813,84.87
2026021813,75.63
2026021813,56.17
2026021813,73.24
2026021814,39.35
2026021814,34.24
2026021814,40.37
2026021814,34.77
2026021815,36.22
2026021815,26.72
2026021815,18.24
2026021815,10.64
2026021816,5.88
2026021816,3.39
2026021816,0.5
2026021816,0.0
2026021900,0.0
2026021906,0.61
2026021906,1.65
2026021907,2.98
2026021907,3.98
2026021907,4.19
2026021907,7.36
2026021908,11.11
2026021908,17.49
2026021908,19.07
2026021908,20.22
2026021909,23.81
2026021909,26.12
2026021909,29.44
2026021909,37.43
2026021910,39.9
2026021910,51.39
2026021910,72.12
2026021910,62.65
2026021911,65.27
2026021911,73.62
2026021911,94.88
2026021911,80.46
2026021912,88.99
2026021912,95.29
2026021912,94.2
2026021912,91.05
2026021913,85.2
2026021913,79.8
2026021913,79.19
2026021913,75.54
2026021914,62.31
2026021914,61.21
2026021914,56.69
2026021914,46.89
2026021915,35.7
2026021915,22.75
2026021915,12.98
2026021915,7.14
2026021916,4.72
2026021916,3.36
2026021916,0.4
2026021916,0.0
2026022000,0.0
2026022006,0.35
2026022006,1.73
2026022007,3.79
2026022007,5.66
2026022007,6.66
2026022007,8.28
2026022008,12.29
2026022008,19.78
2026022008,22.12
2026022008,22.44
2026022009,24.14
2026022009,30.52
2026022009,31.17
2026022009,40.52
2026022010,33.99
2026022010,29.92
2026022010,27.66
2026022010,29.53
2026022011,37.68
2026022011,32.4
2026022011,28.58
2026022011,28.18
2026022012,19.86
2026022012,20.38
2026022012,17.69
2026022012,16.92
2026022013,18.0
2026022013,15.36
2026022013,11.56
2026022013,9.23
2026022014,6.94
2026022014,8.25
2026022014,6.83
2026022014,9.45
2026022015,8.85
2026022015,7.33
2026022015,4.84
2026022015,3.73
2026022016,2.84
2026022016,0.12
2026022016,0.0
2026022100,0.0
2026022106,0.9
2026022107,3.48
2026022107,7.99
2026022107,7.55
2026022107,9.85
2026022108,8.68
2026022108,13.02
2026022108,14.36
2026022108,19.26
2026022109,22.7
2026022109,20.21
2026022109,13.71
2026022109,20.99
2026022110,18.93
2026022110,17.86
2026022110,17.12
2026022110,17.32
2026022111,19.63
2026022111,25.91
2026022111,29.2
2026022111,23.11
2026022112,20.33
2026022112,26.38
2026022112,27.5
2026022112,37.47
2026022113,55.02
2026022113,39.03
2026022113,44.87
2026022113,64.86
2026022114,63.02
2026022114,62.29
2026022114,48.25
2026022114,44.39
2026022115,33.27
2026022115,25.98
2026022115,17.01
2026022115,11.51
2026022116,7.73
2026022116,3.83
2026022116,1.07
2026022116,0.0
2026022200,0.0
2026022206,0.06
2026022207,0.71
2026022207,1.63
2026022207,2.04
2026022207,3.85
2026022208,7.04
2026022208,7.48
2026022208,7.22
2026022208,7.33
2026022209,8.0
2026022209,8.9
2026022209,9.96
2026022209,9.93
2026022210,10.21
2026022210,10.2
2026022210,8.32
2026022210,7.66
2026022211,7.77
2026022211,9.21
2026022211,8.7
2026022211,8.32
2026022212,7.25
2026022212,5.38
2026022212,5.28
2026022212,5.88
2026022213,7.63
2026022213,5.59
2026022213,3.89
2026022213,2.51
2026022214,7.49
2026022214,19.02
2026022214,10.78
2026022214,10.15
2026022215,5.75
2026022215,5.29
2026022215,3.95
2026022215,3.89
2026022216,3.68
2026022216,0.98
2026022216,0.0
2026022300,0.0
2026022306,0.03
2026022306,2.41
2026022307,3.71
2026022307,6.11
2026022307,8.65
2026022307,8.42
2026022308,8.22
2026022308,8.76
2026022308,7.56
2026022308,11.63
2026022309,15.67
2026022309,53.8
2026022309,62.77
2026022309,59.2
2026022310,48.0
2026022310,40.04
2026022310,35.67
2026022310,29.63
2026022311,30.64
2026022311,24.62
2026022311,21.07
2026022311,25.48
2026022312,23.57
2026022312,20.38
2026022312,16.24
2026022312,9.19
2026022313,8.83
2026022313,10.32
2026022313,6.04
2026022313,8.42
2026022314,10.39
2026022314,12.78
2026022314,7.54
2026022314,10.68
2026022315,7.22
2026022315,12.21
2026022315,5.28
2026022315,3.73
2026022316,3.32
2026022316,0.09
2026022316,0.0
2026022400,0.0
2026022406,0.76
2026022406,1.34
2026022406,2.33
2026022407,3.25
2026022407,2.69
2026022407,2.76
2026022407,7.22
2026022408,10.76
2026022408,13.5
2026022408,17.26
2026022408,19.49
2026022409,22.43
2026022409,26.09
2026022409,29.51
2026022409,29.45
2026022410,34.06
2026022410,36.18
2026022410,34.6
2026022410,34.01
2026022411,30.65
2026022411,30.45
2026022411,28.97
2026022411,28.09
2026022412,29.89
2026022412,22.59
2026022412,22.36
2026022412,21.01
2026022413,17.3
2026022413,11.75
2026022413,11.01
2026022413,8.94
2026022414,10.37
2026022414,15.18
2026022414,10.99
2026022414,9.24
2026022415,9.14
2026022415,6.77
2026022415,5.07
2026022415,4.74
2026022416,4.72
2026022416,4.03
2026022416,0.36
2026022416,0.0
2026022500,0.0
2026022506,0.07
2026022507,1.15
2026022507,1.68
2026022507,2.29
2026022507,4.3
2026022508,4.56
2026022508,6.36
2026022508,7.76
2026022508,9.07
2026022509,8.79
2026022509,8.5
2026022509,10.18
2026022509,11.63
2026022510,13.26
2026022510,14.32
2026022510,14.66
2026022510,15.61
2026022511,15.67
2026022511,17.36
2026022511,18.19
2026022511,16.78
2026022512,14.08
2026022512,15.09
2026022512,14.61
2026022512,15.31
2026022513,15.3
2026022513,15.74
2026022513,14.43
2026022513,17.75
2026022514,23.33
2026022514,32.88
2026022514,51.28
2026022514,44.04
2026022515,32.83
2026022515,29.33
2026022515,21.98
2026022515,15.05
2026022516,9.24
2026022516,5.62
2026022516,3.63
2026022516,0.26
2026022517,0.0
2026022600,0.0
2026022606,1.5
2026022606,2.26
2026022607,1.57
2026022607,2.78
2026022607,4.43
2026022607,4.17
2026022608,13.76
2026022608,13.92
2026022608,12.85
2026022608,9.0
2026022609,16.85
2026022609,22.28
2026022609,30.92
2026022609,20.01
2026022610,27.46
2026022610,44.03
2026022610,51.88
2026022610,75.84
2026022611,77.19
2026022611,76.29
2026022611,41.97
2026022611,32.87
2026022612,30.95
2026022612,35.67
2026022612,34.24
2026022612,33.7
2026022613,28.82
2026022613,21.35
2026022613,14.34
2026022613,9.58
2026022614,8.3
2026022614,7.96
2026022614,7.6
2026022614,7.5
2026022615,5.77
2026022615,3.35
2026022615,2.95
2026022615,2.61
2026022616,2.47
2026022616,2.25
2026022616,1.1
2026022616,0.0
2026022700,0.0
2026022706,0.22
2026022706,1.08
2026022707,2.34
2026022707,3.74
2026022707,4.7
2026022707,4.28
2026022708,4.36
2026022708,6.14
2026022708,6.41
2026022708,8.07
2026022709,9.88
2026022709,11.2
2026022709,12.8
2026022709,9.43
2026022710,10.19
2026022710,12.62
2026022710,15.13
2026022711,17.42
2026022711,20.19
2026022711,19.72
2026022711,14.05
2026022712,15.2
2026022712,11.14
2026022712,10.96
2026022712,13.06
2026022713,10.14
2026022713,10.4
2026022713,11.51
2026022713,10.65
2026022714,8.23
2026022714,7.07
2026022714,6.95
2026022714,5.71
2026022715,4.74
2026022715,4.67
2026022715,4.1
2026022715,3.78
2026022716,3.38
2026022716,2.61
2026022716,1.67
2026022716,0.0
2026022800,0.0
2026022806,0.36
2026022806,2.19
2026022807,4.54
2026022807,3.8
2026022807,5.07
2026022807,5.21
2026022808,4.85
2026022808,5.62
2026022808,6.69
2026022808,7.29
2026022809,8.87
2026022809,9.26
2026022809,10.13
2026022809,8.91
2026022810,10.31
2026022810,8.05
2026022810,9.16
2026022810,12.6
2026022811,14.2
2026022811,14.67
2026022811,18.54
2026022811,16.27
2026022812,14.98
2026022812,10.34
2026022812,14.13
2026022812,14.22
2026022813,15.81
2026022813,12.21
2026022813,17.23
2026022813,11.27
2026022814,29.18
2026022814,15.12
2026022814,8.96
2026022814,6.39
2026022815,5.62
2026022815,5.4
2026022815,7.65
2026022815,4.46
2026022816,5.05
2026022816,1.63
2026022816,0.0
2026030100,0.0
2026030106,0.86
2026030106,3.38
2026030106,7.07
2026030107,13.06
2026030107,20.36
2026030107,30.05
2026030107,39.72
2026030108,48.84
2026030108,56.91
2026030108,63.6
2026030108,69.1
2026030109,73.67
2026030109,69.94
2026030109,75.45
2026030109,51.78
2026030110,27.84
2026030110,21.12
2026030110,23.71
2026030110,37.21
2026030111,77.63
2026030111,43.69
2026030111,84.94
2026030111,54.6
2026030112,69.65
2026030112,94.01
2026030112,96.51
2026030112,102.33
2026030113,97.77
2026030113,92.75
2026030113,87.27
2026030113,77.04
2026030114,36.24
2026030114,44.61
2026030114,52.95
2026030114,46.65
2026030115,39.28
2026030115,31.26
2026030115,15.64
2026030115,7.52
2026030116,4.58
2026030116,3.54
2026030116,2.12
2026030116,0.0
2026030200,0.0
2026030206,1.38
2026030206,3.4
2026030207,6.69
2026030207,5.84
2026030207,6.77
2026030207,8.14
2026030208,16.94
2026030208,18.71
2026030208,20.47
2026030208,21.73
2026030209,26.75
2026030209,26.22
2026030209,23.27
2026030209,26.73
2026030210,52.87
2026030210,54.98
2026030210,64.66
2026030210,88.15
2026030211,57.67
2026030211,39.04
2026030211,56.67
2026030211,61.89
2026030212,65.69
2026030212,54.88
2026030212,50.87
2026030212,64.8
2026030213,87.75
2026030213,83.59
2026030213,58.16
2026030213,47.72
2026030214,51.73
2026030214,50.56
2026030214,27.62
2026030214,21.87
2026030215,16.51
2026030215,13.79
2026030215,10.29
2026030215,8.69
2026030216,6.99
2026030216,5.24
2026030216,3.97
2026030216,2.31
2026030217,0.0
2026030222,0.46
2026030222,0.0
2026030300,0.0
2026030306,1.01
2026030306,3.94
2026030306,7.83
2026030307,14.08
2026030307,22.48
2026030307,32.37
2026030307,42.56
2026030308,55.13
2026030308,20.42
2026030308,50.21
2026030308,45.38
2026030309,54.68
2026030309,69.82
2026030309,75.9
2026030309,80.98
2026030310,85.47
2026030310,89.97
2026030310,68.34
2026030310,76.92
2026030311,95.23
2026030311,89.66
2026030311,99.11
2026030311,96.82
2026030312,90.99
2026030312,59.85
2026030312,48.27
2026030312,46.46
2026030313,45.39
2026030313,43.03
2026030313,42.58
2026030313,78.15
2026030314,59.94
2026030314,69.28
2026030314,65.1
2026030314,58.29
2026030315,49.99
2026030315,41.19
2026030315,32.61
2026030315,23.9
2026030316,15.21
2026030316,8.94
2026030316,5.11
2026030316,3.56
2026030317,0.58
2026030317,0.0
2026030400,0.0
2026030406,0.15
2026030406,1.8
2026030406,4.71
2026030406,9.66
2026030407,15.61
2026030407,25.29
2026030407,36.31
2026030407,45.15
2026030408,47.91
2026030408,60.72
2026030408,67.99
2026030408,71.9
2026030409,67.22
2026030409,73.25
2026030409,80.89
2026030409,85.21
2026030410,88.42
2026030410,93.53
2026030410,103.91
2026030410,108.38
2026030411,109.18
2026030411,107.86
2026030411,113.49
2026030411,109.88
2026030412,110.33
2026030412,108.94
2026030412,106.64
2026030412,104.12
2026030413,101.01
2026030413,97.42
2026030413,92.92
2026030413,87.68
2026030414,81.17
2026030414,74.06
2026030414,66.56
2026030414,60.12
2026030415,52.72
2026030415,44.37
2026030415,36.3
2026030415,27.55
2026030416,18.66
2026030416,11.48
2026030416,6.76
2026030416,3.96
2026030417,2.22
2026030417,0.01
2026030417,0.0
2026030500,0.0
2026030506,0.94
2026030506,3.01
2026030506,6.44
2026030506,11.74
2026030507,19.72
2026030507,27.69
2026030507,36.93
2026030507,45.6
2026030508,53.85
2026030508,60.66
2026030508,67.79
2026030508,75.08
2026030509,82.76
2026030509,88.76
2026030509,93.61
2026030509,98.2
2026030510,101.98
2026030510,105.15
2026030510,107.7
2026030510,109.55
2026030511,111.09
2026030511,112.03
2026030511,112.51
2026030511,111.45
2026030512,102.59
2026030512,108.19
2026030512,107.98
2026030512,105.49
2026030513,102.31
2026030513,98.5
2026030513,94.1
2026030513,88.97
2026030514,83.02
2026030514,76.27
2026030514,68.66
2026030514,60.02
2026030515,49.62
2026030515,40.35
2026030515,32.11
2026030515,24.27
2026030516,16.86
2026030516,9.96
2026030516,5.73
2026030516,3.62
2026030517,0.87
2026030517,0.0
2026030600,0.0
2026030606,1.45
2026030606,3.15
2026030606,6.64
2026030606,11.73
2026030607,14.73
2026030607,13.87
2026030607,15.65
2026030607,16.41
2026030608,49.92
2026030608,59.26
2026030608,67.88
2026030608,76.87
2026030609,83.92
2026030609,90.59
2026030609,98.82
2026030609,104.9
2026030610,108.49
2026030610,107.32
2026030610,112.56
2026030610,119.7
2026030611,121.54
2026030611,119.4
2026030611,124.26
2026030611,122.93
2026030612,121.79
2026030612,118.8
2026030612,116.22
2026030612,103.56
2026030613,83.77
2026030613,80.9
2026030613,80.84
2026030613,77.02
2026030614,46.91
2026030614,85.65
2026030614,67.02
2026030614,56.27
2026030615,44.19
2026030615,35.76
2026030615,27.47
2026030615,19.3
2026030616,12.33
2026030616,7.71
2026030616,5.27
2026030616,3.78
2026030617,1.37
2026030617,0.0
2026030700,0.0
2026030706,0.01
2026030706,0.15
2026030706,1.75
2026030707,2.9
2026030707,3.32
2026030707,2.88
2026030707,7.55
2026030708,11.75
2026030708,11.82
2026030708,9.34
2026030708,12.61
2026030709,16.6
2026030709,16.42
2026030709,23.73
2026030709,28.3
2026030710,28.79
2026030710,31.09
2026030710,32.02
2026030710,45.1
2026030711,68.83
2026030711,80.4
2026030711,79.55
2026030711,92.76
2026030712,57.23
2026030712,40.42
2026030712,29.75
2026030712,55.58
2026030713,84.71
2026030713,79.31
2026030713,41.96
2026030713,27.27
2026030714,32.9
2026030714,26.2
2026030714,25.44
2026030714,25.23
2026030715,24.33
2026030715,23.78
2026030715,21.64
2026030715,15.94
2026030716,11.75
2026030716,9.76
2026030716,6.06
2026030716,4.01
2026030717,2.19
2026030717,0.0
2026030800,0.0
2026030806,0.34
2026030806,2.17
2026030806,2.11
2026030807,2.45
2026030807,3.97
2026030807,4.76
2026030807,7.57
2026030808,9.95
2026030808,7.74
2026030808,9.5
2026030808,12.08
2026030809,13.74
2026030809,9.89
2026030809,9.9
2026030809,15.72
2026030810,28.23
2026030810,27.24
2026030810,28.59
2026030810,26.57
2026030811,36.15
2026030811,27.53
2026030811,38.82
2026030811,33.41
2026030812,23.27
2026030812,26.14
2026030812,26.91
2026030812,22.84
2026030813,21.42
2026030813,13.07
2026030813,10.81
2026030813,13.93
2026030814,13.46
2026030814,11.43
2026030814,7.95
2026030814,7.2
2026030815,7.87
2026030815,10.84
2026030815,11.37
2026030815,8.44
2026030816,5.17
2026030816,4.66
2026030816,3.47
2026030816,3.34
2026030817,0.62
2026030817,0.0
2026030900,0.0
2026030906,0.59
2026030906,2.22
2026030906,3.2
2026030906,4.95
2026030907,7.49
2026030907,10.1
2026030907,12.79
2026030907,15.6
2026030908,18.71
2026030908,22.83
2026030908,27.98
2026030908,39.35
2026030909,52.26
2026030909,67.25
2026030909,87.66
2026030909,100.31
2026030910,105.83
2026030910,109.14
2026030910,112.7
2026030910,115.1
2026030911,117.25
2026030911,119.12
2026030911,119.62
2026030911,119.26
2026030912,118.77
2026030912,117.77
2026030912,114.87
2026030912,111.33
2026030913,107.58
2026030913,101.93
2026030913,96.36
2026030913,89.3
2026030914,81.45
2026030914,73.73
2026030914,65.63
2026030914,57.25
2026030915,48.79
2026030915,40.11
2026030915,31.76
2026030915,23.92
2026030916,17.39
2026030916,11.69
2026030916,7.84
2026030916,4.95
2026030917,3.3
2026030917,0.21
2026030917,0.0
2026031000,0.0
2026031006,0.49
2026031006,2.22
2026031006,2.64
2026031007,3.9
2026031007,4.97
2026031007,6.1
2026031007,7.48
2026031008,0.96
2026031008,0.01
2026031008,0.0
2026031100,0.0
2026031200,0.0
2026031300,0.0
2026031308,0.04
2026031309,0.0
2026031310,0.06
2026031310,0.0
2026031310,0.01
2026031311,0.0
2026031313,0.01
2026031313,0.0
2026031313,5.62
2026031313,66.04
2026031314,52.09
2026031314,38.81
2026031314,51.85
2026031314,58.67
2026031315,50.04
2026031315,31.45
2026031315,21.82
2026031315,15.95
2026031316,10.87
2026031316,8.05
2026031316,6.42
2026031316,4.26
2026031317,2.8
2026031317,0.0
2026031317,0.1
2026031317,0.0
2026031400,0.0
2026031405,0.78
2026031406,3.03
2026031406,4.37
2026031406,5.64
2026031406,8.2
2026031407,11.53
2026031407,15.88
2026031407,22.58
2026031407,34.76
2026031408,33.26
2026031408,35.21
2026031408,43.02
2026031408,42.78
2026031409,66.99
2026031409,73.05
2026031409,75.77
2026031409,88.37
2026031410,108.65
2026031410,81.68
2026031410,54.66
2026031410,48.49
2026031411,66.4
2026031411,67.17
2026031411,84.69
2026031411,91.57
2026031412,65.01
2026031412,53.62
2026031412,59.29
2026031412,70.78
2026031413,84.74
2026031413,57.51
2026031413,67.62
2026031413,42.39
2026031414,66.27
2026031414,72.79
2026031414,51.28
2026031414,48.21
2026031415,32.82
2026031415,35.15
2026031415,34.96
2026031415,26.91
2026031416,21.77
2026031416,16.53
2026031416,7.17
2026031416,4.0
2026031417,3.01
2026031417,0.35
2026031417,0.0
2026031500,0.0
2026031505,0.78
2026031506,2.3
2026031506,4.22
2026031506,6.88
2026031506,10.75
2026031507,12.79
2026031507,12.46
2026031507,15.31
2026031507,18.4
2026031508,17.47
2026031508,33.91
2026031508,19.68
2026031508,29.75
2026031509,34.32
2026031509,28.06
2026031509,36.23
2026031509,43.69
2026031510,34.16
2026031510,40.95
2026031510,57.05
2026031510,77.48
2026031511,81.89
2026031511,96.26
2026031511,103.06
2026031511,107.5
2026031512,118.84
2026031512,108.39
2026031512,111.87
2026031512,123.74
2026031513,128.49
2026031513,124.13
2026031513,118.51
2026031513,111.45
2026031514,101.45
2026031514,92.06
2026031514,83.39
2026031514,73.06
2026031515,63.1
2026031515,45.19
2026031515,28.0
2026031515,33.78
2026031516,18.97
2026031516,8.44
2026031516,6.41
2026031516,4.46
2026031517,2.7
2026031517,0.03
2026031517,0.0
2026031600,0.0
2026031606,0.34
2026031606,1.68
2026031606,2.55
2026031606,4.78
2026031607,9.15
2026031607,10.84
2026031607,16.09
2026031607,22.57
2026031608,45.84
2026031608,64.18
2026031608,67.12
2026031608,77.28
2026031609,86.21
2026031609,93.55
2026031609,105.77
2026031609,84.29
2026031610,86.03
2026031610,93.49
2026031610,60.08
2026031610,69.88
2026031611,65.02
2026031611,69.69
2026031611,75.51
2026031611,70.95
2026031612,70.9
2026031612,45.4
2026031612,79.69
2026031612,82.08
2026031613,124.25
2026031613,88.51
2026031613,67.93
2026031613,84.28
2026031614,86.59
2026031614,75.52
2026031614,52.57
2026031614,50.79
2026031615,54.37
2026031615,53.05
2026031615,50.33
2026031615,46.75
2026031616,31.31
2026031616,23.07
2026031616,10.63
2026031616,5.04
2026031617,4.72
2026031617,2.41
2026031617,0.0
2026031700,0.0
2026031705,0.43
2026031705,2.77
2026031706,3.0
2026031706,3.76
2026031706,5.88
2026031706,9.63
2026031707,10.43
2026031707,14.15
2026031707,13.13
2026031707,17.33
2026031708,24.75
2026031708,44.93
2026031708,79.14
2026031708,50.34
2026031709,30.12
2026031709,23.31
2026031709,28.31
2026031709,40.94
2026031710,46.49
2026031710,35.89
2026031710,37.38
2026031710,36.31
2026031711,43.8
2026031711,42.29
2026031711,30.9
2026031711,30.93
2026031712,25.25
2026031712,20.93
2026031712,23.14
2026031712,26.83
2026031713,27.97
2026031713,27.45
2026031713,29.26
2026031713,31.92
2026031714,35.47
2026031714,17.48
2026031714,18.35
2026031714,13.9
2026031715,9.47
2026031715,10.27
2026031715,10.65
2026031715,6.58
2026031716,6.0
2026031716,4.47
2026031716,3.7
2026031716,3.57
2026031717,2.97
2026031717,0.09
2026031717,0.0
2026031800,0.0
2026031805,1.01
2026031806,2.25
2026031806,3.31
2026031806,4.57
2026031806,5.86
2026031807,8.61
2026031807,11.68
2026031807,16.79
2026031807,21.56
2026031808,29.67
2026031808,64.76
2026031808,58.61
2026031808,32.51
2026031809,41.12
2026031809,2.87
2026031809,0.0
2026031813,9.0
2026031813,104.65
2026031814,16.67
2026031814,60.11
2026031814,53.78
2026031814,56.58
2026031815,44.06
2026031815,30.86
2026031815,26.3
2026031815,21.03
2026031816,18.06
2026031816,14.07
2026031816,10.54
2026031816,6.64
2026031817,5.64
2026031817,4.04
2026031817,0.86
2026031817,0.0
2026031900,0.0
2026031905,1.04
2026031905,3.04
2026031906,5.99
2026031906,9.01
2026031906,7.22
2026031906,6.1
2026031907,8.23
2026031907,8.1
2026031907,15.99
2026031907,22.14
2026031908,30.3
2026031908,46.1
2026031908,58.79
2026031908,23.85
2026031909,19.73
2026031909,26.06
2026031909,37.59
2026031909,63.0
2026031910,41.77
2026031910,54.91
2026031910,62.73
2026031910,62.59
2026031911,51.97
2026031911,36.03
2026031911,27.83
2026031911,24.99
2026031912,24.37
2026031912,26.38
2026031912,36.99
2026031912,75.1
2026031913,136.24
2026031913,129.32
2026031913,123.88
2026031913,117.81
2026031914,110.96
2026031914,103.07
2026031914,94.52
2026031914,85.5
2026031915,76.3
2026031915,66.53
2026031915,56.5
2026031915,46.23
2026031916,35.8
2026031916,22.42
2026031916,12.89
2026031916,9.85
2026031917,4.99
2026031917,3.46
2026031917,0.25
2026031917,0.0
2026032000,0.0
2026032005,0.44
2026032005,2.26
2026032006,4.96
2026032006,6.86
2026032006,7.27
2026032006,10.29
2026032007,19.13
2026032007,19.53
2026032007,25.2
2026032007,31.03
2026032008,17.25
2026032008,17.72
2026032008,24.48
2026032008,29.1
2026032009,36.07
2026032009,47.11
2026032009,49.33
2026032009,80.07
2026032010,100.56
2026032010,123.06
2026032010,132.94
2026032010,130.01
2026032011,134.54
2026032011,135.17
2026032011,127.01
2026032011,111.77
2026032012,128.31
2026032012,121.34
2026032012,130.3
2026032012,125.89
2026032013,96.07
2026032013,90.96
2026032013,97.55
2026032013,94.19
2026032014,103.47
2026032014,103.57
2026032014,91.43
2026032014,85.83
2026032015,76.72
2026032015,68.54
2026032015,58.23
2026032015,48.74
2026032016,39.25
2026032016,28.75
2026032016,19.24
2026032016,11.57
2026032017,6.31
2026032017,4.05
2026032017,1.29
2026032017,0.0
2026032100,0.0
2026032105,0.01
2026032105,1.17
2026032105,2.98
2026032105,6.91
2026032106,13.81
2026032106,22.31
2026032106,31.06
2026032106,37.1
2026032107,45.87
2026032107,57.03
2026032107,66.45
2026032107,76.86
2026032108,79.94
2026032108,83.58
2026032108,93.06
2026032108,97.66
2026032109,106.71
2026032109,114.72
2026032109,124.55
2026032109,133.15
2026032110,140.45
2026032110,143.08
2026032110,143.42
2026032110,142.68
2026032111,142.1
2026032111,141.12
2026032111,143.55
2026032111,148.16
2026032112,146.31
2026032112,144.56
2026032112,138.94
2026032112,134.5
2026032113,104.53
2026032113,110.64
2026032113,114.7
2026032113,101.46
2026032114,107.4
2026032114,102.1
2026032114,95.14
2026032114,86.98
2026032115,79.0
2026032115,64.97
2026032115,55.12
2026032115,35.71
2026032116,21.41
2026032116,21.02
2026032116,15.03
2026032116,8.87
2026032117,4.41
2026032117,3.42
2026032117,0.52
2026032117,0.0
2026032200,0.0
2026032205,1.38
2026032205,2.48
2026032206,3.72
2026032206,5.34
2026032206,6.17
2026032206,8.29
2026032207,10.48
2026032207,12.42
2026032207,13.53
2026032207,15.48
2026032208,18.49
2026032208,19.45
2026032208,25.73
2026032208,31.41
2026032209,0.0
2026032214,9.57
2026032214,93.77
2026032214,85.05
2026032215,75.41
2026032215,65.48
2026032215,55.71
2026032215,45.71
2026032216,35.51
2026032216,25.7
2026032216,17.59
2026032216,10.88
2026032217,6.5
2026032217,4.3
2026032217,1.63
2026032217,0.0
2026032300,0.0
2026032305,0.01
2026032305,0.85
2026032306,2.73
2026032306,7.17
2026032306,8.59
2026032306,8.72
2026032307,12.71
2026032307,21.09
2026032307,32.48
2026032307,28.06
2026032308,29.32
2026032308,38.51
2026032308,42.84
2026032308,62.2
2026032309,66.62
2026032309,49.59
2026032309,38.82
2026032309,42.96
2026032310,55.34
2026032310,75.96
2026032310,87.41
2026032310,97.15
2026032311,72.11
2026032311,64.45
2026032311,62.19
2026032311,66.95
2026032312,75.54
2026032312,88.65
2026032312,82.51
2026032312,103.78
2026032313,99.45
2026032313,108.34
2026032313,94.38
2026032313,102.52
2026032314,101.26
2026032314,82.32
2026032314,45.39
2026032314,40.44
2026032315,50.21
2026032315,35.63
2026032315,24.06
2026032315,21.31
2026032316,16.95
2026032316,11.18
2026032316,7.91
2026032316,6.97
2026032317,5.17
2026032317,3.95
2026032317,1.61
2026032317,0.0
2026032400,0.0
2026032405,0.06
2026032405,1.28
2026032406,1.88
2026032406,2.43
2026032406,3.25
2026032406,3.49
2026032407,4.73
2026032407,6.26
2026032407,8.2
2026032407,13.22
2026032408,13.86
2026032408,17.5
2026032408,17.48
2026032408,16.27
2026032409,12.11
2026032409,16.42
2026032409,23.39
2026032409,2.04
2026032410,44.98
2026032410,35.16
2026032410,41.28
2026032410,2.63
2026032411,18.21
2026032411,0.59
2026032411,0.0
2026032413,0.01
2026032413,0.66
2026032413,30.82
2026032414,22.0
2026032414,19.15
2026032414,17.38
2026032414,14.98
2026032415,12.51
2026032415,10.59
2026032415,7.81
2026032415,6.35
2026032416,6.15
2026032416,4.3
2026032416,4.08
2026032416,3.92
2026032417,2.78
2026032417,0.03
2026032417,0.0
2026032500,0.0
2026032505,0.36
2026032505,2.55
2026032505,2.72
2026032506,2.79
2026032506,3.2
2026032506,3.79
2026032506,3.8
2026032507,4.41
2026032507,5.66
2026032507,5.91
2026032507,6.22
2026032508,8.08
2026032508,15.69
2026032508,20.96
2026032508,33.68
2026032509,42.38
2026032509,78.27
2026032509,48.62
2026032509,112.77
2026032510,10.36
2026032510,0.0
2026032510,0.01
2026032511,0.0
2026032511,0.01
2026032511,0.0
2026032512,0.01
2026032512,0.0
2026032513,0.01
2026032513,0.03
2026032513,0.0
2026032514,0.01
2026032514,4.82
2026032514,65.79
2026032514,65.02
2026032515,46.3
2026032515,20.18
2026032515,46.33
2026032515,20.56
2026032516,14.68
2026032516,11.73
2026032516,10.9
2026032516,5.64
2026032517,3.94
2026032517,1.07
2026032517,0.0
2026032600,0.0
2026032605,1.38
2026032605,3.18
2026032605,5.05
2026032606,10.0
2026032606,9.78
2026032606,21.53
2026032606,34.31
2026032607,38.21
2026032607,34.38
2026032607,32.82
2026032607,22.15
2026032608,31.55
2026032608,74.15
2026032608,57.13
2026032608,88.68
2026032609,56.1
2026032609,74.91
2026032609,68.96
2026032609,99.89
2026032610,71.87
2026032610,130.28
2026032610,124.91
2026032610,110.45
2026032611,79.18
2026032611,91.04
2026032611,84.68
2026032611,4.11
2026032612,0.0
2026032613,36.27
2026032613,41.45
2026032614,42.43
2026032614,28.51
2026032614,24.36
2026032614,15.99
2026032615,15.22
2026032615,24.46
2026032615,38.26
2026032615,27.15
2026032616,34.75
2026032616,28.94
2026032616,15.68
2026032616,13.47
2026032617,8.12
2026032617,5.11
2026032617,3.82
2026032617,1.27
2026032618,0.0
2026032700,0.0
2026032705,0.38
2026032705,2.16
2026032705,3.98
2026032705,8.11
2026032706,13.33
2026032706,20.99
2026032706,31.28
2026032706,37.74
2026032707,52.3
2026032707,59.02
2026032707,63.53
2026032707,62.62
2026032708,60.93
2026032708,89.65
2026032708,83.2
2026032708,91.24
2026032709,132.96
2026032709,103.09
2026032709,121.0
2026032709,98.22
2026032710,122.17
2026032710,141.52
2026032710,105.97
2026032710,96.33
2026032711,127.15
2026032711,125.87
2026032711,91.71
2026032711,55.8
2026032712,82.07
2026032712,118.38
2026032712,127.21
2026032712,138.07
2026032713,136.7
2026032713,135.1
2026032713,125.75
2026032713,108.47
2026032714,109.37
2026032714,100.47
2026032714,96.57
2026032714,80.13
2026032715,40.44
2026032715,27.1
2026032715,29.39
2026032715,20.0
2026032716,11.84
2026032716,8.2
2026032716,5.36
2026032716,4.07
2026032717,3.75
2026032717,3.73
2026032717,3.21
2026032717,0.0
2026032800,0.0
2026032805,0.39
2026032805,2.12
2026032805,3.53
2026032805,10.01
2026032806,18.03
2026032806,17.32
2026032806,14.18
2026032806,17.58
2026032807,21.96
2026032807,19.79
2026032807,27.78
2026032807,34.08
2026032808,37.69
2026032808,34.03
2026032808,43.52
2026032808,44.13
2026032809,83.21
2026032809,95.78
2026032809,101.61
2026032809,99.24
2026032810,96.62
2026032810,94.63
2026032810,92.36
2026032810,142.94
2026032811,109.3
2026032811,116.6
2026032811,131.21
2026032811,137.91
2026032812,116.76
2026032812,113.04
2026032812,137.14
2026032812,121.82
2026032813,121.95
2026032813,124.15
2026032813,121.49
2026032813,107.3
2026032814,114.7
2026032814,87.2
2026032814,83.54
2026032814,83.12
2026032815,73.38
2026032815,48.44
2026032815,34.89
2026032815,28.27
2026032816,20.92
2026032816,18.4
2026032816,18.75
2026032816,17.39
2026032817,13.95
2026032817,6.75
2026032817,4.01
2026032817,1.2
2026032818,0.0
2026032900,0.0
2026032905,1.12
2026032905,2.85
2026032905,3.81
2026032905,6.65
2026032906,4.17
2026032906,6.99
2026032906,11.82
2026032906,11.52
2026032907,12.96
2026032907,14.98
2026032907,20.63
2026032907,34.82
2026032908,64.54
2026032908,57.54
2026032908,73.25
2026032908,66.67
2026032909,97.58
2026032909,110.49
2026032909,85.67
2026032909,80.58
2026032910,90.17
2026032910,68.51
2026032910,66.38
2026032910,8.31
2026032911,0.0
2026032914,2.4
2026032914,15.93
2026032914,27.35
2026032915,0.63
2026032915,16.1
2026032915,15.84
2026032915,15.14
2026032916,6.29
2026032916,5.98
2026032916,5.19
2026032916,4.14
2026032917,3.52
2026032917,0.31
2026032917,0.0
2026033000,0.0
2026033005,1.15
2026033005,2.95
2026033005,6.24
2026033005,9.64
2026033006,15.84
2026033006,23.43
2026033006,26.57
2026033006,29.38
2026033007,40.96
2026033007,55.67
2026033007,38.27
2026033007,12.42
2026033008,17.94
2026033008,82.85
2026033008,74.11
2026033008,49.5
2026033009,28.74
2026033009,76.69
2026033009,59.96
2026033009,84.0
2026033010,81.2
2026033010,90.37
2026033010,41.73
2026033010,54.94
2026033011,34.43
2026033011,64.15
2026033011,72.09
2026033011,86.51
2026033012,98.27
2026033012,70.58
2026033012,54.59
2026033012,106.03
2026033013,118.53
2026033013,99.26
2026033013,89.78
2026033013,76.48
2026033014,84.12
2026033014,99.67
2026033014,97.83
2026033014,86.57
2026033015,61.53
2026033015,52.96
2026033015,53.74
2026033015,52.48
2026033016,41.91
2026033016,26.46
2026033016,26.09
2026033016,15.87
2026033017,10.41
2026033017,6.14
2026033017,4.02
2026033017,2.5
2026033018,0.0
2026033100,0.0
2026033104,0.02
2026033105,1.89
2026033105,3.5
2026033105,6.62
2026033105,10.36
2026033106,16.05
2026033106,18.25
2026033106,20.77
2026033106,23.94
2026033107,32.96
2026033107,31.98
2026033107,48.84
2026033107,68.52
2026033108,75.6
2026033108,90.35
2026033108,105.26
2026033108,112.92
2026033109,116.16
2026033109,119.21
2026033109,127.87
2026033109,110.66
2026033110,1.77
2026033110,6.39
2026033110,124.59
2026033110,138.45
2026033111,122.87
2026033111,1.57
2026033111,0.0
2026033112,6.24
2026033112,139.39
2026033112,151.3
2026033113,138.64
2026033113,137.41
2026033113,136.08
2026033113,127.59
2026033114,120.46
2026033114,105.3
2026033114,89.97
2026033114,90.36
2026033115,67.39
2026033115,70.57
2026033115,66.88
2026033115,52.86
2026033116,44.53
2026033116,35.14
2026033116,25.61
2026033116,16.95
2026033117,10.25
2026033117,6.25
2026033117,4.07
2026033117,3.14
2026033118,0.03
2026033118,0.0
2026040100,0.0
2026040104,0.19
2026040105,1.77
2026040105,2.57
2026040105,3.41
2026040105,5.25
2026040106,5.93
2026040106,11.87
2026040106,23.64
2026040106,20.8
2026040107,24.0
2026040107,22.87
2026040107,31.07
2026040107,35.49
2026040108,33.77
2026040108,26.52
2026040108,26.02
2026040108,25.18
2026040109,19.77
2026040109,25.33
2026040109,24.73
2026040109,27.58
2026040110,35.2
2026040110,34.23
2026040110,29.11
2026040110,26.86
2026040111,32.22
2026040111,36.29
2026040111,36.46
2026040111,33.21
2026040112,32.06
2026040112,31.62
2026040112,32.06
2026040112,28.92
2026040113,24.22
2026040113,22.08
2026040113,23.88
2026040113,19.5
2026040114,19.57
2026040114,19.1
2026040114,17.87
2026040114,14.9
2026040115,13.16
2026040115,9.29
2026040115,6.18
2026040115,5.42
2026040116,5.03
2026040116,4.21
2026040116,3.8
2026040116,3.77
2026040117,3.46
2026040117,3.18
2026040117,0.71
2026040117,0.0
2026040200,0.0
2026040205,1.27
2026040205,1.99
2026040205,3.05
2026040206,5.2
2026040206,6.08
2026040206,6.6
2026040206,6.87
2026040207,9.58
2026040207,13.05
2026040207,16.87
2026040207,14.79
2026040208,12.34
2026040208,13.16
2026040208,10.31
2026040208,5.65
2026040209,4.94
2026040209,4.63
2026040209,5.7
2026040209,6.65
2026040210,7.12
2026040210,11.07
2026040210,14.96
2026040210,32.33
2026040211,60.46
2026040211,67.33
2026040211,95.91
2026040211,141.98
2026040212,141.8
2026040212,112.69
2026040212,92.37
2026040212,127.65
2026040213,133.35
2026040213,5.75
2026040213,0.0
2026040215,6.05
2026040215,27.47
2026040216,44.02
2026040216,37.05
2026040216,12.49
2026040216,6.64
2026040217,4.9
2026040217,4.14
2026040217,3.52
2026040217,0.45
2026040218,0.0
2026040300,0.0
2026040304,0.26
2026040305,2.38
2026040305,3.7
2026040305,7.2
2026040305,11.93
2026040306,10.33
2026040306,14.76
2026040306,22.85
2026040306,32.34
2026040307,32.01
2026040307,36.29
2026040307,45.21
2026040307,73.31
2026040308,86.55
2026040308,84.5
2026040308,62.43
2026040308,94.97
2026040309,84.23
2026040309,101.42
2026040309,140.99
2026040309,142.63
2026040310,130.77
2026040310,131.27
2026040310,143.69
2026040310,142.63
2026040311,105.34
2026040311,127.14
2026040311,89.98
2026040311,47.61
2026040312,34.27
2026040312,20.2
2026040312,24.29
2026040312,26.71
2026040313,48.03
2026040313,36.64
2026040313,21.23
2026040313,36.76
2026040314,23.95
2026040314,34.71
2026040314,36.2
2026040314,20.32
2026040315,27.16
2026040315,12.55
2026040315,8.51
2026040315,6.52
2026040316,4.22
2026040316,3.58
2026040316,3.6
2026040316,3.53
2026040317,3.2
2026040317,0.62
2026040317,0.0
2026040400,0.0
2026040404,0.69
2026040405,2.34
2026040405,4.03
2026040405,6.38
2026040405,9.55
2026040406,12.15
2026040406,13.53
2026040406,18.21
2026040406,23.68
2026040407,26.05
2026040407,58.28
2026040407,44.56
2026040407,6.21
2026040408,45.03
2026040408,0.0
2026040414,7.64
2026040414,105.6
2026040414,88.8
2026040415,78.44
2026040415,63.76
2026040415,30.23
2026040415,30.09
2026040416,49.47
2026040416,38.71
2026040416,18.9
2026040416,14.22
2026040417,8.42
2026040417,6.8
2026040417,3.91
2026040417,3.29
2026040418,0.09
2026040418,0.0
2026040500,0.0
2026040505,0.31
2026040505,1.13
2026040505,0.0
2026040505,0.89
2026040506,5.62
2026040506,0.0
2026040515,0.01
2026040515,0.0
2026040516,3.31
2026040516,17.87
2026040517,10.88
2026040517,9.03
2026040517,5.94
2026040517,3.5
2026040518,1.53
2026040518,0.0
2026040600,0.0
2026040604,0.85
2026040605,0.22
2026040605,0.0
2026040606,0.01
2026040606,0.0
2026040616,1.52
2026040616,31.16
2026040616,25.75
2026040616,23.18
2026040617,15.57
2026040617,8.94
2026040617,5.77
2026040617,3.91
2026040618,1.9
2026040618,0.0
2026040700,0.0
2026040704,0.64
2026040704,2.27
2026040705,3.43
2026040705,5.62
2026040705,9.83
2026040705,16.16
2026040706,24.45
2026040706,34.01
2026040706,44.27
2026040706,54.93
2026040707,66.01
2026040707,76.74
2026040707,86.47
2026040707,95.78
2026040708,104.74
2026040708,113.05
2026040708,120.66
2026040708,127.6
2026040709,133.27
2026040709,138.28
2026040709,143.22
2026040709,147.47
2026040710,151.08
2026040710,152.69
2026040710,151.07
2026040710,154.18
2026040711,25.42
2026040711,0.0
2026040712,90.29
2026040712,148.11
2026040713,140.29
2026040713,11.21
2026040713,132.71
2026040713,131.13
2026040714,22.03
2026040714,0.0
2026040714,6.39
2026040715,91.06
2026040715,82.43
2026040715,72.64
2026040715,62.24
2026040716,52.16
2026040716,41.81
2026040716,31.72
2026040716,22.3
2026040717,14.24
2026040717,8.4
2026040717,5.3
2026040717,4.09
2026040718,3.19
2026040718,0.07
2026040718,0.0
2026040800,0.0
2026040804,0.85
2026040804,2.47
2026040805,3.89
2026040805,7.36
2026040805,13.23
2026040805,19.95
2026040806,24.84
2026040806,34.34
2026040806,46.53
2026040806,59.35
2026040807,69.24
2026040807,78.76
2026040807,85.18
2026040807,93.51
2026040808,106.12
2026040808,110.79
2026040808,105.54
2026040808,111.87
2026040809,131.51
2026040809,129.74
2026040809,125.68
2026040809,132.89
2026040810,146.49
2026040810,152.84
2026040810,152.76
2026040810,148.65
2026040811,150.89
2026040811,145.24
2026040811,152.29
2026040811,145.71
2026040812,150.52
2026040812,142.1
2026040812,121.74
2026040812,138.68
2026040813,112.37
2026040813,107.8
2026040813,113.92
2026040813,84.85
2026040814,59.34
2026040814,108.34
2026040814,103.57
2026040814,89.99
2026040815,77.28
2026040815,62.41
2026040815,49.3
2026040815,32.62
2026040816,32.4
2026040816,26.55
2026040816,22.87
2026040816,17.94
2026040817,15.01
2026040817,9.63
2026040817,6.83
2026040817,4.95
2026040818,3.59
2026040818,0.4
2026040818,0.0
2026040900,0.0
2026040904,0.28
2026040905,1.92
2026040905,2.48
2026040905,4.21
2026040905,6.33
2026040906,8.77
2026040906,11.11
2026040906,14.79
2026040906,18.44
2026040907,24.3
2026040907,31.26
2026040907,67.03
2026040907,107.51
2026040908,89.6
2026040908,67.59
2026040908,76.64
2026040908,82.94
2026040909,127.47
2026040909,142.02
2026040909,146.45
2026040909,150.01
2026040910,152.88
2026040910,154.15
2026040910,148.25
2026040910,114.33
2026040911,109.14
2026040911,136.16
2026040911,136.67
2026040911,92.51
2026040912,96.93
2026040912,134.02
2026040912,126.73
2026040912,97.61
2026040913,87.1
2026040913,121.16
2026040913,49.56
2026040913,0.05
2026040914,6.44
2026040914,108.79
2026040914,106.02
2026040914,60.75
2026040915,75.54
2026040915,73.27
2026040915,66.34
2026040915,37.57
2026040916,27.91
2026040916,20.47
2026040916,15.21
2026040916,12.08
2026040917,6.65
2026040917,5.92
2026040917,4.4
2026040917,3.66
2026040918,1.92
2026040918,0.0
2026041000,0.0
2026041006,0.17
2026041006,1.73
2026041006,2.02
2026041007,2.73
2026041007,4.07
2026041007,6.68
2026041007,12.65
2026041008,6.77
2026041008,5.22
2026041008,9.43
2026041008,7.57
2026041009,4.17
2026041009,8.84
2026041009,19.83
2026041009,30.0
2026041010,46.92
2026041010,54.72
2026041010,74.14
2026041010,66.18
2026041011,31.42
2026041011,36.03
2026041011,57.57
2026041011,69.57
2026041012,26.61
2026041012,25.68
2026041012,21.87
2026041012,13.27
2026041013,16.84
2026041013,22.62
2026041013,27.87
2026041013,48.59
2026041014,54.59
2026041014,30.93
2026041014,25.78
2026041014,31.09
2026041015,59.89
2026041015,46.57
2026041015,54.16
2026041015,49.0
2026041016,31.09
2026041016,33.16
2026041016,25.7
2026041016,22.61
2026041017,16.54
2026041017,11.77
2026041017,6.81
2026041017,4.32
2026041018,3.46
2026041018,1.12
2026041018,0.0
2026041100,0.0
2026041104,1.32
2026041104,3.29
2026041105,4.85
2026041105,7.75
2026041105,12.64
2026041105,20.05
2026041106,29.7
2026041106,39.3
2026041106,44.1
2026041106,45.59
2026041107,42.75
2026041107,49.61
2026041107,67.76
2026041107,83.83
2026041108,96.74
2026041108,115.07
2026041108,118.25
2026041108,9.01
2026041109,115.4
2026041109,106.05
2026041109,13.05
2026041109,0.0
2026041110,0.01
2026041110,0.0
2026041115,4.82
2026041115,39.75
2026041115,49.37
2026041115,46.57
2026041116,33.04
2026041116,20.73
2026041116,19.37
2026041116,18.45
2026041117,12.61
2026041117,9.5
2026041117,6.42
2026041117,4.26
2026041118,1.59
2026041118,0.0
2026041200,0.0
2026041204,1.23
2026041204,2.34
2026041205,5.02
2026041205,8.32
2026041205,13.06
2026041205,20.1
2026041206,28.81
2026041206,38.51
2026041206,48.92
2026041206,59.26
2026041207,69.55
2026041207,73.36
2026041207,84.13
2026041207,97.63
2026041208,107.05
2026041208,115.03
2026041208,122.76
2026041208,127.66
2026041209,136.07
2026041209,134.73
2026041209,123.97
2026041209,116.11
2026041210,90.29
2026041210,77.76
2026041210,96.67
2026041210,96.01
2026041211,115.96
2026041211,136.29
2026041211,116.54
2026041211,127.51
2026041212,124.87
2026041212,99.99
2026041212,138.24
2026041212,132.63
2026041213,118.66
2026041213,129.49
2026041213,127.09
2026041213,103.84
2026041214,98.91
2026041214,88.91
2026041214,78.25
2026041214,88.57
2026041215,89.42
2026041215,73.71
2026041215,71.69
2026041215,44.09
2026041216,29.12
2026041216,46.16
2026041216,42.9
2026041216,26.35
2026041217,17.26
2026041217,11.2
2026041217,7.11
2026041217,4.9
2026041218,3.75
2026041218,1.86
2026041218,0.0
2026041300,0.0
2026041304,1.37
2026041304,3.06
2026041305,5.23
2026041305,8.37
2026041305,10.97
2026041305,13.86
2026041306,17.53
2026041306,21.73
2026041306,26.7
2026041306,31.77
2026041307,37.71
2026041307,37.4
2026041307,40.84
2026041307,49.23
2026041308,62.35
2026041308,68.01
2026041308,63.81
2026041308,73.12
2026041309,76.29
2026041309,71.36
2026041309,82.75
2026041309,67.37
2026041310,59.27
2026041310,47.83
2026041310,51.23
2026041310,62.58
2026041311,60.27
2026041311,46.81
2026041311,52.04
2026041311,40.08
2026041312,33.53
2026041312,47.69
2026041312,33.63
2026041312,29.52
2026041313,19.84
2026041313,16.16
2026041313,14.96
2026041313,13.28
2026041314,9.87
2026041314,11.2
2026041314,11.26
2026041314,7.65
2026041315,9.2
2026041315,8.84
2026041315,9.76
2026041315,10.81
2026041316,10.39
2026041316,11.09
2026041316,13.21
2026041316,10.81
2026041317,5.81
2026041317,4.68
2026041317,2.92
2026041317,0.0
2026041400,0.0
2026041404,0.06
2026041405,1.38
2026041405,2.46
2026041405,2.96
2026041405,3.86
2026041406,5.02
2026041406,6.52
2026041406,7.67
2026041406,7.76
2026041407,9.13
2026041407,9.32
2026041407,9.53
2026041407,10.65
2026041408,7.58
2026041408,7.94
2026041408,14.98
2026041408,23.12
2026041409,22.7
2026041409,43.32
2026041409,80.55
2026041409,57.82
2026041410,48.94
2026041410,30.79
2026041410,36.2
2026041410,53.46
2026041411,35.71
2026041411,31.31
2026041411,44.63
2026041411,41.31
2026041412,35.2
2026041412,92.75
2026041412,56.9
2026041412,48.68
2026041413,61.85
2026041413,43.22
2026041413,41.29
2026041413,48.52
2026041414,66.82
2026041414,59.86
2026041414,58.92
2026041414,53.46
2026041415,33.42
2026041415,30.49
2026041415,36.58
2026041415,32.54
2026041416,30.5
2026041416,26.36
2026041416,19.52
2026041416,19.37
2026041417,14.08
2026041417,9.36
2026041417,6.29
2026041417,4.69
2026041418,3.22
2026041418,0.15
2026041418,0.0
2026041500,0.0
2026041504,1.11
2026041504,2.22
2026041505,3.7
2026041505,5.07
2026041505,6.39
2026041505,9.76
2026041506,14.09
2026041506,20.01
2026041506,24.22
2026041506,34.04
2026041507,22.47
2026041507,25.24
2026041507,28.36
2026041507,35.47
2026041508,38.4
2026041508,44.23
2026041508,50.12
2026041508,77.26
2026041509,86.41
2026041509,93.64
2026041509,132.6
2026041509,115.25
2026041510,111.22
2026041510,96.4
2026041510,97.91
2026041510,102.69
2026041511,122.09
2026041511,106.13
2026041511,88.62
2026041511,97.41
2026041512,61.54
2026041512,78.19
2026041512,75.48
2026041512,91.95
2026041513,88.13
2026041513,85.04
2026041513,79.7
2026041513,77.68
2026041514,55.2
2026041514,49.12
2026041514,47.23
2026041514,41.18
2026041515,39.13
2026041515,36.21
2026041515,30.55
2026041515,25.29
2026041516,22.11
2026041516,18.1
2026041516,13.38
2026041516,8.3
2026041517,7.28
2026041517,6.65
2026041517,4.66
2026041517,3.74
2026041518,2.97
2026041518,0.08
2026041518,0.0
2026041600,0.0
2026041604,0.76
2026041604,2.27
2026041605,2.11
2026041605,1.93
2026041605,2.77
2026041605,4.0
2026041606,5.64
2026041606,5.79
2026041606,11.08
2026041606,27.27
2026041607,26.55
2026041607,25.55
2026041607,17.81
2026041607,18.77
2026041608,21.18
2026041608,40.83
2026041608,22.01
2026041608,19.63
2026041609,28.08
2026041609,28.77
2026041609,44.01
2026041609,40.42
2026041610,48.85
2026041610,94.02
2026041610,108.4
2026041610,96.58
2026041611,114.06
2026041611,126.65
2026041611,128.19
2026041611,65.77
2026041612,62.71
2026041612,96.56
2026041612,111.55
2026041612,117.01
2026041613,92.92
2026041613,129.18
2026041613,125.23
2026041613,130.73
2026041614,125.35
2026041614,118.39
2026041614,83.83
2026041614,101.07
2026041615,91.69
2026041615,60.5
2026041615,52.37
2026041615,63.16
2026041616,55.75
2026041616,46.17
2026041616,38.52
2026041616,29.4
2026041617,18.66
2026041617,11.76
2026041617,10.8
2026041617,7.67
2026041618,4.32
2026041618,3.48
2026041618,0.37
2026041618,0.0
2026041700,0.0
2026041704,0.63
2026041704,2.13
2026041704,2.89
2026041705,3.27
2026041705,4.57
2026041705,6.28
2026041705,8.77
2026041706,12.01
2026041706,13.36
2026041706,12.88
2026041706,13.56
2026041707,16.19
2026041707,30.24
2026041707,26.62
2026041707,25.26
2026041708,25.3
2026041708,29.47
2026041708,27.39
2026041708,28.74
2026041709,29.16
2026041709,42.64
2026041709,62.9
2026041709,74.21
2026041710,69.98
2026041710,108.55
2026041710,82.35
2026041710,70.26
2026041711,56.97
2026041711,116.56
2026041711,135.45
2026041711,134.74
2026041712,12.69
2026041712,99.71
2026041712,127.3
2026041712,112.72
2026041713,134.8
2026041713,104.78
2026041713,100.9
2026041713,76.02
2026041714,80.3
2026041714,80.48
2026041714,84.95
2026041714,48.89
2026041715,26.57
2026041715,30.93
2026041715,40.71
2026041715,23.26
2026041716,19.18
2026041716,18.24
2026041716,16.69
2026041716,14.12
2026041717,11.26
2026041717,8.21
2026041717,5.98
2026041717,4.57
2026041718,3.64
2026041718,2.16
2026041718,0.0
2026041800,0.0
2026041804,0.7
2026041804,2.88
2026041804,4.79
2026041805,6.15
2026041805,9.07
2026041805,17.86
2026041805,21.22
2026041806,26.37
2026041806,35.43
2026041806,42.5
2026041806,41.68
2026041807,43.39
2026041807,47.53
2026041807,52.96
2026041807,46.93
2026041808,48.98
2026041808,58.66
2026041808,77.11
2026041808,89.14
2026041809,69.28
2026041809,59.49
2026041809,75.92
2026041809,63.04
2026041810,74.54
2026041810,35.25
2026041810,26.85
2026041810,20.18
2026041811,32.5
2026041811,28.49
2026041811,14.84
2026041811,12.41
2026041812,15.21
2026041812,17.54
2026041812,22.4
2026041812,22.85
2026041813,16.92
2026041813,14.03
2026041813,20.4
2026041813,26.26
2026041814,25.18
2026041814,13.74
2026041814,9.49
2026041814,6.55
2026041815,5.68
2026041815,11.26
2026041815,25.41
2026041815,30.19
2026041816,13.95
2026041816,12.46
2026041816,13.74
2026041816,11.23
2026041817,5.93
2026041817,4.41
2026041817,3.93
2026041817,4.87
2026041818,3.78
2026041818,1.56
2026041818,0.0
2026041900,0.0
2026041904,1.13
2026041904,2.31
2026041904,3.38
2026041905,4.85
2026041905,6.23
2026041905,6.97
2026041905,7.68
2026041906,9.66
2026041906,11.24
2026041906,13.77
2026041906,15.77
2026041907,22.17
2026041907,29.32
2026041907,33.57
2026041907,33.51
2026041908,40.8
2026041908,45.19
2026041908,47.03
2026041908,43.0
2026041909,40.49
2026041909,32.01
2026041909,42.6
2026041909,48.58
2026041910,35.43
2026041910,39.6
2026041910,34.76
2026041910,41.25
2026041911,32.63
2026041911,38.27
2026041911,50.91
2026041911,45.86
2026041912,52.23
2026041912,36.42
2026041912,17.01
2026041912,20.52
2026041913,33.09
2026041913,46.23
2026041913,53.68
2026041913,42.9
2026041914,43.87
2026041914,58.81
2026041914,66.07
2026041914,59.39
2026041915,59.72
2026041915,42.18
2026041915,19.08
2026041915,20.4
2026041916,13.61
2026041916,16.26
2026041916,15.89
2026041916,18.33
2026041917,14.17
2026041917,12.01
2026041917,11.29
2026041917,10.81
2026041918,7.34
2026041918,4.55
2026041918,3.74
2026041918,1.1
2026041919,0.0
2026042000,0.0
2026042004,0.05
2026042004,2.14
2026042004,3.36
2026042005,5.23
2026042005,7.52
2026042005,12.1
2026042005,13.11
2026042006,14.03
2026042006,18.47
2026042006,22.81
2026042006,26.7
2026042007,39.83
2026042007,62.14
2026042007,88.35
2026042007,89.36
2026042008,121.56
2026042008,105.49
2026042008,96.59
2026042008,105.82
2026042009,105.32
2026042009,129.5
2026042009,133.88
2026042009,113.02
2026042010,109.86
2026042010,113.67
2026042010,148.18
2026042010,144.79
2026042011,124.75
2026042011,126.34
2026042011,112.41
2026042011,89.12
2026042012,114.08
2026042012,103.38
2026042012,115.6
2026042012,105.13
2026042013,109.26
2026042013,109.87
2026042013,135.36
2026042013,134.02
2026042014,99.12
2026042014,102.84
2026042014,107.01
2026042014,110.89
2026042015,101.41
2026042015,91.61
2026042015,81.31
2026042015,69.45
2026042016,59.19
2026042016,49.96
2026042016,40.28
2026042016,29.81
2026042017,20.43
2026042017,12.82
2026042017,8.0
2026042017,5.58
2026042018,4.38
2026042018,3.78
2026042018,1.75
2026042018,0.0
2026042100,0.0
2026042104,0.96
2026042104,2.43
2026042104,3.53
2026042104,5.2
2026042105,8.04
2026042105,12.85
2026042105,19.95
2026042105,28.77
2026042106,38.47
2026042106,48.83
2026042106,59.59
2026042106,70.18
2026042107,80.14
2026042107,88.85
2026042107,99.13
2026042107,108.45
2026042108,116.96
2026042108,124.81
2026042108,131.98
2026042108,138.89
2026042109,145.1
2026042109,150.81
2026042109,154.11
2026042109,154.98
2026042110,155.05
2026042110,155.13
2026042110,148.78
2026042110,12.73
2026042111,148.77
2026042111,155.1
2026042111,155.08
2026042112,154.92
2026042112,154.85
2026042112,154.74
2026042112,154.51
2026042113,153.41
2026042113,144.82
2026042113,144.5
2026042113,138.39
2026042114,131.38
2026042114,124.22
2026042114,115.99
2026042114,108.04
2026042115,99.5
2026042115,90.37
2026042115,80.65
2026042115,70.62
2026042116,60.43
2026042116,50.5
2026042116,40.43
2026042116,30.66
2026042117,21.71
2026042117,14.35
2026042117,8.98
2026042117,6.04
2026042118,4.7
2026042118,3.8
2026042118,2.76
2026042118,0.04
2026042119,0.0
2026042200,0.0
2026042204,1.1
2026042204,2.66
2026042204,4.75
2026042204,7.72
2026042205,8.51
2026042205,9.14
2026042205,10.95
2026042205,13.4
2026042206,16.84
2026042206,21.1
2026042206,25.97
2026042206,29.01
2026042207,34.27
2026042207,42.95
2026042207,55.29
2026042207,81.88
2026042208,114.39
2026042208,125.77
2026042208,128.78
2026042208,10.21
2026042209,6.85
2026042209,0.0
2026042210,0.01
2026042210,0.0
2026042214,11.6
2026042214,95.85
2026042215,85.82
2026042215,73.65
2026042215,57.86
2026042215,45.19
2026042216,33.58
2026042216,28.12
2026042216,24.06
2026042216,19.29
2026042217,17.71
2026042217,13.96
2026042217,10.07
2026042217,6.7
2026042218,4.4
2026042218,3.18
2026042218,1.79
2026042218,0.02
2026042219,0.0
2026042300,0.0
2026042303,0.04
2026042304,2.04
2026042304,3.3
2026042304,4.93
2026042304,6.88
2026042305,9.81
2026042305,14.85
2026042305,22.16
2026042305,30.92
2026042306,40.68
2026042306,50.81
2026042306,61.34
2026042306,71.63
2026042307,81.53
2026042307,90.67
2026042307,100.12
2026042307,108.86
2026042308,116.89
2026042308,124.3
2026042308,131.53
2026042308,138.06
2026042309,144.14
2026042309,149.72
2026042309,153.7
2026042309,154.66
2026042310,154.8
2026042310,154.83
2026042310,154.88
2026042310,154.86
2026042311,25.82
2026042311,0.0
2026042312,0.04
2026042312,0.07
2026042313,0.0
2026042315,6.92
2026042315,82.5
2026042315,72.72
2026042316,60.34
2026042316,47.99
2026042316,40.18
2026042316,29.77
2026042317,22.21
2026042317,18.04
2026042317,13.77
2026042317,10.4
2026042318,7.46
2026042318,5.12
2026042318,3.91
2026042318,0.72
2026042319,0.0
2026042400,0.0
2026042403,0.16
2026042404,1.73
2026042404,3.01
2026042404,4.47
2026042404,6.5
2026042405,9.51
2026042405,14.89
2026042405,22.15
2026042405,30.84
2026042406,40.32
2026042406,50.58
2026042406,61.18
2026042406,71.29
2026042407,81.22
2026042407,91.23
2026042407,100.27
2026042407,109.14
2026042408,117.42
2026042408,124.98
2026042408,125.74
2026042408,9.51
2026042409,139.34
2026042409,150.57
2026042409,153.99
2026042409,154.7
2026042410,154.86
2026042410,154.94
2026042410,154.98
2026042411,25.63
2026042411,0.0
2026042415,8.34
2026042415,86.88
2026042415,72.34
2026042415,59.08
2026042416,46.03
2026042416,36.21
2026042416,30.76
2026042416,19.16
2026042417,16.04
2026042417,14.48
2026042417,11.3
2026042417,7.11
2026042418,5.08
2026042418,4.23
2026042418,3.82
2026042418,0.26
2026042419,0.0
2026042500,0.0
2026042504,1.34
2026042504,1.85
2026042504,3.59
2026042504,6.83
2026042505,11.65
2026042505,16.53
2026042505,23.88
2026042505,33.55
2026042506,35.48
2026042506,42.62
2026042506,40.01
2026042506,14.0
2026042507,62.08
2026042507,5.44
2026042507,0.0
2026042508,0.01
2026042508,0.0
2026042515,4.06
2026042516,64.06
2026042516,6.31
2026042516,43.2
2026042516,33.43
2026042517,24.31
2026042517,16.93
2026042517,11.22
2026042517,7.59
2026042518,5.61
2026042518,4.55
2026042518,3.89
2026042518,1.47
2026042519,0.0
2026042600,0.0
2026042603,0.62
2026042604,2.25
2026042604,3.36
2026042604,4.89
2026042604,7.6
2026042605,13.46
2026042605,20.24
2026042605,25.04
2026042605,34.01
2026042606,44.3
2026042606,54.86
2026042606,65.01
2026042606,74.95
2026042607,84.52
2026042607,94.81
2026042607,103.97
2026042607,112.7
2026042608,120.64
2026042608,125.87
2026042608,126.31
2026042608,135.14
2026042609,149.03
2026042609,25.29
2026042609,0.0
2026042614,2.8
2026042614,0.0
2026042615,6.19
2026042615,6.22
2026042615,5.48
2026042615,76.23
2026042616,66.33
2026042616,55.51
2026042616,44.37
2026042616,31.49
2026042617,26.86
2026042617,19.8
2026042617,12.71
2026042617,7.96
2026042618,5.76
2026042618,4.25
2026042618,3.55
2026042618,1.16
2026042619,0.0
2026042700,0.0
2026042703,0.02
2026042703,1.04
2026042704,2.67
2026042704,3.99
2026042704,5.65
2026042704,8.12
2026042705,12.36
2026042705,18.44
2026042705,26.84
2026042705,38.07
2026042706,39.54
2026042706,49.08
2026042706,41.39
2026042706,60.09
2026042707,78.93
2026042707,94.2
2026042707,102.07
2026042707,111.91
2026042708,120.4
2026042708,129.94
2026042708,111.21
2026042708,119.9
2026042709,111.98
2026042709,111.01
2026042709,113.11
2026042709,126.58
2026042710,127.06
2026042710,123.28
2026042710,128.07
2026042710,127.62
2026042711,96.85
2026042711,76.02
2026042711,147.9
2026042711,132.96
2026042712,114.49
2026042712,78.95
2026042712,92.12
2026042712,140.7
2026042713,147.06
2026042713,145.33
2026042713,144.48
2026042713,133.13
2026042714,130.17
2026042714,113.48
2026042714,114.09
2026042714,103.22
2026042715,96.67
2026042715,91.26
2026042715,85.19
2026042715,74.31
2026042716,62.89
2026042716,52.79
2026042716,43.02
2026042716,30.89
2026042717,20.78
2026042717,16.27
2026042717,10.71
2026042717,7.52
2026042718,5.98
2026042718,4.78
2026042718,3.83
2026042718,1.99
2026042719,0.0
2026042800,0.0
2026042803,0.89
2026042804,2.37
2026042804,3.6
2026042804,5.28
2026042804,8.57
2026042805,14.38
2026042805,18.3
2026042805,21.35
2026042805,25.27
2026042806,41.65
2026042806,51.25
2026042806,60.66
2026042806,75.26
2026042807,85.98
2026042807,87.66
2026042807,100.48
2026042807,110.01
2026042808,123.78
2026042808,130.09
2026042808,132.32
2026042808,125.66
2026042809,110.03
2026042809,148.36
2026042809,152.02
2026042809,154.42
2026042810,153.35
2026042810,151.39
2026042810,154.3
2026042810,152.99
2026042811,154.68
2026042811,154.38
2026042811,155.02
2026042812,154.62
2026042812,152.63
2026042812,154.14
2026042812,154.67
2026042813,151.85
2026042813,152.48
2026042813,147.61
2026042813,141.69
2026042814,135.27
2026042814,128.33
2026042814,119.96
2026042814,111.84
2026042815,103.49
2026042815,94.41
2026042815,86.19
2026042815,74.9
2026042816,64.64
2026042816,58.19
2026042816,53.15
2026042816,47.4
2026042817,35.96
2026042817,22.26
2026042817,11.57
2026042817,7.51
2026042818,5.61
2026042818,4.48
2026042818,3.74
2026042818,2.25
2026042819,0.0
2026042900,0.0
2026042903,0.04
2026042903,1.44
2026042904,2.81
2026042904,4.65
2026042904,7.03
2026042904,9.3
2026042905,11.13
2026042905,17.61
2026042905,23.93
2026042905,34.9
2026042906,43.86
2026042906,55.52
2026042906,65.38
2026042906,75.06
2026042907,84.4
2026042907,94.24
2026042907,103.51
2026042907,111.77
2026042908,119.6
2026042908,126.87
2026042908,134.29
2026042908,141.2
2026042909,147.22
2026042909,151.92
2026042909,154.22
2026042909,154.64
2026042910,25.78
2026042910,0.0
2026042910,6.44
2026042911,148.68
2026042911,148.38
2026042911,12.58
2026042911,148.5
2026042912,148.37
2026042912,12.69
2026042912,142.06
2026042912,6.22
2026042913,0.0
2026042913,16.12
2026042914,134.27
2026042914,128.2
2026042914,120.65
2026042914,112.59
2026042915,104.27
2026042915,95.12
2026042915,85.76
2026042915,76.09
2026042916,66.06
2026042916,55.82
2026042916,45.42
2026042916,35.35
2026042917,26.1
2026042917,18.16
2026042917,11.88
2026042917,8.0
2026042918,6.01
2026042918,4.76
2026042918,4.01
2026042918,2.96
2026042919,0.06
2026042919,0.0
2026043000,0.0
2026043003,0.71
2026043004,2.43
2026043004,3.86
2026043004,5.86
2026043004,7.81
2026043005,11.51
2026043005,15.85
2026043005,21.38
2026043005,27.98
2026043006,36.03
2026043006,49.33
2026043006,64.51
2026043006,75.97
2026043007,86.09
2026043007,95.52
2026043007,104.54
2026043007,113.03
2026043008,121.03
2026043008,128.54
2026043008,135.51
2026043008,141.64
2026043009,147.38
2026043009,152.47
2026043009,25.46
2026043009,0.0
2026043015,8.67
2026043015,85.8
2026043015,76.12
2026043016,66.25
2026043016,56.06
2026043016,45.83
2026043016,35.86
2026043017,26.61
2026043017,18.62
2026043017,12.32
2026043017,8.14
2026043018,6.12
2026043018,5.05
2026043018,4.24
2026043018,3.52
2026043019,0.38
2026043019,0.0
2026050100,0.0
2026050103,0.39
2026050103,1.93
2026050104,2.99
2026050104,4.35
2026050104,6.09
2026050104,8.99
2026050105,12.38
2026050105,19.09
2026050105,27.5
2026050105,36.82
2026050106,46.46
2026050106,56.37
2026050106,66.32
2026050106,76.23
2026050107,85.75
2026050107,94.9
2026050107,103.62
2026050107,111.95
2026050108,119.81
2026050108,16.72
2026050108,0.0
2026050115,6.72
2026050115,75.79
2026050116,66.35
2026050116,56.43
2026050116,46.31
2026050116,36.48
2026050117,27.22
2026050117,19.11
2026050117,12.63
2026050117,8.28
2026050118,6.13
2026050118,4.94
2026050118,4.15
2026050118,3.64
2026050119,0.69
2026050119,0.0
2026050200,0.0
2026050203,0.23
2026050203,2.23
2026050204,2.99
2026050204,4.26
2026050204,5.88
2026050204,8.24
2026050205,12.51
2026050205,18.88
2026050205,26.84
2026050205,35.91
2026050206,45.51
2026050206,55.43
2026050206,65.3
2026050206,74.62
2026050207,83.79
2026050207,8.84
2026050207,0.0
2026050215,5.29
2026050215,62.16
2026050215,32.45
2026050215,21.13
2026050216,12.2
2026050216,18.47
2026050216,21.16
2026050216,14.68
2026050217,20.74
2026050217,7.1
2026050217,10.87
2026050217,6.78
2026050218,5.07
2026050218,4.28
2026050218,4.34
2026050218,1.83
2026050219,0.0
2026050300,0.0
2026050303,0.19
2026050304,2.12
2026050304,3.02
2026050304,3.22
2026050304,3.16
2026050305,4.1
2026050305,4.87
2026050305,5.13
2026050305,8.3
2026050306,8.49
2026050306,8.42
2026050306,8.08
2026050306,9.18
2026050307,12.68
2026050307,14.53
2026050307,28.63
2026050307,41.12
2026050308,47.64
2026050308,87.03
2026050308,85.17
2026050308,100.12
2026050309,107.78
2026050309,92.67
2026050309,93.17
2026050309,122.81
2026050310,154.4
2026050310,141.42
2026050310,103.9
2026050310,60.01
2026050311,96.76
2026050311,130.02
2026050311,90.86
2026050311,99.03
2026050312,74.78
2026050312,54.16
2026050312,53.29
2026050312,51.81
2026050313,47.36
2026050313,51.83
2026050313,47.16
2026050313,39.21
2026050314,43.04
2026050314,47.76
2026050314,42.02
2026050314,38.71
2026050315,39.52
2026050315,38.25
2026050315,36.14
2026050315,36.47
2026050316,32.52
2026050316,18.41
2026050316,11.61
2026050316,8.71
2026050317,7.03
2026050317,6.4
2026050317,4.98
2026050317,4.21
2026050318,3.81
2026050318,3.53
2026050318,0.97
2026050318,0.0
2026050400,0.0
2026050403,0.37
2026050403,2.45
2026050404,3.25
2026050404,4.42
2026050404,5.99
2026050404,9.77
2026050405,11.18
2026050405,18.34
2026050405,20.9
2026050405,31.75
2026050406,45.12
2026050406,47.41
2026050406,73.16
2026050406,60.74
2026050407,73.2
2026050407,104.78
2026050407,61.49
2026050407,99.08
2026050408,115.69
2026050408,116.4
2026050408,128.76
2026050408,139.64
2026050409,142.68
2026050409,140.22
2026050409,134.18
2026050409,131.61
2026050410,141.24
2026050410,129.37
2026050410,122.51
2026050410,129.41
2026050411,130.01
2026050411,125.21
2026050411,126.19
2026050411,126.52
2026050412,125.68
2026050412,116.09
2026050412,101.85
2026050412,116.77
2026050413,120.55
2026050413,102.07
2026050413,123.21
2026050413,122.13
2026050414,97.56
2026050414,99.69
2026050414,69.88
2026050414,74.8
2026050415,73.26
2026050415,70.29
2026050415,60.43
2026050415,69.56
2026050416,55.21
2026050416,45.92
2026050416,47.04
2026050416,34.69
2026050417,27.68
2026050417,18.72
2026050417,16.83
2026050417,12.54
2026050418,10.59
2026050418,5.69
2026050418,4.35
2026050418,3.71
2026050419,1.69
2026050419,0.0
2026050500,0.0
2026050503,0.5
2026050503,2.05
2026050504,3.41
2026050504,5.4
2026050504,6.98
2026050504,9.63
2026050505,14.52
2026050505,21.44
2026050505,29.77
2026050505,39.48
2026050506,49.86
2026050506,60.49
2026050506,70.84
2026050506,81.0
2026050507,90.78
2026050507,100.21
2026050507,109.01
2026050507,117.52
2026050508,125.25
2026050508,132.26
2026050508,138.85
2026050508,145.23
2026050509,150.76
2026050509,153.98
2026050509,154.86
2026050509,155.04
2026050510,155.17
2026050510,155.23
2026050510,155.24
2026050510,155.29
2026050511,155.25
2026050511,155.04
2026050511,153.59
2026050512,148.73
2026050512,142.26
2026050512,129.74
2026050512,132.15
2026050513,112.45
2026050513,114.25
2026050513,78.9
2026050513,74.48
2026050514,112.18
2026050514,139.88
2026050514,77.39
2026050514,122.87
2026050515,94.6
2026050515,100.88
2026050515,90.36
2026050515,84.41
2026050516,66.45
2026050516,28.9
2026050516,28.32
2026050516,22.13
2026050517,16.11
2026050517,10.98
2026050517,8.09
2026050517,6.63
2026050518,5.41
2026050518,4.22
2026050518,3.71
2026050518,2.41
2026050519,0.04
2026050519,0.0
2026050600,0.0
2026050603,0.64
2026050603,2.04
2026050604,3.45
2026050604,5.62
2026050604,7.53
2026050604,10.32
2026050605,15.59
2026050605,23.76
2026050605,33.22
2026050605,42.22
2026050606,51.63
2026050606,61.54
2026050606,72.24
2026050606,82.27
2026050607,91.7
2026050607,98.41
2026050607,107.57
2026050607,117.63
2026050608,129.05
2026050608,137.3
2026050608,143.22
2026050608,149.68
2026050609,152.17
2026050609,153.27
2026050609,154.35
2026050609,154.4
2026050610,154.63
2026050610,154.79
2026050610,154.84
2026050610,154.81
2026050611,154.82
2026050611,154.56
2026050611,143.71
2026050611,148.97
2026050612,118.46
2026050612,151.25
2026050612,149.43
2026050612,153.58
2026050613,153.35
2026050613,149.37
2026050613,150.51
2026050613,145.37
2026050614,139.94
2026050614,134.43
2026050614,126.73
2026050614,119.05
2026050615,110.64
2026050615,101.69
2026050615,91.63
2026050615,81.65
2026050616,71.56
2026050616,61.15
2026050616,50.75
2026050616,40.49
2026050617,30.69
2026050617,22.07
2026050617,14.48
2026050617,9.89
2026050618,7.18
2026050618,5.78
2026050618,4.74
2026050618,4.24
2026050619,3.33
2026050619,0.16
2026050619,0.0
2026050700,0.0
2026050703,0.22
2026050703,1.65
2026050703,2.79
2026050704,4.03
2026050704,5.75
2026050704,7.72
2026050704,11.49
2026050705,15.57
2026050705,22.87
2026050705,31.97
2026050705,41.13
2026050706,52.43
2026050706,61.34
2026050706,71.16
2026050706,82.4
2026050707,90.32
2026050707,99.52
2026050707,107.71
2026050707,113.67
2026050708,120.63
2026050708,130.48
2026050708,137.13
2026050708,141.03
2026050709,138.32
2026050709,146.08
2026050709,149.21
2026050709,154.62
2026050710,154.8
2026050710,154.39
2026050710,133.85
2026050710,121.01
2026050711,75.38
2026050711,125.78
2026050711,152.71
2026050711,154.79
2026050712,154.41
2026050712,153.25
2026050712,154.35
2026050713,153.42
2026050713,145.24
2026050713,146.28
2026050713,135.3
2026050714,131.75
2026050714,122.85
2026050714,122.72
2026050714,115.74
2026050715,112.54
2026050715,101.26
2026050715,90.66
2026050715,81.38
2026050716,71.43
2026050716,61.48
2026050716,50.33
2026050716,40.83
2026050717,31.48
2026050717,23.04
2026050717,15.88
2026050717,10.75
2026050718,7.94
2026050718,6.27
2026050718,4.83
2026050718,3.92
2026050719,2.12
2026050719,0.0
2026050800,0.0
2026050803,0.45
2026050803,2.02
2026050803,2.66
2026050804,4.02
2026050804,5.8
2026050804,7.27
2026050804,7.8
2026050805,9.2
2026050805,14.3
2026050805,16.86
2026050805,21.31
2026050806,24.68
2026050806,29.13
2026050806,39.4
2026050806,42.22
2026050807,57.6
2026050807,65.51
2026050807,81.89
2026050807,88.04
2026050808,109.96
2026050808,126.69
2026050808,97.27
2026050808,84.42
2026050809,87.95
2026050809,68.9
2026050809,43.98
2026050809,34.63
2026050810,44.71
2026050810,44.67
2026050810,41.16
2026050810,70.61
2026050811,116.54
2026050811,113.33
2026050811,139.63
2026050811,128.48
2026050812,40.01
2026050812,18.71
2026050812,12.6
2026050812,14.06
2026050813,28.17
2026050813,46.07
2026050813,40.09
2026050813,59.45
2026050814,115.24
2026050814,111.89
2026050814,41.85
2026050814,49.07
2026050815,91.02
2026050815,42.22
2026050815,15.55
2026050815,9.98
2026050816,12.62
2026050816,22.46
2026050816,36.87
2026050816,35.11
2026050817,28.3
2026050817,26.44
2026050817,25.99
2026050817,13.61
2026050818,9.45
2026050818,6.87
2026050818,5.0
2026050818,3.87
2026050819,1.63
2026050819,0.0
2026050900,0.0
2026050903,1.2
2026050903,2.4
2026050903,3.28
2026050904,4.75
2026050904,6.76
2026050904,9.63
2026050904,13.27
2026050905,17.98
2026050905,24.71
2026050905,33.26
2026050905,41.52
2026050906,47.29
2026050906,63.22
2026050906,71.76
2026050906,82.84
2026050907,86.84
2026050907,102.22
2026050907,109.12
2026050907,117.11
2026050908,122.73
2026050908,133.58
2026050908,136.52
2026050908,145.87
2026050909,149.35
2026050909,150.91
2026050909,154.54
2026050909,154.97
2026050910,154.99
2026050910,154.7
2026050910,152.21
2026050910,153.07
2026050911,155.08
2026050911,155.05
2026050911,154.92
2026050911,154.86
2026050912,154.88
2026050912,154.87
2026050912,154.83
2026050912,154.82
2026050913,154.58
2026050913,152.74
2026050913,147.86
2026050913,143.36
2026050914,36.54
2026050914,130.89
2026050914,124.13
2026050914,116.55
2026050915,107.44
2026050915,99.18
2026050915,89.9
2026050915,80.59
2026050916,70.58
2026050916,60.63
2026050916,50.49
2026050916,39.99
2026050917,32.17
2026050917,22.08
2026050917,16.61
2026050917,10.69
2026050918,7.57
2026050918,6.03
2026050918,4.86
2026050918,4.04
2026050919,3.24
2026050919,0.08
2026050919,0.0
2026051000,0.0
2026051003,0.32
2026051003,1.7
2026051003,2.95
2026051004,4.82
2026051004,12.4
2026051004,20.03
2026051004,15.34
2026051005,13.67
2026051005,16.1
2026051005,22.87
2026051005,39.86
2026051006,38.34
2026051006,20.8
2026051006,32.78
2026051006,32.93
2026051007,36.93
2026051007,46.83
2026051007,41.36
2026051007,61.59
2026051008,87.9
2026051008,43.83
2026051008,42.43
2026051008,54.44
2026051009,75.79
2026051009,81.61
2026051009,105.99
2026051009,123.5
2026051010,117.43
2026051010,121.35
2026051010,146.88
2026051010,141.54
2026051011,143.58
2026051011,121.64
2026051011,131.86
2026051011,126.61
2026051012,151.1
2026051012,153.99
2026051012,136.23
2026051012,139.16
2026051013,143.84
2026051013,140.19
2026051013,133.61
2026051013,111.24
2026051014,61.56
2026051014,130.33
2026051014,94.97
2026051014,108.45
2026051015,77.39
2026051015,109.57
2026051015,91.82
2026051015,77.4
2026051016,44.0
2026051016,44.07
2026051016,31.64
2026051016,27.21
2026051017,35.63
2026051017,17.75
2026051017,17.9
2026051017,14.34
2026051018,7.7
2026051018,5.64
2026051018,5.28
2026051018,3.91
2026051019,3.21
2026051019,0.52
2026051019,0.0
2026051100,0.0
2026051103,0.63
2026051103,2.05
2026051103,3.24
2026051104,4.5
2026051104,7.45
2026051104,11.19
2026051104,14.47
2026051105,15.75
2026051105,24.32
2026051105,36.18
2026051105,49.56
2026051106,61.27
2026051106,49.97
2026051106,62.38
2026051106,80.17
2026051107,76.71
2026051107,70.82
2026051107,49.63
2026051107,45.67
2026051108,41.38
2026051108,29.3
2026051108,33.18
2026051108,36.16
2026051109,47.42
2026051109,79.16
2026051109,81.37
2026051109,86.28
2026051110,129.57
2026051110,95.97
2026051110,66.15
2026051110,51.04
2026051111,44.38
2026051111,45.21
2026051111,43.75
2026051111,31.55
2026051112,26.35
2026051112,30.0
2026051112,32.45
2026051112,40.18
2026051113,41.44
2026051113,32.54
2026051113,21.13
2026051113,15.78
2026051114,15.86
2026051114,21.6
2026051114,28.86
2026051114,27.73
2026051115,25.19
2026051115,32.65
2026051115,40.65
2026051115,42.17
2026051116,39.78
2026051116,29.39
2026051116,20.62
2026051116,21.45
2026051117,17.97
2026051117,17.14
2026051117,13.31
2026051117,11.26
2026051118,10.12
2026051118,9.15
2026051118,5.73
2026051118,3.2
2026051119,0.26
2026051119,0.0
2026051200,0.0
2026051203,1.1
2026051203,2.84
2026051203,3.71
2026051204,5.1
2026051204,6.33
2026051204,8.28
2026051204,12.05
2026051205,17.92
2026051205,25.43
2026051205,34.02
2026051205,42.88
2026051206,44.74
2026051206,51.44
2026051206,63.84
2026051206,85.35
2026051207,86.09
2026051207,75.63
2026051207,68.2
2026051207,66.7
2026051208,77.17
2026051208,95.76
2026051208,83.6
2026051208,66.93
2026051209,49.81
2026051209,71.06
2026051209,70.8
2026051209,62.79
2026051210,48.16
2026051210,56.36
2026051210,61.85
2026051210,86.46
2026051211,143.55
2026051211,96.11
2026051211,91.27
2026051211,83.43
2026051212,134.72
2026051212,125.75
2026051212,145.18
2026051212,107.73
2026051213,91.38
2026051213,109.43
2026051213,94.39
2026051213,121.63
2026051214,74.77
2026051214,65.01
2026051214,50.31
2026051214,24.84
2026051215,17.25
2026051215,25.79
2026051215,24.54
2026051215,25.05
2026051216,29.98
2026051216,29.15
2026051216,22.81
2026051216,18.05
2026051217,15.1
2026051217,14.9
2026051217,16.98
2026051217,10.34
2026051218,7.22
2026051218,6.6
2026051218,6.84
2026051218,5.19
2026051219,3.63
2026051219,1.57
2026051219,0.0
2026051300,0.0
2026051303,0.01
2026051303,1.42
2026051303,1.97
2026051304,2.36
2026051304,3.41
2026051304,5.17
2026051304,12.3
2026051305,16.16
2026051305,22.11
2026051305,32.66
2026051305,36.96
2026051306,39.26
2026051306,35.21
2026051306,32.98
2026051306,40.5
2026051307,45.77
2026051307,56.8
2026051307,96.91
2026051307,96.77
2026051308,54.25
2026051308,35.43
2026051308,24.57
2026051308,34.28
2026051309,43.83
2026051309,63.73
2026051309,91.62
2026051309,84.2
2026051310,71.66
2026051310,77.56
2026051310,87.9
2026051310,91.04
2026051311,59.57
2026051311,41.95
2026051311,56.81
2026051311,40.43
2026051312,39.96
2026051312,54.68
2026051312,56.05
2026051312,66.64
2026051313,85.71
2026051313,45.98
2026051313,35.27
2026051313,55.11
2026051314,51.35
2026051314,39.11
2026051314,34.95
2026051314,36.1
2026051315,52.5
2026051315,89.19
2026051315,79.52
2026051315,56.34
2026051316,90.17
2026051316,78.47
2026051316,57.7
2026051316,45.77
2026051317,36.8
2026051317,27.03
2026051317,19.81
2026051317,16.38
2026051318,8.09
2026051318,5.78
2026051318,4.74
2026051318,3.99
2026051319,3.49
2026051319,1.59
2026051319,0.0
2026051400,0.0
2026051403,0.89
2026051403,2.43
2026051403,3.23
2026051404,4.53
2026051404,6.24
2026051404,9.11
2026051404,12.92
2026051405,21.11
2026051405,20.02
2026051405,36.57
2026051405,29.54
2026051406,36.67
2026051406,61.62
2026051406,54.6
2026051406,22.99
2026051407,23.4
2026051407,32.6
2026051407,22.01
2026051407,14.71
2026051408,29.92
2026051408,43.23
2026051408,44.58
2026051408,47.3
2026051409,39.07
2026051409,47.38
2026051409,49.49
2026051409,56.93
2026051410,58.29
2026051410,58.3
2026051410,53.03
2026051410,57.57
2026051411,54.73
2026051411,62.48
2026051411,46.38
2026051411,55.45
2026051412,84.91
2026051412,101.91
2026051412,95.22
2026051412,79.7
2026051413,87.25
2026051413,79.03
2026051413,86.11
2026051413,60.13
2026051414,103.79
2026051414,70.62
2026051414,48.49
2026051414,38.62
2026051415,28.68
2026051415,20.71
2026051415,17.6
2026051415,16.38
2026051416,11.82
2026051416,18.45
2026051416,20.79
2026051416,12.43
2026051417,14.88
2026051417,13.03
2026051417,11.49
2026051417,11.29
2026051418,10.63
2026051418,7.12
2026051418,4.88
2026051418,3.8
2026051419,3.55
2026051419,1.56
2026051419,0.0
2026051500,0.0
2026051503,0.22
2026051503,1.9
2026051503,2.3
2026051504,3.46
2026051504,4.13
2026051504,5.19
2026051504,7.46
2026051505,5.79
2026051505,12.94
2026051505,14.14
2026051505,9.79
2026051506,14.64
2026051506,13.39
2026051506,12.55
2026051506,11.99
2026051507,20.43
2026051507,23.64
2026051507,20.65
2026051507,15.95
2026051508,30.68
2026051508,34.78
2026051508,39.0
2026051508,56.72
2026051509,46.68
2026051509,43.01
2026051509,53.4
2026051509,43.38
2026051510,54.46
2026051510,52.45
2026051510,51.99
2026051510,61.04
2026051511,84.37
2026051511,101.09
2026051511,77.66
2026051511,56.8
2026051512,38.53
2026051512,33.72
2026051512,29.9
2026051512,35.39
2026051513,31.58
2026051513,40.48
2026051513,30.51
2026051513,22.87
2026051514,19.59
2026051514,31.02
2026051514,28.54
2026051514,29.14
2026051515,30.2
2026051515,13.53
2026051515,10.39
2026051515,12.96
2026051516,9.48
2026051516,9.51
2026051516,13.01
2026051516,10.1
2026051517,8.96
2026051517,12.56
2026051517,6.76
2026051517,4.88
2026051518,4.68
2026051518,5.17
2026051518,4.05
2026051518,3.68
2026051519,3.21
2026051519,0.05
2026051519,0.0
2026051600,0.0
2026051603,0.85
2026051603,1.88
2026051603,1.2
2026051604,2.11
2026051604,4.59
2026051604,3.89
2026051604,5.18
2026051605,3.86
2026051605,7.45
2026051605,5.64
2026051605,11.39
2026051606,16.69
2026051606,15.2
2026051606,16.02
2026051606,12.48
2026051607,24.72
2026051607,68.73
2026051607,69.71
2026051607,34.94
2026051608,26.71
2026051608,48.5
2026051608,41.4
2026051608,62.03
2026051609,38.08
2026051609,32.2
2026051609,71.66
2026051609,60.73
2026051610,104.03
2026051610,74.75
2026051610,91.52
2026051610,77.17
2026051611,60.09
2026051611,63.59
2026051611,71.68
2026051611,108.19
2026051612,119.99
2026051612,109.39
2026051612,132.72
2026051612,100.06
2026051613,98.03
2026051613,52.85
2026051613,71.58
2026051613,97.53
2026051614,83.3
2026051614,67.0
2026051614,52.04
2026051614,60.49
2026051615,62.28
2026051615,83.92
2026051615,82.2
2026051615,53.5
2026051616,65.6
2026051616,57.04
2026051616,53.39
2026051616,38.98
2026051617,26.86
2026051617,23.87
2026051617,12.56
2026051617,7.7
2026051618,6.35
2026051618,5.88
2026051618,3.89
2026051618,3.8
2026051619,3.6
2026051619,3.59
2026051619,1.47
2026051619,0.0
2026051700,0.0
2026051703,0.06
2026051703,2.0
2026051703,3.06
2026051703,4.26
2026051704,5.65
2026051704,7.16
2026051704,9.44
2026051704,13.8
2026051705,20.08
2026051705,27.81
2026051705,36.62
2026051705,46.6
2026051706,57.11
2026051706,67.48
2026051706,73.96
2026051706,80.21
2026051707,89.49
2026051707,89.71
2026051707,99.63
2026051707,108.07
2026051708,123.28
2026051708,136.94
2026051708,113.7
2026051708,86.36
2026051709,52.37
2026051709,43.25
2026051709,33.77
2026051709,52.89
2026051710,53.99
2026051710,43.19
2026051710,38.84
2026051710,34.44
2026051711,34.32
2026051711,29.31
2026051711,38.13
2026051711,27.35
2026051712,51.15
2026051712,63.36
2026051712,71.7
2026051712,40.03
2026051713,40.44
2026051713,62.03
2026051713,39.76
2026051713,27.89
2026051714,23.96
2026051714,21.36
2026051714,51.32
2026051714,42.24
2026051715,34.51
2026051715,14.63
2026051715,12.58
2026051715,16.07
2026051716,42.02
2026051716,22.47
2026051716,16.56
2026051716,17.29
2026051717,8.42
2026051717,6.3
2026051717,7.23
2026051717,6.9
2026051718,4.35
2026051718,5.1
2026051718,3.88
2026051718,3.71
2026051719,2.66
2026051719,0.07
2026051719,0.0
2026051800,0.0
2026051803,0.09
2026051803,2.23
2026051803,3.13
2026051803,3.65
2026051804,3.23
2026051804,5.99
2026051804,10.0
2026051804,9.86
2026051805,14.47
2026051805,16.21
2026051805,22.14
2026051805,17.13
2026051806,15.36
2026051806,17.97
2026051806,27.69
2026051806,41.75
2026051807,63.89
2026051807,72.45
2026051807,111.2
2026051807,120.99
2026051808,100.68
2026051808,93.91
2026051808,85.25
2026051808,90.44
2026051809,79.59
2026051809,80.57
2026051809,92.49
2026051809,53.28
2026051810,58.09
2026051810,63.55
2026051810,65.95
2026051810,101.21
2026051811,96.94
2026051811,22.79
2026051811,22.59
2026051811,73.46
2026051812,51.96
2026051812,47.06
2026051812,8.06
2026051812,18.63
2026051813,22.41
2026051813,29.12
2026051813,58.1
2026051813,73.75
2026051814,98.33
2026051814,72.28
2026051814,63.86
2026051814,53.78
2026051815,61.84
2026051815,70.49
2026051815,64.75
2026051815,61.12
2026051816,35.25
2026051816,20.66
2026051816,13.87
2026051816,15.6
2026051817,18.35
2026051817,16.18
2026051817,13.68
2026051817,11.73
2026051818,8.62
2026051818,5.46
2026051818,6.04
2026051818,6.36
2026051819,4.33
2026051819,2.86
2026051819,0.08
2026051819,0.0
2026051900,0.0
2026051903,0.01
2026051903,0.27
2026051903,1.74
2026051904,1.76
2026051904,1.86
2026051904,3.13
2026051904,5.27
2026051905,7.35
2026051905,6.24
2026051905,5.34
2026051905,11.96
2026051906,13.15
2026051906,13.75
2026051906,17.9
2026051906,19.2
2026051907,24.71
2026051907,35.44
2026051907,28.43
2026051907,28.24
2026051908,44.96
2026051908,51.72
2026051908,82.87
2026051908,36.47
2026051909,32.37
2026051909,63.24
2026051909,51.56
2026051909,87.74
2026051910,57.26
2026051910,15.85
2026051910,13.55
2026051910,28.78
2026051911,18.54
2026051911,16.95
2026051911,41.07
2026051911,89.89
2026051912,96.13
2026051912,94.9
2026051912,80.94
2026051912,67.6
2026051913,45.75
2026051913,37.57
2026051913,44.92
2026051913,46.7
2026051914,20.34
2026051914,9.87
2026051914,31.1
2026051914,115.62
2026051915,126.04
2026051915,118.68
2026051915,105.65
2026051915,106.31
2026051916,87.65
2026051916,51.17
2026051916,21.87
2026051916,18.72
2026051917,12.22
2026051917,13.55
2026051917,5.5
2026051917,5.04
2026051918,8.32
2026051918,10.1
2026051918,7.01
2026051918,4.66
2026051919,3.71
2026051919,2.61
2026051919,0.11
2026051919,0.0
2026052000,0.0
2026052003,1.35
2026052003,3.12
2026052004,2.5
2026052004,2.83
2026052004,2.69
2026052004,5.58
2026052005,7.98
2026052005,14.05
2026052005,14.32
2026052005,13.0
2026052006,18.77
2026052006,20.68
2026052006,30.18
2026052006,23.73
2026052007,14.64
2026052007,16.18
2026052007,14.1
2026052007,27.02
2026052008,21.98
2026052008,26.45
2026052008,24.13
2026052008,24.31
2026052009,24.33
2026052009,17.85
2026052009,16.15
2026052009,8.46
2026052010,10.37
2026052010,38.36
2026052010,35.25
2026052010,28.8
2026052011,42.5
2026052011,61.99
2026052011,35.49
2026052011,48.02
2026052012,47.63
2026052012,43.26
2026052012,82.1
2026052012,49.41
2026052013,54.86
2026052013,47.44
2026052013,69.52
2026052013,53.52
2026052014,60.72
2026052014,62.34
2026052014,50.14
2026052014,62.37
2026052015,55.75
2026052015,34.33
2026052015,45.27
2026052015,53.61
2026052016,30.84
2026052016,28.15
2026052016,22.01
2026052016,16.3
2026052017,12.63
2026052017,10.84
2026052017,9.19
2026052017,8.78
2026052018,8.76
2026052018,7.69
2026052018,6.81
2026052018,4.81
2026052019,2.68
2026052019,0.0
2026052100,0.0
2026052103,0.35
2026052103,1.77
2026052103,5.06
2026052103,4.47
2026052104,4.39
2026052104,9.18
2026052104,9.4
2026052104,7.7
2026052105,15.07
2026052105,29.52
2026052105,42.55
2026052105,41.47
2026052106,56.86
2026052106,54.33
2026052106,50.98
2026052106,43.06
2026052107,49.16
2026052107,45.63
2026052107,72.21
2026052107,58.07
2026052108,71.61
2026052108,106.88
2026052200,0.0
2026052203,0.02
2026052203,1.16
2026052203,2.41
2026052203,2.72
2026052204,3.24
2026052204,3.52
2026052204,5.34
2026052204,7.5
2026052205,11.66
2026052205,11.29
2026052205,10.33
2026052205,20.8
2026052206,28.56
2026052206,29.79
2026052206,31.05
2026052206,36.12
2026052207,38.81
2026052207,45.03
2026052207,56.46
2026052207,66.05
2026052208,85.73
2026052208,88.53
2026052208,85.35
2026052208,88.8
2026052209,99.71
2026052209,123.59
2026052209,147.52
2026052209,148.83
2026052210,141.34
2026052210,119.15
2026052210,144.38
2026052210,144.05
2026052211,149.53
2026052211,153.96
2026052211,152.72
2026052211,153.65
2026052212,154.75
2026052212,153.76
2026052212,154.01
2026052212,151.57
2026052213,132.79
2026052213,125.31
2026052213,147.38
2026052213,141.87
2026052214,135.78
2026052214,124.14
2026052214,122.8
2026052214,112.19
2026052215,103.24
2026052215,99.29
2026052215,88.35
2026052215,83.08
2026052216,73.14
2026052216,63.52
2026052216,54.09
2026052216,44.69
2026052217,35.5
2026052217,27.45
2026052217,19.93
2026052217,14.58
2026052218,10.62
2026052218,7.97
2026052218,6.51
2026052218,4.97
2026052219,3.98
2026052219,3.48
2026052219,0.87
2026052219,0.0
2026052300,0.0
2026052302,0.02
2026052303,1.44
2026052303,2.9
2026052303,4.93
2026052303,7.37
2026052304,10.22
2026052304,12.7
2026052304,14.77
2026052304,19.45
2026052305,20.26
2026052305,20.61
2026052305,31.64
2026052305,47.59
2026052306,58.42
2026052306,47.6
2026052306,52.25
2026052306,72.45
2026052307,65.64
2026052307,31.93
2026052307,24.7
2026052307,14.72
2026052308,19.72
2026052308,21.53
2026052308,15.77
2026052308,6.43
2026052309,1.96
2026052309,2.52
2026052309,3.06
2026052309,5.87
2026052310,6.41
2026052310,9.14
2026052310,16.53
2026052310,31.0
2026052311,32.68
2026052311,17.44
2026052311,0.0
2026052315,8.68
2026052315,91.99
2026052315,93.53
2026052315,82.08
2026052316,74.52
2026052316,66.54
2026052316,57.2
2026052316,46.77
2026052317,37.5
2026052317,28.92
2026052317,21.3
2026052317,14.92
2026052318,10.19
2026052318,7.63
2026052318,6.4
2026052318,5.21
2026052319,4.33
2026052319,3.97
2026052319,2.78
2026052319,0.06
2026052320,0.0
2026052400,0.0
2026052402,0.18
2026052403,2.33
2026052403,4.85
2026052403,7.13
2026052403,8.04
2026052404,12.06
2026052404,13.93
2026052404,15.74
2026052404,16.81
2026052405,25.2
2026052405,25.31
2026052405,29.66
2026052405,49.58
2026052406,62.04
2026052406,72.04
2026052406,25.15
2026052406,24.4
2026052407,21.3
2026052407,24.85
2026052407,29.45
2026052407,1.62
2026052408,0.0
2026052415,8.77
2026052415,86.39
2026052415,81.99
2026052416,75.4
2026052416,65.37
2026052416,54.97
2026052416,44.3
2026052417,36.67
2026052417,29.37
2026052417,21.62
2026052417,15.61
2026052418,10.95
2026052418,8.29
2026052418,6.89
2026052418,5.65
2026052419,4.68
2026052419,4.09
2026052419,3.01
2026052419,0.04
2026052420,0.0
2026052500,0.0
2026052502,0.14
2026052503,1.72
2026052503,2.5
2026052503,3.43
2026052503,4.89
2026052504,6.27
2026052504,7.8
2026052504,10.5
2026052504,15.25
2026052505,21.8
2026052505,29.6
2026052505,38.32
2026052505,47.63
2026052506,56.87
2026052506,66.48
2026052506,75.95
2026052506,85.37
2026052507,94.39
2026052507,103.22
2026052507,9.23
2026052507,0.01
2026052508,0.0
2026052508,0.01
2026052508,0.0
2026052515,10.47
2026052515,99.92
2026052515,95.01
2026052515,86.03
2026052516,76.61
2026052516,66.93
2026052516,57.35
2026052516,47.58
2026052517,38.18
2026052517,29.58
2026052517,21.88
2026052517,15.39
2026052518,10.66
2026052518,7.99
2026052518,6.62
2026052518,5.61
2026052519,4.75
2026052519,4.18
2026052519,3.58
2026052519,0.09
2026052520,0.0
2026052600,0.0
2026052602,0.22
2026052603,1.73
2026052603,2.74
2026052603,4.45
2026052603,5.77
2026052604,7.46
2026052604,11.95
2026052604,14.56
2026052604,13.22
2026052605,18.64
2026052605,26.6
2026052605,23.21
2026052605,27.69
2026052606,34.05
2026052606,41.37
2026052606,54.62
2026052606,52.45
2026052607,41.17
2026052607,45.28
2026052607,47.66
2026052607,56.66
2026052608,83.23
2026052608,81.45
2026052608,72.47
2026052608,85.66
2026052609,22.25
2026052609,0.0
2026052614,11.25
2026052614,89.24
2026052614,127.41
2026052615,113.54
2026052615,104.82
2026052615,96.01
2026052615,86.86
2026052616,77.41
2026052616,56.26
2026052616,60.08
2026052616,48.53
2026052617,40.33
2026052617,29.22
2026052617,18.97
2026052617,19.02
2026052618,11.14
2026052618,7.3
2026052618,9.06
2026052618,6.46
2026052619,5.0
2026052619,4.43
2026052619,3.88
2026052619,0.65
2026052620,0.0
2026052700,0.0
2026052702,0.43
2026052703,2.18
2026052703,3.0
2026052703,4.32
2026052703,5.71
2026052704,7.26
2026052704,8.83
2026052704,11.86
2026052704,16.66
2026052705,23.59
2026052705,31.69
2026052705,40.89
2026052705,50.91
2026052706,60.9
2026052706,71.13
2026052706,81.11
2026052706,90.74
2026052707,100.29
2026052707,109.61
2026052707,117.95
2026052707,126.23
2026052708,133.88
2026052708,140.16
2026052708,140.32
2026052708,5.49
2026052709,0.0
2026052711,0.02
2026052711,0.0
2026052711,0.01
2026052711,0.0
2026052712,0.01
2026052712,0.0
2026052714,9.57
2026052715,86.16
2026052715,85.75
2026052715,86.39
2026052715,89.24
2026052716,78.6
2026052716,69.11
2026052716,60.81
2026052716,50.28
2026052717,41.89
2026052717,32.47
2026052717,23.17
2026052717,17.31
2026052718,11.83
2026052718,8.87
2026052718,7.64
2026052718,6.22
2026052719,5.09
2026052719,4.36
2026052719,3.74
2026052719,0.45
2026052720,0.0
2026052800,0.0
2026052802,0.61
2026052803,2.3
2026052803,2.94
2026052803,3.99
2026052803,5.25
2026052804,6.43
2026052804,7.98
2026052804,11.38
2026052804,16.76
2026052805,23.72
2026052805,32.3
2026052805,41.37
2026052805,51.37
2026052806,61.22
2026052806,71.07
2026052806,80.6
2026052806,90.15
2026052807,99.16
2026052807,107.65
2026052807,115.74
2026052807,123.72
2026052808,124.99
2026052808,121.1
2026052808,120.2
2026052808,139.74
2026052809,153.27
2026052809,25.85
2026052809,0.01
2026052810,0.0
2026052810,0.01
2026052811,0.02
2026052811,0.0
2026052813,23.23
2026052813,149.05
2026052814,144.02
2026052814,137.58
2026052814,130.6
2026052814,123.26
2026052815,115.38
2026052815,106.98
2026052815,98.13
2026052815,88.81
2026052816,79.61
2026052816,70.17
2026052816,60.27
2026052816,50.35
2026052817,41.06
2026052817,31.7
2026052817,23.52
2026052817,17.07
2026052818,11.64
2026052818,8.3
2026052818,6.81
2026052818,5.7
2026052819,4.77
2026052819,4.2
2026052819,3.89
2026052819,1.26
2026052820,0.0
2026052900,0.0
2026052902,0.01
2026052902,1.18
2026052903,2.2
2026052903,3.06
2026052903,4.38
2026052903,5.92
2026052904,7.36
2026052904,8.97
2026052904,12.58
2026052904,17.85
2026052905,24.24
2026052905,31.75
2026052905,38.46
2026052905,47.69
2026052906,58.77
2026052906,70.41
2026052906,75.17
2026052906,76.4
2026052907,86.45
2026052907,62.92
2026052907,84.93
2026052907,76.68
2026052908,62.89
2026052908,68.48
2026052908,94.25
2026052908,132.82
2026052909,132.43
2026052909,23.87
2026052909,0.0
2026052909,6.26
2026052910,142.71
2026052910,6.45
2026052910,0.0
2026052912,6.37
2026052912,137.18
2026052913,20.01
2026052913,106.99
2026052913,144.15
2026052913,140.91
2026052914,139.93
2026052914,122.21
2026052914,107.55
2026052914,76.57
2026052915,89.72
2026052915,58.96
2026052915,85.9
2026052915,71.5
2026052916,54.7
2026052916,55.93
2026052916,59.92
2026052916,52.4
2026052917,44.01
2026052917,32.87
2026052917,26.24
2026052917,18.84
2026052918,13.15
2026052918,9.8
2026052918,8.3
2026052918,6.49
2026052919,5.11
2026052919,4.53
2026052919,4.07
2026052919,2.15
2026052920,0.02
2026052920,0.0
2026053000,0.0
2026053002,0.14
2026053003,1.58
2026053003,1.77
2026053003,2.97
2026053003,4.25
2026053004,5.08
2026053004,5.63
2026053004,8.24
2026053004,7.42
2026053005,8.97
2026053005,15.43
2026053005,28.03
2026053005,34.92
2026053006,38.86
2026053006,43.83
2026053006,62.87
2026053006,79.82
2026053007,84.71
2026053007,36.8
2026053007,45.31
2026053007,54.72
2026053008,78.93
2026053008,87.07
2026053008,64.19
2026053008,69.43
2026053009,0.51
2026053009,0.0
2026053013,0.01
2026053013,0.0
2026053014,5.57
2026053014,44.04
2026053014,33.03
2026053015,25.44
2026053015,25.97
2026053015,32.18
2026053015,27.59
2026053016,31.55
2026053016,25.16
2026053016,19.63
2026053016,15.45
2026053017,17.86
2026053017,14.83
2026053017,11.86
2026053017,7.8
2026053018,5.97
2026053018,6.15
2026053018,5.79
2026053018,4.59
2026053019,4.36
2026053019,2.44
2026053019,0.0
2026053100,0.0
2026053103,0.82
2026053103,2.3
2026053103,2.99
2026053103,4.37
2026053104,4.82
2026053104,5.74
2026053104,10.26
2026053104,7.43
2026053105,8.36
2026053105,10.88
2026053105,15.05
2026053105,18.47
2026053106,14.7
2026053106,14.52
2026053106,23.75
2026053106,32.84
2026053107,31.88
2026053107,20.99
2026053107,17.58
2026053107,30.11
2026053108,43.08
2026053108,28.7
2026053108,21.28
2026053108,16.3
2026053109,22.65
2026053109,28.04
2026053109,27.29
2026053109,26.58
2026053110,29.94
2026053110,23.48
2026053110,23.46
2026053110,21.39
2026053111,27.98
2026053111,26.93
2026053111,23.18
2026053111,30.6
2026053112,29.73
2026053112,30.85
2026053112,23.74
2026053112,41.28
2026053113,28.26
2026053113,21.23
2026053113,41.56
2026053113,80.88
2026053114,64.01
2026053114,76.43
2026053114,69.97
2026053114,53.64
2026053115,68.95
2026053115,88.0
2026053115,54.65
2026053115,42.54
2026053116,43.1
2026053116,36.56
2026053116,37.34
2026053116,20.55
2026053117,43.04
2026053117,49.63
2026053117,17.53
2026053117,9.5
2026053118,7.19
2026053118,10.1
2026053118,7.27
2026053118,5.27
2026053119,4.02
2026053119,3.64
2026053119,2.51
2026053119,0.07
2026053120,0.0
2026060100,0.0
2026060102,0.33
2026060103,1.77
2026060103,2.59
2026060103,2.41
2026060103,4.33
2026060104,13.06
2026060104,7.09
2026060104,8.43
2026060104,15.82
2026060105,25.33
2026060105,20.74
2026060105,33.39
2026060105,41.23
2026060106,48.78
2026060106,61.03
2026060106,67.8
2026060106,69.38
2026060107,86.92
2026060107,83.74
2026060107,80.95
2026060107,110.81
2026060108,112.75
2026060108,126.82
2026060108,134.27
2026060108,125.89
2026060109,140.71
2026060109,154.11
2026060109,154.04
2026060109,152.52
2026060110,150.44
2026060110,151.95
2026060110,152.57
2026060110,151.59
2026060111,145.66
2026060111,153.06
2026060111,149.85
2026060111,153.49
2026060112,153.8
2026060112,151.85
2026060112,155.32
2026060112,155.24
2026060113,155.14
2026060113,153.55
2026060113,152.36
2026060113,146.22
2026060114,143.09
2026060114,109.37
2026060114,90.87
2026060114,121.56
2026060115,105.48
2026060115,74.82
2026060115,49.42
2026060115,65.58
2026060116,45.7
2026060116,42.52
2026060116,39.67
2026060116,45.67
2026060117,35.48
2026060117,29.73
2026060117,15.12
2026060117,14.92
2026060118,14.74
2026060118,11.86
2026060118,8.76
2026060118,6.51
2026060119,5.24
2026060119,4.11
2026060119,3.24
2026060119,0.54
2026060120,0.0
2026060200,0.0
2026060203,0.19
2026060203,1.33
2026060203,2.37
2026060203,3.38
2026060204,3.98
2026060204,5.7
2026060204,8.87
2026060204,9.3
2026060205,9.61
2026060205,12.25
2026060205,18.22
2026060205,21.64
2026060206,25.68
2026060206,24.66
2026060206,35.47
2026060206,33.06
2026060207,51.16
2026060207,61.61
2026060207,60.12
2026060207,75.65
2026060208,66.27
2026060208,63.62
2026060208,70.89
2026060208,66.56
2026060209,45.75
2026060209,63.41
2026060209,64.58
2026060209,75.78
2026060210,94.32
2026060210,86.87
2026060210,73.75
2026060210,98.84
2026060211,76.36
2026060211,81.83
2026060211,85.4
2026060211,58.62
2026060212,41.67
2026060212,52.7
2026060212,43.17
2026060212,26.48
2026060213,59.11
2026060213,68.52
2026060213,28.36
2026060213,35.68
2026060214,74.62
2026060214,29.37
2026060214,38.43
2026060214,34.65
2026060215,20.13
2026060215,39.22
2026060215,46.39
2026060215,41.18
2026060216,36.96
2026060216,35.07
2026060216,33.22
2026060216,29.69
2026060217,23.44
2026060217,20.17
2026060217,17.76
2026060217,13.89
2026060218,13.12
2026060218,9.91
2026060218,10.34
2026060218,6.43
2026060219,3.89
2026060219,3.62
2026060219,3.14
2026060219,1.59
2026060220,0.0
2026060300,0.0
2026060302,0.17
2026060303,1.35
2026060303,1.12
2026060303,2.2
2026060303,2.52
2026060304,4.6
2026060304,6.25
2026060304,3.97
2026060304,3.63
2026060305,8.82
2026060305,18.04
2026060305,12.52
2026060305,6.59
2026060306,4.86
2026060306,7.37
2026060306,12.69
2026060306,19.11
2026060307,31.42
2026060307,17.56
2026060307,12.95
2026060307,12.22
2026060308,26.96
2026060308,28.68
2026060308,28.17
2026060308,27.25
2026060309,37.53
2026060309,62.29
2026060309,60.99
2026060309,65.27
2026060310,67.43
2026060310,80.6
2026060310,66.37
2026060310,81.09
2026060311,99.43
2026060311,106.04
2026060311,86.93
2026060311,85.62
2026060312,83.01
2026060312,81.37
2026060312,101.88
2026060312,88.26
2026060313,112.75
2026060313,115.65
2026060313,116.35
2026060313,101.82
2026060314,90.76
2026060314,103.73
2026060314,103.54
2026060314,96.63
2026060315,95.32
2026060315,106.37
2026060315,87.4
2026060315,41.3
2026060316,47.56
2026060316,47.28
2026060316,60.81
2026060316,25.39
2026060317,16.77
2026060317,13.38
2026060317,13.55
2026060317,16.87
2026060318,11.43
2026060318,10.63
2026060318,8.36
2026060318,6.44
2026060319,4.65
2026060319,4.9
2026060319,3.5
2026060319,0.68
2026060320,0.0
2026060400,0.0
2026060403,0.07
2026060403,0.0
2026060403,0.01
2026060403,0.88
2026060404,1.59
2026060404,4.04
2026060404,10.6
2026060404,13.3
2026060405,23.83
2026060405,6.86
2026060405,12.21
2026060405,10.28
2026060406,42.34
2026060406,31.58
2026060406,15.83
2026060406,71.02
2026060407,50.86
2026060407,70.5
2026060407,55.52
2026060407,97.56
2026060408,70.43
2026060408,91.57
2026060408,104.49
2026060408,115.3
2026060409,127.83
2026060409,115.69
2026060409,101.55
2026060409,111.82
2026060410,88.91
2026060410,86.49
2026060410,113.6
2026060410,104.83
2026060411,123.85
2026060411,110.32
2026060411,94.21
2026060411,93.0
2026060412,83.01
2026060412,122.81
2026060412,57.66
2026060412,89.69
2026060413,120.88
2026060413,116.2
2026060413,102.04
2026060413,81.8
2026060414,6.59
2026060414,68.26
2026060414,86.51
2026060414,43.11
2026060415,35.86
2026060415,39.2
2026060415,25.02
2026060415,13.46
2026060416,22.18
2026060416,17.86
2026060416,20.48
2026060416,18.08
2026060417,13.76
2026060417,11.52
2026060417,21.04
2026060417,22.2
2026060418,13.31
2026060418,9.59
2026060418,11.92
2026060418,9.07
2026060419,5.85
2026060419,5.26
2026060419,4.53
2026060419,3.66
2026060420,1.78
2026060420,0.0
2026060500,0.0
2026060502,0.17
2026060503,2.48
2026060503,3.25
2026060503,4.15
2026060503,6.73
2026060504,7.19
2026060504,9.83
2026060504,15.16
2026060504,8.44
2026060505,13.26
2026060505,15.59
2026060505,35.01
2026060505,35.03
2026060506,19.53
2026060506,16.08
2026060506,20.48
2026060506,20.01
2026060507,23.88
2026060507,25.46
2026060507,29.51
2026060507,42.07
2026060508,49.77
2026060508,86.24
2026060508,94.98
2026060508,85.62
2026060509,59.9
2026060509,75.62
2026060509,78.75
2026060509,91.39
2026060510,81.7
2026060510,70.73
2026060510,89.94
2026060510,86.48
2026060511,79.44
2026060511,85.77
2026060511,114.99
2026060511,85.67
2026060512,69.01
2026060512,64.11
2026060512,55.7
2026060512,43.4
2026060513,45.76
2026060513,69.06
2026060513,72.79
2026060513,68.95
2026060514,59.71
2026060514,94.2
2026060514,63.24
2026060514,63.0
2026060515,83.53
2026060515,40.75
2026060515,15.71
2026060515,34.44
2026060516,35.9
2026060516,35.53
2026060516,36.96
2026060516,36.46
2026060517,45.82
2026060517,31.18
2026060517,30.07
2026060517,19.56
2026060518,20.66
2026060518,8.58
2026060518,9.24
2026060518,6.48
2026060519,4.66
2026060519,4.16
2026060519,3.75
2026060519,2.61
2026060520,0.03
2026060520,0.0
2026060600,0.0
2026060602,0.04
2026060602,1.59
2026060602,2.71
2026060603,3.46
2026060603,5.26
2026060603,7.69
2026060603,11.69
2026060604,14.43
2026060604,15.14
2026060604,21.12
2026060604,25.31
2026060605,31.53
2026060605,26.38
2026060605,29.67
2026060605,47.16
2026060606,61.31
2026060606,71.52
2026060606,77.48
2026060606,83.8
2026060607,80.72
2026060607,103.26
2026060607,90.94
2026060607,100.28
2026060608,116.85
2026060608,87.29
2026060608,111.97
2026060608,138.59
2026060609,115.77
2026060609,139.84
2026060609,138.69
2026060609,153.11
2026060610,154.55
2026060610,154.8
2026060610,154.86
2026060610,154.9
2026060611,154.87
2026060611,154.84
2026060611,147.68
2026060611,100.23
2026060612,94.94
2026060612,104.33
2026060612,124.22
2026060612,134.1
2026060613,119.47
2026060613,146.78
2026060613,141.67
2026060613,126.15
2026060614,99.73
2026060614,116.03
2026060614,75.17
2026060614,74.41
2026060615,89.76
2026060615,105.72
2026060615,64.68
2026060615,28.43
2026060616,30.99
2026060616,35.62
2026060616,27.73
2026060616,9.17
2026060617,10.93
2026060617,16.02
2026060617,12.23
2026060617,9.85
2026060618,11.6
2026060618,4.57
2026060618,6.38
2026060618,3.88
2026060619,2.84
2026060619,1.4
2026060619,0.0
2026060700,0.0
2026060702,0.17
2026060703,2.42
2026060703,3.94
2026060703,5.2
2026060703,4.37
2026060704,4.26
2026060704,6.13
2026060704,6.08
2026060704,5.64
2026060705,5.06
2026060705,0.2
2026060705,0.0
2026060706,0.02
2026060706,0.0
2026060707,0.01
2026060707,0.0
2026060716,1.09
2026060716,13.75
2026060716,26.2
2026060716,15.55
2026060717,12.94
2026060717,6.62
2026060717,5.2
2026060717,5.01
2026060718,4.28
2026060718,4.6
2026060718,5.1
2026060718,4.07
2026060719,2.05
2026060719,1.59
2026060719,0.82
2026060719,0.0
2026060800,0.0
2026060802,0.4
2026060802,2.37
2026060803,4.31
2026060803,6.09
2026060803,8.64
2026060803,9.71
2026060804,10.87
2026060804,11.14
2026060804,11.16
2026060804,22.3
2026060805,24.13
2026060805,24.94
2026060805,26.95
2026060805,27.91
2026060806,20.04
2026060806,27.37
2026060806,45.61
2026060806,31.66
2026060807,33.75
2026060807,53.66
2026060807,47.89
2026060807,50.14
2026060808,34.36
2026060808,32.34
2026060808,53.05
2026060808,42.48
2026060809,45.95
2026060809,20.71
2026060809,38.27
2026060809,40.82
2026060810,21.15
2026060810,19.85
2026060810,39.14
2026060810,19.06
2026060811,30.31
2026060811,25.62
2026060811,22.85
2026060811,29.06
2026060812,52.27
2026060812,57.32
2026060812,55.28
2026060812,69.65
2026060813,35.84
2026060813,47.43
2026060813,48.46
2026060813,38.3
2026060814,41.9
2026060814,43.45
2026060814,52.47
2026060814,62.97
2026060815,43.61
2026060815,23.13
2026060815,18.88
2026060815,40.84
2026060816,41.94
2026060816,31.61
2026060816,23.63
2026060816,20.11
2026060817,12.48
2026060817,9.16
2026060817,5.31
2026060817,5.71
2026060818,4.35
2026060818,5.82
2026060818,8.11
2026060818,4.94
2026060819,3.82
2026060819,0.21
2026060819,0.0
2026060900,0.0
2026060903,0.5
2026060903,2.26
2026060903,1.84
2026060904,2.02
2026060904,3.68
2026060904,5.41
2026060904,10.47
2026060905,21.87
2026060905,27.23
2026060905,33.58
2026060905,18.12
2026060906,19.06
2026060906,26.01
2026060906,13.47
2026060906,31.45
2026060907,55.54
2026060907,30.35
2026060907,41.75
2026060907,53.69
2026060908,54.19
2026060908,44.6
2026060908,51.27
2026060908,71.09
2026060909,86.91
2026060909,47.14
2026060909,28.32
2026060909,59.24
2026060910,55.7
2026060910,128.7
2026060910,92.76
2026060910,106.38
2026060911,106.21
2026060911,112.03
2026060911,116.35
2026060911,28.67
2026060912,123.61
2026060912,120.28
2026060912,12.1
2026060912,0.0
2026060913,12.61
2026060913,112.66
2026060913,134.79
2026060914,134.69
2026060914,102.89
2026060914,92.05
2026060914,102.69
2026060915,116.29
2026060915,81.05
2026060915,97.17
2026060915,65.54
2026060916,71.46
2026060916,53.82
2026060916,37.07
2026060916,47.72
2026060917,45.13
2026060917,29.18
2026060917,27.89
2026060917,25.3
2026060918,13.8
2026060918,7.36
2026060918,7.8
2026060918,7.15
2026060919,6.71
2026060919,5.97
2026060919,5.14
2026060919,3.14
2026060920,0.07
2026060920,0.0
2026061000,0.0
2026061002,0.4
2026061003,2.42
2026061003,4.63
2026061003,6.84
2026061003,7.27
2026061004,6.31
2026061004,7.44
2026061004,12.51
2026061004,20.42
2026061005,42.04
2026061005,45.05
2026061005,5.3
2026061005,12.2
2026061006,19.68
2026061006,40.06
2026061006,95.24
2026061006,104.18
2026061007,41.18
2026061007,2.81
2026061007,31.64
2026061007,51.24
2026061008,31.84
2026061008,63.24
2026061008,129.57
2026061008,148.01
2026061009,124.95
2026061009,109.95
2026061009,114.96
2026061009,83.07
2026061010,82.15
2026061010,52.93
2026061010,35.93
2026061010,135.41
2026061011,146.42
2026061011,103.89
2026061011,91.89
2026061011,77.11
2026061012,88.75
2026061012,137.72
2026061012,87.72
2026061012,81.75
2026061013,100.63
2026061013,138.0
2026061013,102.05
2026061013,133.65
2026061014,94.51
2026061014,78.34
2026061014,128.57
2026061014,126.02
2026061015,99.93
2026061015,111.81
2026061015,97.63
2026061015,86.17
2026061016,43.99
2026061016,23.16
2026061016,71.51
2026061016,48.96
2026061017,36.89
2026061017,37.6
2026061017,24.37
2026061017,12.52
2026061018,9.81
2026061018,6.43
2026061018,11.69
2026061018,13.15
2026061019,6.49
2026061019,4.95
2026061019,4.14
2026061019,3.66
2026061020,2.57
2026061020,0.16
2026061020,0.0
2026061100,0.0
2026061102,0.24
2026061102,1.29
2026061102,1.85
2026061103,2.65
2026061103,3.89
2026061103,5.08
2026061103,6.72
2026061104,8.04
2026061104,9.41
2026061104,12.6
2026061104,17.76
2026061105,25.22
2026061105,33.44
2026061105,42.34
2026061105,52.09
2026061106,61.93
2026061106,72.02
2026061106,83.27
2026061106,67.5
2026061107,78.89
2026061107,104.6
2026061107,134.44
2026061107,120.21
2026061108,95.99
2026061108,46.68
2026061108,16.25
2026061108,81.72
2026061109,154.61
2026061109,153.26
2026061109,138.04
2026061109,56.53
2026061110,31.95
2026061110,85.56
2026061110,153.48
2026061110,151.34
2026061111,118.25
2026061111,104.87
2026061111,145.32
2026061111,100.84
2026061112,126.62
2026061112,96.37
2026061112,100.77
2026061200,0
2026061200,0
2026061200,0
2026061200,0
2026061201,0
2026061201,0
2026061201,0
2026061201,0
2026061202,0
2026061202,0
2026061202,0
2026061202,0
2026061203,0
2026061203,0
2026061203,0
2026061203,0
2026061204,0
2026061204,0
2026061204,0
2026061204,0
2026061205,0
2026061205,0
2026061205,0
2026061205,0
2026061206,0
2026061206,0
2026061206,0
2026061206,0
2026061207,0
2026061207,0
2026061207,0
2026061207,0
2026061208,0
2026061208,0
2026061208,0
2026061208,0
2026061209,0
2026061209,0
2026061209,0
2026061209,0
2026061210,0
2026061210,0
2026061210,0
2026061210,0
2026061211,0
2026061211,0
2026061211,0
2026061211,0
2026061212,0
2026061212,0
2026061212,0
2026061212,0
2026061213,0
2026061213,0
2026061213,0
2026061213,0
2026061214,0
2026061214,0
2026061214,0
2026061214,0
2026061215,0
2026061215,0
2026061215,0
2026061215,0
2026061216,0
2026061216,0
2026061216,0
2026061216,0
2026061217,0
2026061217,0
2026061217,0
2026061217,0
2026061218,0
2026061218,0
2026061218,0
2026061218,0
2026061219,0
2026061219,0
2026061219,0
2026061219,0
2026061220,0
2026061220,0
2026061220,0
2026061220,0
2026061221,0
2026061221,0
2026061221,0
2026061221,0
2026061222,0
2026061222,0
2026061222,0
2026061222,0
2026061223,0
2026061223,0
2026061223,0
2026061223,0
